date,usd_cny,source,downloaded_at
2018-01-01,6.50570011138916,yahoo_query_or_equivalent_authorized_market_data_source,2026-06-25T04:28:22.021192Z
2018-01-02,6.505799770355225,yahoo_query_or_equivalent_authorized_market_data_source,2026-06-25T04:28:22.021192Z
2018-01-03,6.49399995803833,yahoo_query_or_equivalent_authorized_market_data_source,2026-06-25T04:28:22.021192Z
2018-01-04,6.5030999183654785,yahoo_query_or_equivalent_authorized_market_data_source,2026-06-25T04:28:22.021192Z
2018-01-05,6.493299961090088,yahoo_query_or_equivalent_authorized_market_data_source,2026-06-25T04:28:22.021192Z
2018-01-08,6.487500190734863,yahoo_query_or_equivalent_authorized_market_data_source,2026-06-25T04:28:22.021192Z
2018-01-09,6.497600078582764,yahoo_query_or_equivalent_authorized_market_data_source,2026-06-25T04:28:22.021192Z
2018-01-10,6.529399871826172,yahoo_query_or_equivalent_authorized_market_data_source,2026-06-25T04:28:22.021192Z
2018-01-11,6.507199764251709,yahoo_query_or_equivalent_authorized_market_data_source,2026-06-25T04:28:22.021192Z
2018-01-12,6.490200042724609,yahoo_query_or_equivalent_authorized_market_data_source,2026-06-25T04:28:22.021192Z
2018-01-15,6.456200122833252,yahoo_query_or_equivalent_authorized_market_data_source,2026-06-25T04:28:22.021192Z
2018-01-16,6.435200214385986,yahoo_query_or_equivalent_authorized_market_data_source,2026-06-25T04:28:22.021192Z
2018-01-17,6.442299842834473,yahoo_query_or_equivalent_authorized_market_data_source,2026-06-25T04:28:22.021192Z
2018-01-18,6.43209981918335,yahoo_query_or_equivalent_authorized_market_data_source,2026-06-25T04:28:22.021192Z
2018-01-19,6.420599937438965,yahoo_query_or_equivalent_authorized_market_data_source,2026-06-25T04:28:22.021192Z
2018-01-22,6.4029998779296875,yahoo_query_or_equivalent_authorized_market_data_source,2026-06-25T04:28:22.021192Z
2018-01-23,6.404399871826172,yahoo_query_or_equivalent_authorized_market_data_source,2026-06-25T04:28:22.021192Z
2018-01-24,6.402900218963623,yahoo_query_or_equivalent_authorized_market_data_source,2026-06-25T04:28:22.021192Z
2018-01-25,6.36929988861084,yahoo_query_or_equivalent_authorized_market_data_source,2026-06-25T04:28:22.021192Z
2018-01-26,6.322800159454346,yahoo_query_or_equivalent_authorized_market_data_source,2026-06-25T04:28:22.021192Z
2018-01-29,6.315899848937988,yahoo_query_or_equivalent_authorized_market_data_source,2026-06-25T04:28:22.021192Z
2018-01-30,6.336299896240234,yahoo_query_or_equivalent_authorized_market_data_source,2026-06-25T04:28:22.021192Z
2018-01-31,6.321100234985352,yahoo_query_or_equivalent_authorized_market_data_source,2026-06-25T04:28:22.021192Z
2018-02-01,6.2881999015808105,yahoo_query_or_equivalent_authorized_market_data_source,2026-06-25T04:28:22.021192Z
2018-02-02,6.298399925231934,yahoo_query_or_equivalent_authorized_market_data_source,2026-06-25T04:28:22.021192Z
2018-02-05,6.307600021362305,yahoo_query_or_equivalent_authorized_market_data_source,2026-06-25T04:28:22.021192Z
2018-02-06,6.289700031280518,yahoo_query_or_equivalent_authorized_market_data_source,2026-06-25T04:28:22.021192Z
2018-02-07,6.28249979019165,yahoo_query_or_equivalent_authorized_market_data_source,2026-06-25T04:28:22.021192Z
2018-02-08,6.267600059509277,yahoo_query_or_equivalent_authorized_market_data_source,2026-06-25T04:28:22.021192Z
2018-02-09,6.326300144195557,yahoo_query_or_equivalent_authorized_market_data_source,2026-06-25T04:28:22.021192Z
2018-02-12,6.286900043487549,yahoo_query_or_equivalent_authorized_market_data_source,2026-06-25T04:28:22.021192Z
2018-02-13,6.326499938964844,yahoo_query_or_equivalent_authorized_market_data_source,2026-06-25T04:28:22.021192Z
2018-02-14,6.340000152587891,yahoo_query_or_equivalent_authorized_market_data_source,2026-06-25T04:28:22.021192Z
2018-02-15,6.3460001945495605,yahoo_query_or_equivalent_authorized_market_data_source,2026-06-25T04:28:22.021192Z
2018-02-16,6.3471999168396,yahoo_query_or_equivalent_authorized_market_data_source,2026-06-25T04:28:22.021192Z
2018-02-19,6.340099811553955,yahoo_query_or_equivalent_authorized_market_data_source,2026-06-25T04:28:22.021192Z
2018-02-20,6.348400115966797,yahoo_query_or_equivalent_authorized_market_data_source,2026-06-25T04:28:22.021192Z
2018-02-21,6.346199989318848,yahoo_query_or_equivalent_authorized_market_data_source,2026-06-25T04:28:22.021192Z
2018-02-22,6.34660005569458,yahoo_query_or_equivalent_authorized_market_data_source,2026-06-25T04:28:22.021192Z
2018-02-23,6.350200176239014,yahoo_query_or_equivalent_authorized_market_data_source,2026-06-25T04:28:22.021192Z
2018-02-26,6.327300071716309,yahoo_query_or_equivalent_authorized_market_data_source,2026-06-25T04:28:22.021192Z
2018-02-27,6.3140997886657715,yahoo_query_or_equivalent_authorized_market_data_source,2026-06-25T04:28:22.021192Z
2018-02-28,6.316699981689453,yahoo_query_or_equivalent_authorized_market_data_source,2026-06-25T04:28:22.021192Z
2018-03-01,6.330900192260742,yahoo_query_or_equivalent_authorized_market_data_source,2026-06-25T04:28:22.021192Z
2018-03-02,6.357399940490723,yahoo_query_or_equivalent_authorized_market_data_source,2026-06-25T04:28:22.021192Z
2018-03-05,6.350299835205078,yahoo_query_or_equivalent_authorized_market_data_source,2026-06-25T04:28:22.021192Z
2018-03-06,6.348899841308594,yahoo_query_or_equivalent_authorized_market_data_source,2026-06-25T04:28:22.021192Z
2018-03-07,6.3094000816345215,yahoo_query_or_equivalent_authorized_market_data_source,2026-06-25T04:28:22.021192Z
2018-03-08,6.324999809265137,yahoo_query_or_equivalent_authorized_market_data_source,2026-06-25T04:28:22.021192Z
2018-03-09,6.341599941253662,yahoo_query_or_equivalent_authorized_market_data_source,2026-06-25T04:28:22.021192Z
2018-03-12,6.328499794006348,yahoo_query_or_equivalent_authorized_market_data_source,2026-06-25T04:28:22.021192Z
2018-03-13,6.329100131988525,yahoo_query_or_equivalent_authorized_market_data_source,2026-06-25T04:28:22.021192Z
2018-03-14,6.320400238037109,yahoo_query_or_equivalent_authorized_market_data_source,2026-06-25T04:28:22.021192Z
2018-03-15,6.315999984741211,yahoo_query_or_equivalent_authorized_market_data_source,2026-06-25T04:28:22.021192Z
2018-03-16,6.320899963378906,yahoo_query_or_equivalent_authorized_market_data_source,2026-06-25T04:28:22.021192Z
2018-03-19,6.338200092315674,yahoo_query_or_equivalent_authorized_market_data_source,2026-06-25T04:28:22.021192Z
2018-03-20,6.331600189208984,yahoo_query_or_equivalent_authorized_market_data_source,2026-06-25T04:28:22.021192Z
2018-03-21,6.332900047302246,yahoo_query_or_equivalent_authorized_market_data_source,2026-06-25T04:28:22.021192Z
2018-03-22,6.3206000328063965,yahoo_query_or_equivalent_authorized_market_data_source,2026-06-25T04:28:22.021192Z
2018-03-23,6.334700107574463,yahoo_query_or_equivalent_authorized_market_data_source,2026-06-25T04:28:22.021192Z
2018-03-25,6.320000171661377,yahoo_query_or_equivalent_authorized_market_data_source,2026-06-25T04:28:22.021192Z
2018-03-26,6.27239990234375,yahoo_query_or_equivalent_authorized_market_data_source,2026-06-25T04:28:22.021192Z
2018-03-27,6.281799793243408,yahoo_query_or_equivalent_authorized_market_data_source,2026-06-25T04:28:22.021192Z
2018-03-28,6.295599937438965,yahoo_query_or_equivalent_authorized_market_data_source,2026-06-25T04:28:22.021192Z
2018-03-29,6.288899898529053,yahoo_query_or_equivalent_authorized_market_data_source,2026-06-25T04:28:22.021192Z
2018-04-01,6.282199859619141,yahoo_query_or_equivalent_authorized_market_data_source,2026-06-25T04:28:22.021192Z
2018-04-02,6.279399871826172,yahoo_query_or_equivalent_authorized_market_data_source,2026-06-25T04:28:22.021192Z
2018-04-03,6.288400173187256,yahoo_query_or_equivalent_authorized_market_data_source,2026-06-25T04:28:22.021192Z
2018-04-04,6.304200172424316,yahoo_query_or_equivalent_authorized_market_data_source,2026-06-25T04:28:22.021192Z
2018-04-05,6.3024001121521,yahoo_query_or_equivalent_authorized_market_data_source,2026-06-25T04:28:22.021192Z
2018-04-08,6.308599948883057,yahoo_query_or_equivalent_authorized_market_data_source,2026-06-25T04:28:22.021192Z
2018-04-09,6.3053998947143555,yahoo_query_or_equivalent_authorized_market_data_source,2026-06-25T04:28:22.021192Z
2018-04-10,6.281599998474121,yahoo_query_or_equivalent_authorized_market_data_source,2026-06-25T04:28:22.021192Z
2018-04-11,6.268599987030029,yahoo_query_or_equivalent_authorized_market_data_source,2026-06-25T04:28:22.021192Z
2018-04-12,6.290999889373779,yahoo_query_or_equivalent_authorized_market_data_source,2026-06-25T04:28:22.021192Z
2018-04-15,6.274099826812744,yahoo_query_or_equivalent_authorized_market_data_source,2026-06-25T04:28:22.021192Z
2018-04-16,6.275700092315674,yahoo_query_or_equivalent_authorized_market_data_source,2026-06-25T04:28:22.021192Z
2018-04-17,6.2804999351501465,yahoo_query_or_equivalent_authorized_market_data_source,2026-06-25T04:28:22.021192Z
2018-04-18,6.273399829864502,yahoo_query_or_equivalent_authorized_market_data_source,2026-06-25T04:28:22.021192Z
2018-04-19,6.27810001373291,yahoo_query_or_equivalent_authorized_market_data_source,2026-06-25T04:28:22.021192Z
2018-04-22,6.295499801635742,yahoo_query_or_equivalent_authorized_market_data_source,2026-06-25T04:28:22.021192Z
2018-04-23,6.316100120544434,yahoo_query_or_equivalent_authorized_market_data_source,2026-06-25T04:28:22.021192Z
2018-04-24,6.3059000968933105,yahoo_query_or_equivalent_authorized_market_data_source,2026-06-25T04:28:22.021192Z
2018-04-25,6.324699878692627,yahoo_query_or_equivalent_authorized_market_data_source,2026-06-25T04:28:22.021192Z
2018-04-26,6.335400104522705,yahoo_query_or_equivalent_authorized_market_data_source,2026-06-25T04:28:22.021192Z
2018-04-29,6.336999893188477,yahoo_query_or_equivalent_authorized_market_data_source,2026-06-25T04:28:22.021192Z
2018-04-30,6.332099914550781,yahoo_query_or_equivalent_authorized_market_data_source,2026-06-25T04:28:22.021192Z
2018-05-01,6.332300186157227,yahoo_query_or_equivalent_authorized_market_data_source,2026-06-25T04:28:22.021192Z
2018-05-02,6.361499786376953,yahoo_query_or_equivalent_authorized_market_data_source,2026-06-25T04:28:22.021192Z
2018-05-03,6.352700233459473,yahoo_query_or_equivalent_authorized_market_data_source,2026-06-25T04:28:22.021192Z
2018-05-06,6.361700057983398,yahoo_query_or_equivalent_authorized_market_data_source,2026-06-25T04:28:22.021192Z
2018-05-07,6.366099834442139,yahoo_query_or_equivalent_authorized_market_data_source,2026-06-25T04:28:22.021192Z
2018-05-08,6.369699954986572,yahoo_query_or_equivalent_authorized_market_data_source,2026-06-25T04:28:22.021192Z
2018-05-09,6.361400127410889,yahoo_query_or_equivalent_authorized_market_data_source,2026-06-25T04:28:22.021192Z
2018-05-10,6.348199844360352,yahoo_query_or_equivalent_authorized_market_data_source,2026-06-25T04:28:22.021192Z
2018-05-13,6.333099842071533,yahoo_query_or_equivalent_authorized_market_data_source,2026-06-25T04:28:22.021192Z
2018-05-14,6.3383002281188965,yahoo_query_or_equivalent_authorized_market_data_source,2026-06-25T04:28:22.021192Z
2018-05-15,6.376800060272217,yahoo_query_or_equivalent_authorized_market_data_source,2026-06-25T04:28:22.021192Z
2018-05-16,6.370500087738037,yahoo_query_or_equivalent_authorized_market_data_source,2026-06-25T04:28:22.021192Z
2018-05-17,6.366199970245361,yahoo_query_or_equivalent_authorized_market_data_source,2026-06-25T04:28:22.021192Z
2018-05-20,6.382800102233887,yahoo_query_or_equivalent_authorized_market_data_source,2026-06-25T04:28:22.021192Z
2018-05-21,6.381100177764893,yahoo_query_or_equivalent_authorized_market_data_source,2026-06-25T04:28:22.021192Z
2018-05-22,6.364200115203857,yahoo_query_or_equivalent_authorized_market_data_source,2026-06-25T04:28:22.021192Z
2018-05-23,6.388800144195557,yahoo_query_or_equivalent_authorized_market_data_source,2026-06-25T04:28:22.021192Z
2018-05-24,6.376399993896484,yahoo_query_or_equivalent_authorized_market_data_source,2026-06-25T04:28:22.021192Z
2018-05-27,6.368599891662598,yahoo_query_or_equivalent_authorized_market_data_source,2026-06-25T04:28:22.021192Z
2018-05-28,6.3983001708984375,yahoo_query_or_equivalent_authorized_market_data_source,2026-06-25T04:28:22.021192Z
2018-05-29,6.416600227355957,yahoo_query_or_equivalent_authorized_market_data_source,2026-06-25T04:28:22.021192Z
2018-05-30,6.418000221252441,yahoo_query_or_equivalent_authorized_market_data_source,2026-06-25T04:28:22.021192Z
2018-05-31,6.409299850463867,yahoo_query_or_equivalent_authorized_market_data_source,2026-06-25T04:28:22.021192Z
2018-06-03,6.419400215148926,yahoo_query_or_equivalent_authorized_market_data_source,2026-06-25T04:28:22.021192Z
2018-06-04,6.4070000648498535,yahoo_query_or_equivalent_authorized_market_data_source,2026-06-25T04:28:22.021192Z
2018-06-05,6.40500020980835,yahoo_query_or_equivalent_authorized_market_data_source,2026-06-25T04:28:22.021192Z
2018-06-06,6.387899875640869,yahoo_query_or_equivalent_authorized_market_data_source,2026-06-25T04:28:22.021192Z
2018-06-07,6.392099857330322,yahoo_query_or_equivalent_authorized_market_data_source,2026-06-25T04:28:22.021192Z
2018-06-10,6.405700206756592,yahoo_query_or_equivalent_authorized_market_data_source,2026-06-25T04:28:22.021192Z
2018-06-11,6.391600131988525,yahoo_query_or_equivalent_authorized_market_data_source,2026-06-25T04:28:22.021192Z
2018-06-12,6.4004998207092285,yahoo_query_or_equivalent_authorized_market_data_source,2026-06-25T04:28:22.021192Z
2018-06-13,6.397299766540527,yahoo_query_or_equivalent_authorized_market_data_source,2026-06-25T04:28:22.021192Z
2018-06-14,6.4045000076293945,yahoo_query_or_equivalent_authorized_market_data_source,2026-06-25T04:28:22.021192Z
2018-06-17,6.433000087738037,yahoo_query_or_equivalent_authorized_market_data_source,2026-06-25T04:28:22.021192Z
2018-06-18,6.438799858093262,yahoo_query_or_equivalent_authorized_market_data_source,2026-06-25T04:28:22.021192Z
2018-06-19,6.485499858856201,yahoo_query_or_equivalent_authorized_market_data_source,2026-06-25T04:28:22.021192Z
2018-06-20,6.47160005569458,yahoo_query_or_equivalent_authorized_market_data_source,2026-06-25T04:28:22.021192Z
2018-06-21,6.492099761962891,yahoo_query_or_equivalent_authorized_market_data_source,2026-06-25T04:28:22.021192Z
2018-06-24,6.504300117492676,yahoo_query_or_equivalent_authorized_market_data_source,2026-06-25T04:28:22.021192Z
2018-06-25,6.539000034332275,yahoo_query_or_equivalent_authorized_market_data_source,2026-06-25T04:28:22.021192Z
2018-06-26,6.5782999992370605,yahoo_query_or_equivalent_authorized_market_data_source,2026-06-25T04:28:22.021192Z
2018-06-27,6.601900100708008,yahoo_query_or_equivalent_authorized_market_data_source,2026-06-25T04:28:22.021192Z
2018-06-28,6.627399921417236,yahoo_query_or_equivalent_authorized_market_data_source,2026-06-25T04:28:22.021192Z
2018-07-01,6.624300003051758,yahoo_query_or_equivalent_authorized_market_data_source,2026-06-25T04:28:22.021192Z
2018-07-02,6.6666998863220215,yahoo_query_or_equivalent_authorized_market_data_source,2026-06-25T04:28:22.021192Z
2018-07-03,6.640999794006348,yahoo_query_or_equivalent_authorized_market_data_source,2026-06-25T04:28:22.021192Z
2018-07-04,6.63129997253418,yahoo_query_or_equivalent_authorized_market_data_source,2026-06-25T04:28:22.021192Z
2018-07-05,6.6367998123168945,yahoo_query_or_equivalent_authorized_market_data_source,2026-06-25T04:28:22.021192Z
2018-07-08,6.639200210571289,yahoo_query_or_equivalent_authorized_market_data_source,2026-06-25T04:28:22.021192Z
2018-07-09,6.615200042724609,yahoo_query_or_equivalent_authorized_market_data_source,2026-06-25T04:28:22.021192Z
2018-07-10,6.631400108337402,yahoo_query_or_equivalent_authorized_market_data_source,2026-06-25T04:28:22.021192Z
2018-07-11,6.682799816131592,yahoo_query_or_equivalent_authorized_market_data_source,2026-06-25T04:28:22.021192Z
2018-07-12,6.665900230407715,yahoo_query_or_equivalent_authorized_market_data_source,2026-06-25T04:28:22.021192Z
2018-07-15,6.6946001052856445,yahoo_query_or_equivalent_authorized_market_data_source,2026-06-25T04:28:22.021192Z
2018-07-16,6.6915998458862305,yahoo_query_or_equivalent_authorized_market_data_source,2026-06-25T04:28:22.021192Z
2018-07-17,6.7067999839782715,yahoo_query_or_equivalent_authorized_market_data_source,2026-06-25T04:28:22.021192Z
2018-07-18,6.717700004577637,yahoo_query_or_equivalent_authorized_market_data_source,2026-06-25T04:28:22.021192Z
2018-07-19,6.771699905395508,yahoo_query_or_equivalent_authorized_market_data_source,2026-06-25T04:28:22.021192Z
2018-07-22,6.7581000328063965,yahoo_query_or_equivalent_authorized_market_data_source,2026-06-25T04:28:22.021192Z
2018-07-23,6.791999816894531,yahoo_query_or_equivalent_authorized_market_data_source,2026-06-25T04:28:22.021192Z
2018-07-24,6.790500164031982,yahoo_query_or_equivalent_authorized_market_data_source,2026-06-25T04:28:22.021192Z
2018-07-25,6.768700122833252,yahoo_query_or_equivalent_authorized_market_data_source,2026-06-25T04:28:22.021192Z
2018-07-26,6.782800197601318,yahoo_query_or_equivalent_authorized_market_data_source,2026-06-25T04:28:22.021192Z
2018-07-29,6.812699794769287,yahoo_query_or_equivalent_authorized_market_data_source,2026-06-25T04:28:22.021192Z
2018-07-30,6.814899921417236,yahoo_query_or_equivalent_authorized_market_data_source,2026-06-25T04:28:22.021192Z
2018-07-31,6.811699867248535,yahoo_query_or_equivalent_authorized_market_data_source,2026-06-25T04:28:22.021192Z
2018-08-01,6.8225998878479,yahoo_query_or_equivalent_authorized_market_data_source,2026-06-25T04:28:22.021192Z
2018-08-02,6.832799911499023,yahoo_query_or_equivalent_authorized_market_data_source,2026-06-25T04:28:22.021192Z
2018-08-05,6.833199977874756,yahoo_query_or_equivalent_authorized_market_data_source,2026-06-25T04:28:22.021192Z
2018-08-06,6.854100227355957,yahoo_query_or_equivalent_authorized_market_data_source,2026-06-25T04:28:22.021192Z
2018-08-07,6.833600044250488,yahoo_query_or_equivalent_authorized_market_data_source,2026-06-25T04:28:22.021192Z
2018-08-08,6.83519983291626,yahoo_query_or_equivalent_authorized_market_data_source,2026-06-25T04:28:22.021192Z
2018-08-09,6.817200183868408,yahoo_query_or_equivalent_authorized_market_data_source,2026-06-25T04:28:22.021192Z
2018-08-12,6.846199989318848,yahoo_query_or_equivalent_authorized_market_data_source,2026-06-25T04:28:22.021192Z
2018-08-13,6.889400005340576,yahoo_query_or_equivalent_authorized_market_data_source,2026-06-25T04:28:22.021192Z
2018-08-14,6.884699821472168,yahoo_query_or_equivalent_authorized_market_data_source,2026-06-25T04:28:22.021192Z
2018-08-15,6.933800220489502,yahoo_query_or_equivalent_authorized_market_data_source,2026-06-25T04:28:22.021192Z
2018-08-16,6.881499767303467,yahoo_query_or_equivalent_authorized_market_data_source,2026-06-25T04:28:22.021192Z
2018-08-19,6.8765997886657715,yahoo_query_or_equivalent_authorized_market_data_source,2026-06-25T04:28:22.021192Z
2018-08-20,6.856800079345703,yahoo_query_or_equivalent_authorized_market_data_source,2026-06-25T04:28:22.021192Z
2018-08-21,6.8454999923706055,yahoo_query_or_equivalent_authorized_market_data_source,2026-06-25T04:28:22.021192Z
2018-08-22,6.843200206756592,yahoo_query_or_equivalent_authorized_market_data_source,2026-06-25T04:28:22.021192Z
2018-08-23,6.877500057220459,yahoo_query_or_equivalent_authorized_market_data_source,2026-06-25T04:28:22.021192Z
2018-08-26,6.800600051879883,yahoo_query_or_equivalent_authorized_market_data_source,2026-06-25T04:28:22.021192Z
2018-08-27,6.813300132751465,yahoo_query_or_equivalent_authorized_market_data_source,2026-06-25T04:28:22.021192Z
2018-08-28,6.804200172424316,yahoo_query_or_equivalent_authorized_market_data_source,2026-06-25T04:28:22.021192Z
2018-08-29,6.818699836730957,yahoo_query_or_equivalent_authorized_market_data_source,2026-06-25T04:28:22.021192Z
2018-08-30,6.843100070953369,yahoo_query_or_equivalent_authorized_market_data_source,2026-06-25T04:28:22.021192Z
2018-09-02,6.83459997177124,yahoo_query_or_equivalent_authorized_market_data_source,2026-06-25T04:28:22.021192Z
2018-09-03,6.8221001625061035,yahoo_query_or_equivalent_authorized_market_data_source,2026-06-25T04:28:22.021192Z
2018-09-04,6.84250020980835,yahoo_query_or_equivalent_authorized_market_data_source,2026-06-25T04:28:22.021192Z
2018-09-05,6.829999923706055,yahoo_query_or_equivalent_authorized_market_data_source,2026-06-25T04:28:22.021192Z
2018-09-06,6.834400177001953,yahoo_query_or_equivalent_authorized_market_data_source,2026-06-25T04:28:22.021192Z
2018-09-09,6.839099884033203,yahoo_query_or_equivalent_authorized_market_data_source,2026-06-25T04:28:22.021192Z
2018-09-10,6.855299949645996,yahoo_query_or_equivalent_authorized_market_data_source,2026-06-25T04:28:22.021192Z
2018-09-11,6.8744001388549805,yahoo_query_or_equivalent_authorized_market_data_source,2026-06-25T04:28:22.021192Z
2018-09-12,6.859899997711182,yahoo_query_or_equivalent_authorized_market_data_source,2026-06-25T04:28:22.021192Z
2018-09-13,6.842899799346924,yahoo_query_or_equivalent_authorized_market_data_source,2026-06-25T04:28:22.021192Z
2018-09-16,6.865600109100342,yahoo_query_or_equivalent_authorized_market_data_source,2026-06-25T04:28:22.021192Z
2018-09-17,6.855500221252441,yahoo_query_or_equivalent_authorized_market_data_source,2026-06-25T04:28:22.021192Z
2018-09-18,6.860199928283691,yahoo_query_or_equivalent_authorized_market_data_source,2026-06-25T04:28:22.021192Z
2018-09-19,6.84689998626709,yahoo_query_or_equivalent_authorized_market_data_source,2026-06-25T04:28:22.021192Z
2018-09-20,6.845900058746338,yahoo_query_or_equivalent_authorized_market_data_source,2026-06-25T04:28:22.021192Z
2018-09-23,6.8566999435424805,yahoo_query_or_equivalent_authorized_market_data_source,2026-06-25T04:28:22.021192Z
2018-09-24,6.8734002113342285,yahoo_query_or_equivalent_authorized_market_data_source,2026-06-25T04:28:22.021192Z
2018-09-25,6.866300106048584,yahoo_query_or_equivalent_authorized_market_data_source,2026-06-25T04:28:22.021192Z
2018-09-26,6.876100063323975,yahoo_query_or_equivalent_authorized_market_data_source,2026-06-25T04:28:22.021192Z
2018-09-27,6.880300045013428,yahoo_query_or_equivalent_authorized_market_data_source,2026-06-25T04:28:22.021192Z
2018-09-30,6.8678998947143555,yahoo_query_or_equivalent_authorized_market_data_source,2026-06-25T04:28:22.021192Z
2018-10-01,6.8678998947143555,yahoo_query_or_equivalent_authorized_market_data_source,2026-06-25T04:28:22.021192Z
2018-10-02,6.8678998947143555,yahoo_query_or_equivalent_authorized_market_data_source,2026-06-25T04:28:22.021192Z
2018-10-03,6.867800235748291,yahoo_query_or_equivalent_authorized_market_data_source,2026-06-25T04:28:22.021192Z
2018-10-04,6.8678998947143555,yahoo_query_or_equivalent_authorized_market_data_source,2026-06-25T04:28:22.021192Z
2018-10-07,6.85890007019043,yahoo_query_or_equivalent_authorized_market_data_source,2026-06-25T04:28:22.021192Z
2018-10-08,6.929800033569336,yahoo_query_or_equivalent_authorized_market_data_source,2026-06-25T04:28:22.021192Z
2018-10-09,6.921800136566162,yahoo_query_or_equivalent_authorized_market_data_source,2026-06-25T04:28:22.021192Z
2018-10-10,6.923299789428711,yahoo_query_or_equivalent_authorized_market_data_source,2026-06-25T04:28:22.021192Z
2018-10-11,6.888599872589111,yahoo_query_or_equivalent_authorized_market_data_source,2026-06-25T04:28:22.021192Z
2018-10-14,6.921199798583984,yahoo_query_or_equivalent_authorized_market_data_source,2026-06-25T04:28:22.021192Z
2018-10-15,6.915900230407715,yahoo_query_or_equivalent_authorized_market_data_source,2026-06-25T04:28:22.021192Z
2018-10-16,6.910999774932861,yahoo_query_or_equivalent_authorized_market_data_source,2026-06-25T04:28:22.021192Z
2018-10-17,6.926300048828125,yahoo_query_or_equivalent_authorized_market_data_source,2026-06-25T04:28:22.021192Z
2018-10-18,6.936699867248535,yahoo_query_or_equivalent_authorized_market_data_source,2026-06-25T04:28:22.021192Z
2018-10-21,6.928599834442139,yahoo_query_or_equivalent_authorized_market_data_source,2026-06-25T04:28:22.021192Z
2018-10-22,6.946499824523926,yahoo_query_or_equivalent_authorized_market_data_source,2026-06-25T04:28:22.021192Z
2018-10-23,6.937399864196777,yahoo_query_or_equivalent_authorized_market_data_source,2026-06-25T04:28:22.021192Z
2018-10-24,6.942999839782715,yahoo_query_or_equivalent_authorized_market_data_source,2026-06-25T04:28:22.021192Z
2018-10-25,6.947999954223633,yahoo_query_or_equivalent_authorized_market_data_source,2026-06-25T04:28:22.021192Z
2018-10-29,6.942500114440918,yahoo_query_or_equivalent_authorized_market_data_source,2026-06-25T04:28:22.021192Z
2018-10-30,6.951900005340576,yahoo_query_or_equivalent_authorized_market_data_source,2026-06-25T04:28:22.021192Z
2018-10-31,6.966300010681152,yahoo_query_or_equivalent_authorized_market_data_source,2026-06-25T04:28:22.021192Z
2018-11-01,6.974699974060059,yahoo_query_or_equivalent_authorized_market_data_source,2026-06-25T04:28:22.021192Z
2018-11-02,6.922399997711182,yahoo_query_or_equivalent_authorized_market_data_source,2026-06-25T04:28:22.021192Z
2018-11-05,6.889900207519531,yahoo_query_or_equivalent_authorized_market_data_source,2026-06-25T04:28:22.021192Z
2018-11-06,6.924799919128418,yahoo_query_or_equivalent_authorized_market_data_source,2026-06-25T04:28:22.021192Z
2018-11-07,6.918499946594238,yahoo_query_or_equivalent_authorized_market_data_source,2026-06-25T04:28:22.021192Z
2018-11-08,6.909999847412109,yahoo_query_or_equivalent_authorized_market_data_source,2026-06-25T04:28:22.021192Z
2018-11-09,6.933499813079834,yahoo_query_or_equivalent_authorized_market_data_source,2026-06-25T04:28:22.021192Z
2018-11-12,6.955900192260742,yahoo_query_or_equivalent_authorized_market_data_source,2026-06-25T04:28:22.021192Z
2018-11-13,6.962500095367432,yahoo_query_or_equivalent_authorized_market_data_source,2026-06-25T04:28:22.021192Z
2018-11-14,6.9552001953125,yahoo_query_or_equivalent_authorized_market_data_source,2026-06-25T04:28:22.021192Z
2018-11-15,6.94950008392334,yahoo_query_or_equivalent_authorized_market_data_source,2026-06-25T04:28:22.021192Z
2018-11-16,6.938199996948242,yahoo_query_or_equivalent_authorized_market_data_source,2026-06-25T04:28:22.021192Z
2018-11-19,6.936999797821045,yahoo_query_or_equivalent_authorized_market_data_source,2026-06-25T04:28:22.021192Z
2018-11-20,6.940999984741211,yahoo_query_or_equivalent_authorized_market_data_source,2026-06-25T04:28:22.021192Z
2018-11-21,6.944399833679199,yahoo_query_or_equivalent_authorized_market_data_source,2026-06-25T04:28:22.021192Z
2018-11-22,6.926199913024902,yahoo_query_or_equivalent_authorized_market_data_source,2026-06-25T04:28:22.021192Z
2018-11-23,6.931000232696533,yahoo_query_or_equivalent_authorized_market_data_source,2026-06-25T04:28:22.021192Z
2018-11-26,6.947500228881836,yahoo_query_or_equivalent_authorized_market_data_source,2026-06-25T04:28:22.021192Z
2018-11-27,6.930799961090088,yahoo_query_or_equivalent_authorized_market_data_source,2026-06-25T04:28:22.021192Z
2018-11-28,6.9506001472473145,yahoo_query_or_equivalent_authorized_market_data_source,2026-06-25T04:28:22.021192Z
2018-11-29,6.952899932861328,yahoo_query_or_equivalent_authorized_market_data_source,2026-06-25T04:28:22.021192Z
2018-11-30,6.941500186920166,yahoo_query_or_equivalent_authorized_market_data_source,2026-06-25T04:28:22.021192Z
2018-12-03,6.958000183105469,yahoo_query_or_equivalent_authorized_market_data_source,2026-06-25T04:28:22.021192Z
2018-12-04,6.882299900054932,yahoo_query_or_equivalent_authorized_market_data_source,2026-06-25T04:28:22.021192Z
2018-12-05,6.836299896240234,yahoo_query_or_equivalent_authorized_market_data_source,2026-06-25T04:28:22.021192Z
2018-12-06,6.855800151824951,yahoo_query_or_equivalent_authorized_market_data_source,2026-06-25T04:28:22.021192Z
2018-12-07,6.881700038909912,yahoo_query_or_equivalent_authorized_market_data_source,2026-06-25T04:28:22.021192Z
2018-12-10,6.87470006942749,yahoo_query_or_equivalent_authorized_market_data_source,2026-06-25T04:28:22.021192Z
2018-12-11,6.910999774932861,yahoo_query_or_equivalent_authorized_market_data_source,2026-06-25T04:28:22.021192Z
2018-12-12,6.89900016784668,yahoo_query_or_equivalent_authorized_market_data_source,2026-06-25T04:28:22.021192Z
2018-12-13,6.879000186920166,yahoo_query_or_equivalent_authorized_market_data_source,2026-06-25T04:28:22.021192Z
2018-12-14,6.88070011138916,yahoo_query_or_equivalent_authorized_market_data_source,2026-06-25T04:28:22.021192Z
2018-12-17,6.906599998474121,yahoo_query_or_equivalent_authorized_market_data_source,2026-06-25T04:28:22.021192Z
2018-12-18,6.896200180053711,yahoo_query_or_equivalent_authorized_market_data_source,2026-06-25T04:28:22.021192Z
2018-12-19,6.894199848175049,yahoo_query_or_equivalent_authorized_market_data_source,2026-06-25T04:28:22.021192Z
2018-12-20,6.890999794006348,yahoo_query_or_equivalent_authorized_market_data_source,2026-06-25T04:28:22.021192Z
2018-12-21,6.884099960327148,yahoo_query_or_equivalent_authorized_market_data_source,2026-06-25T04:28:22.021192Z
2018-12-24,6.905399799346924,yahoo_query_or_equivalent_authorized_market_data_source,2026-06-25T04:28:22.021192Z
2018-12-25,6.898099899291992,yahoo_query_or_equivalent_authorized_market_data_source,2026-06-25T04:28:22.021192Z
2018-12-26,6.8983001708984375,yahoo_query_or_equivalent_authorized_market_data_source,2026-06-25T04:28:22.021192Z
2018-12-27,6.898099899291992,yahoo_query_or_equivalent_authorized_market_data_source,2026-06-25T04:28:22.021192Z
2018-12-28,6.865300178527832,yahoo_query_or_equivalent_authorized_market_data_source,2026-06-25T04:28:22.021192Z
2018-12-31,6.877200126647949,yahoo_query_or_equivalent_authorized_market_data_source,2026-06-25T04:28:22.021192Z
2019-01-01,6.877600193023682,yahoo_query_or_equivalent_authorized_market_data_source,2026-06-25T04:28:22.021192Z
2019-01-02,6.877500057220459,yahoo_query_or_equivalent_authorized_market_data_source,2026-06-25T04:28:22.021192Z
2019-01-03,6.861100196838379,yahoo_query_or_equivalent_authorized_market_data_source,2026-06-25T04:28:22.021192Z
2019-01-04,6.871099948883057,yahoo_query_or_equivalent_authorized_market_data_source,2026-06-25T04:28:22.021192Z
2019-01-07,6.8684000968933105,yahoo_query_or_equivalent_authorized_market_data_source,2026-06-25T04:28:22.021192Z
2019-01-08,6.849999904632568,yahoo_query_or_equivalent_authorized_market_data_source,2026-06-25T04:28:22.021192Z
2019-01-09,6.852200031280518,yahoo_query_or_equivalent_authorized_market_data_source,2026-06-25T04:28:22.021192Z
2019-01-10,6.8155999183654785,yahoo_query_or_equivalent_authorized_market_data_source,2026-06-25T04:28:22.021192Z
2019-01-11,6.787499904632568,yahoo_query_or_equivalent_authorized_market_data_source,2026-06-25T04:28:22.021192Z
2019-01-14,6.76200008392334,yahoo_query_or_equivalent_authorized_market_data_source,2026-06-25T04:28:22.021192Z
2019-01-15,6.767099857330322,yahoo_query_or_equivalent_authorized_market_data_source,2026-06-25T04:28:22.021192Z
2019-01-16,6.750999927520752,yahoo_query_or_equivalent_authorized_market_data_source,2026-06-25T04:28:22.021192Z
2019-01-17,6.75600004196167,yahoo_query_or_equivalent_authorized_market_data_source,2026-06-25T04:28:22.021192Z
2019-01-18,6.775400161743164,yahoo_query_or_equivalent_authorized_market_data_source,2026-06-25T04:28:22.021192Z
2019-01-21,6.7778000831604,yahoo_query_or_equivalent_authorized_market_data_source,2026-06-25T04:28:22.021192Z
2019-01-22,6.797299861907959,yahoo_query_or_equivalent_authorized_market_data_source,2026-06-25T04:28:22.021192Z
2019-01-23,6.807000160217285,yahoo_query_or_equivalent_authorized_market_data_source,2026-06-25T04:28:22.021192Z
2019-01-24,6.790999889373779,yahoo_query_or_equivalent_authorized_market_data_source,2026-06-25T04:28:22.021192Z
2019-01-25,6.787600040435791,yahoo_query_or_equivalent_authorized_market_data_source,2026-06-25T04:28:22.021192Z
2019-01-28,6.746399879455566,yahoo_query_or_equivalent_authorized_market_data_source,2026-06-25T04:28:22.021192Z
2019-01-29,6.74429988861084,yahoo_query_or_equivalent_authorized_market_data_source,2026-06-25T04:28:22.021192Z
2019-01-30,6.73199987411499,yahoo_query_or_equivalent_authorized_market_data_source,2026-06-25T04:28:22.021192Z
2019-01-31,6.7154998779296875,yahoo_query_or_equivalent_authorized_market_data_source,2026-06-25T04:28:22.021192Z
2019-02-01,6.69980001449585,yahoo_query_or_equivalent_authorized_market_data_source,2026-06-25T04:28:22.021192Z
2019-02-04,6.743800163269043,yahoo_query_or_equivalent_authorized_market_data_source,2026-06-25T04:28:22.021192Z
2019-02-05,6.743800163269043,yahoo_query_or_equivalent_authorized_market_data_source,2026-06-25T04:28:22.021192Z
2019-02-06,6.734799861907959,yahoo_query_or_equivalent_authorized_market_data_source,2026-06-25T04:28:22.021192Z
2019-02-07,6.743800163269043,yahoo_query_or_equivalent_authorized_market_data_source,2026-06-25T04:28:22.021192Z
2019-02-08,6.743800163269043,yahoo_query_or_equivalent_authorized_market_data_source,2026-06-25T04:28:22.021192Z
2019-02-11,6.743800163269043,yahoo_query_or_equivalent_authorized_market_data_source,2026-06-25T04:28:22.021192Z
2019-02-12,6.791399955749512,yahoo_query_or_equivalent_authorized_market_data_source,2026-06-25T04:28:22.021192Z
2019-02-13,6.7729997634887695,yahoo_query_or_equivalent_authorized_market_data_source,2026-06-25T04:28:22.021192Z
2019-02-14,6.759399890899658,yahoo_query_or_equivalent_authorized_market_data_source,2026-06-25T04:28:22.021192Z
2019-02-15,6.771200180053711,yahoo_query_or_equivalent_authorized_market_data_source,2026-06-25T04:28:22.021192Z
2019-02-18,6.77209997177124,yahoo_query_or_equivalent_authorized_market_data_source,2026-06-25T04:28:22.021192Z
2019-02-19,6.765699863433838,yahoo_query_or_equivalent_authorized_market_data_source,2026-06-25T04:28:22.021192Z
2019-02-20,6.757699966430664,yahoo_query_or_equivalent_authorized_market_data_source,2026-06-25T04:28:22.021192Z
2019-02-21,6.720300197601318,yahoo_query_or_equivalent_authorized_market_data_source,2026-06-25T04:28:22.021192Z
2019-02-22,6.719099998474121,yahoo_query_or_equivalent_authorized_market_data_source,2026-06-25T04:28:22.021192Z
2019-02-25,6.713200092315674,yahoo_query_or_equivalent_authorized_market_data_source,2026-06-25T04:28:22.021192Z
2019-02-26,6.688399791717529,yahoo_query_or_equivalent_authorized_market_data_source,2026-06-25T04:28:22.021192Z
2019-02-27,6.69920015335083,yahoo_query_or_equivalent_authorized_market_data_source,2026-06-25T04:28:22.021192Z
2019-02-28,6.686200141906738,yahoo_query_or_equivalent_authorized_market_data_source,2026-06-25T04:28:22.021192Z
2019-03-01,6.692999839782715,yahoo_query_or_equivalent_authorized_market_data_source,2026-06-25T04:28:22.021192Z
2019-03-04,6.705399990081787,yahoo_query_or_equivalent_authorized_market_data_source,2026-06-25T04:28:22.021192Z
2019-03-05,6.706299781799316,yahoo_query_or_equivalent_authorized_market_data_source,2026-06-25T04:28:22.021192Z
2019-03-06,6.706600189208984,yahoo_query_or_equivalent_authorized_market_data_source,2026-06-25T04:28:22.021192Z
2019-03-07,6.710899829864502,yahoo_query_or_equivalent_authorized_market_data_source,2026-06-25T04:28:22.021192Z
2019-03-08,6.714099884033203,yahoo_query_or_equivalent_authorized_market_data_source,2026-06-25T04:28:22.021192Z
2019-03-11,6.720600128173828,yahoo_query_or_equivalent_authorized_market_data_source,2026-06-25T04:28:22.021192Z
2019-03-12,6.725500106811523,yahoo_query_or_equivalent_authorized_market_data_source,2026-06-25T04:28:22.021192Z
2019-03-13,6.707600116729736,yahoo_query_or_equivalent_authorized_market_data_source,2026-06-25T04:28:22.021192Z
2019-03-14,6.706099987030029,yahoo_query_or_equivalent_authorized_market_data_source,2026-06-25T04:28:22.021192Z
2019-03-15,6.7220001220703125,yahoo_query_or_equivalent_authorized_market_data_source,2026-06-25T04:28:22.021192Z
2019-03-18,6.712800025939941,yahoo_query_or_equivalent_authorized_market_data_source,2026-06-25T04:28:22.021192Z
2019-03-19,6.703100204467773,yahoo_query_or_equivalent_authorized_market_data_source,2026-06-25T04:28:22.021192Z
2019-03-20,6.710999965667725,yahoo_query_or_equivalent_authorized_market_data_source,2026-06-25T04:28:22.021192Z
2019-03-21,6.693600177764893,yahoo_query_or_equivalent_authorized_market_data_source,2026-06-25T04:28:22.021192Z
2019-03-22,6.698200225830078,yahoo_query_or_equivalent_authorized_market_data_source,2026-06-25T04:28:22.021192Z
2019-03-25,6.717100143432617,yahoo_query_or_equivalent_authorized_market_data_source,2026-06-25T04:28:22.021192Z
2019-03-26,6.708399772644043,yahoo_query_or_equivalent_authorized_market_data_source,2026-06-25T04:28:22.021192Z
2019-03-27,6.714700222015381,yahoo_query_or_equivalent_authorized_market_data_source,2026-06-25T04:28:22.021192Z
2019-03-28,6.726200103759766,yahoo_query_or_equivalent_authorized_market_data_source,2026-06-25T04:28:22.021192Z
2019-03-29,6.738100051879883,yahoo_query_or_equivalent_authorized_market_data_source,2026-06-25T04:28:22.021192Z
2019-03-31,6.711100101470947,yahoo_query_or_equivalent_authorized_market_data_source,2026-06-25T04:28:22.021192Z
2019-04-01,6.7104997634887695,yahoo_query_or_equivalent_authorized_market_data_source,2026-06-25T04:28:22.021192Z
2019-04-02,6.722400188446045,yahoo_query_or_equivalent_authorized_market_data_source,2026-06-25T04:28:22.021192Z
2019-04-03,6.701399803161621,yahoo_query_or_equivalent_authorized_market_data_source,2026-06-25T04:28:22.021192Z
2019-04-04,6.716599941253662,yahoo_query_or_equivalent_authorized_market_data_source,2026-06-25T04:28:22.021192Z
2019-04-07,6.716899871826172,yahoo_query_or_equivalent_authorized_market_data_source,2026-06-25T04:28:22.021192Z
2019-04-08,6.715400218963623,yahoo_query_or_equivalent_authorized_market_data_source,2026-06-25T04:28:22.021192Z
2019-04-09,6.7108001708984375,yahoo_query_or_equivalent_authorized_market_data_source,2026-06-25T04:28:22.021192Z
2019-04-10,6.715400218963623,yahoo_query_or_equivalent_authorized_market_data_source,2026-06-25T04:28:22.021192Z
2019-04-11,6.718500137329102,yahoo_query_or_equivalent_authorized_market_data_source,2026-06-25T04:28:22.021192Z
2019-04-14,6.703199863433838,yahoo_query_or_equivalent_authorized_market_data_source,2026-06-25T04:28:22.021192Z
2019-04-15,6.707699775695801,yahoo_query_or_equivalent_authorized_market_data_source,2026-06-25T04:28:22.021192Z
2019-04-16,6.71120023727417,yahoo_query_or_equivalent_authorized_market_data_source,2026-06-25T04:28:22.021192Z
2019-04-17,6.68720006942749,yahoo_query_or_equivalent_authorized_market_data_source,2026-06-25T04:28:22.021192Z
2019-04-18,6.708099842071533,yahoo_query_or_equivalent_authorized_market_data_source,2026-06-25T04:28:22.021192Z
2019-04-21,6.703400135040283,yahoo_query_or_equivalent_authorized_market_data_source,2026-06-25T04:28:22.021192Z
2019-04-22,6.708499908447266,yahoo_query_or_equivalent_authorized_market_data_source,2026-06-25T04:28:22.021192Z
2019-04-23,6.724899768829346,yahoo_query_or_equivalent_authorized_market_data_source,2026-06-25T04:28:22.021192Z
2019-04-24,6.720900058746338,yahoo_query_or_equivalent_authorized_market_data_source,2026-06-25T04:28:22.021192Z
2019-04-25,6.742099761962891,yahoo_query_or_equivalent_authorized_market_data_source,2026-06-25T04:28:22.021192Z
2019-04-28,6.728799819946289,yahoo_query_or_equivalent_authorized_market_data_source,2026-06-25T04:28:22.021192Z
2019-04-29,6.732399940490723,yahoo_query_or_equivalent_authorized_market_data_source,2026-06-25T04:28:22.021192Z
2019-04-30,6.733799934387207,yahoo_query_or_equivalent_authorized_market_data_source,2026-06-25T04:28:22.021192Z
2019-05-01,6.734000205993652,yahoo_query_or_equivalent_authorized_market_data_source,2026-06-25T04:28:22.021192Z
2019-05-02,6.73390007019043,yahoo_query_or_equivalent_authorized_market_data_source,2026-06-25T04:28:22.021192Z
2019-05-05,6.73360013961792,yahoo_query_or_equivalent_authorized_market_data_source,2026-06-25T04:28:22.021192Z
2019-05-06,6.763599872589111,yahoo_query_or_equivalent_authorized_market_data_source,2026-06-25T04:28:22.021192Z
2019-05-07,6.776000022888184,yahoo_query_or_equivalent_authorized_market_data_source,2026-06-25T04:28:22.021192Z
2019-05-08,6.7820000648498535,yahoo_query_or_equivalent_authorized_market_data_source,2026-06-25T04:28:22.021192Z
2019-05-09,6.826499938964844,yahoo_query_or_equivalent_authorized_market_data_source,2026-06-25T04:28:22.021192Z
2019-05-12,6.8231000900268555,yahoo_query_or_equivalent_authorized_market_data_source,2026-06-25T04:28:22.021192Z
2019-05-13,6.877299785614014,yahoo_query_or_equivalent_authorized_market_data_source,2026-06-25T04:28:22.021192Z
2019-05-14,6.874899864196777,yahoo_query_or_equivalent_authorized_market_data_source,2026-06-25T04:28:22.021192Z
2019-05-15,6.875199794769287,yahoo_query_or_equivalent_authorized_market_data_source,2026-06-25T04:28:22.021192Z
2019-05-16,6.882800102233887,yahoo_query_or_equivalent_authorized_market_data_source,2026-06-25T04:28:22.021192Z
2019-05-19,6.917699813842773,yahoo_query_or_equivalent_authorized_market_data_source,2026-06-25T04:28:22.021192Z
2019-05-20,6.911300182342529,yahoo_query_or_equivalent_authorized_market_data_source,2026-06-25T04:28:22.021192Z
2019-05-22,6.905399799346924,yahoo_query_or_equivalent_authorized_market_data_source,2026-06-25T04:28:22.021192Z
2019-05-23,6.9095001220703125,yahoo_query_or_equivalent_authorized_market_data_source,2026-06-25T04:28:22.021192Z
2019-05-26,6.8993000984191895,yahoo_query_or_equivalent_authorized_market_data_source,2026-06-25T04:28:22.021192Z
2019-05-27,6.897200107574463,yahoo_query_or_equivalent_authorized_market_data_source,2026-06-25T04:28:22.021192Z
2019-05-28,6.90910005569458,yahoo_query_or_equivalent_authorized_market_data_source,2026-06-25T04:28:22.021192Z
2019-05-29,6.913400173187256,yahoo_query_or_equivalent_authorized_market_data_source,2026-06-25T04:28:22.021192Z
2019-05-30,6.900899887084961,yahoo_query_or_equivalent_authorized_market_data_source,2026-06-25T04:28:22.021192Z
2019-06-02,6.904099941253662,yahoo_query_or_equivalent_authorized_market_data_source,2026-06-25T04:28:22.021192Z
2019-06-03,6.9028000831604,yahoo_query_or_equivalent_authorized_market_data_source,2026-06-25T04:28:22.021192Z
2019-06-04,6.907299995422363,yahoo_query_or_equivalent_authorized_market_data_source,2026-06-25T04:28:22.021192Z
2019-06-05,6.908100128173828,yahoo_query_or_equivalent_authorized_market_data_source,2026-06-25T04:28:22.021192Z
2019-06-06,6.908999919891357,yahoo_query_or_equivalent_authorized_market_data_source,2026-06-25T04:28:22.021192Z
2019-06-09,6.90880012512207,yahoo_query_or_equivalent_authorized_market_data_source,2026-06-25T04:28:22.021192Z
2019-06-10,6.930099964141846,yahoo_query_or_equivalent_authorized_market_data_source,2026-06-25T04:28:22.021192Z
2019-06-11,6.910399913787842,yahoo_query_or_equivalent_authorized_market_data_source,2026-06-25T04:28:22.021192Z
2019-06-12,6.916900157928467,yahoo_query_or_equivalent_authorized_market_data_source,2026-06-25T04:28:22.021192Z
2019-06-13,6.92080020904541,yahoo_query_or_equivalent_authorized_market_data_source,2026-06-25T04:28:22.021192Z
2019-06-16,6.924499988555908,yahoo_query_or_equivalent_authorized_market_data_source,2026-06-25T04:28:22.021192Z
2019-06-17,6.924900054931641,yahoo_query_or_equivalent_authorized_market_data_source,2026-06-25T04:28:22.021192Z
2019-06-18,6.902299880981445,yahoo_query_or_equivalent_authorized_market_data_source,2026-06-25T04:28:22.021192Z
2019-06-19,6.902699947357178,yahoo_query_or_equivalent_authorized_market_data_source,2026-06-25T04:28:22.021192Z
2019-06-20,6.85099983215332,yahoo_query_or_equivalent_authorized_market_data_source,2026-06-25T04:28:22.021192Z
2019-06-23,6.868899822235107,yahoo_query_or_equivalent_authorized_market_data_source,2026-06-25T04:28:22.021192Z
2019-06-24,6.876100063323975,yahoo_query_or_equivalent_authorized_market_data_source,2026-06-25T04:28:22.021192Z
2019-06-25,6.878799915313721,yahoo_query_or_equivalent_authorized_market_data_source,2026-06-25T04:28:22.021192Z
2019-06-26,6.8790998458862305,yahoo_query_or_equivalent_authorized_market_data_source,2026-06-25T04:28:22.021192Z
2019-06-27,6.867099761962891,yahoo_query_or_equivalent_authorized_market_data_source,2026-06-25T04:28:22.021192Z
2019-06-30,6.865799903869629,yahoo_query_or_equivalent_authorized_market_data_source,2026-06-25T04:28:22.021192Z
2019-07-01,6.850800037384033,yahoo_query_or_equivalent_authorized_market_data_source,2026-06-25T04:28:22.021192Z
2019-07-02,6.872000217437744,yahoo_query_or_equivalent_authorized_market_data_source,2026-06-25T04:28:22.021192Z
2019-07-03,6.880199909210205,yahoo_query_or_equivalent_authorized_market_data_source,2026-06-25T04:28:22.021192Z
2019-07-04,6.87060022354126,yahoo_query_or_equivalent_authorized_market_data_source,2026-06-25T04:28:22.021192Z
2019-07-07,6.892600059509277,yahoo_query_or_equivalent_authorized_market_data_source,2026-06-25T04:28:22.021192Z
2019-07-08,6.880899906158447,yahoo_query_or_equivalent_authorized_market_data_source,2026-06-25T04:28:22.021192Z
2019-07-09,6.888299942016602,yahoo_query_or_equivalent_authorized_market_data_source,2026-06-25T04:28:22.021192Z
2019-07-10,6.872200012207031,yahoo_query_or_equivalent_authorized_market_data_source,2026-06-25T04:28:22.021192Z
2019-07-11,6.869200229644775,yahoo_query_or_equivalent_authorized_market_data_source,2026-06-25T04:28:22.021192Z
2019-07-14,6.879799842834473,yahoo_query_or_equivalent_authorized_market_data_source,2026-06-25T04:28:22.021192Z
2019-07-15,6.8769001960754395,yahoo_query_or_equivalent_authorized_market_data_source,2026-06-25T04:28:22.021192Z
2019-07-16,6.87529993057251,yahoo_query_or_equivalent_authorized_market_data_source,2026-06-25T04:28:22.021192Z
2019-07-17,6.872799873352051,yahoo_query_or_equivalent_authorized_market_data_source,2026-06-25T04:28:22.021192Z
2019-07-18,6.8790998458862305,yahoo_query_or_equivalent_authorized_market_data_source,2026-06-25T04:28:22.021192Z
2019-07-21,6.881100177764893,yahoo_query_or_equivalent_authorized_market_data_source,2026-06-25T04:28:22.021192Z
2019-07-22,6.880099773406982,yahoo_query_or_equivalent_authorized_market_data_source,2026-06-25T04:28:22.021192Z
2019-07-23,6.878300189971924,yahoo_query_or_equivalent_authorized_market_data_source,2026-06-25T04:28:22.021192Z
2019-07-24,6.871500015258789,yahoo_query_or_equivalent_authorized_market_data_source,2026-06-25T04:28:22.021192Z
2019-07-25,6.871600151062012,yahoo_query_or_equivalent_authorized_market_data_source,2026-06-25T04:28:22.021192Z
2019-07-28,6.878200054168701,yahoo_query_or_equivalent_authorized_market_data_source,2026-06-25T04:28:22.021192Z
2019-07-29,6.892399787902832,yahoo_query_or_equivalent_authorized_market_data_source,2026-06-25T04:28:22.021192Z
2019-07-30,6.883600234985352,yahoo_query_or_equivalent_authorized_market_data_source,2026-06-25T04:28:22.021192Z
2019-07-31,6.883399963378906,yahoo_query_or_equivalent_authorized_market_data_source,2026-06-25T04:28:22.021192Z
2019-08-01,6.897799968719482,yahoo_query_or_equivalent_authorized_market_data_source,2026-06-25T04:28:22.021192Z
2019-08-04,6.939199924468994,yahoo_query_or_equivalent_authorized_market_data_source,2026-06-25T04:28:22.021192Z
2019-08-05,7.049699783325195,yahoo_query_or_equivalent_authorized_market_data_source,2026-06-25T04:28:22.021192Z
2019-08-06,7.025599956512451,yahoo_query_or_equivalent_authorized_market_data_source,2026-06-25T04:28:22.021192Z
2019-08-07,7.059100151062012,yahoo_query_or_equivalent_authorized_market_data_source,2026-06-25T04:28:22.021192Z
2019-08-08,7.044300079345703,yahoo_query_or_equivalent_authorized_market_data_source,2026-06-25T04:28:22.021192Z
2019-08-11,7.061500072479248,yahoo_query_or_equivalent_authorized_market_data_source,2026-06-25T04:28:22.021192Z
2019-08-12,7.057199954986572,yahoo_query_or_equivalent_authorized_market_data_source,2026-06-25T04:28:22.021192Z
2019-08-13,7.0335001945495605,yahoo_query_or_equivalent_authorized_market_data_source,2026-06-25T04:28:22.021192Z
2019-08-14,7.023499965667725,yahoo_query_or_equivalent_authorized_market_data_source,2026-06-25T04:28:22.021192Z
2019-08-15,7.02400016784668,yahoo_query_or_equivalent_authorized_market_data_source,2026-06-25T04:28:22.021192Z
2019-08-18,7.041900157928467,yahoo_query_or_equivalent_authorized_market_data_source,2026-06-25T04:28:22.021192Z
2019-08-19,7.049799919128418,yahoo_query_or_equivalent_authorized_market_data_source,2026-06-25T04:28:22.021192Z
2019-08-20,7.059599876403809,yahoo_query_or_equivalent_authorized_market_data_source,2026-06-25T04:28:22.021192Z
2019-08-21,7.062399864196777,yahoo_query_or_equivalent_authorized_market_data_source,2026-06-25T04:28:22.021192Z
2019-08-22,7.082699775695801,yahoo_query_or_equivalent_authorized_market_data_source,2026-06-25T04:28:22.021192Z
2019-08-25,7.09499979019165,yahoo_query_or_equivalent_authorized_market_data_source,2026-06-25T04:28:22.021192Z
2019-08-26,7.150300025939941,yahoo_query_or_equivalent_authorized_market_data_source,2026-06-25T04:28:22.021192Z
2019-08-27,7.161399841308594,yahoo_query_or_equivalent_authorized_market_data_source,2026-06-25T04:28:22.021192Z
2019-08-28,7.155300140380859,yahoo_query_or_equivalent_authorized_market_data_source,2026-06-25T04:28:22.021192Z
2019-08-29,7.143599987030029,yahoo_query_or_equivalent_authorized_market_data_source,2026-06-25T04:28:22.021192Z
2019-09-01,7.155700206756592,yahoo_query_or_equivalent_authorized_market_data_source,2026-06-25T04:28:22.021192Z
2019-09-02,7.171000003814697,yahoo_query_or_equivalent_authorized_market_data_source,2026-06-25T04:28:22.021192Z
2019-09-03,7.177999973297119,yahoo_query_or_equivalent_authorized_market_data_source,2026-06-25T04:28:22.021192Z
2019-09-04,7.145100116729736,yahoo_query_or_equivalent_authorized_market_data_source,2026-06-25T04:28:22.021192Z
2019-09-05,7.14769983291626,yahoo_query_or_equivalent_authorized_market_data_source,2026-06-25T04:28:22.021192Z
2019-09-08,7.114699840545654,yahoo_query_or_equivalent_authorized_market_data_source,2026-06-25T04:28:22.021192Z
2019-09-09,7.121099948883057,yahoo_query_or_equivalent_authorized_market_data_source,2026-06-25T04:28:22.021192Z
2019-09-10,7.111700057983398,yahoo_query_or_equivalent_authorized_market_data_source,2026-06-25T04:28:22.021192Z
2019-09-11,7.115799903869629,yahoo_query_or_equivalent_authorized_market_data_source,2026-06-25T04:28:22.021192Z
2019-09-12,7.078400135040283,yahoo_query_or_equivalent_authorized_market_data_source,2026-06-25T04:28:22.021192Z
2019-09-15,7.078400135040283,yahoo_query_or_equivalent_authorized_market_data_source,2026-06-25T04:28:22.021192Z
2019-09-16,7.066400051116943,yahoo_query_or_equivalent_authorized_market_data_source,2026-06-25T04:28:22.021192Z
2019-09-17,7.09089994430542,yahoo_query_or_equivalent_authorized_market_data_source,2026-06-25T04:28:22.021192Z
2019-09-18,7.085000038146973,yahoo_query_or_equivalent_authorized_market_data_source,2026-06-25T04:28:22.021192Z
2019-09-19,7.095600128173828,yahoo_query_or_equivalent_authorized_market_data_source,2026-06-25T04:28:22.021192Z
2019-09-22,7.09060001373291,yahoo_query_or_equivalent_authorized_market_data_source,2026-06-25T04:28:22.021192Z
2019-09-23,7.117599964141846,yahoo_query_or_equivalent_authorized_market_data_source,2026-06-25T04:28:22.021192Z
2019-09-24,7.115499973297119,yahoo_query_or_equivalent_authorized_market_data_source,2026-06-25T04:28:22.021192Z
2019-09-25,7.130799770355225,yahoo_query_or_equivalent_authorized_market_data_source,2026-06-25T04:28:22.021192Z
2019-09-26,7.1315999031066895,yahoo_query_or_equivalent_authorized_market_data_source,2026-06-25T04:28:22.021192Z
2019-09-29,7.121799945831299,yahoo_query_or_equivalent_authorized_market_data_source,2026-06-25T04:28:22.021192Z
2019-09-30,7.147500038146973,yahoo_query_or_equivalent_authorized_market_data_source,2026-06-25T04:28:22.021192Z
2019-10-01,7.14739990234375,yahoo_query_or_equivalent_authorized_market_data_source,2026-06-25T04:28:22.021192Z
2019-10-02,7.147600173950195,yahoo_query_or_equivalent_authorized_market_data_source,2026-06-25T04:28:22.021192Z
2019-10-03,7.147500038146973,yahoo_query_or_equivalent_authorized_market_data_source,2026-06-25T04:28:22.021192Z
2019-10-06,7.14739990234375,yahoo_query_or_equivalent_authorized_market_data_source,2026-06-25T04:28:22.021192Z
2019-10-07,7.14739990234375,yahoo_query_or_equivalent_authorized_market_data_source,2026-06-25T04:28:22.021192Z
2019-10-08,7.143499851226807,yahoo_query_or_equivalent_authorized_market_data_source,2026-06-25T04:28:22.021192Z
2019-10-09,7.131400108337402,yahoo_query_or_equivalent_authorized_market_data_source,2026-06-25T04:28:22.021192Z
2019-10-10,7.115499973297119,yahoo_query_or_equivalent_authorized_market_data_source,2026-06-25T04:28:22.021192Z
2019-10-13,7.087200164794922,yahoo_query_or_equivalent_authorized_market_data_source,2026-06-25T04:28:22.021192Z
2019-10-14,7.0665998458862305,yahoo_query_or_equivalent_authorized_market_data_source,2026-06-25T04:28:22.021192Z
2019-10-15,7.0808000564575195,yahoo_query_or_equivalent_authorized_market_data_source,2026-06-25T04:28:22.021192Z
2019-10-16,7.092700004577637,yahoo_query_or_equivalent_authorized_market_data_source,2026-06-25T04:28:22.021192Z
2019-10-17,7.076399803161621,yahoo_query_or_equivalent_authorized_market_data_source,2026-06-25T04:28:22.021192Z
2019-10-20,7.080699920654297,yahoo_query_or_equivalent_authorized_market_data_source,2026-06-25T04:28:22.021192Z
2019-10-21,7.066299915313721,yahoo_query_or_equivalent_authorized_market_data_source,2026-06-25T04:28:22.021192Z
2019-10-22,7.076200008392334,yahoo_query_or_equivalent_authorized_market_data_source,2026-06-25T04:28:22.021192Z
2019-10-23,7.064599990844727,yahoo_query_or_equivalent_authorized_market_data_source,2026-06-25T04:28:22.021192Z
2019-10-24,7.0680999755859375,yahoo_query_or_equivalent_authorized_market_data_source,2026-06-25T04:28:22.021192Z
2019-10-28,7.064700126647949,yahoo_query_or_equivalent_authorized_market_data_source,2026-06-25T04:28:22.021192Z
2019-10-29,7.06689977645874,yahoo_query_or_equivalent_authorized_market_data_source,2026-06-25T04:28:22.021192Z
2019-10-30,7.064899921417236,yahoo_query_or_equivalent_authorized_market_data_source,2026-06-25T04:28:22.021192Z
2019-10-31,7.0543999671936035,yahoo_query_or_equivalent_authorized_market_data_source,2026-06-25T04:28:22.021192Z
2019-11-01,7.0381999015808105,yahoo_query_or_equivalent_authorized_market_data_source,2026-06-25T04:28:22.021192Z
2019-11-04,7.036399841308594,yahoo_query_or_equivalent_authorized_market_data_source,2026-06-25T04:28:22.021192Z
2019-11-05,7.029399871826172,yahoo_query_or_equivalent_authorized_market_data_source,2026-06-25T04:28:22.021192Z
2019-11-06,7.008800029754639,yahoo_query_or_equivalent_authorized_market_data_source,2026-06-25T04:28:22.021192Z
2019-11-07,6.997200012207031,yahoo_query_or_equivalent_authorized_market_data_source,2026-06-25T04:28:22.021192Z
2019-11-11,6.994999885559082,yahoo_query_or_equivalent_authorized_market_data_source,2026-06-25T04:28:22.021192Z
2019-11-12,7.0096001625061035,yahoo_query_or_equivalent_authorized_market_data_source,2026-06-25T04:28:22.021192Z
2019-11-13,7.006800174713135,yahoo_query_or_equivalent_authorized_market_data_source,2026-06-25T04:28:22.021192Z
2019-11-14,7.022600173950195,yahoo_query_or_equivalent_authorized_market_data_source,2026-06-25T04:28:22.021192Z
2019-11-15,7.019800186157227,yahoo_query_or_equivalent_authorized_market_data_source,2026-06-25T04:28:22.021192Z
2019-11-18,7.007299900054932,yahoo_query_or_equivalent_authorized_market_data_source,2026-06-25T04:28:22.021192Z
2019-11-19,7.025000095367432,yahoo_query_or_equivalent_authorized_market_data_source,2026-06-25T04:28:22.021192Z
2019-11-20,7.026800155639648,yahoo_query_or_equivalent_authorized_market_data_source,2026-06-25T04:28:22.021192Z
2019-11-21,7.034999847412109,yahoo_query_or_equivalent_authorized_market_data_source,2026-06-25T04:28:22.021192Z
2019-11-22,7.028200149536133,yahoo_query_or_equivalent_authorized_market_data_source,2026-06-25T04:28:22.021192Z
2019-11-25,7.038300037384033,yahoo_query_or_equivalent_authorized_market_data_source,2026-06-25T04:28:22.021192Z
2019-11-26,7.0355000495910645,yahoo_query_or_equivalent_authorized_market_data_source,2026-06-25T04:28:22.021192Z
2019-11-27,7.03249979019165,yahoo_query_or_equivalent_authorized_market_data_source,2026-06-25T04:28:22.021192Z
2019-11-28,7.027900218963623,yahoo_query_or_equivalent_authorized_market_data_source,2026-06-25T04:28:22.021192Z
2019-11-29,7.03439998626709,yahoo_query_or_equivalent_authorized_market_data_source,2026-06-25T04:28:22.021192Z
2019-12-02,7.031499862670898,yahoo_query_or_equivalent_authorized_market_data_source,2026-06-25T04:28:22.021192Z
2019-12-03,7.038300037384033,yahoo_query_or_equivalent_authorized_market_data_source,2026-06-25T04:28:22.021192Z
2019-12-04,7.060200214385986,yahoo_query_or_equivalent_authorized_market_data_source,2026-06-25T04:28:22.021192Z
2019-12-05,7.048900127410889,yahoo_query_or_equivalent_authorized_market_data_source,2026-06-25T04:28:22.021192Z
2019-12-06,7.043799877166748,yahoo_query_or_equivalent_authorized_market_data_source,2026-06-25T04:28:22.021192Z
2019-12-09,7.034299850463867,yahoo_query_or_equivalent_authorized_market_data_source,2026-06-25T04:28:22.021192Z
2019-12-10,7.0381999015808105,yahoo_query_or_equivalent_authorized_market_data_source,2026-06-25T04:28:22.021192Z
2019-12-11,7.033299922943115,yahoo_query_or_equivalent_authorized_market_data_source,2026-06-25T04:28:22.021192Z
2019-12-12,7.037799835205078,yahoo_query_or_equivalent_authorized_market_data_source,2026-06-25T04:28:22.021192Z
2019-12-13,7.019499778747559,yahoo_query_or_equivalent_authorized_market_data_source,2026-06-25T04:28:22.021192Z
2019-12-16,6.97189998626709,yahoo_query_or_equivalent_authorized_market_data_source,2026-06-25T04:28:22.021192Z
2019-12-17,6.981599807739258,yahoo_query_or_equivalent_authorized_market_data_source,2026-06-25T04:28:22.021192Z
2019-12-18,6.996200084686279,yahoo_query_or_equivalent_authorized_market_data_source,2026-06-25T04:28:22.021192Z
2019-12-19,7.004000186920166,yahoo_query_or_equivalent_authorized_market_data_source,2026-06-25T04:28:22.021192Z
2019-12-20,7.009399890899658,yahoo_query_or_equivalent_authorized_market_data_source,2026-06-25T04:28:22.021192Z
2019-12-23,7.00570011138916,yahoo_query_or_equivalent_authorized_market_data_source,2026-06-25T04:28:22.021192Z
2019-12-24,7.0117998123168945,yahoo_query_or_equivalent_authorized_market_data_source,2026-06-25T04:28:22.021192Z
2019-12-25,7.006400108337402,yahoo_query_or_equivalent_authorized_market_data_source,2026-06-25T04:28:22.021192Z
2019-12-26,6.98829984664917,yahoo_query_or_equivalent_authorized_market_data_source,2026-06-25T04:28:22.021192Z
2019-12-27,6.996300220489502,yahoo_query_or_equivalent_authorized_market_data_source,2026-06-25T04:28:22.021192Z
2019-12-30,6.994800090789795,yahoo_query_or_equivalent_authorized_market_data_source,2026-06-25T04:28:22.021192Z
2019-12-31,6.9857001304626465,yahoo_query_or_equivalent_authorized_market_data_source,2026-06-25T04:28:22.021192Z
2020-01-01,6.962299823760986,yahoo_query_or_equivalent_authorized_market_data_source,2026-06-25T04:28:22.021192Z
2020-01-02,6.962200164794922,yahoo_query_or_equivalent_authorized_market_data_source,2026-06-25T04:28:22.021192Z
2020-01-03,6.963399887084961,yahoo_query_or_equivalent_authorized_market_data_source,2026-06-25T04:28:22.021192Z
2020-01-06,6.9644999504089355,yahoo_query_or_equivalent_authorized_market_data_source,2026-06-25T04:28:22.021192Z
2020-01-07,6.9745001792907715,yahoo_query_or_equivalent_authorized_market_data_source,2026-06-25T04:28:22.021192Z
2020-01-08,6.944399833679199,yahoo_query_or_equivalent_authorized_market_data_source,2026-06-25T04:28:22.021192Z
2020-01-09,6.945199966430664,yahoo_query_or_equivalent_authorized_market_data_source,2026-06-25T04:28:22.021192Z
2020-01-10,6.951700210571289,yahoo_query_or_equivalent_authorized_market_data_source,2026-06-25T04:28:22.021192Z
2020-01-13,6.909299850463867,yahoo_query_or_equivalent_authorized_market_data_source,2026-06-25T04:28:22.021192Z
2020-01-14,6.8927001953125,yahoo_query_or_equivalent_authorized_market_data_source,2026-06-25T04:28:22.021192Z
2020-01-15,6.900300025939941,yahoo_query_or_equivalent_authorized_market_data_source,2026-06-25T04:28:22.021192Z
2020-01-16,6.889800071716309,yahoo_query_or_equivalent_authorized_market_data_source,2026-06-25T04:28:22.021192Z
2020-01-17,6.8780999183654785,yahoo_query_or_equivalent_authorized_market_data_source,2026-06-25T04:28:22.021192Z
2020-01-20,6.858699798583984,yahoo_query_or_equivalent_authorized_market_data_source,2026-06-25T04:28:22.021192Z
2020-01-21,6.865799903869629,yahoo_query_or_equivalent_authorized_market_data_source,2026-06-25T04:28:22.021192Z
2020-01-22,6.904799938201904,yahoo_query_or_equivalent_authorized_market_data_source,2026-06-25T04:28:22.021192Z
2020-01-23,6.905700206756592,yahoo_query_or_equivalent_authorized_market_data_source,2026-06-25T04:28:22.021192Z
2020-01-24,6.9355998039245605,yahoo_query_or_equivalent_authorized_market_data_source,2026-06-25T04:28:22.021192Z
2020-01-27,6.935699939727783,yahoo_query_or_equivalent_authorized_market_data_source,2026-06-25T04:28:22.021192Z
2020-01-28,6.935699939727783,yahoo_query_or_equivalent_authorized_market_data_source,2026-06-25T04:28:22.021192Z
2020-01-29,6.935699939727783,yahoo_query_or_equivalent_authorized_market_data_source,2026-06-25T04:28:22.021192Z
2020-01-30,6.935699939727783,yahoo_query_or_equivalent_authorized_market_data_source,2026-06-25T04:28:22.021192Z
2020-01-31,6.935699939727783,yahoo_query_or_equivalent_authorized_market_data_source,2026-06-25T04:28:22.021192Z
2020-02-03,6.935699939727783,yahoo_query_or_equivalent_authorized_market_data_source,2026-06-25T04:28:22.021192Z
2020-02-04,7.020599842071533,yahoo_query_or_equivalent_authorized_market_data_source,2026-06-25T04:28:22.021192Z
2020-02-05,6.997499942779541,yahoo_query_or_equivalent_authorized_market_data_source,2026-06-25T04:28:22.021192Z
2020-02-06,6.972799777984619,yahoo_query_or_equivalent_authorized_market_data_source,2026-06-25T04:28:22.021192Z
2020-02-07,6.969799995422363,yahoo_query_or_equivalent_authorized_market_data_source,2026-06-25T04:28:22.021192Z
2020-02-10,7.0005998611450195,yahoo_query_or_equivalent_authorized_market_data_source,2026-06-25T04:28:22.021192Z
2020-02-11,6.983500003814697,yahoo_query_or_equivalent_authorized_market_data_source,2026-06-25T04:28:22.021192Z
2020-02-12,6.964900016784668,yahoo_query_or_equivalent_authorized_market_data_source,2026-06-25T04:28:22.021192Z
2020-02-13,6.9710001945495605,yahoo_query_or_equivalent_authorized_market_data_source,2026-06-25T04:28:22.021192Z
2020-02-14,6.976399898529053,yahoo_query_or_equivalent_authorized_market_data_source,2026-06-25T04:28:22.021192Z
2020-02-17,6.986100196838379,yahoo_query_or_equivalent_authorized_market_data_source,2026-06-25T04:28:22.021192Z
2020-02-18,6.979300022125244,yahoo_query_or_equivalent_authorized_market_data_source,2026-06-25T04:28:22.021192Z
2020-02-19,6.996200084686279,yahoo_query_or_equivalent_authorized_market_data_source,2026-06-25T04:28:22.021192Z
2020-02-20,6.997200012207031,yahoo_query_or_equivalent_authorized_market_data_source,2026-06-25T04:28:22.021192Z
2020-02-21,7.02239990234375,yahoo_query_or_equivalent_authorized_market_data_source,2026-06-25T04:28:22.021192Z
2020-02-24,7.026199817657471,yahoo_query_or_equivalent_authorized_market_data_source,2026-06-25T04:28:22.021192Z
2020-02-25,7.02839994430542,yahoo_query_or_equivalent_authorized_market_data_source,2026-06-25T04:28:22.021192Z
2020-02-26,7.036399841308594,yahoo_query_or_equivalent_authorized_market_data_source,2026-06-25T04:28:22.021192Z
2020-02-27,7.03980016708374,yahoo_query_or_equivalent_authorized_market_data_source,2026-06-25T04:28:22.021192Z
2020-02-28,7.003499984741211,yahoo_query_or_equivalent_authorized_market_data_source,2026-06-25T04:28:22.021192Z
2020-03-02,6.990900039672852,yahoo_query_or_equivalent_authorized_market_data_source,2026-06-25T04:28:22.021192Z
2020-03-03,6.999800205230713,yahoo_query_or_equivalent_authorized_market_data_source,2026-06-25T04:28:22.021192Z
2020-03-04,6.960999965667725,yahoo_query_or_equivalent_authorized_market_data_source,2026-06-25T04:28:22.021192Z
2020-03-05,6.965400218963623,yahoo_query_or_equivalent_authorized_market_data_source,2026-06-25T04:28:22.021192Z
2020-03-06,6.935999870300293,yahoo_query_or_equivalent_authorized_market_data_source,2026-06-25T04:28:22.021192Z
2020-03-09,6.931099891662598,yahoo_query_or_equivalent_authorized_market_data_source,2026-06-25T04:28:22.021192Z
2020-03-10,6.9456000328063965,yahoo_query_or_equivalent_authorized_market_data_source,2026-06-25T04:28:22.021192Z
2020-03-11,6.955599784851074,yahoo_query_or_equivalent_authorized_market_data_source,2026-06-25T04:28:22.021192Z
2020-03-12,6.95959997177124,yahoo_query_or_equivalent_authorized_market_data_source,2026-06-25T04:28:22.021192Z
2020-03-13,7.028600215911865,yahoo_query_or_equivalent_authorized_market_data_source,2026-06-25T04:28:22.021192Z
2020-03-16,7.007199764251709,yahoo_query_or_equivalent_authorized_market_data_source,2026-06-25T04:28:22.021192Z
2020-03-17,6.992700099945068,yahoo_query_or_equivalent_authorized_market_data_source,2026-06-25T04:28:22.021192Z
2020-03-18,7.006199836730957,yahoo_query_or_equivalent_authorized_market_data_source,2026-06-25T04:28:22.021192Z
2020-03-19,7.04640007019043,yahoo_query_or_equivalent_authorized_market_data_source,2026-06-25T04:28:22.021192Z
2020-03-20,7.107699871063232,yahoo_query_or_equivalent_authorized_market_data_source,2026-06-25T04:28:22.021192Z
2020-03-23,7.094799995422363,yahoo_query_or_equivalent_authorized_market_data_source,2026-06-25T04:28:22.021192Z
2020-03-24,7.091300010681152,yahoo_query_or_equivalent_authorized_market_data_source,2026-06-25T04:28:22.021192Z
2020-03-25,7.061999797821045,yahoo_query_or_equivalent_authorized_market_data_source,2026-06-25T04:28:22.021192Z
2020-03-26,7.113500118255615,yahoo_query_or_equivalent_authorized_market_data_source,2026-06-25T04:28:22.021192Z
2020-03-27,7.0731000900268555,yahoo_query_or_equivalent_authorized_market_data_source,2026-06-25T04:28:22.021192Z
2020-03-29,7.095300197601318,yahoo_query_or_equivalent_authorized_market_data_source,2026-06-25T04:28:22.021192Z
2020-03-30,7.0991997718811035,yahoo_query_or_equivalent_authorized_market_data_source,2026-06-25T04:28:22.021192Z
2020-03-31,7.081399917602539,yahoo_query_or_equivalent_authorized_market_data_source,2026-06-25T04:28:22.021192Z
2020-04-01,7.099299907684326,yahoo_query_or_equivalent_authorized_market_data_source,2026-06-25T04:28:22.021192Z
2020-04-02,7.083199977874756,yahoo_query_or_equivalent_authorized_market_data_source,2026-06-25T04:28:22.021192Z
2020-04-05,7.091300010681152,yahoo_query_or_equivalent_authorized_market_data_source,2026-06-25T04:28:22.021192Z
2020-04-06,7.091300010681152,yahoo_query_or_equivalent_authorized_market_data_source,2026-06-25T04:28:22.021192Z
2020-04-07,7.0447998046875,yahoo_query_or_equivalent_authorized_market_data_source,2026-06-25T04:28:22.021192Z
2020-04-08,7.064899921417236,yahoo_query_or_equivalent_authorized_market_data_source,2026-06-25T04:28:22.021192Z
2020-04-09,7.042200088500977,yahoo_query_or_equivalent_authorized_market_data_source,2026-06-25T04:28:22.021192Z
2020-04-12,7.035099983215332,yahoo_query_or_equivalent_authorized_market_data_source,2026-06-25T04:28:22.021192Z
2020-04-13,7.051599979400635,yahoo_query_or_equivalent_authorized_market_data_source,2026-06-25T04:28:22.021192Z
2020-04-14,7.048299789428711,yahoo_query_or_equivalent_authorized_market_data_source,2026-06-25T04:28:22.021192Z
2020-04-15,7.066500186920166,yahoo_query_or_equivalent_authorized_market_data_source,2026-06-25T04:28:22.021192Z
2020-04-16,7.078800201416016,yahoo_query_or_equivalent_authorized_market_data_source,2026-06-25T04:28:22.021192Z
2020-04-19,7.072199821472168,yahoo_query_or_equivalent_authorized_market_data_source,2026-06-25T04:28:22.021192Z
2020-04-20,7.072400093078613,yahoo_query_or_equivalent_authorized_market_data_source,2026-06-25T04:28:22.021192Z
2020-04-21,7.070799827575684,yahoo_query_or_equivalent_authorized_market_data_source,2026-06-25T04:28:22.021192Z
2020-04-22,7.083099842071533,yahoo_query_or_equivalent_authorized_market_data_source,2026-06-25T04:28:22.021192Z
2020-04-23,7.065199851989746,yahoo_query_or_equivalent_authorized_market_data_source,2026-06-25T04:28:22.021192Z
2020-04-26,7.080900192260742,yahoo_query_or_equivalent_authorized_market_data_source,2026-06-25T04:28:22.021192Z
2020-04-27,7.085299968719482,yahoo_query_or_equivalent_authorized_market_data_source,2026-06-25T04:28:22.021192Z
2020-04-28,7.078100204467773,yahoo_query_or_equivalent_authorized_market_data_source,2026-06-25T04:28:22.021192Z
2020-04-29,7.075399875640869,yahoo_query_or_equivalent_authorized_market_data_source,2026-06-25T04:28:22.021192Z
2020-04-30,7.061299800872803,yahoo_query_or_equivalent_authorized_market_data_source,2026-06-25T04:28:22.021192Z
2020-05-03,7.061500072479248,yahoo_query_or_equivalent_authorized_market_data_source,2026-06-25T04:28:22.021192Z
2020-05-04,7.061500072479248,yahoo_query_or_equivalent_authorized_market_data_source,2026-06-25T04:28:22.021192Z
2020-05-05,7.061500072479248,yahoo_query_or_equivalent_authorized_market_data_source,2026-06-25T04:28:22.021192Z
2020-05-06,7.103600025177002,yahoo_query_or_equivalent_authorized_market_data_source,2026-06-25T04:28:22.021192Z
2020-05-07,7.083799839019775,yahoo_query_or_equivalent_authorized_market_data_source,2026-06-25T04:28:22.021192Z
2020-05-10,7.0731000900268555,yahoo_query_or_equivalent_authorized_market_data_source,2026-06-25T04:28:22.021192Z
2020-05-11,7.0980000495910645,yahoo_query_or_equivalent_authorized_market_data_source,2026-06-25T04:28:22.021192Z
2020-05-12,7.082099914550781,yahoo_query_or_equivalent_authorized_market_data_source,2026-06-25T04:28:22.021192Z
2020-05-13,7.091300010681152,yahoo_query_or_equivalent_authorized_market_data_source,2026-06-25T04:28:22.021192Z
2020-05-14,7.094699859619141,yahoo_query_or_equivalent_authorized_market_data_source,2026-06-25T04:28:22.021192Z
2020-05-17,7.101200103759766,yahoo_query_or_equivalent_authorized_market_data_source,2026-06-25T04:28:22.021192Z
2020-05-18,7.10860013961792,yahoo_query_or_equivalent_authorized_market_data_source,2026-06-25T04:28:22.021192Z
2020-05-19,7.098199844360352,yahoo_query_or_equivalent_authorized_market_data_source,2026-06-25T04:28:22.021192Z
2020-05-20,7.09250020980835,yahoo_query_or_equivalent_authorized_market_data_source,2026-06-25T04:28:22.021192Z
2020-05-21,7.114299774169922,yahoo_query_or_equivalent_authorized_market_data_source,2026-06-25T04:28:22.021192Z
2020-05-24,7.12939977645874,yahoo_query_or_equivalent_authorized_market_data_source,2026-06-25T04:28:22.021192Z
2020-05-25,7.135700225830078,yahoo_query_or_equivalent_authorized_market_data_source,2026-06-25T04:28:22.021192Z
2020-05-26,7.134099960327148,yahoo_query_or_equivalent_authorized_market_data_source,2026-06-25T04:28:22.021192Z
2020-05-27,7.1682000160217285,yahoo_query_or_equivalent_authorized_market_data_source,2026-06-25T04:28:22.021192Z
2020-05-28,7.145199775695801,yahoo_query_or_equivalent_authorized_market_data_source,2026-06-25T04:28:22.021192Z
2020-05-31,7.136300086975098,yahoo_query_or_equivalent_authorized_market_data_source,2026-06-25T04:28:22.021192Z
2020-06-01,7.126699924468994,yahoo_query_or_equivalent_authorized_market_data_source,2026-06-25T04:28:22.021192Z
2020-06-02,7.099899768829346,yahoo_query_or_equivalent_authorized_market_data_source,2026-06-25T04:28:22.021192Z
2020-06-03,7.114699840545654,yahoo_query_or_equivalent_authorized_market_data_source,2026-06-25T04:28:22.021192Z
2020-06-04,7.1092000007629395,yahoo_query_or_equivalent_authorized_market_data_source,2026-06-25T04:28:22.021192Z
2020-06-07,7.080999851226807,yahoo_query_or_equivalent_authorized_market_data_source,2026-06-25T04:28:22.021192Z
2020-06-08,7.070300102233887,yahoo_query_or_equivalent_authorized_market_data_source,2026-06-25T04:28:22.021192Z
2020-06-09,7.076300144195557,yahoo_query_or_equivalent_authorized_market_data_source,2026-06-25T04:28:22.021192Z
2020-06-10,7.059999942779541,yahoo_query_or_equivalent_authorized_market_data_source,2026-06-25T04:28:22.021192Z
2020-06-11,7.0640997886657715,yahoo_query_or_equivalent_authorized_market_data_source,2026-06-25T04:28:22.021192Z
2020-06-14,7.082399845123291,yahoo_query_or_equivalent_authorized_market_data_source,2026-06-25T04:28:22.021192Z
2020-06-15,7.090799808502197,yahoo_query_or_equivalent_authorized_market_data_source,2026-06-25T04:28:22.021192Z
2020-06-16,7.085999965667725,yahoo_query_or_equivalent_authorized_market_data_source,2026-06-25T04:28:22.021192Z
2020-06-17,7.084499835968018,yahoo_query_or_equivalent_authorized_market_data_source,2026-06-25T04:28:22.021192Z
2020-06-18,7.088399887084961,yahoo_query_or_equivalent_authorized_market_data_source,2026-06-25T04:28:22.021192Z
2020-06-21,7.071300029754639,yahoo_query_or_equivalent_authorized_market_data_source,2026-06-25T04:28:22.021192Z
2020-06-22,7.067399978637695,yahoo_query_or_equivalent_authorized_market_data_source,2026-06-25T04:28:22.021192Z
2020-06-23,7.057400226593018,yahoo_query_or_equivalent_authorized_market_data_source,2026-06-25T04:28:22.021192Z
2020-06-24,7.077199935913086,yahoo_query_or_equivalent_authorized_market_data_source,2026-06-25T04:28:22.021192Z
2020-06-25,7.077199935913086,yahoo_query_or_equivalent_authorized_market_data_source,2026-06-25T04:28:22.021192Z
2020-06-28,7.077199935913086,yahoo_query_or_equivalent_authorized_market_data_source,2026-06-25T04:28:22.021192Z
2020-06-29,7.079599857330322,yahoo_query_or_equivalent_authorized_market_data_source,2026-06-25T04:28:22.021192Z
2020-06-30,7.0644001960754395,yahoo_query_or_equivalent_authorized_market_data_source,2026-06-25T04:28:22.021192Z
2020-07-01,7.070099830627441,yahoo_query_or_equivalent_authorized_market_data_source,2026-06-25T04:28:22.021192Z
2020-07-02,7.065499782562256,yahoo_query_or_equivalent_authorized_market_data_source,2026-06-25T04:28:22.021192Z
2020-07-05,7.065400123596191,yahoo_query_or_equivalent_authorized_market_data_source,2026-06-25T04:28:22.021192Z
2020-07-06,7.017300128936768,yahoo_query_or_equivalent_authorized_market_data_source,2026-06-25T04:28:22.021192Z
2020-07-07,7.012899875640869,yahoo_query_or_equivalent_authorized_market_data_source,2026-06-25T04:28:22.021192Z
2020-07-08,7.003499984741211,yahoo_query_or_equivalent_authorized_market_data_source,2026-06-25T04:28:22.021192Z
2020-07-09,6.993100166320801,yahoo_query_or_equivalent_authorized_market_data_source,2026-06-25T04:28:22.021192Z
2020-07-12,6.992000102996826,yahoo_query_or_equivalent_authorized_market_data_source,2026-06-25T04:28:22.021192Z
2020-07-13,6.996399879455566,yahoo_query_or_equivalent_authorized_market_data_source,2026-06-25T04:28:22.021192Z
2020-07-14,6.995800018310547,yahoo_query_or_equivalent_authorized_market_data_source,2026-06-25T04:28:22.021192Z
2020-07-15,6.987800121307373,yahoo_query_or_equivalent_authorized_market_data_source,2026-06-25T04:28:22.021192Z
2020-07-16,6.9882001876831055,yahoo_query_or_equivalent_authorized_market_data_source,2026-06-25T04:28:22.021192Z
2020-07-19,6.991199970245361,yahoo_query_or_equivalent_authorized_market_data_source,2026-06-25T04:28:22.021192Z
2020-07-20,6.9822998046875,yahoo_query_or_equivalent_authorized_market_data_source,2026-06-25T04:28:22.021192Z
2020-07-21,6.979700088500977,yahoo_query_or_equivalent_authorized_market_data_source,2026-06-25T04:28:22.021192Z
2020-07-22,6.998700141906738,yahoo_query_or_equivalent_authorized_market_data_source,2026-06-25T04:28:22.021192Z
2020-07-23,7.0030999183654785,yahoo_query_or_equivalent_authorized_market_data_source,2026-06-25T04:28:22.021192Z
2020-07-26,7.01609992980957,yahoo_query_or_equivalent_authorized_market_data_source,2026-06-25T04:28:22.021192Z
2020-07-27,6.993199825286865,yahoo_query_or_equivalent_authorized_market_data_source,2026-06-25T04:28:22.021192Z
2020-07-28,6.99970006942749,yahoo_query_or_equivalent_authorized_market_data_source,2026-06-25T04:28:22.021192Z
2020-07-29,7.00029993057251,yahoo_query_or_equivalent_authorized_market_data_source,2026-06-25T04:28:22.021192Z
2020-07-30,7.007299900054932,yahoo_query_or_equivalent_authorized_market_data_source,2026-06-25T04:28:22.021192Z
2020-08-02,6.9741997718811035,yahoo_query_or_equivalent_authorized_market_data_source,2026-06-25T04:28:22.021192Z
2020-08-03,6.979400157928467,yahoo_query_or_equivalent_authorized_market_data_source,2026-06-25T04:28:22.021192Z
2020-08-04,6.972700119018555,yahoo_query_or_equivalent_authorized_market_data_source,2026-06-25T04:28:22.021192Z
2020-08-05,6.934599876403809,yahoo_query_or_equivalent_authorized_market_data_source,2026-06-25T04:28:22.021192Z
2020-08-06,6.952400207519531,yahoo_query_or_equivalent_authorized_market_data_source,2026-06-25T04:28:22.021192Z
2020-08-09,6.9670000076293945,yahoo_query_or_equivalent_authorized_market_data_source,2026-06-25T04:28:22.021192Z
2020-08-10,6.9608001708984375,yahoo_query_or_equivalent_authorized_market_data_source,2026-06-25T04:28:22.021192Z
2020-08-11,6.945300102233887,yahoo_query_or_equivalent_authorized_market_data_source,2026-06-25T04:28:22.021192Z
2020-08-12,6.936200141906738,yahoo_query_or_equivalent_authorized_market_data_source,2026-06-25T04:28:22.021192Z
2020-08-13,6.943600177764893,yahoo_query_or_equivalent_authorized_market_data_source,2026-06-25T04:28:22.021192Z
2020-08-16,6.949399948120117,yahoo_query_or_equivalent_authorized_market_data_source,2026-06-25T04:28:22.021192Z
2020-08-17,6.93179988861084,yahoo_query_or_equivalent_authorized_market_data_source,2026-06-25T04:28:22.021192Z
2020-08-18,6.92080020904541,yahoo_query_or_equivalent_authorized_market_data_source,2026-06-25T04:28:22.021192Z
2020-08-19,6.9191999435424805,yahoo_query_or_equivalent_authorized_market_data_source,2026-06-25T04:28:22.021192Z
2020-08-20,6.91480016708374,yahoo_query_or_equivalent_authorized_market_data_source,2026-06-25T04:28:22.021192Z
2020-08-23,6.918499946594238,yahoo_query_or_equivalent_authorized_market_data_source,2026-06-25T04:28:22.021192Z
2020-08-24,6.918900012969971,yahoo_query_or_equivalent_authorized_market_data_source,2026-06-25T04:28:22.021192Z
2020-08-25,6.911900043487549,yahoo_query_or_equivalent_authorized_market_data_source,2026-06-25T04:28:22.021192Z
2020-08-26,6.884900093078613,yahoo_query_or_equivalent_authorized_market_data_source,2026-06-25T04:28:22.021192Z
2020-08-27,6.889200210571289,yahoo_query_or_equivalent_authorized_market_data_source,2026-06-25T04:28:22.021192Z
2020-08-30,6.8643999099731445,yahoo_query_or_equivalent_authorized_market_data_source,2026-06-25T04:28:22.021192Z
2020-08-31,6.847700119018555,yahoo_query_or_equivalent_authorized_market_data_source,2026-06-25T04:28:22.021192Z
2020-09-01,6.827499866485596,yahoo_query_or_equivalent_authorized_market_data_source,2026-06-25T04:28:22.021192Z
2020-09-02,6.837299823760986,yahoo_query_or_equivalent_authorized_market_data_source,2026-06-25T04:28:22.021192Z
2020-09-03,6.845799922943115,yahoo_query_or_equivalent_authorized_market_data_source,2026-06-25T04:28:22.021192Z
2020-09-06,6.8414998054504395,yahoo_query_or_equivalent_authorized_market_data_source,2026-06-25T04:28:22.021192Z
2020-09-07,6.829500198364258,yahoo_query_or_equivalent_authorized_market_data_source,2026-06-25T04:28:22.021192Z
2020-09-08,6.845099925994873,yahoo_query_or_equivalent_authorized_market_data_source,2026-06-25T04:28:22.021192Z
2020-09-09,6.8317999839782715,yahoo_query_or_equivalent_authorized_market_data_source,2026-06-25T04:28:22.021192Z
2020-09-10,6.8333001136779785,yahoo_query_or_equivalent_authorized_market_data_source,2026-06-25T04:28:22.021192Z
2020-09-13,6.833399772644043,yahoo_query_or_equivalent_authorized_market_data_source,2026-06-25T04:28:22.021192Z
2020-09-14,6.809100151062012,yahoo_query_or_equivalent_authorized_market_data_source,2026-06-25T04:28:22.021192Z
2020-09-15,6.780300140380859,yahoo_query_or_equivalent_authorized_market_data_source,2026-06-25T04:28:22.021192Z
2020-09-16,6.753699779510498,yahoo_query_or_equivalent_authorized_market_data_source,2026-06-25T04:28:22.021192Z
2020-09-17,6.764100074768066,yahoo_query_or_equivalent_authorized_market_data_source,2026-06-25T04:28:22.021192Z
2020-09-20,6.76800012588501,yahoo_query_or_equivalent_authorized_market_data_source,2026-06-25T04:28:22.021192Z
2020-09-21,6.803699970245361,yahoo_query_or_equivalent_authorized_market_data_source,2026-06-25T04:28:22.021192Z
2020-09-22,6.77839994430542,yahoo_query_or_equivalent_authorized_market_data_source,2026-06-25T04:28:22.021192Z
2020-09-23,6.808899879455566,yahoo_query_or_equivalent_authorized_market_data_source,2026-06-25T04:28:22.021192Z
2020-09-24,6.827700138092041,yahoo_query_or_equivalent_authorized_market_data_source,2026-06-25T04:28:22.021192Z
2020-09-27,6.822800159454346,yahoo_query_or_equivalent_authorized_market_data_source,2026-06-25T04:28:22.021192Z
2020-09-28,6.810800075531006,yahoo_query_or_equivalent_authorized_market_data_source,2026-06-25T04:28:22.021192Z
2020-09-29,6.815400123596191,yahoo_query_or_equivalent_authorized_market_data_source,2026-06-25T04:28:22.021192Z
2020-09-30,6.789700031280518,yahoo_query_or_equivalent_authorized_market_data_source,2026-06-25T04:28:22.021192Z
2020-10-01,6.789400100708008,yahoo_query_or_equivalent_authorized_market_data_source,2026-06-25T04:28:22.021192Z
2020-10-04,6.78980016708374,yahoo_query_or_equivalent_authorized_market_data_source,2026-06-25T04:28:22.021192Z
2020-10-05,6.78980016708374,yahoo_query_or_equivalent_authorized_market_data_source,2026-06-25T04:28:22.021192Z
2020-10-06,6.78980016708374,yahoo_query_or_equivalent_authorized_market_data_source,2026-06-25T04:28:22.021192Z
2020-10-07,6.789700031280518,yahoo_query_or_equivalent_authorized_market_data_source,2026-06-25T04:28:22.021192Z
2020-10-08,6.7891998291015625,yahoo_query_or_equivalent_authorized_market_data_source,2026-06-25T04:28:22.021192Z
2020-10-11,6.693699836730957,yahoo_query_or_equivalent_authorized_market_data_source,2026-06-25T04:28:22.021192Z
2020-10-12,6.7444000244140625,yahoo_query_or_equivalent_authorized_market_data_source,2026-06-25T04:28:22.021192Z
2020-10-13,6.745500087738037,yahoo_query_or_equivalent_authorized_market_data_source,2026-06-25T04:28:22.021192Z
2020-10-14,6.713600158691406,yahoo_query_or_equivalent_authorized_market_data_source,2026-06-25T04:28:22.021192Z
2020-10-15,6.723899841308594,yahoo_query_or_equivalent_authorized_market_data_source,2026-06-25T04:28:22.021192Z
2020-10-18,6.696599960327148,yahoo_query_or_equivalent_authorized_market_data_source,2026-06-25T04:28:22.021192Z
2020-10-19,6.680699825286865,yahoo_query_or_equivalent_authorized_market_data_source,2026-06-25T04:28:22.021192Z
2020-10-20,6.67519998550415,yahoo_query_or_equivalent_authorized_market_data_source,2026-06-25T04:28:22.021192Z
2020-10-21,6.650000095367432,yahoo_query_or_equivalent_authorized_market_data_source,2026-06-25T04:28:22.021192Z
2020-10-22,6.683499813079834,yahoo_query_or_equivalent_authorized_market_data_source,2026-06-25T04:28:22.021192Z
2020-10-26,6.685699939727783,yahoo_query_or_equivalent_authorized_market_data_source,2026-06-25T04:28:22.021192Z
2020-10-27,6.711299896240234,yahoo_query_or_equivalent_authorized_market_data_source,2026-06-25T04:28:22.021192Z
2020-10-28,6.704400062561035,yahoo_query_or_equivalent_authorized_market_data_source,2026-06-25T04:28:22.021192Z
2020-10-29,6.72790002822876,yahoo_query_or_equivalent_authorized_market_data_source,2026-06-25T04:28:22.021192Z
2020-10-30,6.714000225067139,yahoo_query_or_equivalent_authorized_market_data_source,2026-06-25T04:28:22.021192Z
2020-11-02,6.6890997886657715,yahoo_query_or_equivalent_authorized_market_data_source,2026-06-25T04:28:22.021192Z
2020-11-03,6.689700126647949,yahoo_query_or_equivalent_authorized_market_data_source,2026-06-25T04:28:22.021192Z
2020-11-04,6.676599979400635,yahoo_query_or_equivalent_authorized_market_data_source,2026-06-25T04:28:22.021192Z
2020-11-05,6.6519999504089355,yahoo_query_or_equivalent_authorized_market_data_source,2026-06-25T04:28:22.021192Z
2020-11-06,6.605199813842773,yahoo_query_or_equivalent_authorized_market_data_source,2026-06-25T04:28:22.021192Z
2020-11-09,6.610400199890137,yahoo_query_or_equivalent_authorized_market_data_source,2026-06-25T04:28:22.021192Z
2020-11-10,6.6280999183654785,yahoo_query_or_equivalent_authorized_market_data_source,2026-06-25T04:28:22.021192Z
2020-11-11,6.614799976348877,yahoo_query_or_equivalent_authorized_market_data_source,2026-06-25T04:28:22.021192Z
2020-11-12,6.630799770355225,yahoo_query_or_equivalent_authorized_market_data_source,2026-06-25T04:28:22.021192Z
2020-11-13,6.610599994659424,yahoo_query_or_equivalent_authorized_market_data_source,2026-06-25T04:28:22.021192Z
2020-11-16,6.605400085449219,yahoo_query_or_equivalent_authorized_market_data_source,2026-06-25T04:28:22.021192Z
2020-11-17,6.583799839019775,yahoo_query_or_equivalent_authorized_market_data_source,2026-06-25T04:28:22.021192Z
2020-11-18,6.555099964141846,yahoo_query_or_equivalent_authorized_market_data_source,2026-06-25T04:28:22.021192Z
2020-11-19,6.559500217437744,yahoo_query_or_equivalent_authorized_market_data_source,2026-06-25T04:28:22.021192Z
2020-11-20,6.582399845123291,yahoo_query_or_equivalent_authorized_market_data_source,2026-06-25T04:28:22.021192Z
2020-11-23,6.5619001388549805,yahoo_query_or_equivalent_authorized_market_data_source,2026-06-25T04:28:22.021192Z
2020-11-24,6.584499835968018,yahoo_query_or_equivalent_authorized_market_data_source,2026-06-25T04:28:22.021192Z
2020-11-25,6.590199947357178,yahoo_query_or_equivalent_authorized_market_data_source,2026-06-25T04:28:22.021192Z
2020-11-26,6.577499866485596,yahoo_query_or_equivalent_authorized_market_data_source,2026-06-25T04:28:22.021192Z
2020-11-27,6.57450008392334,yahoo_query_or_equivalent_authorized_market_data_source,2026-06-25T04:28:22.021192Z
2020-11-30,6.576000213623047,yahoo_query_or_equivalent_authorized_market_data_source,2026-06-25T04:28:22.021192Z
2020-12-01,6.5777997970581055,yahoo_query_or_equivalent_authorized_market_data_source,2026-06-25T04:28:22.021192Z
2020-12-02,6.570799827575684,yahoo_query_or_equivalent_authorized_market_data_source,2026-06-25T04:28:22.021192Z
2020-12-03,6.562399864196777,yahoo_query_or_equivalent_authorized_market_data_source,2026-06-25T04:28:22.021192Z
2020-12-04,6.541399955749512,yahoo_query_or_equivalent_authorized_market_data_source,2026-06-25T04:28:22.021192Z
2020-12-07,6.530600070953369,yahoo_query_or_equivalent_authorized_market_data_source,2026-06-25T04:28:22.021192Z
2020-12-08,6.52869987487793,yahoo_query_or_equivalent_authorized_market_data_source,2026-06-25T04:28:22.021192Z
2020-12-09,6.531700134277344,yahoo_query_or_equivalent_authorized_market_data_source,2026-06-25T04:28:22.021192Z
2020-12-10,6.542200088500977,yahoo_query_or_equivalent_authorized_market_data_source,2026-06-25T04:28:22.021192Z
2020-12-11,6.544400215148926,yahoo_query_or_equivalent_authorized_market_data_source,2026-06-25T04:28:22.021192Z
2020-12-14,6.5457000732421875,yahoo_query_or_equivalent_authorized_market_data_source,2026-06-25T04:28:22.021192Z
2020-12-15,6.549699783325195,yahoo_query_or_equivalent_authorized_market_data_source,2026-06-25T04:28:22.021192Z
2020-12-16,6.538300037384033,yahoo_query_or_equivalent_authorized_market_data_source,2026-06-25T04:28:22.021192Z
2020-12-17,6.531300067901611,yahoo_query_or_equivalent_authorized_market_data_source,2026-06-25T04:28:22.021192Z
2020-12-18,6.532100200653076,yahoo_query_or_equivalent_authorized_market_data_source,2026-06-25T04:28:22.021192Z
2020-12-21,6.535999774932861,yahoo_query_or_equivalent_authorized_market_data_source,2026-06-25T04:28:22.021192Z
2020-12-22,6.5482001304626465,yahoo_query_or_equivalent_authorized_market_data_source,2026-06-25T04:28:22.021192Z
2020-12-23,6.542200088500977,yahoo_query_or_equivalent_authorized_market_data_source,2026-06-25T04:28:22.021192Z
2020-12-24,6.539599895477295,yahoo_query_or_equivalent_authorized_market_data_source,2026-06-25T04:28:22.021192Z
2020-12-25,6.5289998054504395,yahoo_query_or_equivalent_authorized_market_data_source,2026-06-25T04:28:22.021192Z
2020-12-28,6.540800094604492,yahoo_query_or_equivalent_authorized_market_data_source,2026-06-25T04:28:22.021192Z
2020-12-29,6.535600185394287,yahoo_query_or_equivalent_authorized_market_data_source,2026-06-25T04:28:22.021192Z
2020-12-30,6.53000020980835,yahoo_query_or_equivalent_authorized_market_data_source,2026-06-25T04:28:22.021192Z
2020-12-31,6.522200107574463,yahoo_query_or_equivalent_authorized_market_data_source,2026-06-25T04:28:22.021192Z
2021-01-01,6.531700134277344,yahoo_query_or_equivalent_authorized_market_data_source,2026-06-25T04:28:22.021192Z
2021-01-04,6.5320000648498535,yahoo_query_or_equivalent_authorized_market_data_source,2026-06-25T04:28:22.021192Z
2021-01-05,6.4604997634887695,yahoo_query_or_equivalent_authorized_market_data_source,2026-06-25T04:28:22.021192Z
2021-01-06,6.4552001953125,yahoo_query_or_equivalent_authorized_market_data_source,2026-06-25T04:28:22.021192Z
2021-01-07,6.460700035095215,yahoo_query_or_equivalent_authorized_market_data_source,2026-06-25T04:28:22.021192Z
2021-01-08,6.477200031280518,yahoo_query_or_equivalent_authorized_market_data_source,2026-06-25T04:28:22.021192Z
2021-01-11,6.474299907684326,yahoo_query_or_equivalent_authorized_market_data_source,2026-06-25T04:28:22.021192Z
2021-01-12,6.479700088500977,yahoo_query_or_equivalent_authorized_market_data_source,2026-06-25T04:28:22.021192Z
2021-01-13,6.462900161743164,yahoo_query_or_equivalent_authorized_market_data_source,2026-06-25T04:28:22.021192Z
2021-01-14,6.4670000076293945,yahoo_query_or_equivalent_authorized_market_data_source,2026-06-25T04:28:22.021192Z
2021-01-15,6.473100185394287,yahoo_query_or_equivalent_authorized_market_data_source,2026-06-25T04:28:22.021192Z
2021-01-18,6.479700088500977,yahoo_query_or_equivalent_authorized_market_data_source,2026-06-25T04:28:22.021192Z
2021-01-19,6.491399765014648,yahoo_query_or_equivalent_authorized_market_data_source,2026-06-25T04:28:22.021192Z
2021-01-20,6.47790002822876,yahoo_query_or_equivalent_authorized_market_data_source,2026-06-25T04:28:22.021192Z
2021-01-21,6.465400218963623,yahoo_query_or_equivalent_authorized_market_data_source,2026-06-25T04:28:22.021192Z
2021-01-22,6.461400032043457,yahoo_query_or_equivalent_authorized_market_data_source,2026-06-25T04:28:22.021192Z
2021-01-25,6.480800151824951,yahoo_query_or_equivalent_authorized_market_data_source,2026-06-25T04:28:22.021192Z
2021-01-26,6.478700160980225,yahoo_query_or_equivalent_authorized_market_data_source,2026-06-25T04:28:22.021192Z
2021-01-27,6.463699817657471,yahoo_query_or_equivalent_authorized_market_data_source,2026-06-25T04:28:22.021192Z
2021-01-28,6.482100009918213,yahoo_query_or_equivalent_authorized_market_data_source,2026-06-25T04:28:22.021192Z
2021-01-29,6.448400020599365,yahoo_query_or_equivalent_authorized_market_data_source,2026-06-25T04:28:22.021192Z
2021-02-01,6.426799774169922,yahoo_query_or_equivalent_authorized_market_data_source,2026-06-25T04:28:22.021192Z
2021-02-02,6.46750020980835,yahoo_query_or_equivalent_authorized_market_data_source,2026-06-25T04:28:22.021192Z
2021-02-03,6.456399917602539,yahoo_query_or_equivalent_authorized_market_data_source,2026-06-25T04:28:22.021192Z
2021-02-04,6.459199905395508,yahoo_query_or_equivalent_authorized_market_data_source,2026-06-25T04:28:22.021192Z
2021-02-05,6.470699787139893,yahoo_query_or_equivalent_authorized_market_data_source,2026-06-25T04:28:22.021192Z
2021-02-08,6.465700149536133,yahoo_query_or_equivalent_authorized_market_data_source,2026-06-25T04:28:22.021192Z
2021-02-09,6.447999954223633,yahoo_query_or_equivalent_authorized_market_data_source,2026-06-25T04:28:22.021192Z
2021-02-10,6.434199810028076,yahoo_query_or_equivalent_authorized_market_data_source,2026-06-25T04:28:22.021192Z
2021-02-11,6.457200050354004,yahoo_query_or_equivalent_authorized_market_data_source,2026-06-25T04:28:22.021192Z
2021-02-12,6.456900119781494,yahoo_query_or_equivalent_authorized_market_data_source,2026-06-25T04:28:22.021192Z
2021-02-15,6.457200050354004,yahoo_query_or_equivalent_authorized_market_data_source,2026-06-25T04:28:22.021192Z
2021-02-16,6.457200050354004,yahoo_query_or_equivalent_authorized_market_data_source,2026-06-25T04:28:22.021192Z
2021-02-17,6.457099914550781,yahoo_query_or_equivalent_authorized_market_data_source,2026-06-25T04:28:22.021192Z
2021-02-18,6.457600116729736,yahoo_query_or_equivalent_authorized_market_data_source,2026-06-25T04:28:22.021192Z
2021-02-19,6.487199783325195,yahoo_query_or_equivalent_authorized_market_data_source,2026-06-25T04:28:22.021192Z
2021-02-22,6.485799789428711,yahoo_query_or_equivalent_authorized_market_data_source,2026-06-25T04:28:22.021192Z
2021-02-23,6.463099956512451,yahoo_query_or_equivalent_authorized_market_data_source,2026-06-25T04:28:22.021192Z
2021-02-24,6.4629998207092285,yahoo_query_or_equivalent_authorized_market_data_source,2026-06-25T04:28:22.021192Z
2021-02-25,6.455999851226807,yahoo_query_or_equivalent_authorized_market_data_source,2026-06-25T04:28:22.021192Z
2021-02-26,6.453800201416016,yahoo_query_or_equivalent_authorized_market_data_source,2026-06-25T04:28:22.021192Z
2021-03-01,6.47790002822876,yahoo_query_or_equivalent_authorized_market_data_source,2026-06-25T04:28:22.021192Z
2021-03-02,6.463200092315674,yahoo_query_or_equivalent_authorized_market_data_source,2026-06-25T04:28:22.021192Z
2021-03-03,6.4695000648498535,yahoo_query_or_equivalent_authorized_market_data_source,2026-06-25T04:28:22.021192Z
2021-03-04,6.466800212860107,yahoo_query_or_equivalent_authorized_market_data_source,2026-06-25T04:28:22.021192Z
2021-03-05,6.468999862670898,yahoo_query_or_equivalent_authorized_market_data_source,2026-06-25T04:28:22.021192Z
2021-03-08,6.495699882507324,yahoo_query_or_equivalent_authorized_market_data_source,2026-06-25T04:28:22.021192Z
2021-03-09,6.524600028991699,yahoo_query_or_equivalent_authorized_market_data_source,2026-06-25T04:28:22.021192Z
2021-03-10,6.5055999755859375,yahoo_query_or_equivalent_authorized_market_data_source,2026-06-25T04:28:22.021192Z
2021-03-11,6.504899978637695,yahoo_query_or_equivalent_authorized_market_data_source,2026-06-25T04:28:22.021192Z
2021-03-12,6.493000030517578,yahoo_query_or_equivalent_authorized_market_data_source,2026-06-25T04:28:22.021192Z
2021-03-15,6.498499870300293,yahoo_query_or_equivalent_authorized_market_data_source,2026-06-25T04:28:22.021192Z
2021-03-16,6.498899936676025,yahoo_query_or_equivalent_authorized_market_data_source,2026-06-25T04:28:22.021192Z
2021-03-17,6.505000114440918,yahoo_query_or_equivalent_authorized_market_data_source,2026-06-25T04:28:22.021192Z
2021-03-18,6.502600193023682,yahoo_query_or_equivalent_authorized_market_data_source,2026-06-25T04:28:22.021192Z
2021-03-19,6.504799842834473,yahoo_query_or_equivalent_authorized_market_data_source,2026-06-25T04:28:22.021192Z
2021-03-22,6.499000072479248,yahoo_query_or_equivalent_authorized_market_data_source,2026-06-25T04:28:22.021192Z
2021-03-23,6.50629997253418,yahoo_query_or_equivalent_authorized_market_data_source,2026-06-25T04:28:22.021192Z
2021-03-24,6.514900207519531,yahoo_query_or_equivalent_authorized_market_data_source,2026-06-25T04:28:22.021192Z
2021-03-25,6.514599800109863,yahoo_query_or_equivalent_authorized_market_data_source,2026-06-25T04:28:22.021192Z
2021-03-26,6.5447998046875,yahoo_query_or_equivalent_authorized_market_data_source,2026-06-25T04:28:22.021192Z
2021-03-28,6.540500164031982,yahoo_query_or_equivalent_authorized_market_data_source,2026-06-25T04:28:22.021192Z
2021-03-29,6.568699836730957,yahoo_query_or_equivalent_authorized_market_data_source,2026-06-25T04:28:22.021192Z
2021-03-30,6.571000099182129,yahoo_query_or_equivalent_authorized_market_data_source,2026-06-25T04:28:22.021192Z
2021-03-31,6.551199913024902,yahoo_query_or_equivalent_authorized_market_data_source,2026-06-25T04:28:22.021192Z
2021-04-01,6.5644001960754395,yahoo_query_or_equivalent_authorized_market_data_source,2026-06-25T04:28:22.021192Z
2021-04-04,6.566500186920166,yahoo_query_or_equivalent_authorized_market_data_source,2026-06-25T04:28:22.021192Z
2021-04-05,6.565899848937988,yahoo_query_or_equivalent_authorized_market_data_source,2026-06-25T04:28:22.021192Z
2021-04-06,6.53849983215332,yahoo_query_or_equivalent_authorized_market_data_source,2026-06-25T04:28:22.021192Z
2021-04-07,6.540999889373779,yahoo_query_or_equivalent_authorized_market_data_source,2026-06-25T04:28:22.021192Z
2021-04-08,6.550000190734863,yahoo_query_or_equivalent_authorized_market_data_source,2026-06-25T04:28:22.021192Z
2021-04-11,6.552000045776367,yahoo_query_or_equivalent_authorized_market_data_source,2026-06-25T04:28:22.021192Z
2021-04-12,6.547900199890137,yahoo_query_or_equivalent_authorized_market_data_source,2026-06-25T04:28:22.021192Z
2021-04-13,6.542600154876709,yahoo_query_or_equivalent_authorized_market_data_source,2026-06-25T04:28:22.021192Z
2021-04-14,6.52810001373291,yahoo_query_or_equivalent_authorized_market_data_source,2026-06-25T04:28:22.021192Z
2021-04-15,6.521299839019775,yahoo_query_or_equivalent_authorized_market_data_source,2026-06-25T04:28:22.021192Z
2021-04-18,6.511099815368652,yahoo_query_or_equivalent_authorized_market_data_source,2026-06-25T04:28:22.021192Z
2021-04-19,6.509300231933594,yahoo_query_or_equivalent_authorized_market_data_source,2026-06-25T04:28:22.021192Z
2021-04-20,6.498499870300293,yahoo_query_or_equivalent_authorized_market_data_source,2026-06-25T04:28:22.021192Z
2021-04-21,6.489999771118164,yahoo_query_or_equivalent_authorized_market_data_source,2026-06-25T04:28:22.021192Z
2021-04-22,6.490300178527832,yahoo_query_or_equivalent_authorized_market_data_source,2026-06-25T04:28:22.021192Z
2021-04-25,6.4944000244140625,yahoo_query_or_equivalent_authorized_market_data_source,2026-06-25T04:28:22.021192Z
2021-04-26,6.484499931335449,yahoo_query_or_equivalent_authorized_market_data_source,2026-06-25T04:28:22.021192Z
2021-04-27,6.482100009918213,yahoo_query_or_equivalent_authorized_market_data_source,2026-06-25T04:28:22.021192Z
2021-04-28,6.47790002822876,yahoo_query_or_equivalent_authorized_market_data_source,2026-06-25T04:28:22.021192Z
2021-04-29,6.471199989318848,yahoo_query_or_equivalent_authorized_market_data_source,2026-06-25T04:28:22.021192Z
2021-05-02,6.473499774932861,yahoo_query_or_equivalent_authorized_market_data_source,2026-06-25T04:28:22.021192Z
2021-05-03,6.472799777984619,yahoo_query_or_equivalent_authorized_market_data_source,2026-06-25T04:28:22.021192Z
2021-05-04,6.472799777984619,yahoo_query_or_equivalent_authorized_market_data_source,2026-06-25T04:28:22.021192Z
2021-05-05,6.4730000495910645,yahoo_query_or_equivalent_authorized_market_data_source,2026-06-25T04:28:22.021192Z
2021-05-06,6.463200092315674,yahoo_query_or_equivalent_authorized_market_data_source,2026-06-25T04:28:22.021192Z
2021-05-09,6.43149995803833,yahoo_query_or_equivalent_authorized_market_data_source,2026-06-25T04:28:22.021192Z
2021-05-10,6.41510009765625,yahoo_query_or_equivalent_authorized_market_data_source,2026-06-25T04:28:22.021192Z
2021-05-11,6.428299903869629,yahoo_query_or_equivalent_authorized_market_data_source,2026-06-25T04:28:22.021192Z
2021-05-12,6.4552001953125,yahoo_query_or_equivalent_authorized_market_data_source,2026-06-25T04:28:22.021192Z
2021-05-13,6.450900077819824,yahoo_query_or_equivalent_authorized_market_data_source,2026-06-25T04:28:22.021192Z
2021-05-16,6.436100006103516,yahoo_query_or_equivalent_authorized_market_data_source,2026-06-25T04:28:22.021192Z
2021-05-17,6.438199996948242,yahoo_query_or_equivalent_authorized_market_data_source,2026-06-25T04:28:22.021192Z
2021-05-18,6.424200057983398,yahoo_query_or_equivalent_authorized_market_data_source,2026-06-25T04:28:22.021192Z
2021-05-19,6.434000015258789,yahoo_query_or_equivalent_authorized_market_data_source,2026-06-25T04:28:22.021192Z
2021-05-20,6.433899879455566,yahoo_query_or_equivalent_authorized_market_data_source,2026-06-25T04:28:22.021192Z
2021-05-23,6.433199882507324,yahoo_query_or_equivalent_authorized_market_data_source,2026-06-25T04:28:22.021192Z
2021-05-24,6.418300151824951,yahoo_query_or_equivalent_authorized_market_data_source,2026-06-25T04:28:22.021192Z
2021-05-25,6.409999847412109,yahoo_query_or_equivalent_authorized_market_data_source,2026-06-25T04:28:22.021192Z
2021-05-26,6.390699863433838,yahoo_query_or_equivalent_authorized_market_data_source,2026-06-25T04:28:22.021192Z
2021-05-27,6.381999969482422,yahoo_query_or_equivalent_authorized_market_data_source,2026-06-25T04:28:22.021192Z
2021-05-30,6.367400169372559,yahoo_query_or_equivalent_authorized_market_data_source,2026-06-25T04:28:22.021192Z
2021-05-31,6.36899995803833,yahoo_query_or_equivalent_authorized_market_data_source,2026-06-25T04:28:22.021192Z
2021-06-01,6.38070011138916,yahoo_query_or_equivalent_authorized_market_data_source,2026-06-25T04:28:22.021192Z
2021-06-02,6.380099773406982,yahoo_query_or_equivalent_authorized_market_data_source,2026-06-25T04:28:22.021192Z
2021-06-03,6.402699947357178,yahoo_query_or_equivalent_authorized_market_data_source,2026-06-25T04:28:22.021192Z
2021-06-06,6.3942999839782715,yahoo_query_or_equivalent_authorized_market_data_source,2026-06-25T04:28:22.021192Z
2021-06-07,6.396299839019775,yahoo_query_or_equivalent_authorized_market_data_source,2026-06-25T04:28:22.021192Z
2021-06-08,6.399499893188477,yahoo_query_or_equivalent_authorized_market_data_source,2026-06-25T04:28:22.021192Z
2021-06-09,6.386499881744385,yahoo_query_or_equivalent_authorized_market_data_source,2026-06-25T04:28:22.021192Z
2021-06-10,6.392300128936768,yahoo_query_or_equivalent_authorized_market_data_source,2026-06-25T04:28:22.021192Z
2021-06-13,6.39769983291626,yahoo_query_or_equivalent_authorized_market_data_source,2026-06-25T04:28:22.021192Z
2021-06-14,6.397200107574463,yahoo_query_or_equivalent_authorized_market_data_source,2026-06-25T04:28:22.021192Z
2021-06-15,6.40500020980835,yahoo_query_or_equivalent_authorized_market_data_source,2026-06-25T04:28:22.021192Z
2021-06-16,6.396699905395508,yahoo_query_or_equivalent_authorized_market_data_source,2026-06-25T04:28:22.021192Z
2021-06-17,6.447400093078613,yahoo_query_or_equivalent_authorized_market_data_source,2026-06-25T04:28:22.021192Z
2021-06-20,6.452099800109863,yahoo_query_or_equivalent_authorized_market_data_source,2026-06-25T04:28:22.021192Z
2021-06-21,6.46589994430542,yahoo_query_or_equivalent_authorized_market_data_source,2026-06-25T04:28:22.021192Z
2021-06-22,6.480299949645996,yahoo_query_or_equivalent_authorized_market_data_source,2026-06-25T04:28:22.021192Z
2021-06-23,6.4730000495910645,yahoo_query_or_equivalent_authorized_market_data_source,2026-06-25T04:28:22.021192Z
2021-06-24,6.4710001945495605,yahoo_query_or_equivalent_authorized_market_data_source,2026-06-25T04:28:22.021192Z
2021-06-27,6.446300029754639,yahoo_query_or_equivalent_authorized_market_data_source,2026-06-25T04:28:22.021192Z
2021-06-28,6.455100059509277,yahoo_query_or_equivalent_authorized_market_data_source,2026-06-25T04:28:22.021192Z
2021-06-29,6.463099956512451,yahoo_query_or_equivalent_authorized_market_data_source,2026-06-25T04:28:22.021192Z
2021-06-30,6.456200122833252,yahoo_query_or_equivalent_authorized_market_data_source,2026-06-25T04:28:22.021192Z
2021-07-01,6.467599868774414,yahoo_query_or_equivalent_authorized_market_data_source,2026-06-25T04:28:22.021192Z
2021-07-04,6.472099781036377,yahoo_query_or_equivalent_authorized_market_data_source,2026-06-25T04:28:22.021192Z
2021-07-05,6.462800025939941,yahoo_query_or_equivalent_authorized_market_data_source,2026-06-25T04:28:22.021192Z
2021-07-06,6.478099822998047,yahoo_query_or_equivalent_authorized_market_data_source,2026-06-25T04:28:22.021192Z
2021-07-07,6.471499919891357,yahoo_query_or_equivalent_authorized_market_data_source,2026-06-25T04:28:22.021192Z
2021-07-08,6.489099979400635,yahoo_query_or_equivalent_authorized_market_data_source,2026-06-25T04:28:22.021192Z
2021-07-11,6.478000164031982,yahoo_query_or_equivalent_authorized_market_data_source,2026-06-25T04:28:22.021192Z
2021-07-12,6.474599838256836,yahoo_query_or_equivalent_authorized_market_data_source,2026-06-25T04:28:22.021192Z
2021-07-13,6.46750020980835,yahoo_query_or_equivalent_authorized_market_data_source,2026-06-25T04:28:22.021192Z
2021-07-14,6.468299865722656,yahoo_query_or_equivalent_authorized_market_data_source,2026-06-25T04:28:22.021192Z
2021-07-15,6.460100173950195,yahoo_query_or_equivalent_authorized_market_data_source,2026-06-25T04:28:22.021192Z
2021-07-18,6.4781999588012695,yahoo_query_or_equivalent_authorized_market_data_source,2026-06-25T04:28:22.021192Z
2021-07-19,6.4893999099731445,yahoo_query_or_equivalent_authorized_market_data_source,2026-06-25T04:28:22.021192Z
2021-07-20,6.48390007019043,yahoo_query_or_equivalent_authorized_market_data_source,2026-06-25T04:28:22.021192Z
2021-07-21,6.4670000076293945,yahoo_query_or_equivalent_authorized_market_data_source,2026-06-25T04:28:22.021192Z
2021-07-22,6.469699859619141,yahoo_query_or_equivalent_authorized_market_data_source,2026-06-25T04:28:22.021192Z
2021-07-25,6.480400085449219,yahoo_query_or_equivalent_authorized_market_data_source,2026-06-25T04:28:22.021192Z
2021-07-26,6.4816999435424805,yahoo_query_or_equivalent_authorized_market_data_source,2026-06-25T04:28:22.021192Z
2021-07-27,6.509699821472168,yahoo_query_or_equivalent_authorized_market_data_source,2026-06-25T04:28:22.021192Z
2021-07-28,6.4893999099731445,yahoo_query_or_equivalent_authorized_market_data_source,2026-06-25T04:28:22.021192Z
2021-07-29,6.4552998542785645,yahoo_query_or_equivalent_authorized_market_data_source,2026-06-25T04:28:22.021192Z
2021-08-01,6.4604997634887695,yahoo_query_or_equivalent_authorized_market_data_source,2026-06-25T04:28:22.021192Z
2021-08-02,6.460999965667725,yahoo_query_or_equivalent_authorized_market_data_source,2026-06-25T04:28:22.021192Z
2021-08-03,6.469200134277344,yahoo_query_or_equivalent_authorized_market_data_source,2026-06-25T04:28:22.021192Z
2021-08-04,6.465199947357178,yahoo_query_or_equivalent_authorized_market_data_source,2026-06-25T04:28:22.021192Z
2021-08-05,6.460299968719482,yahoo_query_or_equivalent_authorized_market_data_source,2026-06-25T04:28:22.021192Z
2021-08-08,6.482500076293945,yahoo_query_or_equivalent_authorized_market_data_source,2026-06-25T04:28:22.021192Z
2021-08-09,6.485199928283691,yahoo_query_or_equivalent_authorized_market_data_source,2026-06-25T04:28:22.021192Z
2021-08-10,6.484899997711182,yahoo_query_or_equivalent_authorized_market_data_source,2026-06-25T04:28:22.021192Z
2021-08-11,6.4781999588012695,yahoo_query_or_equivalent_authorized_market_data_source,2026-06-25T04:28:22.021192Z
2021-08-12,6.478300094604492,yahoo_query_or_equivalent_authorized_market_data_source,2026-06-25T04:28:22.021192Z
2021-08-15,6.476399898529053,yahoo_query_or_equivalent_authorized_market_data_source,2026-06-25T04:28:22.021192Z
2021-08-16,6.473599910736084,yahoo_query_or_equivalent_authorized_market_data_source,2026-06-25T04:28:22.021192Z
2021-08-17,6.485099792480469,yahoo_query_or_equivalent_authorized_market_data_source,2026-06-25T04:28:22.021192Z
2021-08-18,6.4832000732421875,yahoo_query_or_equivalent_authorized_market_data_source,2026-06-25T04:28:22.021192Z
2021-08-19,6.49370002746582,yahoo_query_or_equivalent_authorized_market_data_source,2026-06-25T04:28:22.021192Z
2021-08-22,6.491600036621094,yahoo_query_or_equivalent_authorized_market_data_source,2026-06-25T04:28:22.021192Z
2021-08-23,6.480000019073486,yahoo_query_or_equivalent_authorized_market_data_source,2026-06-25T04:28:22.021192Z
2021-08-24,6.469900131225586,yahoo_query_or_equivalent_authorized_market_data_source,2026-06-25T04:28:22.021192Z
2021-08-25,6.474899768829346,yahoo_query_or_equivalent_authorized_market_data_source,2026-06-25T04:28:22.021192Z
2021-08-26,6.480500221252441,yahoo_query_or_equivalent_authorized_market_data_source,2026-06-25T04:28:22.021192Z
2021-08-29,6.470799922943115,yahoo_query_or_equivalent_authorized_market_data_source,2026-06-25T04:28:22.021192Z
2021-08-30,6.465099811553955,yahoo_query_or_equivalent_authorized_market_data_source,2026-06-25T04:28:22.021192Z
2021-08-31,6.45959997177124,yahoo_query_or_equivalent_authorized_market_data_source,2026-06-25T04:28:22.021192Z
2021-09-01,6.459000110626221,yahoo_query_or_equivalent_authorized_market_data_source,2026-06-25T04:28:22.021192Z
2021-09-02,6.455399990081787,yahoo_query_or_equivalent_authorized_market_data_source,2026-06-25T04:28:22.021192Z
2021-09-05,6.451900005340576,yahoo_query_or_equivalent_authorized_market_data_source,2026-06-25T04:28:22.021192Z
2021-09-06,6.456699848175049,yahoo_query_or_equivalent_authorized_market_data_source,2026-06-25T04:28:22.021192Z
2021-09-07,6.4654998779296875,yahoo_query_or_equivalent_authorized_market_data_source,2026-06-25T04:28:22.021192Z
2021-09-08,6.460700035095215,yahoo_query_or_equivalent_authorized_market_data_source,2026-06-25T04:28:22.021192Z
2021-09-09,6.4542999267578125,yahoo_query_or_equivalent_authorized_market_data_source,2026-06-25T04:28:22.021192Z
2021-09-12,6.443399906158447,yahoo_query_or_equivalent_authorized_market_data_source,2026-06-25T04:28:22.021192Z
2021-09-13,6.450799942016602,yahoo_query_or_equivalent_authorized_market_data_source,2026-06-25T04:28:22.021192Z
2021-09-14,6.438300132751465,yahoo_query_or_equivalent_authorized_market_data_source,2026-06-25T04:28:22.021192Z
2021-09-15,6.431399822235107,yahoo_query_or_equivalent_authorized_market_data_source,2026-06-25T04:28:22.021192Z
2021-09-16,6.456600189208984,yahoo_query_or_equivalent_authorized_market_data_source,2026-06-25T04:28:22.021192Z
2021-09-19,6.465199947357178,yahoo_query_or_equivalent_authorized_market_data_source,2026-06-25T04:28:22.021192Z
2021-09-20,6.465000152587891,yahoo_query_or_equivalent_authorized_market_data_source,2026-06-25T04:28:22.021192Z
2021-09-21,6.466000080108643,yahoo_query_or_equivalent_authorized_market_data_source,2026-06-25T04:28:22.021192Z
2021-09-22,6.4608001708984375,yahoo_query_or_equivalent_authorized_market_data_source,2026-06-25T04:28:22.021192Z
2021-09-23,6.457900047302246,yahoo_query_or_equivalent_authorized_market_data_source,2026-06-25T04:28:22.021192Z
2021-09-26,6.465700149536133,yahoo_query_or_equivalent_authorized_market_data_source,2026-06-25T04:28:22.021192Z
2021-09-27,6.455999851226807,yahoo_query_or_equivalent_authorized_market_data_source,2026-06-25T04:28:22.021192Z
2021-09-28,6.459000110626221,yahoo_query_or_equivalent_authorized_market_data_source,2026-06-25T04:28:22.021192Z
2021-09-29,6.469600200653076,yahoo_query_or_equivalent_authorized_market_data_source,2026-06-25T04:28:22.021192Z
2021-09-30,6.445499897003174,yahoo_query_or_equivalent_authorized_market_data_source,2026-06-25T04:28:22.021192Z
2021-10-03,6.445700168609619,yahoo_query_or_equivalent_authorized_market_data_source,2026-06-25T04:28:22.021192Z
2021-10-04,6.445199966430664,yahoo_query_or_equivalent_authorized_market_data_source,2026-06-25T04:28:22.021192Z
2021-10-05,6.445199966430664,yahoo_query_or_equivalent_authorized_market_data_source,2026-06-25T04:28:22.021192Z
2021-10-06,6.445199966430664,yahoo_query_or_equivalent_authorized_market_data_source,2026-06-25T04:28:22.021192Z
2021-10-07,6.445199966430664,yahoo_query_or_equivalent_authorized_market_data_source,2026-06-25T04:28:22.021192Z
2021-10-10,6.442299842834473,yahoo_query_or_equivalent_authorized_market_data_source,2026-06-25T04:28:22.021192Z
2021-10-11,6.4496002197265625,yahoo_query_or_equivalent_authorized_market_data_source,2026-06-25T04:28:22.021192Z
2021-10-12,6.447999954223633,yahoo_query_or_equivalent_authorized_market_data_source,2026-06-25T04:28:22.021192Z
2021-10-13,6.426599979400635,yahoo_query_or_equivalent_authorized_market_data_source,2026-06-25T04:28:22.021192Z
2021-10-14,6.439000129699707,yahoo_query_or_equivalent_authorized_market_data_source,2026-06-25T04:28:22.021192Z
2021-10-17,6.434800148010254,yahoo_query_or_equivalent_authorized_market_data_source,2026-06-25T04:28:22.021192Z
2021-10-18,6.428899765014648,yahoo_query_or_equivalent_authorized_market_data_source,2026-06-25T04:28:22.021192Z
2021-10-19,6.381800174713135,yahoo_query_or_equivalent_authorized_market_data_source,2026-06-25T04:28:22.021192Z
2021-10-20,6.392899990081787,yahoo_query_or_equivalent_authorized_market_data_source,2026-06-25T04:28:22.021192Z
2021-10-21,6.3917999267578125,yahoo_query_or_equivalent_authorized_market_data_source,2026-06-25T04:28:22.021192Z
2021-10-24,6.383900165557861,yahoo_query_or_equivalent_authorized_market_data_source,2026-06-25T04:28:22.021192Z
2021-10-25,6.384699821472168,yahoo_query_or_equivalent_authorized_market_data_source,2026-06-25T04:28:22.021192Z
2021-10-26,6.381499767303467,yahoo_query_or_equivalent_authorized_market_data_source,2026-06-25T04:28:22.021192Z
2021-10-27,6.391600131988525,yahoo_query_or_equivalent_authorized_market_data_source,2026-06-25T04:28:22.021192Z
2021-10-28,6.390399932861328,yahoo_query_or_equivalent_authorized_market_data_source,2026-06-25T04:28:22.021192Z
2021-11-01,6.404699802398682,yahoo_query_or_equivalent_authorized_market_data_source,2026-06-25T04:28:22.021192Z
2021-11-02,6.396200180053711,yahoo_query_or_equivalent_authorized_market_data_source,2026-06-25T04:28:22.021192Z
2021-11-03,6.398900032043457,yahoo_query_or_equivalent_authorized_market_data_source,2026-06-25T04:28:22.021192Z
2021-11-04,6.406199932098389,yahoo_query_or_equivalent_authorized_market_data_source,2026-06-25T04:28:22.021192Z
2021-11-05,6.396399974822998,yahoo_query_or_equivalent_authorized_market_data_source,2026-06-25T04:28:22.021192Z
2021-11-08,6.397900104522705,yahoo_query_or_equivalent_authorized_market_data_source,2026-06-25T04:28:22.021192Z
2021-11-09,6.391600131988525,yahoo_query_or_equivalent_authorized_market_data_source,2026-06-25T04:28:22.021192Z
2021-11-10,6.39169979095459,yahoo_query_or_equivalent_authorized_market_data_source,2026-06-25T04:28:22.021192Z
2021-11-11,6.3881001472473145,yahoo_query_or_equivalent_authorized_market_data_source,2026-06-25T04:28:22.021192Z
2021-11-12,6.389500141143799,yahoo_query_or_equivalent_authorized_market_data_source,2026-06-25T04:28:22.021192Z
2021-11-15,6.378600120544434,yahoo_query_or_equivalent_authorized_market_data_source,2026-06-25T04:28:22.021192Z
2021-11-16,6.3821001052856445,yahoo_query_or_equivalent_authorized_market_data_source,2026-06-25T04:28:22.021192Z
2021-11-17,6.39109992980957,yahoo_query_or_equivalent_authorized_market_data_source,2026-06-25T04:28:22.021192Z
2021-11-18,6.3769001960754395,yahoo_query_or_equivalent_authorized_market_data_source,2026-06-25T04:28:22.021192Z
2021-11-19,6.385000228881836,yahoo_query_or_equivalent_authorized_market_data_source,2026-06-25T04:28:22.021192Z
2021-11-22,6.386199951171875,yahoo_query_or_equivalent_authorized_market_data_source,2026-06-25T04:28:22.021192Z
2021-11-23,6.384300231933594,yahoo_query_or_equivalent_authorized_market_data_source,2026-06-25T04:28:22.021192Z
2021-11-24,6.3907999992370605,yahoo_query_or_equivalent_authorized_market_data_source,2026-06-25T04:28:22.021192Z
2021-11-25,6.3917999267578125,yahoo_query_or_equivalent_authorized_market_data_source,2026-06-25T04:28:22.021192Z
2021-11-26,6.386000156402588,yahoo_query_or_equivalent_authorized_market_data_source,2026-06-25T04:28:22.021192Z
2021-11-29,6.392000198364258,yahoo_query_or_equivalent_authorized_market_data_source,2026-06-25T04:28:22.021192Z
2021-11-30,6.38700008392334,yahoo_query_or_equivalent_authorized_market_data_source,2026-06-25T04:28:22.021192Z
2021-12-01,6.3632001876831055,yahoo_query_or_equivalent_authorized_market_data_source,2026-06-25T04:28:22.021192Z
2021-12-02,6.367300033569336,yahoo_query_or_equivalent_authorized_market_data_source,2026-06-25T04:28:22.021192Z
2021-12-03,6.3755998611450195,yahoo_query_or_equivalent_authorized_market_data_source,2026-06-25T04:28:22.021192Z
2021-12-06,6.37529993057251,yahoo_query_or_equivalent_authorized_market_data_source,2026-06-25T04:28:22.021192Z
2021-12-07,6.374800205230713,yahoo_query_or_equivalent_authorized_market_data_source,2026-06-25T04:28:22.021192Z
2021-12-08,6.366300106048584,yahoo_query_or_equivalent_authorized_market_data_source,2026-06-25T04:28:22.021192Z
2021-12-09,6.343699932098389,yahoo_query_or_equivalent_authorized_market_data_source,2026-06-25T04:28:22.021192Z
2021-12-10,6.376500129699707,yahoo_query_or_equivalent_authorized_market_data_source,2026-06-25T04:28:22.021192Z
2021-12-13,6.360000133514404,yahoo_query_or_equivalent_authorized_market_data_source,2026-06-25T04:28:22.021192Z
2021-12-14,6.365499973297119,yahoo_query_or_equivalent_authorized_market_data_source,2026-06-25T04:28:22.021192Z
2021-12-15,6.366499900817871,yahoo_query_or_equivalent_authorized_market_data_source,2026-06-25T04:28:22.021192Z
2021-12-16,6.366499900817871,yahoo_query_or_equivalent_authorized_market_data_source,2026-06-25T04:28:22.021192Z
2021-12-17,6.367199897766113,yahoo_query_or_equivalent_authorized_market_data_source,2026-06-25T04:28:22.021192Z
2021-12-20,6.374000072479248,yahoo_query_or_equivalent_authorized_market_data_source,2026-06-25T04:28:22.021192Z
2021-12-21,6.374599933624268,yahoo_query_or_equivalent_authorized_market_data_source,2026-06-25T04:28:22.021192Z
2021-12-22,6.37060022354126,yahoo_query_or_equivalent_authorized_market_data_source,2026-06-25T04:28:22.021192Z
2021-12-23,6.369100093841553,yahoo_query_or_equivalent_authorized_market_data_source,2026-06-25T04:28:22.021192Z
2021-12-24,6.368800163269043,yahoo_query_or_equivalent_authorized_market_data_source,2026-06-25T04:28:22.021192Z
2021-12-27,6.366600036621094,yahoo_query_or_equivalent_authorized_market_data_source,2026-06-25T04:28:22.021192Z
2021-12-28,6.369800090789795,yahoo_query_or_equivalent_authorized_market_data_source,2026-06-25T04:28:22.021192Z
2021-12-29,6.367199897766113,yahoo_query_or_equivalent_authorized_market_data_source,2026-06-25T04:28:22.021192Z
2021-12-30,6.367300033569336,yahoo_query_or_equivalent_authorized_market_data_source,2026-06-25T04:28:22.021192Z
2021-12-31,6.372099876403809,yahoo_query_or_equivalent_authorized_market_data_source,2026-06-25T04:28:22.021192Z
2022-01-03,6.354899883270264,yahoo_query_or_equivalent_authorized_market_data_source,2026-06-25T04:28:22.021192Z
2022-01-04,6.355100154876709,yahoo_query_or_equivalent_authorized_market_data_source,2026-06-25T04:28:22.021192Z
2022-01-05,6.354300022125244,yahoo_query_or_equivalent_authorized_market_data_source,2026-06-25T04:28:22.021192Z
2022-01-06,6.354000091552734,yahoo_query_or_equivalent_authorized_market_data_source,2026-06-25T04:28:22.021192Z
2022-01-07,6.381899833679199,yahoo_query_or_equivalent_authorized_market_data_source,2026-06-25T04:28:22.021192Z
2022-01-10,6.376200199127197,yahoo_query_or_equivalent_authorized_market_data_source,2026-06-25T04:28:22.021192Z
2022-01-11,6.373899936676025,yahoo_query_or_equivalent_authorized_market_data_source,2026-06-25T04:28:22.021192Z
2022-01-12,6.372900009155273,yahoo_query_or_equivalent_authorized_market_data_source,2026-06-25T04:28:22.021192Z
2022-01-13,6.357600212097168,yahoo_query_or_equivalent_authorized_market_data_source,2026-06-25T04:28:22.021192Z
2022-01-14,6.358099937438965,yahoo_query_or_equivalent_authorized_market_data_source,2026-06-25T04:28:22.021192Z
2022-01-17,6.351500034332275,yahoo_query_or_equivalent_authorized_market_data_source,2026-06-25T04:28:22.021192Z
2022-01-18,6.346700191497803,yahoo_query_or_equivalent_authorized_market_data_source,2026-06-25T04:28:22.021192Z
2022-01-19,6.352200031280518,yahoo_query_or_equivalent_authorized_market_data_source,2026-06-25T04:28:22.021192Z
2022-01-20,6.343500137329102,yahoo_query_or_equivalent_authorized_market_data_source,2026-06-25T04:28:22.021192Z
2022-01-21,6.3394999504089355,yahoo_query_or_equivalent_authorized_market_data_source,2026-06-25T04:28:22.021192Z
2022-01-24,6.337699890136719,yahoo_query_or_equivalent_authorized_market_data_source,2026-06-25T04:28:22.021192Z
2022-01-25,6.329800128936768,yahoo_query_or_equivalent_authorized_market_data_source,2026-06-25T04:28:22.021192Z
2022-01-26,6.326499938964844,yahoo_query_or_equivalent_authorized_market_data_source,2026-06-25T04:28:22.021192Z
2022-01-27,6.3196001052856445,yahoo_query_or_equivalent_authorized_market_data_source,2026-06-25T04:28:22.021192Z
2022-01-28,6.3668999671936035,yahoo_query_or_equivalent_authorized_market_data_source,2026-06-25T04:28:22.021192Z
2022-01-31,6.35099983215332,yahoo_query_or_equivalent_authorized_market_data_source,2026-06-25T04:28:22.021192Z
2022-02-01,6.359499931335449,yahoo_query_or_equivalent_authorized_market_data_source,2026-06-25T04:28:22.021192Z
2022-02-02,6.359499931335449,yahoo_query_or_equivalent_authorized_market_data_source,2026-06-25T04:28:22.021192Z
2022-02-03,6.359499931335449,yahoo_query_or_equivalent_authorized_market_data_source,2026-06-25T04:28:22.021192Z
2022-02-04,6.359499931335449,yahoo_query_or_equivalent_authorized_market_data_source,2026-06-25T04:28:22.021192Z
2022-02-07,6.359499931335449,yahoo_query_or_equivalent_authorized_market_data_source,2026-06-25T04:28:22.021192Z
2022-02-08,6.35230016708374,yahoo_query_or_equivalent_authorized_market_data_source,2026-06-25T04:28:22.021192Z
2022-02-09,6.365699768066406,yahoo_query_or_equivalent_authorized_market_data_source,2026-06-25T04:28:22.021192Z
2022-02-10,6.361400127410889,yahoo_query_or_equivalent_authorized_market_data_source,2026-06-25T04:28:22.021192Z
2022-02-11,6.35260009765625,yahoo_query_or_equivalent_authorized_market_data_source,2026-06-25T04:28:22.021192Z
2022-02-14,6.353099822998047,yahoo_query_or_equivalent_authorized_market_data_source,2026-06-25T04:28:22.021192Z
2022-02-15,6.355899810791016,yahoo_query_or_equivalent_authorized_market_data_source,2026-06-25T04:28:22.021192Z
2022-02-16,6.3379998207092285,yahoo_query_or_equivalent_authorized_market_data_source,2026-06-25T04:28:22.021192Z
2022-02-17,6.335599899291992,yahoo_query_or_equivalent_authorized_market_data_source,2026-06-25T04:28:22.021192Z
2022-02-18,6.3358001708984375,yahoo_query_or_equivalent_authorized_market_data_source,2026-06-25T04:28:22.021192Z
2022-02-21,6.32420015335083,yahoo_query_or_equivalent_authorized_market_data_source,2026-06-25T04:28:22.021192Z
2022-02-22,6.334199905395508,yahoo_query_or_equivalent_authorized_market_data_source,2026-06-25T04:28:22.021192Z
2022-02-23,6.325300216674805,yahoo_query_or_equivalent_authorized_market_data_source,2026-06-25T04:28:22.021192Z
2022-02-24,6.312300205230713,yahoo_query_or_equivalent_authorized_market_data_source,2026-06-25T04:28:22.021192Z
2022-02-25,6.3267998695373535,yahoo_query_or_equivalent_authorized_market_data_source,2026-06-25T04:28:22.021192Z
2022-02-28,6.315999984741211,yahoo_query_or_equivalent_authorized_market_data_source,2026-06-25T04:28:22.021192Z
2022-03-01,6.3084001541137695,yahoo_query_or_equivalent_authorized_market_data_source,2026-06-25T04:28:22.021192Z
2022-03-02,6.311500072479248,yahoo_query_or_equivalent_authorized_market_data_source,2026-06-25T04:28:22.021192Z
2022-03-03,6.3196001052856445,yahoo_query_or_equivalent_authorized_market_data_source,2026-06-25T04:28:22.021192Z
2022-03-04,6.319200038909912,yahoo_query_or_equivalent_authorized_market_data_source,2026-06-25T04:28:22.021192Z
2022-03-07,6.316699981689453,yahoo_query_or_equivalent_authorized_market_data_source,2026-06-25T04:28:22.021192Z
2022-03-08,6.319300174713135,yahoo_query_or_equivalent_authorized_market_data_source,2026-06-25T04:28:22.021192Z
2022-03-09,6.317599773406982,yahoo_query_or_equivalent_authorized_market_data_source,2026-06-25T04:28:22.021192Z
2022-03-10,6.3165998458862305,yahoo_query_or_equivalent_authorized_market_data_source,2026-06-25T04:28:22.021192Z
2022-03-11,6.320799827575684,yahoo_query_or_equivalent_authorized_market_data_source,2026-06-25T04:28:22.021192Z
2022-03-14,6.338699817657471,yahoo_query_or_equivalent_authorized_market_data_source,2026-06-25T04:28:22.021192Z
2022-03-15,6.364500045776367,yahoo_query_or_equivalent_authorized_market_data_source,2026-06-25T04:28:22.021192Z
2022-03-16,6.369100093841553,yahoo_query_or_equivalent_authorized_market_data_source,2026-06-25T04:28:22.021192Z
2022-03-17,6.351200103759766,yahoo_query_or_equivalent_authorized_market_data_source,2026-06-25T04:28:22.021192Z
2022-03-18,6.3454999923706055,yahoo_query_or_equivalent_authorized_market_data_source,2026-06-25T04:28:22.021192Z
2022-03-21,6.360199928283691,yahoo_query_or_equivalent_authorized_market_data_source,2026-06-25T04:28:22.021192Z
2022-03-22,6.354499816894531,yahoo_query_or_equivalent_authorized_market_data_source,2026-06-25T04:28:22.021192Z
2022-03-23,6.365300178527832,yahoo_query_or_equivalent_authorized_market_data_source,2026-06-25T04:28:22.021192Z
2022-03-24,6.371300220489502,yahoo_query_or_equivalent_authorized_market_data_source,2026-06-25T04:28:22.021192Z
2022-03-25,6.366300106048584,yahoo_query_or_equivalent_authorized_market_data_source,2026-06-25T04:28:22.021192Z
2022-03-27,6.365200042724609,yahoo_query_or_equivalent_authorized_market_data_source,2026-06-25T04:28:22.021192Z
2022-03-28,6.370699882507324,yahoo_query_or_equivalent_authorized_market_data_source,2026-06-25T04:28:22.021192Z
2022-03-29,6.363100051879883,yahoo_query_or_equivalent_authorized_market_data_source,2026-06-25T04:28:22.021192Z
2022-03-30,6.346199989318848,yahoo_query_or_equivalent_authorized_market_data_source,2026-06-25T04:28:22.021192Z
2022-03-31,6.338900089263916,yahoo_query_or_equivalent_authorized_market_data_source,2026-06-25T04:28:22.021192Z
2022-04-03,6.362100124359131,yahoo_query_or_equivalent_authorized_market_data_source,2026-06-25T04:28:22.021192Z
2022-04-04,6.362400054931641,yahoo_query_or_equivalent_authorized_market_data_source,2026-06-25T04:28:22.021192Z
2022-04-05,6.363100051879883,yahoo_query_or_equivalent_authorized_market_data_source,2026-06-25T04:28:22.021192Z
2022-04-06,6.358500003814697,yahoo_query_or_equivalent_authorized_market_data_source,2026-06-25T04:28:22.021192Z
2022-04-07,6.3597002029418945,yahoo_query_or_equivalent_authorized_market_data_source,2026-06-25T04:28:22.021192Z
2022-04-10,6.363999843597412,yahoo_query_or_equivalent_authorized_market_data_source,2026-06-25T04:28:22.021192Z
2022-04-11,6.36870002746582,yahoo_query_or_equivalent_authorized_market_data_source,2026-06-25T04:28:22.021192Z
2022-04-12,6.364999771118164,yahoo_query_or_equivalent_authorized_market_data_source,2026-06-25T04:28:22.021192Z
2022-04-13,6.367199897766113,yahoo_query_or_equivalent_authorized_market_data_source,2026-06-25T04:28:22.021192Z
2022-04-14,6.377399921417236,yahoo_query_or_equivalent_authorized_market_data_source,2026-06-25T04:28:22.021192Z
2022-04-17,6.370200157165527,yahoo_query_or_equivalent_authorized_market_data_source,2026-06-25T04:28:22.021192Z
2022-04-18,6.366199970245361,yahoo_query_or_equivalent_authorized_market_data_source,2026-06-25T04:28:22.021192Z
2022-04-19,6.392399787902832,yahoo_query_or_equivalent_authorized_market_data_source,2026-06-25T04:28:22.021192Z
2022-04-20,6.417699813842773,yahoo_query_or_equivalent_authorized_market_data_source,2026-06-25T04:28:22.021192Z
2022-04-21,6.4492998123168945,yahoo_query_or_equivalent_authorized_market_data_source,2026-06-25T04:28:22.021192Z
2022-04-24,6.50029993057251,yahoo_query_or_equivalent_authorized_market_data_source,2026-06-25T04:28:22.021192Z
2022-04-25,6.5578999519348145,yahoo_query_or_equivalent_authorized_market_data_source,2026-06-25T04:28:22.021192Z
2022-04-26,6.556300163269043,yahoo_query_or_equivalent_authorized_market_data_source,2026-06-25T04:28:22.021192Z
2022-04-27,6.559500217437744,yahoo_query_or_equivalent_authorized_market_data_source,2026-06-25T04:28:22.021192Z
2022-04-28,6.62529993057251,yahoo_query_or_equivalent_authorized_market_data_source,2026-06-25T04:28:22.021192Z
2022-05-01,6.607500076293945,yahoo_query_or_equivalent_authorized_market_data_source,2026-06-25T04:28:22.021192Z
2022-05-02,6.607500076293945,yahoo_query_or_equivalent_authorized_market_data_source,2026-06-25T04:28:22.021192Z
2022-05-03,6.607399940490723,yahoo_query_or_equivalent_authorized_market_data_source,2026-06-25T04:28:22.021192Z
2022-05-04,6.607500076293945,yahoo_query_or_equivalent_authorized_market_data_source,2026-06-25T04:28:22.021192Z
2022-05-05,6.654600143432617,yahoo_query_or_equivalent_authorized_market_data_source,2026-06-25T04:28:22.021192Z
2022-05-08,6.665599822998047,yahoo_query_or_equivalent_authorized_market_data_source,2026-06-25T04:28:22.021192Z
2022-05-09,6.729800224304199,yahoo_query_or_equivalent_authorized_market_data_source,2026-06-25T04:28:22.021192Z
2022-05-10,6.73360013961792,yahoo_query_or_equivalent_authorized_market_data_source,2026-06-25T04:28:22.021192Z
2022-05-11,6.720699787139893,yahoo_query_or_equivalent_authorized_market_data_source,2026-06-25T04:28:22.021192Z
2022-05-12,6.785900115966797,yahoo_query_or_equivalent_authorized_market_data_source,2026-06-25T04:28:22.021192Z
2022-05-15,6.788000106811523,yahoo_query_or_equivalent_authorized_market_data_source,2026-06-25T04:28:22.021192Z
2022-05-16,6.785099983215332,yahoo_query_or_equivalent_authorized_market_data_source,2026-06-25T04:28:22.021192Z
2022-05-17,6.736199855804443,yahoo_query_or_equivalent_authorized_market_data_source,2026-06-25T04:28:22.021192Z
2022-05-18,6.753399848937988,yahoo_query_or_equivalent_authorized_market_data_source,2026-06-25T04:28:22.021192Z
2022-05-19,6.712100028991699,yahoo_query_or_equivalent_authorized_market_data_source,2026-06-25T04:28:22.021192Z
2022-05-22,6.691999912261963,yahoo_query_or_equivalent_authorized_market_data_source,2026-06-25T04:28:22.021192Z
2022-05-23,6.649799823760986,yahoo_query_or_equivalent_authorized_market_data_source,2026-06-25T04:28:22.021192Z
2022-05-24,6.6529998779296875,yahoo_query_or_equivalent_authorized_market_data_source,2026-06-25T04:28:22.021192Z
2022-05-25,6.691699981689453,yahoo_query_or_equivalent_authorized_market_data_source,2026-06-25T04:28:22.021192Z
2022-05-26,6.737800121307373,yahoo_query_or_equivalent_authorized_market_data_source,2026-06-25T04:28:22.021192Z
2022-05-29,6.6975998878479,yahoo_query_or_equivalent_authorized_market_data_source,2026-06-25T04:28:22.021192Z
2022-05-30,6.660299777984619,yahoo_query_or_equivalent_authorized_market_data_source,2026-06-25T04:28:22.021192Z
2022-05-31,6.6717000007629395,yahoo_query_or_equivalent_authorized_market_data_source,2026-06-25T04:28:22.021192Z
2022-06-01,6.685200214385986,yahoo_query_or_equivalent_authorized_market_data_source,2026-06-25T04:28:22.021192Z
2022-06-02,6.659200191497803,yahoo_query_or_equivalent_authorized_market_data_source,2026-06-25T04:28:22.021192Z
2022-06-05,6.659299850463867,yahoo_query_or_equivalent_authorized_market_data_source,2026-06-25T04:28:22.021192Z
2022-06-06,6.652900218963623,yahoo_query_or_equivalent_authorized_market_data_source,2026-06-25T04:28:22.021192Z
2022-06-07,6.6697001457214355,yahoo_query_or_equivalent_authorized_market_data_source,2026-06-25T04:28:22.021192Z
2022-06-08,6.682700157165527,yahoo_query_or_equivalent_authorized_market_data_source,2026-06-25T04:28:22.021192Z
2022-06-09,6.690800189971924,yahoo_query_or_equivalent_authorized_market_data_source,2026-06-25T04:28:22.021192Z
2022-06-12,6.707900047302246,yahoo_query_or_equivalent_authorized_market_data_source,2026-06-25T04:28:22.021192Z
2022-06-13,6.753499984741211,yahoo_query_or_equivalent_authorized_market_data_source,2026-06-25T04:28:22.021192Z
2022-06-14,6.739500045776367,yahoo_query_or_equivalent_authorized_market_data_source,2026-06-25T04:28:22.021192Z
2022-06-15,6.712299823760986,yahoo_query_or_equivalent_authorized_market_data_source,2026-06-25T04:28:22.021192Z
2022-06-16,6.703400135040283,yahoo_query_or_equivalent_authorized_market_data_source,2026-06-25T04:28:22.021192Z
2022-06-19,6.715700149536133,yahoo_query_or_equivalent_authorized_market_data_source,2026-06-25T04:28:22.021192Z
2022-06-20,6.691400051116943,yahoo_query_or_equivalent_authorized_market_data_source,2026-06-25T04:28:22.021192Z
2022-06-21,6.688399791717529,yahoo_query_or_equivalent_authorized_market_data_source,2026-06-25T04:28:22.021192Z
2022-06-22,6.701099872589111,yahoo_query_or_equivalent_authorized_market_data_source,2026-06-25T04:28:22.021192Z
2022-06-23,6.697299957275391,yahoo_query_or_equivalent_authorized_market_data_source,2026-06-25T04:28:22.021192Z
2022-06-26,6.688799858093262,yahoo_query_or_equivalent_authorized_market_data_source,2026-06-25T04:28:22.021192Z
2022-06-27,6.690700054168701,yahoo_query_or_equivalent_authorized_market_data_source,2026-06-25T04:28:22.021192Z
2022-06-28,6.707300186157227,yahoo_query_or_equivalent_authorized_market_data_source,2026-06-25T04:28:22.021192Z
2022-06-29,6.69980001449585,yahoo_query_or_equivalent_authorized_market_data_source,2026-06-25T04:28:22.021192Z
2022-06-30,6.698200225830078,yahoo_query_or_equivalent_authorized_market_data_source,2026-06-25T04:28:22.021192Z
2022-07-03,6.700500011444092,yahoo_query_or_equivalent_authorized_market_data_source,2026-06-25T04:28:22.021192Z
2022-07-04,6.698599815368652,yahoo_query_or_equivalent_authorized_market_data_source,2026-06-25T04:28:22.021192Z
2022-07-05,6.718800067901611,yahoo_query_or_equivalent_authorized_market_data_source,2026-06-25T04:28:22.021192Z
2022-07-06,6.706500053405762,yahoo_query_or_equivalent_authorized_market_data_source,2026-06-25T04:28:22.021192Z
2022-07-07,6.700500011444092,yahoo_query_or_equivalent_authorized_market_data_source,2026-06-25T04:28:22.021192Z
2022-07-10,6.694300174713135,yahoo_query_or_equivalent_authorized_market_data_source,2026-06-25T04:28:22.021192Z
2022-07-11,6.717199802398682,yahoo_query_or_equivalent_authorized_market_data_source,2026-06-25T04:28:22.021192Z
2022-07-12,6.723299980163574,yahoo_query_or_equivalent_authorized_market_data_source,2026-06-25T04:28:22.021192Z
2022-07-13,6.717599868774414,yahoo_query_or_equivalent_authorized_market_data_source,2026-06-25T04:28:22.021192Z
2022-07-14,6.755199909210205,yahoo_query_or_equivalent_authorized_market_data_source,2026-06-25T04:28:22.021192Z
2022-07-17,6.756499767303467,yahoo_query_or_equivalent_authorized_market_data_source,2026-06-25T04:28:22.021192Z
2022-07-18,6.742300033569336,yahoo_query_or_equivalent_authorized_market_data_source,2026-06-25T04:28:22.021192Z
2022-07-19,6.74370002746582,yahoo_query_or_equivalent_authorized_market_data_source,2026-06-25T04:28:22.021192Z
2022-07-20,6.754899978637695,yahoo_query_or_equivalent_authorized_market_data_source,2026-06-25T04:28:22.021192Z
2022-07-21,6.765600204467773,yahoo_query_or_equivalent_authorized_market_data_source,2026-06-25T04:28:22.021192Z
2022-07-24,6.750500202178955,yahoo_query_or_equivalent_authorized_market_data_source,2026-06-25T04:28:22.021192Z
2022-07-25,6.749499797821045,yahoo_query_or_equivalent_authorized_market_data_source,2026-06-25T04:28:22.021192Z
2022-07-26,6.76230001449585,yahoo_query_or_equivalent_authorized_market_data_source,2026-06-25T04:28:22.021192Z
2022-07-27,6.757400035858154,yahoo_query_or_equivalent_authorized_market_data_source,2026-06-25T04:28:22.021192Z
2022-07-28,6.745800018310547,yahoo_query_or_equivalent_authorized_market_data_source,2026-06-25T04:28:22.021192Z
2022-07-31,6.743199825286865,yahoo_query_or_equivalent_authorized_market_data_source,2026-06-25T04:28:22.021192Z
2022-08-01,6.7677001953125,yahoo_query_or_equivalent_authorized_market_data_source,2026-06-25T04:28:22.021192Z
2022-08-02,6.751800060272217,yahoo_query_or_equivalent_authorized_market_data_source,2026-06-25T04:28:22.021192Z
2022-08-03,6.756999969482422,yahoo_query_or_equivalent_authorized_market_data_source,2026-06-25T04:28:22.021192Z
2022-08-04,6.747799873352051,yahoo_query_or_equivalent_authorized_market_data_source,2026-06-25T04:28:22.021192Z
2022-08-07,6.760900020599365,yahoo_query_or_equivalent_authorized_market_data_source,2026-06-25T04:28:22.021192Z
2022-08-08,6.749899864196777,yahoo_query_or_equivalent_authorized_market_data_source,2026-06-25T04:28:22.021192Z
2022-08-09,6.751699924468994,yahoo_query_or_equivalent_authorized_market_data_source,2026-06-25T04:28:22.021192Z
2022-08-10,6.722799777984619,yahoo_query_or_equivalent_authorized_market_data_source,2026-06-25T04:28:22.021192Z
2022-08-11,6.743599891662598,yahoo_query_or_equivalent_authorized_market_data_source,2026-06-25T04:28:22.021192Z
2022-08-14,6.741799831390381,yahoo_query_or_equivalent_authorized_market_data_source,2026-06-25T04:28:22.021192Z
2022-08-15,6.771999835968018,yahoo_query_or_equivalent_authorized_market_data_source,2026-06-25T04:28:22.021192Z
2022-08-16,6.787399768829346,yahoo_query_or_equivalent_authorized_market_data_source,2026-06-25T04:28:22.021192Z
2022-08-17,6.779900074005127,yahoo_query_or_equivalent_authorized_market_data_source,2026-06-25T04:28:22.021192Z
2022-08-18,6.784599781036377,yahoo_query_or_equivalent_authorized_market_data_source,2026-06-25T04:28:22.021192Z
2022-08-21,6.815700054168701,yahoo_query_or_equivalent_authorized_market_data_source,2026-06-25T04:28:22.021192Z
2022-08-22,6.847899913787842,yahoo_query_or_equivalent_authorized_market_data_source,2026-06-25T04:28:22.021192Z
2022-08-23,6.833600044250488,yahoo_query_or_equivalent_authorized_market_data_source,2026-06-25T04:28:22.021192Z
2022-08-24,6.858500003814697,yahoo_query_or_equivalent_authorized_market_data_source,2026-06-25T04:28:22.021192Z
2022-08-25,6.848299980163574,yahoo_query_or_equivalent_authorized_market_data_source,2026-06-25T04:28:22.021192Z
2022-08-28,6.870800018310547,yahoo_query_or_equivalent_authorized_market_data_source,2026-06-25T04:28:22.021192Z
2022-08-29,6.9070000648498535,yahoo_query_or_equivalent_authorized_market_data_source,2026-06-25T04:28:22.021192Z
2022-08-30,6.910799980163574,yahoo_query_or_equivalent_authorized_market_data_source,2026-06-25T04:28:22.021192Z
2022-08-31,6.888899803161621,yahoo_query_or_equivalent_authorized_market_data_source,2026-06-25T04:28:22.021192Z
2022-09-01,6.9054999351501465,yahoo_query_or_equivalent_authorized_market_data_source,2026-06-25T04:28:22.021192Z
2022-09-04,6.89900016784668,yahoo_query_or_equivalent_authorized_market_data_source,2026-06-25T04:28:22.021192Z
2022-09-05,6.93310022354126,yahoo_query_or_equivalent_authorized_market_data_source,2026-06-25T04:28:22.021192Z
2022-09-06,6.953100204467773,yahoo_query_or_equivalent_authorized_market_data_source,2026-06-25T04:28:22.021192Z
2022-09-07,6.9653000831604,yahoo_query_or_equivalent_authorized_market_data_source,2026-06-25T04:28:22.021192Z
2022-09-08,6.956500053405762,yahoo_query_or_equivalent_authorized_market_data_source,2026-06-25T04:28:22.021192Z
2022-09-11,6.92549991607666,yahoo_query_or_equivalent_authorized_market_data_source,2026-06-25T04:28:22.021192Z
2022-09-12,6.925000190734863,yahoo_query_or_equivalent_authorized_market_data_source,2026-06-25T04:28:22.021192Z
2022-09-13,6.924099922180176,yahoo_query_or_equivalent_authorized_market_data_source,2026-06-25T04:28:22.021192Z
2022-09-14,6.960999965667725,yahoo_query_or_equivalent_authorized_market_data_source,2026-06-25T04:28:22.021192Z
2022-09-15,6.993000030517578,yahoo_query_or_equivalent_authorized_market_data_source,2026-06-25T04:28:22.021192Z
2022-09-18,6.979000091552734,yahoo_query_or_equivalent_authorized_market_data_source,2026-06-25T04:28:22.021192Z
2022-09-19,7.0055999755859375,yahoo_query_or_equivalent_authorized_market_data_source,2026-06-25T04:28:22.021192Z
2022-09-20,7.017199993133545,yahoo_query_or_equivalent_authorized_market_data_source,2026-06-25T04:28:22.021192Z
2022-09-21,7.047900199890137,yahoo_query_or_equivalent_authorized_market_data_source,2026-06-25T04:28:22.021192Z
2022-09-22,7.076600074768066,yahoo_query_or_equivalent_authorized_market_data_source,2026-06-25T04:28:22.021192Z
2022-09-25,7.127399921417236,yahoo_query_or_equivalent_authorized_market_data_source,2026-06-25T04:28:22.021192Z
2022-09-26,7.1479997634887695,yahoo_query_or_equivalent_authorized_market_data_source,2026-06-25T04:28:22.021192Z
2022-09-27,7.176799774169922,yahoo_query_or_equivalent_authorized_market_data_source,2026-06-25T04:28:22.021192Z
2022-09-28,7.198999881744385,yahoo_query_or_equivalent_authorized_market_data_source,2026-06-25T04:28:22.021192Z
2022-09-29,7.123899936676025,yahoo_query_or_equivalent_authorized_market_data_source,2026-06-25T04:28:22.021192Z
2022-10-02,7.114999771118164,yahoo_query_or_equivalent_authorized_market_data_source,2026-06-25T04:28:22.021192Z
2022-10-03,7.1149001121521,yahoo_query_or_equivalent_authorized_market_data_source,2026-06-25T04:28:22.021192Z
2022-10-04,7.114999771118164,yahoo_query_or_equivalent_authorized_market_data_source,2026-06-25T04:28:22.021192Z
2022-10-05,7.114999771118164,yahoo_query_or_equivalent_authorized_market_data_source,2026-06-25T04:28:22.021192Z
2022-10-06,7.114999771118164,yahoo_query_or_equivalent_authorized_market_data_source,2026-06-25T04:28:22.021192Z
2022-10-09,7.114999771118164,yahoo_query_or_equivalent_authorized_market_data_source,2026-06-25T04:28:22.021192Z
2022-10-10,7.153600215911865,yahoo_query_or_equivalent_authorized_market_data_source,2026-06-25T04:28:22.021192Z
2022-10-11,7.164400100708008,yahoo_query_or_equivalent_authorized_market_data_source,2026-06-25T04:28:22.021192Z
2022-10-12,7.174099922180176,yahoo_query_or_equivalent_authorized_market_data_source,2026-06-25T04:28:22.021192Z
2022-10-13,7.16949987411499,yahoo_query_or_equivalent_authorized_market_data_source,2026-06-25T04:28:22.021192Z
2022-10-16,7.190000057220459,yahoo_query_or_equivalent_authorized_market_data_source,2026-06-25T04:28:22.021192Z
2022-10-17,7.195499897003174,yahoo_query_or_equivalent_authorized_market_data_source,2026-06-25T04:28:22.021192Z
2022-10-18,7.2006001472473145,yahoo_query_or_equivalent_authorized_market_data_source,2026-06-25T04:28:22.021192Z
2022-10-19,7.22730016708374,yahoo_query_or_equivalent_authorized_market_data_source,2026-06-25T04:28:22.021192Z
2022-10-20,7.215799808502197,yahoo_query_or_equivalent_authorized_market_data_source,2026-06-25T04:28:22.021192Z
2022-10-23,7.242800235748291,yahoo_query_or_equivalent_authorized_market_data_source,2026-06-25T04:28:22.021192Z
2022-10-24,7.261899948120117,yahoo_query_or_equivalent_authorized_market_data_source,2026-06-25T04:28:22.021192Z
2022-10-25,7.303800106048584,yahoo_query_or_equivalent_authorized_market_data_source,2026-06-25T04:28:22.021192Z
2022-10-26,7.171899795532227,yahoo_query_or_equivalent_authorized_market_data_source,2026-06-25T04:28:22.021192Z
2022-10-27,7.22790002822876,yahoo_query_or_equivalent_authorized_market_data_source,2026-06-25T04:28:22.021192Z
2022-10-31,7.251399993896484,yahoo_query_or_equivalent_authorized_market_data_source,2026-06-25T04:28:22.021192Z
2022-11-01,7.301799774169922,yahoo_query_or_equivalent_authorized_market_data_source,2026-06-25T04:28:22.021192Z
2022-11-02,7.276599884033203,yahoo_query_or_equivalent_authorized_market_data_source,2026-06-25T04:28:22.021192Z
2022-11-03,7.288700103759766,yahoo_query_or_equivalent_authorized_market_data_source,2026-06-25T04:28:22.021192Z
2022-11-04,7.30079984664917,yahoo_query_or_equivalent_authorized_market_data_source,2026-06-25T04:28:22.021192Z
2022-11-07,7.175099849700928,yahoo_query_or_equivalent_authorized_market_data_source,2026-06-25T04:28:22.021192Z
2022-11-08,7.228799819946289,yahoo_query_or_equivalent_authorized_market_data_source,2026-06-25T04:28:22.021192Z
2022-11-09,7.248199939727783,yahoo_query_or_equivalent_authorized_market_data_source,2026-06-25T04:28:22.021192Z
2022-11-10,7.240799903869629,yahoo_query_or_equivalent_authorized_market_data_source,2026-06-25T04:28:22.021192Z
2022-11-11,7.1859002113342285,yahoo_query_or_equivalent_authorized_market_data_source,2026-06-25T04:28:22.021192Z
2022-11-14,7.107100009918213,yahoo_query_or_equivalent_authorized_market_data_source,2026-06-25T04:28:22.021192Z
2022-11-15,7.07289981842041,yahoo_query_or_equivalent_authorized_market_data_source,2026-06-25T04:28:22.021192Z
2022-11-16,7.043000221252441,yahoo_query_or_equivalent_authorized_market_data_source,2026-06-25T04:28:22.021192Z
2022-11-17,7.087200164794922,yahoo_query_or_equivalent_authorized_market_data_source,2026-06-25T04:28:22.021192Z
2022-11-18,7.156199932098389,yahoo_query_or_equivalent_authorized_market_data_source,2026-06-25T04:28:22.021192Z
2022-11-21,7.118899822235107,yahoo_query_or_equivalent_authorized_market_data_source,2026-06-25T04:28:22.021192Z
2022-11-22,7.1641998291015625,yahoo_query_or_equivalent_authorized_market_data_source,2026-06-25T04:28:22.021192Z
2022-11-23,7.1392998695373535,yahoo_query_or_equivalent_authorized_market_data_source,2026-06-25T04:28:22.021192Z
2022-11-24,7.165800094604492,yahoo_query_or_equivalent_authorized_market_data_source,2026-06-25T04:28:22.021192Z
2022-11-25,7.150300025939941,yahoo_query_or_equivalent_authorized_market_data_source,2026-06-25T04:28:22.021192Z
2022-11-28,7.170499801635742,yahoo_query_or_equivalent_authorized_market_data_source,2026-06-25T04:28:22.021192Z
2022-11-29,7.207099914550781,yahoo_query_or_equivalent_authorized_market_data_source,2026-06-25T04:28:22.021192Z
2022-11-30,7.15939998626709,yahoo_query_or_equivalent_authorized_market_data_source,2026-06-25T04:28:22.021192Z
2022-12-01,7.076200008392334,yahoo_query_or_equivalent_authorized_market_data_source,2026-06-25T04:28:22.021192Z
2022-12-02,7.043700218200684,yahoo_query_or_equivalent_authorized_market_data_source,2026-06-25T04:28:22.021192Z
2022-12-05,7.023900032043457,yahoo_query_or_equivalent_authorized_market_data_source,2026-06-25T04:28:22.021192Z
2022-12-06,6.960899829864502,yahoo_query_or_equivalent_authorized_market_data_source,2026-06-25T04:28:22.021192Z
2022-12-07,6.994900226593018,yahoo_query_or_equivalent_authorized_market_data_source,2026-06-25T04:28:22.021192Z
2022-12-08,6.972599983215332,yahoo_query_or_equivalent_authorized_market_data_source,2026-06-25T04:28:22.021192Z
2022-12-09,6.966300010681152,yahoo_query_or_equivalent_authorized_market_data_source,2026-06-25T04:28:22.021192Z
2022-12-12,6.956600189208984,yahoo_query_or_equivalent_authorized_market_data_source,2026-06-25T04:28:22.021192Z
2022-12-13,6.976500034332275,yahoo_query_or_equivalent_authorized_market_data_source,2026-06-25T04:28:22.021192Z
2022-12-14,6.943399906158447,yahoo_query_or_equivalent_authorized_market_data_source,2026-06-25T04:28:22.021192Z
2022-12-15,6.949900150299072,yahoo_query_or_equivalent_authorized_market_data_source,2026-06-25T04:28:22.021192Z
2022-12-16,6.9721999168396,yahoo_query_or_equivalent_authorized_market_data_source,2026-06-25T04:28:22.021192Z
2022-12-19,6.972099781036377,yahoo_query_or_equivalent_authorized_market_data_source,2026-06-25T04:28:22.021192Z
2022-12-20,6.978600025177002,yahoo_query_or_equivalent_authorized_market_data_source,2026-06-25T04:28:22.021192Z
2022-12-21,6.9608001708984375,yahoo_query_or_equivalent_authorized_market_data_source,2026-06-25T04:28:22.021192Z
2022-12-22,6.980599880218506,yahoo_query_or_equivalent_authorized_market_data_source,2026-06-25T04:28:22.021192Z
2022-12-23,6.982999801635742,yahoo_query_or_equivalent_authorized_market_data_source,2026-06-25T04:28:22.021192Z
2022-12-26,6.988699913024902,yahoo_query_or_equivalent_authorized_market_data_source,2026-06-25T04:28:22.021192Z
2022-12-27,6.96120023727417,yahoo_query_or_equivalent_authorized_market_data_source,2026-06-25T04:28:22.021192Z
2022-12-28,6.959000110626221,yahoo_query_or_equivalent_authorized_market_data_source,2026-06-25T04:28:22.021192Z
2022-12-29,6.97760009765625,yahoo_query_or_equivalent_authorized_market_data_source,2026-06-25T04:28:22.021192Z
2022-12-30,6.963099956512451,yahoo_query_or_equivalent_authorized_market_data_source,2026-06-25T04:28:22.021192Z
2023-01-02,6.896900177001953,yahoo_query_or_equivalent_authorized_market_data_source,2026-06-25T04:28:22.021192Z
2023-01-03,6.89709997177124,yahoo_query_or_equivalent_authorized_market_data_source,2026-06-25T04:28:22.021192Z
2023-01-04,6.914100170135498,yahoo_query_or_equivalent_authorized_market_data_source,2026-06-25T04:28:22.021192Z
2023-01-05,6.887800216674805,yahoo_query_or_equivalent_authorized_market_data_source,2026-06-25T04:28:22.021192Z
2023-01-06,6.881499767303467,yahoo_query_or_equivalent_authorized_market_data_source,2026-06-25T04:28:22.021192Z
2023-01-09,6.837399959564209,yahoo_query_or_equivalent_authorized_market_data_source,2026-06-25T04:28:22.021192Z
2023-01-10,6.770999908447266,yahoo_query_or_equivalent_authorized_market_data_source,2026-06-25T04:28:22.021192Z
2023-01-11,6.777400016784668,yahoo_query_or_equivalent_authorized_market_data_source,2026-06-25T04:28:22.021192Z
2023-01-12,6.769000053405762,yahoo_query_or_equivalent_authorized_market_data_source,2026-06-25T04:28:22.021192Z
2023-01-13,6.737800121307373,yahoo_query_or_equivalent_authorized_market_data_source,2026-06-25T04:28:22.021192Z
2023-01-16,6.7017998695373535,yahoo_query_or_equivalent_authorized_market_data_source,2026-06-25T04:28:22.021192Z
2023-01-17,6.732500076293945,yahoo_query_or_equivalent_authorized_market_data_source,2026-06-25T04:28:22.021192Z
2023-01-18,6.77239990234375,yahoo_query_or_equivalent_authorized_market_data_source,2026-06-25T04:28:22.021192Z
2023-01-19,6.747099876403809,yahoo_query_or_equivalent_authorized_market_data_source,2026-06-25T04:28:22.021192Z
2023-01-20,6.7758002281188965,yahoo_query_or_equivalent_authorized_market_data_source,2026-06-25T04:28:22.021192Z
2023-01-23,6.782599925994873,yahoo_query_or_equivalent_authorized_market_data_source,2026-06-25T04:28:22.021192Z
2023-01-24,6.7829999923706055,yahoo_query_or_equivalent_authorized_market_data_source,2026-06-25T04:28:22.021192Z
2023-01-25,6.7835001945495605,yahoo_query_or_equivalent_authorized_market_data_source,2026-06-25T04:28:22.021192Z
2023-01-26,6.782899856567383,yahoo_query_or_equivalent_authorized_market_data_source,2026-06-25T04:28:22.021192Z
2023-01-27,6.78249979019165,yahoo_query_or_equivalent_authorized_market_data_source,2026-06-25T04:28:22.021192Z
2023-01-30,6.782400131225586,yahoo_query_or_equivalent_authorized_market_data_source,2026-06-25T04:28:22.021192Z
2023-01-31,6.747799873352051,yahoo_query_or_equivalent_authorized_market_data_source,2026-06-25T04:28:22.021192Z
2023-02-01,6.753600120544434,yahoo_query_or_equivalent_authorized_market_data_source,2026-06-25T04:28:22.021192Z
2023-02-02,6.740799903869629,yahoo_query_or_equivalent_authorized_market_data_source,2026-06-25T04:28:22.021192Z
2023-02-03,6.731500148773193,yahoo_query_or_equivalent_authorized_market_data_source,2026-06-25T04:28:22.021192Z
2023-02-06,6.774199962615967,yahoo_query_or_equivalent_authorized_market_data_source,2026-06-25T04:28:22.021192Z
2023-02-07,6.794000148773193,yahoo_query_or_equivalent_authorized_market_data_source,2026-06-25T04:28:22.021192Z
2023-02-08,6.791200160980225,yahoo_query_or_equivalent_authorized_market_data_source,2026-06-25T04:28:22.021192Z
2023-02-09,6.7881999015808105,yahoo_query_or_equivalent_authorized_market_data_source,2026-06-25T04:28:22.021192Z
2023-02-10,6.779699802398682,yahoo_query_or_equivalent_authorized_market_data_source,2026-06-25T04:28:22.021192Z
2023-02-13,6.808300018310547,yahoo_query_or_equivalent_authorized_market_data_source,2026-06-25T04:28:22.021192Z
2023-02-14,6.821899890899658,yahoo_query_or_equivalent_authorized_market_data_source,2026-06-25T04:28:22.021192Z
2023-02-15,6.825900077819824,yahoo_query_or_equivalent_authorized_market_data_source,2026-06-25T04:28:22.021192Z
2023-02-16,6.851900100708008,yahoo_query_or_equivalent_authorized_market_data_source,2026-06-25T04:28:22.021192Z
2023-02-17,6.8597002029418945,yahoo_query_or_equivalent_authorized_market_data_source,2026-06-25T04:28:22.021192Z
2023-02-20,6.857600212097168,yahoo_query_or_equivalent_authorized_market_data_source,2026-06-25T04:28:22.021192Z
2023-02-21,6.854100227355957,yahoo_query_or_equivalent_authorized_market_data_source,2026-06-25T04:28:22.021192Z
2023-02-22,6.872499942779541,yahoo_query_or_equivalent_authorized_market_data_source,2026-06-25T04:28:22.021192Z
2023-02-23,6.891300201416016,yahoo_query_or_equivalent_authorized_market_data_source,2026-06-25T04:28:22.021192Z
2023-02-24,6.9070000648498535,yahoo_query_or_equivalent_authorized_market_data_source,2026-06-25T04:28:22.021192Z
2023-02-27,6.954999923706055,yahoo_query_or_equivalent_authorized_market_data_source,2026-06-25T04:28:22.021192Z
2023-02-28,6.943900108337402,yahoo_query_or_equivalent_authorized_market_data_source,2026-06-25T04:28:22.021192Z
2023-03-01,6.932300090789795,yahoo_query_or_equivalent_authorized_market_data_source,2026-06-25T04:28:22.021192Z
2023-03-02,6.868000030517578,yahoo_query_or_equivalent_authorized_market_data_source,2026-06-25T04:28:22.021192Z
2023-03-03,6.91379976272583,yahoo_query_or_equivalent_authorized_market_data_source,2026-06-25T04:28:22.021192Z
2023-03-06,6.906799793243408,yahoo_query_or_equivalent_authorized_market_data_source,2026-06-25T04:28:22.021192Z
2023-03-07,6.9293999671936035,yahoo_query_or_equivalent_authorized_market_data_source,2026-06-25T04:28:22.021192Z
2023-03-08,6.961400032043457,yahoo_query_or_equivalent_authorized_market_data_source,2026-06-25T04:28:22.021192Z
2023-03-09,6.950300216674805,yahoo_query_or_equivalent_authorized_market_data_source,2026-06-25T04:28:22.021192Z
2023-03-10,6.963600158691406,yahoo_query_or_equivalent_authorized_market_data_source,2026-06-25T04:28:22.021192Z
2023-03-13,6.905200004577637,yahoo_query_or_equivalent_authorized_market_data_source,2026-06-25T04:28:22.021192Z
2023-03-14,6.844600200653076,yahoo_query_or_equivalent_authorized_market_data_source,2026-06-25T04:28:22.021192Z
2023-03-15,6.870500087738037,yahoo_query_or_equivalent_authorized_market_data_source,2026-06-25T04:28:22.021192Z
2023-03-16,6.905900001525879,yahoo_query_or_equivalent_authorized_market_data_source,2026-06-25T04:28:22.021192Z
2023-03-17,6.897500038146973,yahoo_query_or_equivalent_authorized_market_data_source,2026-06-25T04:28:22.021192Z
2023-03-20,6.886099815368652,yahoo_query_or_equivalent_authorized_market_data_source,2026-06-25T04:28:22.021192Z
2023-03-21,6.877699851989746,yahoo_query_or_equivalent_authorized_market_data_source,2026-06-25T04:28:22.021192Z
2023-03-22,6.882999897003174,yahoo_query_or_equivalent_authorized_market_data_source,2026-06-25T04:28:22.021192Z
2023-03-23,6.879199981689453,yahoo_query_or_equivalent_authorized_market_data_source,2026-06-25T04:28:22.021192Z
2023-03-24,6.818399906158447,yahoo_query_or_equivalent_authorized_market_data_source,2026-06-25T04:28:22.021192Z
2023-03-26,6.867000102996826,yahoo_query_or_equivalent_authorized_market_data_source,2026-06-25T04:28:22.021192Z
2023-03-27,6.884399890899658,yahoo_query_or_equivalent_authorized_market_data_source,2026-06-25T04:28:22.021192Z
2023-03-28,6.873300075531006,yahoo_query_or_equivalent_authorized_market_data_source,2026-06-25T04:28:22.021192Z
2023-03-29,6.8856000900268555,yahoo_query_or_equivalent_authorized_market_data_source,2026-06-25T04:28:22.021192Z
2023-03-30,6.8703999519348145,yahoo_query_or_equivalent_authorized_market_data_source,2026-06-25T04:28:22.021192Z
2023-04-02,6.868000030517578,yahoo_query_or_equivalent_authorized_market_data_source,2026-06-25T04:28:22.021192Z
2023-04-03,6.877299785614014,yahoo_query_or_equivalent_authorized_market_data_source,2026-06-25T04:28:22.021192Z
2023-04-04,6.878799915313721,yahoo_query_or_equivalent_authorized_market_data_source,2026-06-25T04:28:22.021192Z
2023-04-05,6.878499984741211,yahoo_query_or_equivalent_authorized_market_data_source,2026-06-25T04:28:22.021192Z
2023-04-06,6.874899864196777,yahoo_query_or_equivalent_authorized_market_data_source,2026-06-25T04:28:22.021192Z
2023-04-09,6.86929988861084,yahoo_query_or_equivalent_authorized_market_data_source,2026-06-25T04:28:22.021192Z
2023-04-10,6.881100177764893,yahoo_query_or_equivalent_authorized_market_data_source,2026-06-25T04:28:22.021192Z
2023-04-11,6.885499954223633,yahoo_query_or_equivalent_authorized_market_data_source,2026-06-25T04:28:22.021192Z
2023-04-12,6.873700141906738,yahoo_query_or_equivalent_authorized_market_data_source,2026-06-25T04:28:22.021192Z
2023-04-13,6.867800235748291,yahoo_query_or_equivalent_authorized_market_data_source,2026-06-25T04:28:22.021192Z
2023-04-16,6.8703999519348145,yahoo_query_or_equivalent_authorized_market_data_source,2026-06-25T04:28:22.021192Z
2023-04-17,6.878799915313721,yahoo_query_or_equivalent_authorized_market_data_source,2026-06-25T04:28:22.021192Z
2023-04-18,6.874899864196777,yahoo_query_or_equivalent_authorized_market_data_source,2026-06-25T04:28:22.021192Z
2023-04-19,6.8850998878479,yahoo_query_or_equivalent_authorized_market_data_source,2026-06-25T04:28:22.021192Z
2023-04-20,6.872099876403809,yahoo_query_or_equivalent_authorized_market_data_source,2026-06-25T04:28:22.021192Z
2023-04-23,6.892499923706055,yahoo_query_or_equivalent_authorized_market_data_source,2026-06-25T04:28:22.021192Z
2023-04-24,6.894899845123291,yahoo_query_or_equivalent_authorized_market_data_source,2026-06-25T04:28:22.021192Z
2023-04-25,6.931600093841553,yahoo_query_or_equivalent_authorized_market_data_source,2026-06-25T04:28:22.021192Z
2023-04-26,6.92579984664917,yahoo_query_or_equivalent_authorized_market_data_source,2026-06-25T04:28:22.021192Z
2023-04-27,6.922299861907959,yahoo_query_or_equivalent_authorized_market_data_source,2026-06-25T04:28:22.021192Z
2023-04-30,6.911099910736084,yahoo_query_or_equivalent_authorized_market_data_source,2026-06-25T04:28:22.021192Z
2023-05-01,6.910999774932861,yahoo_query_or_equivalent_authorized_market_data_source,2026-06-25T04:28:22.021192Z
2023-05-02,6.910600185394287,yahoo_query_or_equivalent_authorized_market_data_source,2026-06-25T04:28:22.021192Z
2023-05-03,6.910600185394287,yahoo_query_or_equivalent_authorized_market_data_source,2026-06-25T04:28:22.021192Z
2023-05-04,6.905700206756592,yahoo_query_or_equivalent_authorized_market_data_source,2026-06-25T04:28:22.021192Z
2023-05-07,6.9095001220703125,yahoo_query_or_equivalent_authorized_market_data_source,2026-06-25T04:28:22.021192Z
2023-05-08,6.911499977111816,yahoo_query_or_equivalent_authorized_market_data_source,2026-06-25T04:28:22.021192Z
2023-05-09,6.919400215148926,yahoo_query_or_equivalent_authorized_market_data_source,2026-06-25T04:28:22.021192Z
2023-05-10,6.932199954986572,yahoo_query_or_equivalent_authorized_market_data_source,2026-06-25T04:28:22.021192Z
2023-05-11,6.947700023651123,yahoo_query_or_equivalent_authorized_market_data_source,2026-06-25T04:28:22.021192Z
2023-05-14,6.957300186157227,yahoo_query_or_equivalent_authorized_market_data_source,2026-06-25T04:28:22.021192Z
2023-05-15,6.951600074768066,yahoo_query_or_equivalent_authorized_market_data_source,2026-06-25T04:28:22.021192Z
2023-05-16,6.976600170135498,yahoo_query_or_equivalent_authorized_market_data_source,2026-06-25T04:28:22.021192Z
2023-05-17,6.997099876403809,yahoo_query_or_equivalent_authorized_market_data_source,2026-06-25T04:28:22.021192Z
2023-05-18,7.035099983215332,yahoo_query_or_equivalent_authorized_market_data_source,2026-06-25T04:28:22.021192Z
2023-05-21,7.006899833679199,yahoo_query_or_equivalent_authorized_market_data_source,2026-06-25T04:28:22.021192Z
2023-05-22,7.030900001525879,yahoo_query_or_equivalent_authorized_market_data_source,2026-06-25T04:28:22.021192Z
2023-05-23,7.056399822235107,yahoo_query_or_equivalent_authorized_market_data_source,2026-06-25T04:28:22.021192Z
2023-05-24,7.059800148010254,yahoo_query_or_equivalent_authorized_market_data_source,2026-06-25T04:28:22.021192Z
2023-05-25,7.077400207519531,yahoo_query_or_equivalent_authorized_market_data_source,2026-06-25T04:28:22.021192Z
2023-05-28,7.054800033569336,yahoo_query_or_equivalent_authorized_market_data_source,2026-06-25T04:28:22.021192Z
2023-05-29,7.072299957275391,yahoo_query_or_equivalent_authorized_market_data_source,2026-06-25T04:28:22.021192Z
2023-05-30,7.078999996185303,yahoo_query_or_equivalent_authorized_market_data_source,2026-06-25T04:28:22.021192Z
2023-05-31,7.110799789428711,yahoo_query_or_equivalent_authorized_market_data_source,2026-06-25T04:28:22.021192Z
2023-06-01,7.0929999351501465,yahoo_query_or_equivalent_authorized_market_data_source,2026-06-25T04:28:22.021192Z
2023-06-04,7.083799839019775,yahoo_query_or_equivalent_authorized_market_data_source,2026-06-25T04:28:22.021192Z
2023-06-05,7.105000019073486,yahoo_query_or_equivalent_authorized_market_data_source,2026-06-25T04:28:22.021192Z
2023-06-06,7.118800163269043,yahoo_query_or_equivalent_authorized_market_data_source,2026-06-25T04:28:22.021192Z
2023-06-07,7.128799915313721,yahoo_query_or_equivalent_authorized_market_data_source,2026-06-25T04:28:22.021192Z
2023-06-08,7.111199855804443,yahoo_query_or_equivalent_authorized_market_data_source,2026-06-25T04:28:22.021192Z
2023-06-11,7.127600193023682,yahoo_query_or_equivalent_authorized_market_data_source,2026-06-25T04:28:22.021192Z
2023-06-12,7.144599914550781,yahoo_query_or_equivalent_authorized_market_data_source,2026-06-25T04:28:22.021192Z
2023-06-13,7.166500091552734,yahoo_query_or_equivalent_authorized_market_data_source,2026-06-25T04:28:22.021192Z
2023-06-14,7.162600040435791,yahoo_query_or_equivalent_authorized_market_data_source,2026-06-25T04:28:22.021192Z
2023-06-15,7.119900226593018,yahoo_query_or_equivalent_authorized_market_data_source,2026-06-25T04:28:22.021192Z
2023-06-18,7.1255998611450195,yahoo_query_or_equivalent_authorized_market_data_source,2026-06-25T04:28:22.021192Z
2023-06-19,7.160399913787842,yahoo_query_or_equivalent_authorized_market_data_source,2026-06-25T04:28:22.021192Z
2023-06-20,7.180799961090088,yahoo_query_or_equivalent_authorized_market_data_source,2026-06-25T04:28:22.021192Z
2023-06-21,7.178400039672852,yahoo_query_or_equivalent_authorized_market_data_source,2026-06-25T04:28:22.021192Z
2023-06-22,7.178500175476074,yahoo_query_or_equivalent_authorized_market_data_source,2026-06-25T04:28:22.021192Z
2023-06-25,7.178500175476074,yahoo_query_or_equivalent_authorized_market_data_source,2026-06-25T04:28:22.021192Z
2023-06-26,7.236499786376953,yahoo_query_or_equivalent_authorized_market_data_source,2026-06-25T04:28:22.021192Z
2023-06-27,7.218699932098389,yahoo_query_or_equivalent_authorized_market_data_source,2026-06-25T04:28:22.021192Z
2023-06-28,7.2434000968933105,yahoo_query_or_equivalent_authorized_market_data_source,2026-06-25T04:28:22.021192Z
2023-06-29,7.251800060272217,yahoo_query_or_equivalent_authorized_market_data_source,2026-06-25T04:28:22.021192Z
2023-07-02,7.242400169372559,yahoo_query_or_equivalent_authorized_market_data_source,2026-06-25T04:28:22.021192Z
2023-07-03,7.239799976348877,yahoo_query_or_equivalent_authorized_market_data_source,2026-06-25T04:28:22.021192Z
2023-07-04,7.213500022888184,yahoo_query_or_equivalent_authorized_market_data_source,2026-06-25T04:28:22.021192Z
2023-07-05,7.246399879455566,yahoo_query_or_equivalent_authorized_market_data_source,2026-06-25T04:28:22.021192Z
2023-07-06,7.249199867248535,yahoo_query_or_equivalent_authorized_market_data_source,2026-06-25T04:28:22.021192Z
2023-07-09,7.211299896240234,yahoo_query_or_equivalent_authorized_market_data_source,2026-06-25T04:28:22.021192Z
2023-07-10,7.230599880218506,yahoo_query_or_equivalent_authorized_market_data_source,2026-06-25T04:28:22.021192Z
2023-07-11,7.209199905395508,yahoo_query_or_equivalent_authorized_market_data_source,2026-06-25T04:28:22.021192Z
2023-07-12,7.165299892425537,yahoo_query_or_equivalent_authorized_market_data_source,2026-06-25T04:28:22.021192Z
2023-07-13,7.150000095367432,yahoo_query_or_equivalent_authorized_market_data_source,2026-06-25T04:28:22.021192Z
2023-07-16,7.1402997970581055,yahoo_query_or_equivalent_authorized_market_data_source,2026-06-25T04:28:22.021192Z
2023-07-17,7.170599937438965,yahoo_query_or_equivalent_authorized_market_data_source,2026-06-25T04:28:22.021192Z
2023-07-18,7.179299831390381,yahoo_query_or_equivalent_authorized_market_data_source,2026-06-25T04:28:22.021192Z
2023-07-19,7.225900173187256,yahoo_query_or_equivalent_authorized_market_data_source,2026-06-25T04:28:22.021192Z
2023-07-20,7.176499843597412,yahoo_query_or_equivalent_authorized_market_data_source,2026-06-25T04:28:22.021192Z
2023-07-23,7.1778998374938965,yahoo_query_or_equivalent_authorized_market_data_source,2026-06-25T04:28:22.021192Z
2023-07-24,7.185299873352051,yahoo_query_or_equivalent_authorized_market_data_source,2026-06-25T04:28:22.021192Z
2023-07-25,7.13539981842041,yahoo_query_or_equivalent_authorized_market_data_source,2026-06-25T04:28:22.021192Z
2023-07-26,7.150000095367432,yahoo_query_or_equivalent_authorized_market_data_source,2026-06-25T04:28:22.021192Z
2023-07-27,7.173099994659424,yahoo_query_or_equivalent_authorized_market_data_source,2026-06-25T04:28:22.021192Z
2023-07-30,7.102799892425537,yahoo_query_or_equivalent_authorized_market_data_source,2026-06-25T04:28:22.021192Z
2023-07-31,7.095699787139893,yahoo_query_or_equivalent_authorized_market_data_source,2026-06-25T04:28:22.021192Z
2023-08-01,7.176499843597412,yahoo_query_or_equivalent_authorized_market_data_source,2026-06-25T04:28:22.021192Z
2023-08-02,7.190400123596191,yahoo_query_or_equivalent_authorized_market_data_source,2026-06-25T04:28:22.021192Z
2023-08-03,7.162799835205078,yahoo_query_or_equivalent_authorized_market_data_source,2026-06-25T04:28:22.021192Z
2023-08-06,7.131199836730957,yahoo_query_or_equivalent_authorized_market_data_source,2026-06-25T04:28:22.021192Z
2023-08-07,7.192299842834473,yahoo_query_or_equivalent_authorized_market_data_source,2026-06-25T04:28:22.021192Z
2023-08-08,7.215700149536133,yahoo_query_or_equivalent_authorized_market_data_source,2026-06-25T04:28:22.021192Z
2023-08-09,7.208600044250488,yahoo_query_or_equivalent_authorized_market_data_source,2026-06-25T04:28:22.021192Z
2023-08-10,7.214700222015381,yahoo_query_or_equivalent_authorized_market_data_source,2026-06-25T04:28:22.021192Z
2023-08-13,7.192299842834473,yahoo_query_or_equivalent_authorized_market_data_source,2026-06-25T04:28:22.021192Z
2023-08-14,7.257299900054932,yahoo_query_or_equivalent_authorized_market_data_source,2026-06-25T04:28:22.021192Z
2023-08-15,7.281499862670898,yahoo_query_or_equivalent_authorized_market_data_source,2026-06-25T04:28:22.021192Z
2023-08-16,7.296999931335449,yahoo_query_or_equivalent_authorized_market_data_source,2026-06-25T04:28:22.021192Z
2023-08-17,7.280399799346924,yahoo_query_or_equivalent_authorized_market_data_source,2026-06-25T04:28:22.021192Z
2023-08-20,7.280700206756592,yahoo_query_or_equivalent_authorized_market_data_source,2026-06-25T04:28:22.021192Z
2023-08-21,7.197999954223633,yahoo_query_or_equivalent_authorized_market_data_source,2026-06-25T04:28:22.021192Z
2023-08-22,7.292399883270264,yahoo_query_or_equivalent_authorized_market_data_source,2026-06-25T04:28:22.021192Z
2023-08-23,7.170499801635742,yahoo_query_or_equivalent_authorized_market_data_source,2026-06-25T04:28:22.021192Z
2023-08-24,7.276500225067139,yahoo_query_or_equivalent_authorized_market_data_source,2026-06-25T04:28:22.021192Z
2023-08-27,7.289000034332275,yahoo_query_or_equivalent_authorized_market_data_source,2026-06-25T04:28:22.021192Z
2023-08-28,7.289100170135498,yahoo_query_or_equivalent_authorized_market_data_source,2026-06-25T04:28:22.021192Z
2023-08-29,7.279399871826172,yahoo_query_or_equivalent_authorized_market_data_source,2026-06-25T04:28:22.021192Z
2023-08-30,7.283599853515625,yahoo_query_or_equivalent_authorized_market_data_source,2026-06-25T04:28:22.021192Z
2023-08-31,7.256899833679199,yahoo_query_or_equivalent_authorized_market_data_source,2026-06-25T04:28:22.021192Z
2023-09-03,7.140100002288818,yahoo_query_or_equivalent_authorized_market_data_source,2026-06-25T04:28:22.021192Z
2023-09-04,7.271900177001953,yahoo_query_or_equivalent_authorized_market_data_source,2026-06-25T04:28:22.021192Z
2023-09-05,7.303400039672852,yahoo_query_or_equivalent_authorized_market_data_source,2026-06-25T04:28:22.021192Z
2023-09-06,7.315899848937988,yahoo_query_or_equivalent_authorized_market_data_source,2026-06-25T04:28:22.021192Z
2023-09-07,7.3277997970581055,yahoo_query_or_equivalent_authorized_market_data_source,2026-06-25T04:28:22.021192Z
2023-09-10,7.232399940490723,yahoo_query_or_equivalent_authorized_market_data_source,2026-06-25T04:28:22.021192Z
2023-09-11,7.288000106811523,yahoo_query_or_equivalent_authorized_market_data_source,2026-06-25T04:28:22.021192Z
2023-09-12,7.290900230407715,yahoo_query_or_equivalent_authorized_market_data_source,2026-06-25T04:28:22.021192Z
2023-09-13,7.268799781799316,yahoo_query_or_equivalent_authorized_market_data_source,2026-06-25T04:28:22.021192Z
2023-09-14,7.275899887084961,yahoo_query_or_equivalent_authorized_market_data_source,2026-06-25T04:28:22.021192Z
2023-09-17,7.273900032043457,yahoo_query_or_equivalent_authorized_market_data_source,2026-06-25T04:28:22.021192Z
2023-09-18,7.290599822998047,yahoo_query_or_equivalent_authorized_market_data_source,2026-06-25T04:28:22.021192Z
2023-09-19,7.295599937438965,yahoo_query_or_equivalent_authorized_market_data_source,2026-06-25T04:28:22.021192Z
2023-09-20,7.285999774932861,yahoo_query_or_equivalent_authorized_market_data_source,2026-06-25T04:28:22.021192Z
2023-09-21,7.30649995803833,yahoo_query_or_equivalent_authorized_market_data_source,2026-06-25T04:28:22.021192Z
2023-09-24,7.297500133514404,yahoo_query_or_equivalent_authorized_market_data_source,2026-06-25T04:28:22.021192Z
2023-09-25,7.309899806976318,yahoo_query_or_equivalent_authorized_market_data_source,2026-06-25T04:28:22.021192Z
2023-09-26,7.310699939727783,yahoo_query_or_equivalent_authorized_market_data_source,2026-06-25T04:28:22.021192Z
2023-09-27,7.30810022354126,yahoo_query_or_equivalent_authorized_market_data_source,2026-06-25T04:28:22.021192Z
2023-09-28,7.299900054931641,yahoo_query_or_equivalent_authorized_market_data_source,2026-06-25T04:28:22.021192Z
2023-10-01,7.163599967956543,yahoo_query_or_equivalent_authorized_market_data_source,2026-06-25T04:28:22.021192Z
2023-10-02,7.179900169372559,yahoo_query_or_equivalent_authorized_market_data_source,2026-06-25T04:28:22.021192Z
2023-10-03,7.194300174713135,yahoo_query_or_equivalent_authorized_market_data_source,2026-06-25T04:28:22.021192Z
2023-10-04,7.200300216674805,yahoo_query_or_equivalent_authorized_market_data_source,2026-06-25T04:28:22.021192Z
2023-10-05,7.197700023651123,yahoo_query_or_equivalent_authorized_market_data_source,2026-06-25T04:28:22.021192Z
2023-10-08,7.30049991607666,yahoo_query_or_equivalent_authorized_market_data_source,2026-06-25T04:28:22.021192Z
2023-10-09,7.29040002822876,yahoo_query_or_equivalent_authorized_market_data_source,2026-06-25T04:28:22.021192Z
2023-10-10,7.295000076293945,yahoo_query_or_equivalent_authorized_market_data_source,2026-06-25T04:28:22.021192Z
2023-10-11,7.298699855804443,yahoo_query_or_equivalent_authorized_market_data_source,2026-06-25T04:28:22.021192Z
2023-10-12,7.301499843597412,yahoo_query_or_equivalent_authorized_market_data_source,2026-06-25T04:28:22.021192Z
2023-10-15,7.168099880218506,yahoo_query_or_equivalent_authorized_market_data_source,2026-06-25T04:28:22.021192Z
2023-10-16,7.309299945831299,yahoo_query_or_equivalent_authorized_market_data_source,2026-06-25T04:28:22.021192Z
2023-10-17,7.311699867248535,yahoo_query_or_equivalent_authorized_market_data_source,2026-06-25T04:28:22.021192Z
2023-10-18,7.313499927520752,yahoo_query_or_equivalent_authorized_market_data_source,2026-06-25T04:28:22.021192Z
2023-10-19,7.311200141906738,yahoo_query_or_equivalent_authorized_market_data_source,2026-06-25T04:28:22.021192Z
2023-10-22,7.315400123596191,yahoo_query_or_equivalent_authorized_market_data_source,2026-06-25T04:28:22.021192Z
2023-10-23,7.3140997886657715,yahoo_query_or_equivalent_authorized_market_data_source,2026-06-25T04:28:22.021192Z
2023-10-24,7.309000015258789,yahoo_query_or_equivalent_authorized_market_data_source,2026-06-25T04:28:22.021192Z
2023-10-25,7.315700054168701,yahoo_query_or_equivalent_authorized_market_data_source,2026-06-25T04:28:22.021192Z
2023-10-26,7.314899921417236,yahoo_query_or_equivalent_authorized_market_data_source,2026-06-25T04:28:22.021192Z
2023-10-30,7.158699989318848,yahoo_query_or_equivalent_authorized_market_data_source,2026-06-25T04:28:22.021192Z
2023-10-31,7.312099933624268,yahoo_query_or_equivalent_authorized_market_data_source,2026-06-25T04:28:22.021192Z
2023-11-01,7.315499782562256,yahoo_query_or_equivalent_authorized_market_data_source,2026-06-25T04:28:22.021192Z
2023-11-02,7.315899848937988,yahoo_query_or_equivalent_authorized_market_data_source,2026-06-25T04:28:22.021192Z
2023-11-03,7.3140997886657715,yahoo_query_or_equivalent_authorized_market_data_source,2026-06-25T04:28:22.021192Z
2023-11-06,7.298500061035156,yahoo_query_or_equivalent_authorized_market_data_source,2026-06-25T04:28:22.021192Z
2023-11-07,7.268599987030029,yahoo_query_or_equivalent_authorized_market_data_source,2026-06-25T04:28:22.021192Z
2023-11-08,7.27810001373291,yahoo_query_or_equivalent_authorized_market_data_source,2026-06-25T04:28:22.021192Z
2023-11-09,7.279300212860107,yahoo_query_or_equivalent_authorized_market_data_source,2026-06-25T04:28:22.021192Z
2023-11-10,7.282299995422363,yahoo_query_or_equivalent_authorized_market_data_source,2026-06-25T04:28:22.021192Z
2023-11-13,7.18179988861084,yahoo_query_or_equivalent_authorized_market_data_source,2026-06-25T04:28:22.021192Z
2023-11-14,7.289000034332275,yahoo_query_or_equivalent_authorized_market_data_source,2026-06-25T04:28:22.021192Z
2023-11-15,7.252099990844727,yahoo_query_or_equivalent_authorized_market_data_source,2026-06-25T04:28:22.021192Z
2023-11-16,7.245800018310547,yahoo_query_or_equivalent_authorized_market_data_source,2026-06-25T04:28:22.021192Z
2023-11-17,7.241000175476074,yahoo_query_or_equivalent_authorized_market_data_source,2026-06-25T04:28:22.021192Z
2023-11-20,7.209700107574463,yahoo_query_or_equivalent_authorized_market_data_source,2026-06-25T04:28:22.021192Z
2023-11-21,7.167500019073486,yahoo_query_or_equivalent_authorized_market_data_source,2026-06-25T04:28:22.021192Z
2023-11-22,7.086900234222412,yahoo_query_or_equivalent_authorized_market_data_source,2026-06-25T04:28:22.021192Z
2023-11-23,7.154200077056885,yahoo_query_or_equivalent_authorized_market_data_source,2026-06-25T04:28:22.021192Z
2023-11-24,7.0858001708984375,yahoo_query_or_equivalent_authorized_market_data_source,2026-06-25T04:28:22.021192Z
2023-11-27,7.081900119781494,yahoo_query_or_equivalent_authorized_market_data_source,2026-06-25T04:28:22.021192Z
2023-11-28,7.130300045013428,yahoo_query_or_equivalent_authorized_market_data_source,2026-06-25T04:28:22.021192Z
2023-11-29,7.063799858093262,yahoo_query_or_equivalent_authorized_market_data_source,2026-06-25T04:28:22.021192Z
2023-11-30,7.07889986038208,yahoo_query_or_equivalent_authorized_market_data_source,2026-06-25T04:28:22.021192Z
2023-12-01,7.075399875640869,yahoo_query_or_equivalent_authorized_market_data_source,2026-06-25T04:28:22.021192Z
2023-12-04,7.061800003051758,yahoo_query_or_equivalent_authorized_market_data_source,2026-06-25T04:28:22.021192Z
2023-12-05,7.135200023651123,yahoo_query_or_equivalent_authorized_market_data_source,2026-06-25T04:28:22.021192Z
2023-12-06,7.145599842071533,yahoo_query_or_equivalent_authorized_market_data_source,2026-06-25T04:28:22.021192Z
2023-12-07,7.144599914550781,yahoo_query_or_equivalent_authorized_market_data_source,2026-06-25T04:28:22.021192Z
2023-12-08,7.148799896240234,yahoo_query_or_equivalent_authorized_market_data_source,2026-06-25T04:28:22.021192Z
2023-12-11,7.1265997886657715,yahoo_query_or_equivalent_authorized_market_data_source,2026-06-25T04:28:22.021192Z
2023-12-12,7.174200057983398,yahoo_query_or_equivalent_authorized_market_data_source,2026-06-25T04:28:22.021192Z
2023-12-13,7.176000118255615,yahoo_query_or_equivalent_authorized_market_data_source,2026-06-25T04:28:22.021192Z
2023-12-14,7.1717000007629395,yahoo_query_or_equivalent_authorized_market_data_source,2026-06-25T04:28:22.021192Z
2023-12-15,7.066999912261963,yahoo_query_or_equivalent_authorized_market_data_source,2026-06-25T04:28:22.021192Z
2023-12-18,7.070499897003174,yahoo_query_or_equivalent_authorized_market_data_source,2026-06-25T04:28:22.021192Z
2023-12-19,7.131999969482422,yahoo_query_or_equivalent_authorized_market_data_source,2026-06-25T04:28:22.021192Z
2023-12-20,7.067599773406982,yahoo_query_or_equivalent_authorized_market_data_source,2026-06-25T04:28:22.021192Z
2023-12-21,7.134099960327148,yahoo_query_or_equivalent_authorized_market_data_source,2026-06-25T04:28:22.021192Z
2023-12-22,7.138500213623047,yahoo_query_or_equivalent_authorized_market_data_source,2026-06-25T04:28:22.021192Z
2023-12-25,7.0833001136779785,yahoo_query_or_equivalent_authorized_market_data_source,2026-06-25T04:28:22.021192Z
2023-12-26,7.135499954223633,yahoo_query_or_equivalent_authorized_market_data_source,2026-06-25T04:28:22.021192Z
2023-12-27,7.142399787902832,yahoo_query_or_equivalent_authorized_market_data_source,2026-06-25T04:28:22.021192Z
2023-12-28,7.140200138092041,yahoo_query_or_equivalent_authorized_market_data_source,2026-06-25T04:28:22.021192Z
2023-12-29,7.10699987411499,yahoo_query_or_equivalent_authorized_market_data_source,2026-06-25T04:28:22.021192Z
2024-01-01,7.068600177764893,yahoo_query_or_equivalent_authorized_market_data_source,2026-06-25T04:28:22.021192Z
2024-01-02,7.068600177764893,yahoo_query_or_equivalent_authorized_market_data_source,2026-06-25T04:28:22.021192Z
2024-01-03,7.089600086212158,yahoo_query_or_equivalent_authorized_market_data_source,2026-06-25T04:28:22.021192Z
2024-01-04,7.098899841308594,yahoo_query_or_equivalent_authorized_market_data_source,2026-06-25T04:28:22.021192Z
2024-01-05,7.110000133514404,yahoo_query_or_equivalent_authorized_market_data_source,2026-06-25T04:28:22.021192Z
2024-01-08,7.09250020980835,yahoo_query_or_equivalent_authorized_market_data_source,2026-06-25T04:28:22.021192Z
2024-01-09,7.090000152587891,yahoo_query_or_equivalent_authorized_market_data_source,2026-06-25T04:28:22.021192Z
2024-01-10,7.101600170135498,yahoo_query_or_equivalent_authorized_market_data_source,2026-06-25T04:28:22.021192Z
2024-01-11,7.170400142669678,yahoo_query_or_equivalent_authorized_market_data_source,2026-06-25T04:28:22.021192Z
2024-01-12,7.103099822998047,yahoo_query_or_equivalent_authorized_market_data_source,2026-06-25T04:28:22.021192Z
2024-01-15,7.100599765777588,yahoo_query_or_equivalent_authorized_market_data_source,2026-06-25T04:28:22.021192Z
2024-01-16,7.0970001220703125,yahoo_query_or_equivalent_authorized_market_data_source,2026-06-25T04:28:22.021192Z
2024-01-17,7.116499900817871,yahoo_query_or_equivalent_authorized_market_data_source,2026-06-25T04:28:22.021192Z
2024-01-18,7.114500045776367,yahoo_query_or_equivalent_authorized_market_data_source,2026-06-25T04:28:22.021192Z
2024-01-19,7.114999771118164,yahoo_query_or_equivalent_authorized_market_data_source,2026-06-25T04:28:22.021192Z
2024-01-22,7.107100009918213,yahoo_query_or_equivalent_authorized_market_data_source,2026-06-25T04:28:22.021192Z
2024-01-23,7.192699909210205,yahoo_query_or_equivalent_authorized_market_data_source,2026-06-25T04:28:22.021192Z
2024-01-24,7.077600002288818,yahoo_query_or_equivalent_authorized_market_data_source,2026-06-25T04:28:22.021192Z
2024-01-25,7.081999778747559,yahoo_query_or_equivalent_authorized_market_data_source,2026-06-25T04:28:22.021192Z
2024-01-26,7.081099987030029,yahoo_query_or_equivalent_authorized_market_data_source,2026-06-25T04:28:22.021192Z
2024-01-29,7.086599826812744,yahoo_query_or_equivalent_authorized_market_data_source,2026-06-25T04:28:22.021192Z
2024-01-30,7.084499835968018,yahoo_query_or_equivalent_authorized_market_data_source,2026-06-25T04:28:22.021192Z
2024-01-31,7.094099998474121,yahoo_query_or_equivalent_authorized_market_data_source,2026-06-25T04:28:22.021192Z
2024-02-01,7.1006999015808105,yahoo_query_or_equivalent_authorized_market_data_source,2026-06-25T04:28:22.021192Z
2024-02-02,7.088500022888184,yahoo_query_or_equivalent_authorized_market_data_source,2026-06-25T04:28:22.021192Z
2024-02-05,7.112599849700928,yahoo_query_or_equivalent_authorized_market_data_source,2026-06-25T04:28:22.021192Z
2024-02-06,7.108500003814697,yahoo_query_or_equivalent_authorized_market_data_source,2026-06-25T04:28:22.021192Z
2024-02-07,7.100100040435791,yahoo_query_or_equivalent_authorized_market_data_source,2026-06-25T04:28:22.021192Z
2024-02-08,7.101099967956543,yahoo_query_or_equivalent_authorized_market_data_source,2026-06-25T04:28:22.021192Z
2024-02-09,7.10699987411499,yahoo_query_or_equivalent_authorized_market_data_source,2026-06-25T04:28:22.021192Z
2024-02-12,7.178999900817871,yahoo_query_or_equivalent_authorized_market_data_source,2026-06-25T04:28:22.021192Z
2024-02-13,7.192200183868408,yahoo_query_or_equivalent_authorized_market_data_source,2026-06-25T04:28:22.021192Z
2024-02-14,7.188700199127197,yahoo_query_or_equivalent_authorized_market_data_source,2026-06-25T04:28:22.021192Z
2024-02-15,7.175899982452393,yahoo_query_or_equivalent_authorized_market_data_source,2026-06-25T04:28:22.021192Z
2024-02-16,7.163899898529053,yahoo_query_or_equivalent_authorized_market_data_source,2026-06-25T04:28:22.021192Z
2024-02-19,7.118599891662598,yahoo_query_or_equivalent_authorized_market_data_source,2026-06-25T04:28:22.021192Z
2024-02-20,7.197199821472168,yahoo_query_or_equivalent_authorized_market_data_source,2026-06-25T04:28:22.021192Z
2024-02-21,7.189700126647949,yahoo_query_or_equivalent_authorized_market_data_source,2026-06-25T04:28:22.021192Z
2024-02-22,7.1880998611450195,yahoo_query_or_equivalent_authorized_market_data_source,2026-06-25T04:28:22.021192Z
2024-02-23,7.193299770355225,yahoo_query_or_equivalent_authorized_market_data_source,2026-06-25T04:28:22.021192Z
2024-02-26,7.194399833679199,yahoo_query_or_equivalent_authorized_market_data_source,2026-06-25T04:28:22.021192Z
2024-02-27,7.196300029754639,yahoo_query_or_equivalent_authorized_market_data_source,2026-06-25T04:28:22.021192Z
2024-02-28,7.197400093078613,yahoo_query_or_equivalent_authorized_market_data_source,2026-06-25T04:28:22.021192Z
2024-02-29,7.196000099182129,yahoo_query_or_equivalent_authorized_market_data_source,2026-06-25T04:28:22.021192Z
2024-03-01,7.18720006942749,yahoo_query_or_equivalent_authorized_market_data_source,2026-06-25T04:28:22.021192Z
2024-03-04,7.195799827575684,yahoo_query_or_equivalent_authorized_market_data_source,2026-06-25T04:28:22.021192Z
2024-03-05,7.19890022277832,yahoo_query_or_equivalent_authorized_market_data_source,2026-06-25T04:28:22.021192Z
2024-03-06,7.196000099182129,yahoo_query_or_equivalent_authorized_market_data_source,2026-06-25T04:28:22.021192Z
2024-03-07,7.195899963378906,yahoo_query_or_equivalent_authorized_market_data_source,2026-06-25T04:28:22.021192Z
2024-03-08,7.192299842834473,yahoo_query_or_equivalent_authorized_market_data_source,2026-06-25T04:28:22.021192Z
2024-03-11,7.185200214385986,yahoo_query_or_equivalent_authorized_market_data_source,2026-06-25T04:28:22.021192Z
2024-03-12,7.183800220489502,yahoo_query_or_equivalent_authorized_market_data_source,2026-06-25T04:28:22.021192Z
2024-03-13,7.181000232696533,yahoo_query_or_equivalent_authorized_market_data_source,2026-06-25T04:28:22.021192Z
2024-03-14,7.186600208282471,yahoo_query_or_equivalent_authorized_market_data_source,2026-06-25T04:28:22.021192Z
2024-03-15,7.192200183868408,yahoo_query_or_equivalent_authorized_market_data_source,2026-06-25T04:28:22.021192Z
2024-03-18,7.195000171661377,yahoo_query_or_equivalent_authorized_market_data_source,2026-06-25T04:28:22.021192Z
2024-03-19,7.197199821472168,yahoo_query_or_equivalent_authorized_market_data_source,2026-06-25T04:28:22.021192Z
2024-03-20,7.197999954223633,yahoo_query_or_equivalent_authorized_market_data_source,2026-06-25T04:28:22.021192Z
2024-03-21,7.1975998878479,yahoo_query_or_equivalent_authorized_market_data_source,2026-06-25T04:28:22.021192Z
2024-03-22,7.198200225830078,yahoo_query_or_equivalent_authorized_market_data_source,2026-06-25T04:28:22.021192Z
2024-03-25,7.228099822998047,yahoo_query_or_equivalent_authorized_market_data_source,2026-06-25T04:28:22.021192Z
2024-03-26,7.208399772644043,yahoo_query_or_equivalent_authorized_market_data_source,2026-06-25T04:28:22.021192Z
2024-03-27,7.217700004577637,yahoo_query_or_equivalent_authorized_market_data_source,2026-06-25T04:28:22.021192Z
2024-03-28,7.225800037384033,yahoo_query_or_equivalent_authorized_market_data_source,2026-06-25T04:28:22.021192Z
2024-03-29,7.226500034332275,yahoo_query_or_equivalent_authorized_market_data_source,2026-06-25T04:28:22.021192Z
2024-03-31,7.220300197601318,yahoo_query_or_equivalent_authorized_market_data_source,2026-06-25T04:28:22.021192Z
2024-04-01,7.229700088500977,yahoo_query_or_equivalent_authorized_market_data_source,2026-06-25T04:28:22.021192Z
2024-04-02,7.232399940490723,yahoo_query_or_equivalent_authorized_market_data_source,2026-06-25T04:28:22.021192Z
2024-04-03,7.234399795532227,yahoo_query_or_equivalent_authorized_market_data_source,2026-06-25T04:28:22.021192Z
2024-04-04,7.23390007019043,yahoo_query_or_equivalent_authorized_market_data_source,2026-06-25T04:28:22.021192Z
2024-04-07,7.231400012969971,yahoo_query_or_equivalent_authorized_market_data_source,2026-06-25T04:28:22.021192Z
2024-04-08,7.229700088500977,yahoo_query_or_equivalent_authorized_market_data_source,2026-06-25T04:28:22.021192Z
2024-04-09,7.2307000160217285,yahoo_query_or_equivalent_authorized_market_data_source,2026-06-25T04:28:22.021192Z
2024-04-10,7.231500148773193,yahoo_query_or_equivalent_authorized_market_data_source,2026-06-25T04:28:22.021192Z
2024-04-11,7.235899925231934,yahoo_query_or_equivalent_authorized_market_data_source,2026-06-25T04:28:22.021192Z
2024-04-14,7.235599994659424,yahoo_query_or_equivalent_authorized_market_data_source,2026-06-25T04:28:22.021192Z
2024-04-15,7.236999988555908,yahoo_query_or_equivalent_authorized_market_data_source,2026-06-25T04:28:22.021192Z
2024-04-16,7.236199855804443,yahoo_query_or_equivalent_authorized_market_data_source,2026-06-25T04:28:22.021192Z
2024-04-17,7.237400054931641,yahoo_query_or_equivalent_authorized_market_data_source,2026-06-25T04:28:22.021192Z
2024-04-18,7.236700057983398,yahoo_query_or_equivalent_authorized_market_data_source,2026-06-25T04:28:22.021192Z
2024-04-21,7.2393999099731445,yahoo_query_or_equivalent_authorized_market_data_source,2026-06-25T04:28:22.021192Z
2024-04-22,7.242499828338623,yahoo_query_or_equivalent_authorized_market_data_source,2026-06-25T04:28:22.021192Z
2024-04-23,7.244500160217285,yahoo_query_or_equivalent_authorized_market_data_source,2026-06-25T04:28:22.021192Z
2024-04-24,7.244200229644775,yahoo_query_or_equivalent_authorized_market_data_source,2026-06-25T04:28:22.021192Z
2024-04-25,7.23859977722168,yahoo_query_or_equivalent_authorized_market_data_source,2026-06-25T04:28:22.021192Z
2024-04-28,7.24459981918335,yahoo_query_or_equivalent_authorized_market_data_source,2026-06-25T04:28:22.021192Z
2024-04-29,7.23769998550415,yahoo_query_or_equivalent_authorized_market_data_source,2026-06-25T04:28:22.021192Z
2024-04-30,7.240699768066406,yahoo_query_or_equivalent_authorized_market_data_source,2026-06-25T04:28:22.021192Z
2024-05-01,7.2399001121521,yahoo_query_or_equivalent_authorized_market_data_source,2026-06-25T04:28:22.021192Z
2024-05-02,7.238399982452393,yahoo_query_or_equivalent_authorized_market_data_source,2026-06-25T04:28:22.021192Z
2024-05-05,7.236199855804443,yahoo_query_or_equivalent_authorized_market_data_source,2026-06-25T04:28:22.021192Z
2024-05-06,7.208000183105469,yahoo_query_or_equivalent_authorized_market_data_source,2026-06-25T04:28:22.021192Z
2024-05-07,7.218400001525879,yahoo_query_or_equivalent_authorized_market_data_source,2026-06-25T04:28:22.021192Z
2024-05-08,7.223800182342529,yahoo_query_or_equivalent_authorized_market_data_source,2026-06-25T04:28:22.021192Z
2024-05-09,7.218699932098389,yahoo_query_or_equivalent_authorized_market_data_source,2026-06-25T04:28:22.021192Z
2024-05-12,7.225800037384033,yahoo_query_or_equivalent_authorized_market_data_source,2026-06-25T04:28:22.021192Z
2024-05-13,7.2322998046875,yahoo_query_or_equivalent_authorized_market_data_source,2026-06-25T04:28:22.021192Z
2024-05-14,7.2322998046875,yahoo_query_or_equivalent_authorized_market_data_source,2026-06-25T04:28:22.021192Z
2024-05-15,7.217700004577637,yahoo_query_or_equivalent_authorized_market_data_source,2026-06-25T04:28:22.021192Z
2024-05-16,7.2170000076293945,yahoo_query_or_equivalent_authorized_market_data_source,2026-06-25T04:28:22.021192Z
2024-05-19,7.222700119018555,yahoo_query_or_equivalent_authorized_market_data_source,2026-06-25T04:28:22.021192Z
2024-05-20,7.2316999435424805,yahoo_query_or_equivalent_authorized_market_data_source,2026-06-25T04:28:22.021192Z
2024-05-21,7.237599849700928,yahoo_query_or_equivalent_authorized_market_data_source,2026-06-25T04:28:22.021192Z
2024-05-22,7.240300178527832,yahoo_query_or_equivalent_authorized_market_data_source,2026-06-25T04:28:22.021192Z
2024-05-23,7.241499900817871,yahoo_query_or_equivalent_authorized_market_data_source,2026-06-25T04:28:22.021192Z
2024-05-26,7.241499900817871,yahoo_query_or_equivalent_authorized_market_data_source,2026-06-25T04:28:22.021192Z
2024-05-27,7.241499900817871,yahoo_query_or_equivalent_authorized_market_data_source,2026-06-25T04:28:22.021192Z
2024-05-28,7.244999885559082,yahoo_query_or_equivalent_authorized_market_data_source,2026-06-25T04:28:22.021192Z
2024-05-29,7.2494001388549805,yahoo_query_or_equivalent_authorized_market_data_source,2026-06-25T04:28:22.021192Z
2024-05-30,7.233500003814697,yahoo_query_or_equivalent_authorized_market_data_source,2026-06-25T04:28:22.021192Z
2024-06-02,7.241000175476074,yahoo_query_or_equivalent_authorized_market_data_source,2026-06-25T04:28:22.021192Z
2024-06-03,7.242000102996826,yahoo_query_or_equivalent_authorized_market_data_source,2026-06-25T04:28:22.021192Z
2024-06-04,7.242000102996826,yahoo_query_or_equivalent_authorized_market_data_source,2026-06-25T04:28:22.021192Z
2024-06-05,7.246699810028076,yahoo_query_or_equivalent_authorized_market_data_source,2026-06-25T04:28:22.021192Z
2024-06-06,7.244100093841553,yahoo_query_or_equivalent_authorized_market_data_source,2026-06-25T04:28:22.021192Z
2024-06-09,7.246799945831299,yahoo_query_or_equivalent_authorized_market_data_source,2026-06-25T04:28:22.021192Z
2024-06-10,7.246799945831299,yahoo_query_or_equivalent_authorized_market_data_source,2026-06-25T04:28:22.021192Z
2024-06-11,7.246699810028076,yahoo_query_or_equivalent_authorized_market_data_source,2026-06-25T04:28:22.021192Z
2024-06-12,7.238100051879883,yahoo_query_or_equivalent_authorized_market_data_source,2026-06-25T04:28:22.021192Z
2024-06-13,7.2515997886657715,yahoo_query_or_equivalent_authorized_market_data_source,2026-06-25T04:28:22.021192Z
2024-06-16,7.254300117492676,yahoo_query_or_equivalent_authorized_market_data_source,2026-06-25T04:28:22.021192Z
2024-06-17,7.255000114440918,yahoo_query_or_equivalent_authorized_market_data_source,2026-06-25T04:28:22.021192Z
2024-06-18,7.252699851989746,yahoo_query_or_equivalent_authorized_market_data_source,2026-06-25T04:28:22.021192Z
2024-06-19,7.25629997253418,yahoo_query_or_equivalent_authorized_market_data_source,2026-06-25T04:28:22.021192Z
2024-06-20,7.259099960327148,yahoo_query_or_equivalent_authorized_market_data_source,2026-06-25T04:28:22.021192Z
2024-06-23,7.259200096130371,yahoo_query_or_equivalent_authorized_market_data_source,2026-06-25T04:28:22.021192Z
2024-06-24,7.257699966430664,yahoo_query_or_equivalent_authorized_market_data_source,2026-06-25T04:28:22.021192Z
2024-06-25,7.26140022277832,yahoo_query_or_equivalent_authorized_market_data_source,2026-06-25T04:28:22.021192Z
2024-06-26,7.263500213623047,yahoo_query_or_equivalent_authorized_market_data_source,2026-06-25T04:28:22.021192Z
2024-06-27,7.267199993133545,yahoo_query_or_equivalent_authorized_market_data_source,2026-06-25T04:28:22.021192Z
2024-06-30,7.2657999992370605,yahoo_query_or_equivalent_authorized_market_data_source,2026-06-25T04:28:22.021192Z
2024-07-01,7.266900062561035,yahoo_query_or_equivalent_authorized_market_data_source,2026-06-25T04:28:22.021192Z
2024-07-02,7.269400119781494,yahoo_query_or_equivalent_authorized_market_data_source,2026-06-25T04:28:22.021192Z
2024-07-03,7.268599987030029,yahoo_query_or_equivalent_authorized_market_data_source,2026-06-25T04:28:22.021192Z
2024-07-04,7.2657999992370605,yahoo_query_or_equivalent_authorized_market_data_source,2026-06-25T04:28:22.021192Z
2024-07-07,7.2677998542785645,yahoo_query_or_equivalent_authorized_market_data_source,2026-06-25T04:28:22.021192Z
2024-07-08,7.267099857330322,yahoo_query_or_equivalent_authorized_market_data_source,2026-06-25T04:28:22.021192Z
2024-07-09,7.271699905395508,yahoo_query_or_equivalent_authorized_market_data_source,2026-06-25T04:28:22.021192Z
2024-07-10,7.274499893188477,yahoo_query_or_equivalent_authorized_market_data_source,2026-06-25T04:28:22.021192Z
2024-07-11,7.254799842834473,yahoo_query_or_equivalent_authorized_market_data_source,2026-06-25T04:28:22.021192Z
2024-07-14,7.2494001388549805,yahoo_query_or_equivalent_authorized_market_data_source,2026-06-25T04:28:22.021192Z
2024-07-15,7.258900165557861,yahoo_query_or_equivalent_authorized_market_data_source,2026-06-25T04:28:22.021192Z
2024-07-16,7.2606000900268555,yahoo_query_or_equivalent_authorized_market_data_source,2026-06-25T04:28:22.021192Z
2024-07-17,7.259399890899658,yahoo_query_or_equivalent_authorized_market_data_source,2026-06-25T04:28:22.021192Z
2024-07-18,7.258900165557861,yahoo_query_or_equivalent_authorized_market_data_source,2026-06-25T04:28:22.021192Z
2024-07-21,7.269000053405762,yahoo_query_or_equivalent_authorized_market_data_source,2026-06-25T04:28:22.021192Z
2024-07-22,7.27269983291626,yahoo_query_or_equivalent_authorized_market_data_source,2026-06-25T04:28:22.021192Z
2024-07-23,7.2743000984191895,yahoo_query_or_equivalent_authorized_market_data_source,2026-06-25T04:28:22.021192Z
2024-07-24,7.261199951171875,yahoo_query_or_equivalent_authorized_market_data_source,2026-06-25T04:28:22.021192Z
2024-07-25,7.230100154876709,yahoo_query_or_equivalent_authorized_market_data_source,2026-06-25T04:28:22.021192Z
2024-07-28,7.250100135803223,yahoo_query_or_equivalent_authorized_market_data_source,2026-06-25T04:28:22.021192Z
2024-07-29,7.258299827575684,yahoo_query_or_equivalent_authorized_market_data_source,2026-06-25T04:28:22.021192Z
2024-07-30,7.250699996948242,yahoo_query_or_equivalent_authorized_market_data_source,2026-06-25T04:28:22.021192Z
2024-07-31,7.217199802398682,yahoo_query_or_equivalent_authorized_market_data_source,2026-06-25T04:28:22.021192Z
2024-08-01,7.242800235748291,yahoo_query_or_equivalent_authorized_market_data_source,2026-06-25T04:28:22.021192Z
2024-08-04,7.157199859619141,yahoo_query_or_equivalent_authorized_market_data_source,2026-06-25T04:28:22.021192Z
2024-08-05,7.120200157165527,yahoo_query_or_equivalent_authorized_market_data_source,2026-06-25T04:28:22.021192Z
2024-08-06,7.156300067901611,yahoo_query_or_equivalent_authorized_market_data_source,2026-06-25T04:28:22.021192Z
2024-08-07,7.180300235748291,yahoo_query_or_equivalent_authorized_market_data_source,2026-06-25T04:28:22.021192Z
2024-08-08,7.173699855804443,yahoo_query_or_equivalent_authorized_market_data_source,2026-06-25T04:28:22.021192Z
2024-08-11,7.166299819946289,yahoo_query_or_equivalent_authorized_market_data_source,2026-06-25T04:28:22.021192Z
2024-08-12,7.173999786376953,yahoo_query_or_equivalent_authorized_market_data_source,2026-06-25T04:28:22.021192Z
2024-08-13,7.152900218963623,yahoo_query_or_equivalent_authorized_market_data_source,2026-06-25T04:28:22.021192Z
2024-08-14,7.13730001449585,yahoo_query_or_equivalent_authorized_market_data_source,2026-06-25T04:28:22.021192Z
2024-08-15,7.173399925231934,yahoo_query_or_equivalent_authorized_market_data_source,2026-06-25T04:28:22.021192Z
2024-08-18,7.164000034332275,yahoo_query_or_equivalent_authorized_market_data_source,2026-06-25T04:28:22.021192Z
2024-08-19,7.140500068664551,yahoo_query_or_equivalent_authorized_market_data_source,2026-06-25T04:28:22.021192Z
2024-08-20,7.131999969482422,yahoo_query_or_equivalent_authorized_market_data_source,2026-06-25T04:28:22.021192Z
2024-08-21,7.131800174713135,yahoo_query_or_equivalent_authorized_market_data_source,2026-06-25T04:28:22.021192Z
2024-08-22,7.144400119781494,yahoo_query_or_equivalent_authorized_market_data_source,2026-06-25T04:28:22.021192Z
2024-08-25,7.124000072479248,yahoo_query_or_equivalent_authorized_market_data_source,2026-06-25T04:28:22.021192Z
2024-08-26,7.118100166320801,yahoo_query_or_equivalent_authorized_market_data_source,2026-06-25T04:28:22.021192Z
2024-08-27,7.1230998039245605,yahoo_query_or_equivalent_authorized_market_data_source,2026-06-25T04:28:22.021192Z
2024-08-28,7.124300003051758,yahoo_query_or_equivalent_authorized_market_data_source,2026-06-25T04:28:22.021192Z
2024-08-29,7.0954999923706055,yahoo_query_or_equivalent_authorized_market_data_source,2026-06-25T04:28:22.021192Z
2024-09-01,7.092100143432617,yahoo_query_or_equivalent_authorized_market_data_source,2026-06-25T04:28:22.021192Z
2024-09-02,7.116600036621094,yahoo_query_or_equivalent_authorized_market_data_source,2026-06-25T04:28:22.021192Z
2024-09-03,7.1203999519348145,yahoo_query_or_equivalent_authorized_market_data_source,2026-06-25T04:28:22.021192Z
2024-09-04,7.1118998527526855,yahoo_query_or_equivalent_authorized_market_data_source,2026-06-25T04:28:22.021192Z
2024-09-05,7.091300010681152,yahoo_query_or_equivalent_authorized_market_data_source,2026-06-25T04:28:22.021192Z
2024-09-08,7.087900161743164,yahoo_query_or_equivalent_authorized_market_data_source,2026-06-25T04:28:22.021192Z
2024-09-09,7.11359977722168,yahoo_query_or_equivalent_authorized_market_data_source,2026-06-25T04:28:22.021192Z
2024-09-10,7.120800018310547,yahoo_query_or_equivalent_authorized_market_data_source,2026-06-25T04:28:22.021192Z
2024-09-11,7.119699954986572,yahoo_query_or_equivalent_authorized_market_data_source,2026-06-25T04:28:22.021192Z
2024-09-12,7.116600036621094,yahoo_query_or_equivalent_authorized_market_data_source,2026-06-25T04:28:22.021192Z
2024-09-15,7.092700004577637,yahoo_query_or_equivalent_authorized_market_data_source,2026-06-25T04:28:22.021192Z
2024-09-16,7.09250020980835,yahoo_query_or_equivalent_authorized_market_data_source,2026-06-25T04:28:22.021192Z
2024-09-17,7.09250020980835,yahoo_query_or_equivalent_authorized_market_data_source,2026-06-25T04:28:22.021192Z
2024-09-18,7.080999851226807,yahoo_query_or_equivalent_authorized_market_data_source,2026-06-25T04:28:22.021192Z
2024-09-19,7.066999912261963,yahoo_query_or_equivalent_authorized_market_data_source,2026-06-25T04:28:22.021192Z
2024-09-22,7.050899982452393,yahoo_query_or_equivalent_authorized_market_data_source,2026-06-25T04:28:22.021192Z
2024-09-23,7.051300048828125,yahoo_query_or_equivalent_authorized_market_data_source,2026-06-25T04:28:22.021192Z
2024-09-24,7.030200004577637,yahoo_query_or_equivalent_authorized_market_data_source,2026-06-25T04:28:22.021192Z
2024-09-25,7.032299995422363,yahoo_query_or_equivalent_authorized_market_data_source,2026-06-25T04:28:22.021192Z
2024-09-26,7.008999824523926,yahoo_query_or_equivalent_authorized_market_data_source,2026-06-25T04:28:22.021192Z
2024-09-29,7.010300159454346,yahoo_query_or_equivalent_authorized_market_data_source,2026-06-25T04:28:22.021192Z
2024-09-30,7.017499923706055,yahoo_query_or_equivalent_authorized_market_data_source,2026-06-25T04:28:22.021192Z
2024-10-01,7.030399799346924,yahoo_query_or_equivalent_authorized_market_data_source,2026-06-25T04:28:22.021192Z
2024-10-02,7.037700176239014,yahoo_query_or_equivalent_authorized_market_data_source,2026-06-25T04:28:22.021192Z
2024-10-03,7.045100212097168,yahoo_query_or_equivalent_authorized_market_data_source,2026-06-25T04:28:22.021192Z
2024-10-06,7.017499923706055,yahoo_query_or_equivalent_authorized_market_data_source,2026-06-25T04:28:22.021192Z
2024-10-07,7.019100189208984,yahoo_query_or_equivalent_authorized_market_data_source,2026-06-25T04:28:22.021192Z
2024-10-08,7.057799816131592,yahoo_query_or_equivalent_authorized_market_data_source,2026-06-25T04:28:22.021192Z
2024-10-09,7.080100059509277,yahoo_query_or_equivalent_authorized_market_data_source,2026-06-25T04:28:22.021192Z
2024-10-10,7.080100059509277,yahoo_query_or_equivalent_authorized_market_data_source,2026-06-25T04:28:22.021192Z
2024-10-13,7.065199851989746,yahoo_query_or_equivalent_authorized_market_data_source,2026-06-25T04:28:22.021192Z
2024-10-14,7.087200164794922,yahoo_query_or_equivalent_authorized_market_data_source,2026-06-25T04:28:22.021192Z
2024-10-15,7.117800235748291,yahoo_query_or_equivalent_authorized_market_data_source,2026-06-25T04:28:22.021192Z
2024-10-16,7.1184000968933105,yahoo_query_or_equivalent_authorized_market_data_source,2026-06-25T04:28:22.021192Z
2024-10-17,7.123000144958496,yahoo_query_or_equivalent_authorized_market_data_source,2026-06-25T04:28:22.021192Z
2024-10-20,7.100800037384033,yahoo_query_or_equivalent_authorized_market_data_source,2026-06-25T04:28:22.021192Z
2024-10-21,7.118000030517578,yahoo_query_or_equivalent_authorized_market_data_source,2026-06-25T04:28:22.021192Z
2024-10-22,7.121699810028076,yahoo_query_or_equivalent_authorized_market_data_source,2026-06-25T04:28:22.021192Z
2024-10-23,7.12529993057251,yahoo_query_or_equivalent_authorized_market_data_source,2026-06-25T04:28:22.021192Z
2024-10-24,7.11870002746582,yahoo_query_or_equivalent_authorized_market_data_source,2026-06-25T04:28:22.021192Z
2024-10-28,7.120100021362305,yahoo_query_or_equivalent_authorized_market_data_source,2026-06-25T04:28:22.021192Z
2024-10-29,7.127500057220459,yahoo_query_or_equivalent_authorized_market_data_source,2026-06-25T04:28:22.021192Z
2024-10-30,7.130099773406982,yahoo_query_or_equivalent_authorized_market_data_source,2026-06-25T04:28:22.021192Z
2024-10-31,7.114799976348877,yahoo_query_or_equivalent_authorized_market_data_source,2026-06-25T04:28:22.021192Z
2024-11-01,7.118500232696533,yahoo_query_or_equivalent_authorized_market_data_source,2026-06-25T04:28:22.021192Z
2024-11-04,7.121699810028076,yahoo_query_or_equivalent_authorized_market_data_source,2026-06-25T04:28:22.021192Z
2024-11-05,7.097799777984619,yahoo_query_or_equivalent_authorized_market_data_source,2026-06-25T04:28:22.021192Z
2024-11-06,7.102200031280518,yahoo_query_or_equivalent_authorized_market_data_source,2026-06-25T04:28:22.021192Z
2024-11-07,7.1768999099731445,yahoo_query_or_equivalent_authorized_market_data_source,2026-06-25T04:28:22.021192Z
2024-11-08,7.141200065612793,yahoo_query_or_equivalent_authorized_market_data_source,2026-06-25T04:28:22.021192Z
2024-11-11,7.178199768066406,yahoo_query_or_equivalent_authorized_market_data_source,2026-06-25T04:28:22.021192Z
2024-11-12,7.211100101470947,yahoo_query_or_equivalent_authorized_market_data_source,2026-06-25T04:28:22.021192Z
2024-11-13,7.231599807739258,yahoo_query_or_equivalent_authorized_market_data_source,2026-06-25T04:28:22.021192Z
2024-11-14,7.223499774932861,yahoo_query_or_equivalent_authorized_market_data_source,2026-06-25T04:28:22.021192Z
2024-11-15,7.2291998863220215,yahoo_query_or_equivalent_authorized_market_data_source,2026-06-25T04:28:22.021192Z
2024-11-18,7.230999946594238,yahoo_query_or_equivalent_authorized_market_data_source,2026-06-25T04:28:22.021192Z
2024-11-19,7.235400199890137,yahoo_query_or_equivalent_authorized_market_data_source,2026-06-25T04:28:22.021192Z
2024-11-20,7.238100051879883,yahoo_query_or_equivalent_authorized_market_data_source,2026-06-25T04:28:22.021192Z
2024-11-21,7.24399995803833,yahoo_query_or_equivalent_authorized_market_data_source,2026-06-25T04:28:22.021192Z
2024-11-22,7.233699798583984,yahoo_query_or_equivalent_authorized_market_data_source,2026-06-25T04:28:22.021192Z
2024-11-25,7.242000102996826,yahoo_query_or_equivalent_authorized_market_data_source,2026-06-25T04:28:22.021192Z
2024-11-26,7.239500045776367,yahoo_query_or_equivalent_authorized_market_data_source,2026-06-25T04:28:22.021192Z
2024-11-27,7.251999855041504,yahoo_query_or_equivalent_authorized_market_data_source,2026-06-25T04:28:22.021192Z
2024-11-28,7.246200084686279,yahoo_query_or_equivalent_authorized_market_data_source,2026-06-25T04:28:22.021192Z
2024-11-29,7.2428998947143555,yahoo_query_or_equivalent_authorized_market_data_source,2026-06-25T04:28:22.021192Z
2024-12-02,7.240699768066406,yahoo_query_or_equivalent_authorized_market_data_source,2026-06-25T04:28:22.021192Z
2024-12-03,7.270899772644043,yahoo_query_or_equivalent_authorized_market_data_source,2026-06-25T04:28:22.021192Z
2024-12-04,7.28380012512207,yahoo_query_or_equivalent_authorized_market_data_source,2026-06-25T04:28:22.021192Z
2024-12-05,7.263000011444092,yahoo_query_or_equivalent_authorized_market_data_source,2026-06-25T04:28:22.021192Z
2024-12-06,7.259200096130371,yahoo_query_or_equivalent_authorized_market_data_source,2026-06-25T04:28:22.021192Z
2024-12-09,7.2692999839782715,yahoo_query_or_equivalent_authorized_market_data_source,2026-06-25T04:28:22.021192Z
2024-12-10,7.259500026702881,yahoo_query_or_equivalent_authorized_market_data_source,2026-06-25T04:28:22.021192Z
2024-12-11,7.248700141906738,yahoo_query_or_equivalent_authorized_market_data_source,2026-06-25T04:28:22.021192Z
2024-12-12,7.261099815368652,yahoo_query_or_equivalent_authorized_market_data_source,2026-06-25T04:28:22.021192Z
2024-12-13,7.267600059509277,yahoo_query_or_equivalent_authorized_market_data_source,2026-06-25T04:28:22.021192Z
2024-12-16,7.275100231170654,yahoo_query_or_equivalent_authorized_market_data_source,2026-06-25T04:28:22.021192Z
2024-12-17,7.282400131225586,yahoo_query_or_equivalent_authorized_market_data_source,2026-06-25T04:28:22.021192Z
2024-12-18,7.284599781036377,yahoo_query_or_equivalent_authorized_market_data_source,2026-06-25T04:28:22.021192Z
2024-12-19,7.285399913787842,yahoo_query_or_equivalent_authorized_market_data_source,2026-06-25T04:28:22.021192Z
2024-12-20,7.295400142669678,yahoo_query_or_equivalent_authorized_market_data_source,2026-06-25T04:28:22.021192Z
2024-12-23,7.295400142669678,yahoo_query_or_equivalent_authorized_market_data_source,2026-06-25T04:28:22.021192Z
2024-12-24,7.296999931335449,yahoo_query_or_equivalent_authorized_market_data_source,2026-06-25T04:28:22.021192Z
2024-12-25,7.294600009918213,yahoo_query_or_equivalent_authorized_market_data_source,2026-06-25T04:28:22.021192Z
2024-12-26,7.2972002029418945,yahoo_query_or_equivalent_authorized_market_data_source,2026-06-25T04:28:22.021192Z
2024-12-27,7.297299861907959,yahoo_query_or_equivalent_authorized_market_data_source,2026-06-25T04:28:22.021192Z
2024-12-30,7.297800064086914,yahoo_query_or_equivalent_authorized_market_data_source,2026-06-25T04:28:22.021192Z
2024-12-31,7.298099994659424,yahoo_query_or_equivalent_authorized_market_data_source,2026-06-25T04:28:22.021192Z
2025-01-02,7.298099994659424,yahoo_query_or_equivalent_authorized_market_data_source,2026-06-25T04:28:22.021192Z
2025-01-03,7.298600196838379,yahoo_query_or_equivalent_authorized_market_data_source,2026-06-25T04:28:22.021192Z
2025-01-06,7.3196001052856445,yahoo_query_or_equivalent_authorized_market_data_source,2026-06-25T04:28:22.021192Z
2025-01-07,7.322299957275391,yahoo_query_or_equivalent_authorized_market_data_source,2026-06-25T04:28:22.021192Z
2025-01-08,7.326399803161621,yahoo_query_or_equivalent_authorized_market_data_source,2026-06-25T04:28:22.021192Z
2025-01-09,7.331500053405762,yahoo_query_or_equivalent_authorized_market_data_source,2026-06-25T04:28:22.021192Z
2025-01-10,7.332099914550781,yahoo_query_or_equivalent_authorized_market_data_source,2026-06-25T04:28:22.021192Z
2025-01-13,7.331699848175049,yahoo_query_or_equivalent_authorized_market_data_source,2026-06-25T04:28:22.021192Z
2025-01-14,7.329800128936768,yahoo_query_or_equivalent_authorized_market_data_source,2026-06-25T04:28:22.021192Z
2025-01-15,7.330900192260742,yahoo_query_or_equivalent_authorized_market_data_source,2026-06-25T04:28:22.021192Z
2025-01-16,7.330100059509277,yahoo_query_or_equivalent_authorized_market_data_source,2026-06-25T04:28:22.021192Z
2025-01-17,7.330999851226807,yahoo_query_or_equivalent_authorized_market_data_source,2026-06-25T04:28:22.021192Z
2025-01-20,7.323999881744385,yahoo_query_or_equivalent_authorized_market_data_source,2026-06-25T04:28:22.021192Z
2025-01-21,7.313300132751465,yahoo_query_or_equivalent_authorized_market_data_source,2026-06-25T04:28:22.021192Z
2025-01-22,7.271200180053711,yahoo_query_or_equivalent_authorized_market_data_source,2026-06-25T04:28:22.021192Z
2025-01-23,7.271200180053711,yahoo_query_or_equivalent_authorized_market_data_source,2026-06-25T04:28:22.021192Z
2025-01-24,7.286200046539307,yahoo_query_or_equivalent_authorized_market_data_source,2026-06-25T04:28:22.021192Z
2025-01-27,7.243100166320801,yahoo_query_or_equivalent_authorized_market_data_source,2026-06-25T04:28:22.021192Z
2025-01-28,7.250699996948242,yahoo_query_or_equivalent_authorized_market_data_source,2026-06-25T04:28:22.021192Z
2025-01-29,7.250199794769287,yahoo_query_or_equivalent_authorized_market_data_source,2026-06-25T04:28:22.021192Z
2025-01-30,7.169000148773193,yahoo_query_or_equivalent_authorized_market_data_source,2026-06-25T04:28:22.021192Z
2025-01-31,7.1809000968933105,yahoo_query_or_equivalent_authorized_market_data_source,2026-06-25T04:28:22.021192Z
2025-02-03,7.185800075531006,yahoo_query_or_equivalent_authorized_market_data_source,2026-06-25T04:28:22.021192Z
2025-02-04,7.195000171661377,yahoo_query_or_equivalent_authorized_market_data_source,2026-06-25T04:28:22.021192Z
2025-02-05,7.1819000244140625,yahoo_query_or_equivalent_authorized_market_data_source,2026-06-25T04:28:22.021192Z
2025-02-06,7.270500183105469,yahoo_query_or_equivalent_authorized_market_data_source,2026-06-25T04:28:22.021192Z
2025-02-07,7.287799835205078,yahoo_query_or_equivalent_authorized_market_data_source,2026-06-25T04:28:22.021192Z
2025-02-10,7.286799907684326,yahoo_query_or_equivalent_authorized_market_data_source,2026-06-25T04:28:22.021192Z
2025-02-11,7.304500102996826,yahoo_query_or_equivalent_authorized_market_data_source,2026-06-25T04:28:22.021192Z
2025-02-12,7.307199954986572,yahoo_query_or_equivalent_authorized_market_data_source,2026-06-25T04:28:22.021192Z
2025-02-13,7.308800220489502,yahoo_query_or_equivalent_authorized_market_data_source,2026-06-25T04:28:22.021192Z
2025-02-14,7.28879976272583,yahoo_query_or_equivalent_authorized_market_data_source,2026-06-25T04:28:22.021192Z
2025-02-17,7.252999782562256,yahoo_query_or_equivalent_authorized_market_data_source,2026-06-25T04:28:22.021192Z
2025-02-18,7.252999782562256,yahoo_query_or_equivalent_authorized_market_data_source,2026-06-25T04:28:22.021192Z
2025-02-19,7.278600215911865,yahoo_query_or_equivalent_authorized_market_data_source,2026-06-25T04:28:22.021192Z
2025-02-20,7.283299922943115,yahoo_query_or_equivalent_authorized_market_data_source,2026-06-25T04:28:22.021192Z
2025-02-21,7.255499839782715,yahoo_query_or_equivalent_authorized_market_data_source,2026-06-25T04:28:22.021192Z
2025-02-24,7.25,yahoo_query_or_equivalent_authorized_market_data_source,2026-06-25T04:28:22.021192Z
2025-02-25,7.247600078582764,yahoo_query_or_equivalent_authorized_market_data_source,2026-06-25T04:28:22.021192Z
2025-02-26,7.247600078582764,yahoo_query_or_equivalent_authorized_market_data_source,2026-06-25T04:28:22.021192Z
2025-02-27,7.257999897003174,yahoo_query_or_equivalent_authorized_market_data_source,2026-06-25T04:28:22.021192Z
2025-02-28,7.285299777984619,yahoo_query_or_equivalent_authorized_market_data_source,2026-06-25T04:28:22.021192Z
2025-03-03,7.282800197601318,yahoo_query_or_equivalent_authorized_market_data_source,2026-06-25T04:28:22.021192Z
2025-03-04,7.284299850463867,yahoo_query_or_equivalent_authorized_market_data_source,2026-06-25T04:28:22.021192Z
2025-03-05,7.265100002288818,yahoo_query_or_equivalent_authorized_market_data_source,2026-06-25T04:28:22.021192Z
2025-03-06,7.2505998611450195,yahoo_query_or_equivalent_authorized_market_data_source,2026-06-25T04:28:22.021192Z
2025-03-07,7.2505998611450195,yahoo_query_or_equivalent_authorized_market_data_source,2026-06-25T04:28:22.021192Z
2025-03-10,7.234000205993652,yahoo_query_or_equivalent_authorized_market_data_source,2026-06-25T04:28:22.021192Z
2025-03-11,7.259099960327148,yahoo_query_or_equivalent_authorized_market_data_source,2026-06-25T04:28:22.021192Z
2025-03-12,7.259099960327148,yahoo_query_or_equivalent_authorized_market_data_source,2026-06-25T04:28:22.021192Z
2025-03-13,7.237100124359131,yahoo_query_or_equivalent_authorized_market_data_source,2026-06-25T04:28:22.021192Z
2025-03-14,7.237100124359131,yahoo_query_or_equivalent_authorized_market_data_source,2026-06-25T04:28:22.021192Z
2025-03-17,7.237100124359131,yahoo_query_or_equivalent_authorized_market_data_source,2026-06-25T04:28:22.021192Z
2025-03-18,7.232699871063232,yahoo_query_or_equivalent_authorized_market_data_source,2026-06-25T04:28:22.021192Z
2025-03-19,7.22730016708374,yahoo_query_or_equivalent_authorized_market_data_source,2026-06-25T04:28:22.021192Z
2025-03-20,7.230000019073486,yahoo_query_or_equivalent_authorized_market_data_source,2026-06-25T04:28:22.021192Z
2025-03-21,7.247700214385986,yahoo_query_or_equivalent_authorized_market_data_source,2026-06-25T04:28:22.021192Z
2025-03-24,7.248499870300293,yahoo_query_or_equivalent_authorized_market_data_source,2026-06-25T04:28:22.021192Z
2025-03-25,7.252999782562256,yahoo_query_or_equivalent_authorized_market_data_source,2026-06-25T04:28:22.021192Z
2025-03-26,7.256899833679199,yahoo_query_or_equivalent_authorized_market_data_source,2026-06-25T04:28:22.021192Z
2025-03-27,7.256899833679199,yahoo_query_or_equivalent_authorized_market_data_source,2026-06-25T04:28:22.021192Z
2025-03-28,7.263299942016602,yahoo_query_or_equivalent_authorized_market_data_source,2026-06-25T04:28:22.021192Z
2025-03-30,7.262800216674805,yahoo_query_or_equivalent_authorized_market_data_source,2026-06-25T04:28:22.021192Z
2025-03-31,7.256700038909912,yahoo_query_or_equivalent_authorized_market_data_source,2026-06-25T04:28:22.021192Z
2025-04-01,7.269700050354004,yahoo_query_or_equivalent_authorized_market_data_source,2026-06-25T04:28:22.021192Z
2025-04-02,7.267499923706055,yahoo_query_or_equivalent_authorized_market_data_source,2026-06-25T04:28:22.021192Z
2025-04-03,7.267499923706055,yahoo_query_or_equivalent_authorized_market_data_source,2026-06-25T04:28:22.021192Z
2025-04-06,7.281300067901611,yahoo_query_or_equivalent_authorized_market_data_source,2026-06-25T04:28:22.021192Z
2025-04-07,7.30810022354126,yahoo_query_or_equivalent_authorized_market_data_source,2026-06-25T04:28:22.021192Z
2025-04-08,7.338799953460693,yahoo_query_or_equivalent_authorized_market_data_source,2026-06-25T04:28:22.021192Z
2025-04-09,7.349999904632568,yahoo_query_or_equivalent_authorized_market_data_source,2026-06-25T04:28:22.021192Z
2025-04-10,7.314000129699707,yahoo_query_or_equivalent_authorized_market_data_source,2026-06-25T04:28:22.021192Z
2025-04-13,7.291600227355957,yahoo_query_or_equivalent_authorized_market_data_source,2026-06-25T04:28:22.021192Z
2025-04-14,7.3119001388549805,yahoo_query_or_equivalent_authorized_market_data_source,2026-06-25T04:28:22.021192Z
2025-04-15,7.3119001388549805,yahoo_query_or_equivalent_authorized_market_data_source,2026-06-25T04:28:22.021192Z
2025-04-16,7.3119001388549805,yahoo_query_or_equivalent_authorized_market_data_source,2026-06-25T04:28:22.021192Z
2025-04-21,7.298999786376953,yahoo_query_or_equivalent_authorized_market_data_source,2026-06-25T04:28:22.021192Z
2025-04-22,7.311800003051758,yahoo_query_or_equivalent_authorized_market_data_source,2026-06-25T04:28:22.021192Z
2025-04-23,7.285999774932861,yahoo_query_or_equivalent_authorized_market_data_source,2026-06-25T04:28:22.021192Z
2025-04-24,7.285999774932861,yahoo_query_or_equivalent_authorized_market_data_source,2026-06-25T04:28:22.021192Z
2025-04-27,7.286399841308594,yahoo_query_or_equivalent_authorized_market_data_source,2026-06-25T04:28:22.021192Z
2025-04-28,7.294000148773193,yahoo_query_or_equivalent_authorized_market_data_source,2026-06-25T04:28:22.021192Z
2025-04-29,7.269000053405762,yahoo_query_or_equivalent_authorized_market_data_source,2026-06-25T04:28:22.021192Z
2025-04-30,7.270599842071533,yahoo_query_or_equivalent_authorized_market_data_source,2026-06-25T04:28:22.021192Z
2025-05-01,7.270599842071533,yahoo_query_or_equivalent_authorized_market_data_source,2026-06-25T04:28:22.021192Z
2025-05-04,7.270599842071533,yahoo_query_or_equivalent_authorized_market_data_source,2026-06-25T04:28:22.021192Z
2025-05-05,7.269999980926514,yahoo_query_or_equivalent_authorized_market_data_source,2026-06-25T04:28:22.021192Z
2025-05-06,7.216300010681152,yahoo_query_or_equivalent_authorized_market_data_source,2026-06-25T04:28:22.021192Z
2025-05-07,7.225200176239014,yahoo_query_or_equivalent_authorized_market_data_source,2026-06-25T04:28:22.021192Z
2025-05-08,7.225200176239014,yahoo_query_or_equivalent_authorized_market_data_source,2026-06-25T04:28:22.021192Z
2025-05-11,7.236299991607666,yahoo_query_or_equivalent_authorized_market_data_source,2026-06-25T04:28:22.021192Z
2025-05-12,7.2017998695373535,yahoo_query_or_equivalent_authorized_market_data_source,2026-06-25T04:28:22.021192Z
2025-05-13,7.205699920654297,yahoo_query_or_equivalent_authorized_market_data_source,2026-06-25T04:28:22.021192Z
2025-05-14,7.205699920654297,yahoo_query_or_equivalent_authorized_market_data_source,2026-06-25T04:28:22.021192Z
2025-05-15,7.206500053405762,yahoo_query_or_equivalent_authorized_market_data_source,2026-06-25T04:28:22.021192Z
2025-05-18,7.209000110626221,yahoo_query_or_equivalent_authorized_market_data_source,2026-06-25T04:28:22.021192Z
2025-05-19,7.209000110626221,yahoo_query_or_equivalent_authorized_market_data_source,2026-06-25T04:28:22.021192Z
2025-05-20,7.219399929046631,yahoo_query_or_equivalent_authorized_market_data_source,2026-06-25T04:28:22.021192Z
2025-05-21,7.201900005340576,yahoo_query_or_equivalent_authorized_market_data_source,2026-06-25T04:28:22.021192Z
2025-05-22,7.203700065612793,yahoo_query_or_equivalent_authorized_market_data_source,2026-06-25T04:28:22.021192Z
2025-05-25,7.203700065612793,yahoo_query_or_equivalent_authorized_market_data_source,2026-06-25T04:28:22.021192Z
2025-05-26,7.203700065612793,yahoo_query_or_equivalent_authorized_market_data_source,2026-06-25T04:28:22.021192Z
2025-05-27,7.203700065612793,yahoo_query_or_equivalent_authorized_market_data_source,2026-06-25T04:28:22.021192Z
2025-05-28,7.203700065612793,yahoo_query_or_equivalent_authorized_market_data_source,2026-06-25T04:28:22.021192Z
2025-05-29,7.203700065612793,yahoo_query_or_equivalent_authorized_market_data_source,2026-06-25T04:28:22.021192Z
2025-06-01,7.203700065612793,yahoo_query_or_equivalent_authorized_market_data_source,2026-06-25T04:28:22.021192Z
2025-06-02,7.203700065612793,yahoo_query_or_equivalent_authorized_market_data_source,2026-06-25T04:28:22.021192Z
2025-06-03,7.203700065612793,yahoo_query_or_equivalent_authorized_market_data_source,2026-06-25T04:28:22.021192Z
2025-06-04,7.203700065612793,yahoo_query_or_equivalent_authorized_market_data_source,2026-06-25T04:28:22.021192Z
2025-06-05,7.175000190734863,yahoo_query_or_equivalent_authorized_market_data_source,2026-06-25T04:28:22.021192Z
2025-06-08,7.188600063323975,yahoo_query_or_equivalent_authorized_market_data_source,2026-06-25T04:28:22.021192Z
2025-06-09,7.180200099945068,yahoo_query_or_equivalent_authorized_market_data_source,2026-06-25T04:28:22.021192Z
2025-06-10,7.180200099945068,yahoo_query_or_equivalent_authorized_market_data_source,2026-06-25T04:28:22.021192Z
2025-06-11,7.192800045013428,yahoo_query_or_equivalent_authorized_market_data_source,2026-06-25T04:28:22.021192Z
2025-06-12,7.192800045013428,yahoo_query_or_equivalent_authorized_market_data_source,2026-06-25T04:28:22.021192Z
2025-06-15,7.181000232696533,yahoo_query_or_equivalent_authorized_market_data_source,2026-06-25T04:28:22.021192Z
2025-06-16,7.178999900817871,yahoo_query_or_equivalent_authorized_market_data_source,2026-06-25T04:28:22.021192Z
2025-06-17,7.184500217437744,yahoo_query_or_equivalent_authorized_market_data_source,2026-06-25T04:28:22.021192Z
2025-06-18,7.188799858093262,yahoo_query_or_equivalent_authorized_market_data_source,2026-06-25T04:28:22.021192Z
2025-06-19,7.188000202178955,yahoo_query_or_equivalent_authorized_market_data_source,2026-06-25T04:28:22.021192Z
2025-06-22,7.188000202178955,yahoo_query_or_equivalent_authorized_market_data_source,2026-06-25T04:28:22.021192Z
2025-06-23,7.178999900817871,yahoo_query_or_equivalent_authorized_market_data_source,2026-06-25T04:28:22.021192Z
2025-06-24,7.171299934387207,yahoo_query_or_equivalent_authorized_market_data_source,2026-06-25T04:28:22.021192Z
2025-06-25,7.176400184631348,yahoo_query_or_equivalent_authorized_market_data_source,2026-06-25T04:28:22.021192Z
2025-06-26,7.167500019073486,yahoo_query_or_equivalent_authorized_market_data_source,2026-06-25T04:28:22.021192Z
2025-06-29,7.172100067138672,yahoo_query_or_equivalent_authorized_market_data_source,2026-06-25T04:28:22.021192Z
2025-06-30,7.163599967956543,yahoo_query_or_equivalent_authorized_market_data_source,2026-06-25T04:28:22.021192Z
2025-07-01,7.1645002365112305,yahoo_query_or_equivalent_authorized_market_data_source,2026-06-25T04:28:22.021192Z
2025-07-02,7.164899826049805,yahoo_query_or_equivalent_authorized_market_data_source,2026-06-25T04:28:22.021192Z
2025-07-03,7.164899826049805,yahoo_query_or_equivalent_authorized_market_data_source,2026-06-25T04:28:22.021192Z
2025-07-06,7.164899826049805,yahoo_query_or_equivalent_authorized_market_data_source,2026-06-25T04:28:22.021192Z
2025-07-07,7.1743998527526855,yahoo_query_or_equivalent_authorized_market_data_source,2026-06-25T04:28:22.021192Z
2025-07-08,7.173799991607666,yahoo_query_or_equivalent_authorized_market_data_source,2026-06-25T04:28:22.021192Z
2025-07-09,7.179999828338623,yahoo_query_or_equivalent_authorized_market_data_source,2026-06-25T04:28:22.021192Z
2025-07-10,7.174799919128418,yahoo_query_or_equivalent_authorized_market_data_source,2026-06-25T04:28:22.021192Z
2025-07-13,7.168099880218506,yahoo_query_or_equivalent_authorized_market_data_source,2026-06-25T04:28:22.021192Z
2025-07-14,7.166999816894531,yahoo_query_or_equivalent_authorized_market_data_source,2026-06-25T04:28:22.021192Z
2025-07-15,7.172900199890137,yahoo_query_or_equivalent_authorized_market_data_source,2026-06-25T04:28:22.021192Z
2025-07-16,7.178500175476074,yahoo_query_or_equivalent_authorized_market_data_source,2026-06-25T04:28:22.021192Z
2025-07-17,7.183199882507324,yahoo_query_or_equivalent_authorized_market_data_source,2026-06-25T04:28:22.021192Z
2025-07-20,7.177700042724609,yahoo_query_or_equivalent_authorized_market_data_source,2026-06-25T04:28:22.021192Z
2025-07-21,7.17549991607666,yahoo_query_or_equivalent_authorized_market_data_source,2026-06-25T04:28:22.021192Z
2025-07-22,7.174300193786621,yahoo_query_or_equivalent_authorized_market_data_source,2026-06-25T04:28:22.021192Z
2025-07-23,7.1595001220703125,yahoo_query_or_equivalent_authorized_market_data_source,2026-06-25T04:28:22.021192Z
2025-07-24,7.153500080108643,yahoo_query_or_equivalent_authorized_market_data_source,2026-06-25T04:28:22.021192Z
2025-07-27,7.153500080108643,yahoo_query_or_equivalent_authorized_market_data_source,2026-06-25T04:28:22.021192Z
2025-07-28,7.177800178527832,yahoo_query_or_equivalent_authorized_market_data_source,2026-06-25T04:28:22.021192Z
2025-07-29,7.176400184631348,yahoo_query_or_equivalent_authorized_market_data_source,2026-06-25T04:28:22.021192Z
2025-07-30,7.176400184631348,yahoo_query_or_equivalent_authorized_market_data_source,2026-06-25T04:28:22.021192Z
2025-07-31,7.200200080871582,yahoo_query_or_equivalent_authorized_market_data_source,2026-06-25T04:28:22.021192Z
2025-08-03,7.211599826812744,yahoo_query_or_equivalent_authorized_market_data_source,2026-06-25T04:28:22.021192Z
2025-08-04,7.177999973297119,yahoo_query_or_equivalent_authorized_market_data_source,2026-06-25T04:28:22.021192Z
2025-08-05,7.1834001541137695,yahoo_query_or_equivalent_authorized_market_data_source,2026-06-25T04:28:22.021192Z
2025-08-06,7.182799816131592,yahoo_query_or_equivalent_authorized_market_data_source,2026-06-25T04:28:22.021192Z
2025-08-07,7.181000232696533,yahoo_query_or_equivalent_authorized_market_data_source,2026-06-25T04:28:22.021192Z
2025-08-10,7.181000232696533,yahoo_query_or_equivalent_authorized_market_data_source,2026-06-25T04:28:22.021192Z
2025-08-11,7.187699794769287,yahoo_query_or_equivalent_authorized_market_data_source,2026-06-25T04:28:22.021192Z
2025-08-12,7.178500175476074,yahoo_query_or_equivalent_authorized_market_data_source,2026-06-25T04:28:22.021192Z
2025-08-13,7.174300193786621,yahoo_query_or_equivalent_authorized_market_data_source,2026-06-25T04:28:22.021192Z
2025-08-14,7.179500102996826,yahoo_query_or_equivalent_authorized_market_data_source,2026-06-25T04:28:22.021192Z
2025-08-17,7.181700229644775,yahoo_query_or_equivalent_authorized_market_data_source,2026-06-25T04:28:22.021192Z
2025-08-18,7.184599876403809,yahoo_query_or_equivalent_authorized_market_data_source,2026-06-25T04:28:22.021192Z
2025-08-19,7.1819000244140625,yahoo_query_or_equivalent_authorized_market_data_source,2026-06-25T04:28:22.021192Z
2025-08-20,7.1757001876831055,yahoo_query_or_equivalent_authorized_market_data_source,2026-06-25T04:28:22.021192Z
2025-08-21,7.179900169372559,yahoo_query_or_equivalent_authorized_market_data_source,2026-06-25T04:28:22.021192Z
2025-08-24,7.167500019073486,yahoo_query_or_equivalent_authorized_market_data_source,2026-06-25T04:28:22.021192Z
2025-08-25,7.151000022888184,yahoo_query_or_equivalent_authorized_market_data_source,2026-06-25T04:28:22.021192Z
2025-08-26,7.1519999504089355,yahoo_query_or_equivalent_authorized_market_data_source,2026-06-25T04:28:22.021192Z
2025-08-27,7.1529998779296875,yahoo_query_or_equivalent_authorized_market_data_source,2026-06-25T04:28:22.021192Z
2025-08-28,7.1529998779296875,yahoo_query_or_equivalent_authorized_market_data_source,2026-06-25T04:28:22.021192Z
2025-08-31,7.13040018081665,yahoo_query_or_equivalent_authorized_market_data_source,2026-06-25T04:28:22.021192Z
2025-09-01,7.13040018081665,yahoo_query_or_equivalent_authorized_market_data_source,2026-06-25T04:28:22.021192Z
2025-09-02,7.138999938964844,yahoo_query_or_equivalent_authorized_market_data_source,2026-06-25T04:28:22.021192Z
2025-09-03,7.14139986038208,yahoo_query_or_equivalent_authorized_market_data_source,2026-06-25T04:28:22.021192Z
2025-09-04,7.14139986038208,yahoo_query_or_equivalent_authorized_market_data_source,2026-06-25T04:28:22.021192Z
2025-09-07,7.132500171661377,yahoo_query_or_equivalent_authorized_market_data_source,2026-06-25T04:28:22.021192Z
2025-09-08,7.129300117492676,yahoo_query_or_equivalent_authorized_market_data_source,2026-06-25T04:28:22.021192Z
2025-09-09,7.1209001541137695,yahoo_query_or_equivalent_authorized_market_data_source,2026-06-25T04:28:22.021192Z
2025-09-10,7.120699882507324,yahoo_query_or_equivalent_authorized_market_data_source,2026-06-25T04:28:22.021192Z
2025-09-11,7.1184000968933105,yahoo_query_or_equivalent_authorized_market_data_source,2026-06-25T04:28:22.021192Z
2025-09-14,7.124199867248535,yahoo_query_or_equivalent_authorized_market_data_source,2026-06-25T04:28:22.021192Z
2025-09-15,7.118500232696533,yahoo_query_or_equivalent_authorized_market_data_source,2026-06-25T04:28:22.021192Z
2025-09-16,7.114200115203857,yahoo_query_or_equivalent_authorized_market_data_source,2026-06-25T04:28:22.021192Z
2025-09-17,7.103300094604492,yahoo_query_or_equivalent_authorized_market_data_source,2026-06-25T04:28:22.021192Z
2025-09-18,7.1128997802734375,yahoo_query_or_equivalent_authorized_market_data_source,2026-06-25T04:28:22.021192Z
2025-09-21,7.1128997802734375,yahoo_query_or_equivalent_authorized_market_data_source,2026-06-25T04:28:22.021192Z
2025-09-22,7.113999843597412,yahoo_query_or_equivalent_authorized_market_data_source,2026-06-25T04:28:22.021192Z
2025-09-23,7.111599922180176,yahoo_query_or_equivalent_authorized_market_data_source,2026-06-25T04:28:22.021192Z
2025-09-24,7.131499767303467,yahoo_query_or_equivalent_authorized_market_data_source,2026-06-25T04:28:22.021192Z
2025-09-25,7.133800029754639,yahoo_query_or_equivalent_authorized_market_data_source,2026-06-25T04:28:22.021192Z
2025-09-28,7.132800102233887,yahoo_query_or_equivalent_authorized_market_data_source,2026-06-25T04:28:22.021192Z
2025-09-29,7.1194000244140625,yahoo_query_or_equivalent_authorized_market_data_source,2026-06-25T04:28:22.021192Z
2025-09-30,7.11899995803833,yahoo_query_or_equivalent_authorized_market_data_source,2026-06-25T04:28:22.021192Z
2025-10-01,7.11899995803833,yahoo_query_or_equivalent_authorized_market_data_source,2026-06-25T04:28:22.021192Z
2025-10-02,7.11899995803833,yahoo_query_or_equivalent_authorized_market_data_source,2026-06-25T04:28:22.021192Z
2025-10-05,7.11899995803833,yahoo_query_or_equivalent_authorized_market_data_source,2026-06-25T04:28:22.021192Z
2025-10-06,7.11899995803833,yahoo_query_or_equivalent_authorized_market_data_source,2026-06-25T04:28:22.021192Z
2025-10-07,7.11899995803833,yahoo_query_or_equivalent_authorized_market_data_source,2026-06-25T04:28:22.021192Z
2025-10-08,7.118500232696533,yahoo_query_or_equivalent_authorized_market_data_source,2026-06-25T04:28:22.021192Z
2025-10-09,7.127500057220459,yahoo_query_or_equivalent_authorized_market_data_source,2026-06-25T04:28:22.021192Z
2025-10-12,7.099999904632568,yahoo_query_or_equivalent_authorized_market_data_source,2026-06-25T04:28:22.021192Z
2025-10-13,7.099999904632568,yahoo_query_or_equivalent_authorized_market_data_source,2026-06-25T04:28:22.021192Z
2025-10-14,7.138400077819824,yahoo_query_or_equivalent_authorized_market_data_source,2026-06-25T04:28:22.021192Z
2025-10-15,7.126200199127197,yahoo_query_or_equivalent_authorized_market_data_source,2026-06-25T04:28:22.021192Z
2025-10-16,7.123000144958496,yahoo_query_or_equivalent_authorized_market_data_source,2026-06-25T04:28:22.021192Z
2025-10-19,7.126399993896484,yahoo_query_or_equivalent_authorized_market_data_source,2026-06-25T04:28:22.021192Z
2025-10-20,7.119500160217285,yahoo_query_or_equivalent_authorized_market_data_source,2026-06-25T04:28:22.021192Z
2025-10-21,7.121799945831299,yahoo_query_or_equivalent_authorized_market_data_source,2026-06-25T04:28:22.021192Z
2025-10-22,7.125699996948242,yahoo_query_or_equivalent_authorized_market_data_source,2026-06-25T04:28:22.021192Z
2025-10-23,7.125699996948242,yahoo_query_or_equivalent_authorized_market_data_source,2026-06-25T04:28:22.021192Z
2025-10-27,7.121099948883057,yahoo_query_or_equivalent_authorized_market_data_source,2026-06-25T04:28:22.021192Z
2025-10-28,7.110199928283691,yahoo_query_or_equivalent_authorized_market_data_source,2026-06-25T04:28:22.021192Z
2025-10-29,7.098800182342529,yahoo_query_or_equivalent_authorized_market_data_source,2026-06-25T04:28:22.021192Z
2025-10-30,7.098999977111816,yahoo_query_or_equivalent_authorized_market_data_source,2026-06-25T04:28:22.021192Z
2025-10-31,7.109799861907959,yahoo_query_or_equivalent_authorized_market_data_source,2026-06-25T04:28:22.021192Z
2025-11-03,7.1168999671936035,yahoo_query_or_equivalent_authorized_market_data_source,2026-06-25T04:28:22.021192Z
2025-11-04,7.171800136566162,yahoo_query_or_equivalent_authorized_market_data_source,2026-06-25T04:28:22.021192Z
2025-11-05,7.129499912261963,yahoo_query_or_equivalent_authorized_market_data_source,2026-06-25T04:28:22.021192Z
2025-11-06,7.125999927520752,yahoo_query_or_equivalent_authorized_market_data_source,2026-06-25T04:28:22.021192Z
2025-11-07,7.118599891662598,yahoo_query_or_equivalent_authorized_market_data_source,2026-06-25T04:28:22.021192Z
2025-11-10,7.118599891662598,yahoo_query_or_equivalent_authorized_market_data_source,2026-06-25T04:28:22.021192Z
2025-11-11,7.11929988861084,yahoo_query_or_equivalent_authorized_market_data_source,2026-06-25T04:28:22.021192Z
2025-11-12,7.11929988861084,yahoo_query_or_equivalent_authorized_market_data_source,2026-06-25T04:28:22.021192Z
2025-11-13,7.11929988861084,yahoo_query_or_equivalent_authorized_market_data_source,2026-06-25T04:28:22.021192Z
2025-11-14,7.111999988555908,yahoo_query_or_equivalent_authorized_market_data_source,2026-06-25T04:28:22.021192Z
2025-11-17,7.0991997718811035,yahoo_query_or_equivalent_authorized_market_data_source,2026-06-25T04:28:22.021192Z
2025-11-18,7.107500076293945,yahoo_query_or_equivalent_authorized_market_data_source,2026-06-25T04:28:22.021192Z
2025-11-19,7.107500076293945,yahoo_query_or_equivalent_authorized_market_data_source,2026-06-25T04:28:22.021192Z
2025-11-20,7.107500076293945,yahoo_query_or_equivalent_authorized_market_data_source,2026-06-25T04:28:22.021192Z
2025-11-21,7.107500076293945,yahoo_query_or_equivalent_authorized_market_data_source,2026-06-25T04:28:22.021192Z
2025-11-24,7.106599807739258,yahoo_query_or_equivalent_authorized_market_data_source,2026-06-25T04:28:22.021192Z
2025-11-25,7.102200031280518,yahoo_query_or_equivalent_authorized_market_data_source,2026-06-25T04:28:22.021192Z
2025-11-26,7.084499835968018,yahoo_query_or_equivalent_authorized_market_data_source,2026-06-25T04:28:22.021192Z
2025-11-27,7.075799942016602,yahoo_query_or_equivalent_authorized_market_data_source,2026-06-25T04:28:22.021192Z
2025-11-28,7.075799942016602,yahoo_query_or_equivalent_authorized_market_data_source,2026-06-25T04:28:22.021192Z
2025-12-01,7.075099945068359,yahoo_query_or_equivalent_authorized_market_data_source,2026-06-25T04:28:22.021192Z
2025-12-02,7.071700096130371,yahoo_query_or_equivalent_authorized_market_data_source,2026-06-25T04:28:22.021192Z
2025-12-03,7.070000171661377,yahoo_query_or_equivalent_authorized_market_data_source,2026-06-25T04:28:22.021192Z
2025-12-04,7.063600063323975,yahoo_query_or_equivalent_authorized_market_data_source,2026-06-25T04:28:22.021192Z
2025-12-05,7.071400165557861,yahoo_query_or_equivalent_authorized_market_data_source,2026-06-25T04:28:22.021192Z
2025-12-08,7.0696001052856445,yahoo_query_or_equivalent_authorized_market_data_source,2026-06-25T04:28:22.021192Z
2025-12-09,7.071000099182129,yahoo_query_or_equivalent_authorized_market_data_source,2026-06-25T04:28:22.021192Z
2025-12-10,7.063300132751465,yahoo_query_or_equivalent_authorized_market_data_source,2026-06-25T04:28:22.021192Z
2025-12-11,7.064000129699707,yahoo_query_or_equivalent_authorized_market_data_source,2026-06-25T04:28:22.021192Z
2025-12-12,7.0578999519348145,yahoo_query_or_equivalent_authorized_market_data_source,2026-06-25T04:28:22.021192Z
2025-12-15,7.053999900817871,yahoo_query_or_equivalent_authorized_market_data_source,2026-06-25T04:28:22.021192Z
2025-12-16,7.046999931335449,yahoo_query_or_equivalent_authorized_market_data_source,2026-06-25T04:28:22.021192Z
2025-12-17,7.0416998863220215,yahoo_query_or_equivalent_authorized_market_data_source,2026-06-25T04:28:22.021192Z
2025-12-18,7.043000221252441,yahoo_query_or_equivalent_authorized_market_data_source,2026-06-25T04:28:22.021192Z
2025-12-19,7.040500164031982,yahoo_query_or_equivalent_authorized_market_data_source,2026-06-25T04:28:22.021192Z
2025-12-22,7.040900230407715,yahoo_query_or_equivalent_authorized_market_data_source,2026-06-25T04:28:22.021192Z
2025-12-23,7.040900230407715,yahoo_query_or_equivalent_authorized_market_data_source,2026-06-25T04:28:22.021192Z
2025-12-24,7.0279998779296875,yahoo_query_or_equivalent_authorized_market_data_source,2026-06-25T04:28:22.021192Z
2025-12-26,7.0279998779296875,yahoo_query_or_equivalent_authorized_market_data_source,2026-06-25T04:28:22.021192Z
2025-12-29,7.0279998779296875,yahoo_query_or_equivalent_authorized_market_data_source,2026-06-25T04:28:22.021192Z
2025-12-30,7.0055999755859375,yahoo_query_or_equivalent_authorized_market_data_source,2026-06-25T04:28:22.021192Z
2025-12-31,6.996099948883057,yahoo_query_or_equivalent_authorized_market_data_source,2026-06-25T04:28:22.021192Z
2026-01-02,6.996099948883057,yahoo_query_or_equivalent_authorized_market_data_source,2026-06-25T04:28:22.021192Z
2026-01-05,6.993100166320801,yahoo_query_or_equivalent_authorized_market_data_source,2026-06-25T04:28:22.021192Z
2026-01-06,6.98799991607666,yahoo_query_or_equivalent_authorized_market_data_source,2026-06-25T04:28:22.021192Z
2026-01-07,6.983399868011475,yahoo_query_or_equivalent_authorized_market_data_source,2026-06-25T04:28:22.021192Z
2026-01-08,6.996500015258789,yahoo_query_or_equivalent_authorized_market_data_source,2026-06-25T04:28:22.021192Z
2026-01-09,6.983500003814697,yahoo_query_or_equivalent_authorized_market_data_source,2026-06-25T04:28:22.021192Z
2026-01-12,6.977200031280518,yahoo_query_or_equivalent_authorized_market_data_source,2026-06-25T04:28:22.021192Z
2026-01-13,6.973100185394287,yahoo_query_or_equivalent_authorized_market_data_source,2026-06-25T04:28:22.021192Z
2026-01-14,6.977499961853027,yahoo_query_or_equivalent_authorized_market_data_source,2026-06-25T04:28:22.021192Z
2026-01-15,6.9730000495910645,yahoo_query_or_equivalent_authorized_market_data_source,2026-06-25T04:28:22.021192Z
2026-01-16,6.966000080108643,yahoo_query_or_equivalent_authorized_market_data_source,2026-06-25T04:28:22.021192Z
2026-01-19,6.968100070953369,yahoo_query_or_equivalent_authorized_market_data_source,2026-06-25T04:28:22.021192Z
2026-01-20,6.968100070953369,yahoo_query_or_equivalent_authorized_market_data_source,2026-06-25T04:28:22.021192Z
2026-01-21,6.95989990234375,yahoo_query_or_equivalent_authorized_market_data_source,2026-06-25T04:28:22.021192Z
2026-01-22,6.963699817657471,yahoo_query_or_equivalent_authorized_market_data_source,2026-06-25T04:28:22.021192Z
2026-01-23,6.972599983215332,yahoo_query_or_equivalent_authorized_market_data_source,2026-06-25T04:28:22.021192Z
2026-01-26,6.972599983215332,yahoo_query_or_equivalent_authorized_market_data_source,2026-06-25T04:28:22.021192Z
2026-01-27,6.95419979095459,yahoo_query_or_equivalent_authorized_market_data_source,2026-06-25T04:28:22.021192Z
2026-01-28,6.954500198364258,yahoo_query_or_equivalent_authorized_market_data_source,2026-06-25T04:28:22.021192Z
2026-01-29,6.954500198364258,yahoo_query_or_equivalent_authorized_market_data_source,2026-06-25T04:28:22.021192Z
2026-01-30,6.947999954223633,yahoo_query_or_equivalent_authorized_market_data_source,2026-06-25T04:28:22.021192Z
2026-02-02,6.951000213623047,yahoo_query_or_equivalent_authorized_market_data_source,2026-06-25T04:28:22.021192Z
2026-02-03,6.946300029754639,yahoo_query_or_equivalent_authorized_market_data_source,2026-06-25T04:28:22.021192Z
2026-02-04,6.937699794769287,yahoo_query_or_equivalent_authorized_market_data_source,2026-06-25T04:28:22.021192Z
2026-02-05,6.937699794769287,yahoo_query_or_equivalent_authorized_market_data_source,2026-06-25T04:28:22.021192Z
2026-02-06,6.93779993057251,yahoo_query_or_equivalent_authorized_market_data_source,2026-06-25T04:28:22.021192Z
2026-02-09,6.938799858093262,yahoo_query_or_equivalent_authorized_market_data_source,2026-06-25T04:28:22.021192Z
2026-02-10,6.921999931335449,yahoo_query_or_equivalent_authorized_market_data_source,2026-06-25T04:28:22.021192Z
2026-02-11,6.910600185394287,yahoo_query_or_equivalent_authorized_market_data_source,2026-06-25T04:28:22.021192Z
2026-02-12,6.912499904632568,yahoo_query_or_equivalent_authorized_market_data_source,2026-06-25T04:28:22.021192Z
2026-02-13,6.900100231170654,yahoo_query_or_equivalent_authorized_market_data_source,2026-06-25T04:28:22.021192Z
2026-02-16,6.9079999923706055,yahoo_query_or_equivalent_authorized_market_data_source,2026-06-25T04:28:22.021192Z
2026-02-17,6.9079999923706055,yahoo_query_or_equivalent_authorized_market_data_source,2026-06-25T04:28:22.021192Z
2026-02-18,6.9079999923706055,yahoo_query_or_equivalent_authorized_market_data_source,2026-06-25T04:28:22.021192Z
2026-02-19,6.9079999923706055,yahoo_query_or_equivalent_authorized_market_data_source,2026-06-25T04:28:22.021192Z
2026-02-20,6.908100128173828,yahoo_query_or_equivalent_authorized_market_data_source,2026-06-25T04:28:22.021192Z
2026-02-23,6.9079999923706055,yahoo_query_or_equivalent_authorized_market_data_source,2026-06-25T04:28:22.021192Z
2026-02-24,6.9079999923706055,yahoo_query_or_equivalent_authorized_market_data_source,2026-06-25T04:28:22.021192Z
2026-02-25,6.8831000328063965,yahoo_query_or_equivalent_authorized_market_data_source,2026-06-25T04:28:22.021192Z
2026-02-26,6.869200229644775,yahoo_query_or_equivalent_authorized_market_data_source,2026-06-25T04:28:22.021192Z
2026-02-27,6.84089994430542,yahoo_query_or_equivalent_authorized_market_data_source,2026-06-25T04:28:22.021192Z
2026-03-02,6.857900142669678,yahoo_query_or_equivalent_authorized_market_data_source,2026-06-25T04:28:22.021192Z
2026-03-03,6.881999969482422,yahoo_query_or_equivalent_authorized_market_data_source,2026-06-25T04:28:22.021192Z
2026-03-04,6.899700164794922,yahoo_query_or_equivalent_authorized_market_data_source,2026-06-25T04:28:22.021192Z
2026-03-05,6.896999835968018,yahoo_query_or_equivalent_authorized_market_data_source,2026-06-25T04:28:22.021192Z
2026-03-06,6.896999835968018,yahoo_query_or_equivalent_authorized_market_data_source,2026-06-25T04:28:22.021192Z
2026-03-09,6.896500110626221,yahoo_query_or_equivalent_authorized_market_data_source,2026-06-25T04:28:22.021192Z
2026-03-10,6.910999774932861,yahoo_query_or_equivalent_authorized_market_data_source,2026-06-25T04:28:22.021192Z
2026-03-11,6.876500129699707,yahoo_query_or_equivalent_authorized_market_data_source,2026-06-25T04:28:22.021192Z
2026-03-12,6.865499973297119,yahoo_query_or_equivalent_authorized_market_data_source,2026-06-25T04:28:22.021192Z
2026-03-13,6.868899822235107,yahoo_query_or_equivalent_authorized_market_data_source,2026-06-25T04:28:22.021192Z
2026-03-16,6.896100044250488,yahoo_query_or_equivalent_authorized_market_data_source,2026-06-25T04:28:22.021192Z
2026-03-17,6.95550012588501,yahoo_query_or_equivalent_authorized_market_data_source,2026-06-25T04:28:22.021192Z
2026-03-18,6.886300086975098,yahoo_query_or_equivalent_authorized_market_data_source,2026-06-25T04:28:22.021192Z
2026-03-19,6.872600078582764,yahoo_query_or_equivalent_authorized_market_data_source,2026-06-25T04:28:22.021192Z
2026-03-20,6.899799823760986,yahoo_query_or_equivalent_authorized_market_data_source,2026-06-25T04:28:22.021192Z
2026-03-23,6.885700225830078,yahoo_query_or_equivalent_authorized_market_data_source,2026-06-25T04:28:22.021192Z
2026-03-24,6.880000114440918,yahoo_query_or_equivalent_authorized_market_data_source,2026-06-25T04:28:22.021192Z
2026-03-25,6.8917999267578125,yahoo_query_or_equivalent_authorized_market_data_source,2026-06-25T04:28:22.021192Z
2026-03-26,6.901000022888184,yahoo_query_or_equivalent_authorized_market_data_source,2026-06-25T04:28:22.021192Z
2026-03-27,6.910699844360352,yahoo_query_or_equivalent_authorized_market_data_source,2026-06-25T04:28:22.021192Z
2026-03-29,6.911600112915039,yahoo_query_or_equivalent_authorized_market_data_source,2026-06-25T04:28:22.021192Z
2026-03-30,6.911600112915039,yahoo_query_or_equivalent_authorized_market_data_source,2026-06-25T04:28:22.021192Z
2026-03-31,6.894199848175049,yahoo_query_or_equivalent_authorized_market_data_source,2026-06-25T04:28:22.021192Z
2026-04-01,6.870500087738037,yahoo_query_or_equivalent_authorized_market_data_source,2026-06-25T04:28:22.021192Z
2026-04-02,6.8850998878479,yahoo_query_or_equivalent_authorized_market_data_source,2026-06-25T04:28:22.021192Z
2026-04-05,6.882400035858154,yahoo_query_or_equivalent_authorized_market_data_source,2026-06-25T04:28:22.021192Z
2026-04-06,6.882299900054932,yahoo_query_or_equivalent_authorized_market_data_source,2026-06-25T04:28:22.021192Z
2026-04-07,6.8566999435424805,yahoo_query_or_equivalent_authorized_market_data_source,2026-06-25T04:28:22.021192Z
2026-04-08,6.828700065612793,yahoo_query_or_equivalent_authorized_market_data_source,2026-06-25T04:28:22.021192Z
2026-04-09,6.831399917602539,yahoo_query_or_equivalent_authorized_market_data_source,2026-06-25T04:28:22.021192Z
2026-04-12,6.8277997970581055,yahoo_query_or_equivalent_authorized_market_data_source,2026-06-25T04:28:22.021192Z
2026-04-13,6.8302998542785645,yahoo_query_or_equivalent_authorized_market_data_source,2026-06-25T04:28:22.021192Z
2026-04-14,6.815700054168701,yahoo_query_or_equivalent_authorized_market_data_source,2026-06-25T04:28:22.021192Z
2026-04-15,6.817999839782715,yahoo_query_or_equivalent_authorized_market_data_source,2026-06-25T04:28:22.021192Z
2026-04-16,6.821100234985352,yahoo_query_or_equivalent_authorized_market_data_source,2026-06-25T04:28:22.021192Z
2026-04-19,6.816999912261963,yahoo_query_or_equivalent_authorized_market_data_source,2026-06-25T04:28:22.021192Z
2026-04-20,6.817399978637695,yahoo_query_or_equivalent_authorized_market_data_source,2026-06-25T04:28:22.021192Z
2026-04-21,6.820799827575684,yahoo_query_or_equivalent_authorized_market_data_source,2026-06-25T04:28:22.021192Z
2026-04-22,6.82420015335083,yahoo_query_or_equivalent_authorized_market_data_source,2026-06-25T04:28:22.021192Z
2026-04-23,6.826000213623047,yahoo_query_or_equivalent_authorized_market_data_source,2026-06-25T04:28:22.021192Z
2026-04-26,6.835899829864502,yahoo_query_or_equivalent_authorized_market_data_source,2026-06-25T04:28:22.021192Z
2026-04-27,6.822800159454346,yahoo_query_or_equivalent_authorized_market_data_source,2026-06-25T04:28:22.021192Z
2026-04-28,6.837399959564209,yahoo_query_or_equivalent_authorized_market_data_source,2026-06-25T04:28:22.021192Z
2026-04-29,6.837500095367432,yahoo_query_or_equivalent_authorized_market_data_source,2026-06-25T04:28:22.021192Z
2026-04-30,6.827300071716309,yahoo_query_or_equivalent_authorized_market_data_source,2026-06-25T04:28:22.021192Z
2026-05-03,6.827499866485596,yahoo_query_or_equivalent_authorized_market_data_source,2026-06-25T04:28:22.021192Z
2026-05-04,6.829999923706055,yahoo_query_or_equivalent_authorized_market_data_source,2026-06-25T04:28:22.021192Z
2026-05-05,6.830100059509277,yahoo_query_or_equivalent_authorized_market_data_source,2026-06-25T04:28:22.021192Z
2026-05-06,6.810999870300293,yahoo_query_or_equivalent_authorized_market_data_source,2026-06-25T04:28:22.021192Z
2026-05-07,6.801400184631348,yahoo_query_or_equivalent_authorized_market_data_source,2026-06-25T04:28:22.021192Z
2026-05-10,6.80049991607666,yahoo_query_or_equivalent_authorized_market_data_source,2026-06-25T04:28:22.021192Z
2026-05-11,6.7947998046875,yahoo_query_or_equivalent_authorized_market_data_source,2026-06-25T04:28:22.021192Z
2026-05-12,6.791999816894531,yahoo_query_or_equivalent_authorized_market_data_source,2026-06-25T04:28:22.021192Z
2026-05-13,6.790800094604492,yahoo_query_or_equivalent_authorized_market_data_source,2026-06-25T04:28:22.021192Z
2026-05-14,6.785099983215332,yahoo_query_or_equivalent_authorized_market_data_source,2026-06-25T04:28:22.021192Z
2026-05-17,6.809199810028076,yahoo_query_or_equivalent_authorized_market_data_source,2026-06-25T04:28:22.021192Z
2026-05-18,6.800000190734863,yahoo_query_or_equivalent_authorized_market_data_source,2026-06-25T04:28:22.021192Z
2026-05-19,6.814499855041504,yahoo_query_or_equivalent_authorized_market_data_source,2026-06-25T04:28:22.021192Z
2026-05-20,6.80049991607666,yahoo_query_or_equivalent_authorized_market_data_source,2026-06-25T04:28:22.021192Z
2026-05-21,6.802499771118164,yahoo_query_or_equivalent_authorized_market_data_source,2026-06-25T04:28:22.021192Z
2026-05-24,6.79449987411499,yahoo_query_or_equivalent_authorized_market_data_source,2026-06-25T04:28:22.021192Z
2026-05-25,6.79449987411499,yahoo_query_or_equivalent_authorized_market_data_source,2026-06-25T04:28:22.021192Z
2026-05-26,6.785999774932861,yahoo_query_or_equivalent_authorized_market_data_source,2026-06-25T04:28:22.021192Z
2026-05-27,6.778800010681152,yahoo_query_or_equivalent_authorized_market_data_source,2026-06-25T04:28:22.021192Z
2026-05-28,6.7795000076293945,yahoo_query_or_equivalent_authorized_market_data_source,2026-06-25T04:28:22.021192Z
2026-05-31,6.766200065612793,yahoo_query_or_equivalent_authorized_market_data_source,2026-06-25T04:28:22.021192Z
2026-06-01,6.764999866485596,yahoo_query_or_equivalent_authorized_market_data_source,2026-06-25T04:28:22.021192Z
2026-06-02,6.762199878692627,yahoo_query_or_equivalent_authorized_market_data_source,2026-06-25T04:28:22.021192Z
2026-06-03,6.769199848175049,yahoo_query_or_equivalent_authorized_market_data_source,2026-06-25T04:28:22.021192Z
2026-06-04,6.773499965667725,yahoo_query_or_equivalent_authorized_market_data_source,2026-06-25T04:28:22.021192Z
2026-06-07,6.765500068664551,yahoo_query_or_equivalent_authorized_market_data_source,2026-06-25T04:28:22.021192Z
2026-06-08,6.765500068664551,yahoo_query_or_equivalent_authorized_market_data_source,2026-06-25T04:28:22.021192Z
2026-06-09,6.772500038146973,yahoo_query_or_equivalent_authorized_market_data_source,2026-06-25T04:28:22.021192Z
2026-06-10,6.772500038146973,yahoo_query_or_equivalent_authorized_market_data_source,2026-06-25T04:28:22.021192Z
2026-06-11,6.7754998207092285,yahoo_query_or_equivalent_authorized_market_data_source,2026-06-25T04:28:22.021192Z
2026-06-14,6.765999794006348,yahoo_query_or_equivalent_authorized_market_data_source,2026-06-25T04:28:22.021192Z
2026-06-15,6.756999969482422,yahoo_query_or_equivalent_authorized_market_data_source,2026-06-25T04:28:22.021192Z
2026-06-16,6.757199764251709,yahoo_query_or_equivalent_authorized_market_data_source,2026-06-25T04:28:22.021192Z
2026-06-17,6.757199764251709,yahoo_query_or_equivalent_authorized_market_data_source,2026-06-25T04:28:22.021192Z
2026-06-18,6.768599987030029,yahoo_query_or_equivalent_authorized_market_data_source,2026-06-25T04:28:22.021192Z
2026-06-21,6.768599987030029,yahoo_query_or_equivalent_authorized_market_data_source,2026-06-25T04:28:22.021192Z
2026-06-22,6.774499893188477,yahoo_query_or_equivalent_authorized_market_data_source,2026-06-25T04:28:22.021192Z
2026-06-23,6.789999961853027,yahoo_query_or_equivalent_authorized_market_data_source,2026-06-25T04:28:22.021192Z
2026-06-25,6.801799774169922,yahoo_query_or_equivalent_authorized_market_data_source,2026-06-25T04:28:22.021192Z
