date,series_id,value,source,downloaded_at
2018-01-02,US_5Y_YAHOO_FVX,2.25,yahoo_query_or_equivalent_authorized_market_data_source,2026-06-25T04:29:09.293391Z
2018-01-03,US_5Y_YAHOO_FVX,2.246999979019165,yahoo_query_or_equivalent_authorized_market_data_source,2026-06-25T04:29:09.293391Z
2018-01-04,US_5Y_YAHOO_FVX,2.2679998874664307,yahoo_query_or_equivalent_authorized_market_data_source,2026-06-25T04:29:09.293391Z
2018-01-05,US_5Y_YAHOO_FVX,2.2850000858306885,yahoo_query_or_equivalent_authorized_market_data_source,2026-06-25T04:29:09.293391Z
2018-01-08,US_5Y_YAHOO_FVX,2.2850000858306885,yahoo_query_or_equivalent_authorized_market_data_source,2026-06-25T04:29:09.293391Z
2018-01-09,US_5Y_YAHOO_FVX,2.3239998817443848,yahoo_query_or_equivalent_authorized_market_data_source,2026-06-25T04:29:09.293391Z
2018-01-10,US_5Y_YAHOO_FVX,2.328000068664551,yahoo_query_or_equivalent_authorized_market_data_source,2026-06-25T04:29:09.293391Z
2018-01-11,US_5Y_YAHOO_FVX,2.313999891281128,yahoo_query_or_equivalent_authorized_market_data_source,2026-06-25T04:29:09.293391Z
2018-01-12,US_5Y_YAHOO_FVX,2.3469998836517334,yahoo_query_or_equivalent_authorized_market_data_source,2026-06-25T04:29:09.293391Z
2018-01-16,US_5Y_YAHOO_FVX,2.3550000190734863,yahoo_query_or_equivalent_authorized_market_data_source,2026-06-25T04:29:09.293391Z
2018-01-17,US_5Y_YAHOO_FVX,2.3940000534057617,yahoo_query_or_equivalent_authorized_market_data_source,2026-06-25T04:29:09.293391Z
2018-01-18,US_5Y_YAHOO_FVX,2.4100000858306885,yahoo_query_or_equivalent_authorized_market_data_source,2026-06-25T04:29:09.293391Z
2018-01-19,US_5Y_YAHOO_FVX,2.436000108718872,yahoo_query_or_equivalent_authorized_market_data_source,2026-06-25T04:29:09.293391Z
2018-01-22,US_5Y_YAHOO_FVX,2.4609999656677246,yahoo_query_or_equivalent_authorized_market_data_source,2026-06-25T04:29:09.293391Z
2018-01-23,US_5Y_YAHOO_FVX,2.4210000038146973,yahoo_query_or_equivalent_authorized_market_data_source,2026-06-25T04:29:09.293391Z
2018-01-24,US_5Y_YAHOO_FVX,2.440999984741211,yahoo_query_or_equivalent_authorized_market_data_source,2026-06-25T04:29:09.293391Z
2018-01-25,US_5Y_YAHOO_FVX,2.4200000762939453,yahoo_query_or_equivalent_authorized_market_data_source,2026-06-25T04:29:09.293391Z
2018-01-26,US_5Y_YAHOO_FVX,2.4700000286102295,yahoo_query_or_equivalent_authorized_market_data_source,2026-06-25T04:29:09.293391Z
2018-01-29,US_5Y_YAHOO_FVX,2.494999885559082,yahoo_query_or_equivalent_authorized_market_data_source,2026-06-25T04:29:09.293391Z
2018-01-30,US_5Y_YAHOO_FVX,2.506999969482422,yahoo_query_or_equivalent_authorized_market_data_source,2026-06-25T04:29:09.293391Z
2018-01-31,US_5Y_YAHOO_FVX,2.5239999294281006,yahoo_query_or_equivalent_authorized_market_data_source,2026-06-25T04:29:09.293391Z
2018-02-01,US_5Y_YAHOO_FVX,2.559000015258789,yahoo_query_or_equivalent_authorized_market_data_source,2026-06-25T04:29:09.293391Z
2018-02-02,US_5Y_YAHOO_FVX,2.5989999771118164,yahoo_query_or_equivalent_authorized_market_data_source,2026-06-25T04:29:09.293391Z
2018-02-05,US_5Y_YAHOO_FVX,2.5209999084472656,yahoo_query_or_equivalent_authorized_market_data_source,2026-06-25T04:29:09.293391Z
2018-02-06,US_5Y_YAHOO_FVX,2.507999897003174,yahoo_query_or_equivalent_authorized_market_data_source,2026-06-25T04:29:09.293391Z
2018-02-07,US_5Y_YAHOO_FVX,2.565000057220459,yahoo_query_or_equivalent_authorized_market_data_source,2026-06-25T04:29:09.293391Z
2018-02-08,US_5Y_YAHOO_FVX,2.568000078201294,yahoo_query_or_equivalent_authorized_market_data_source,2026-06-25T04:29:09.293391Z
2018-02-09,US_5Y_YAHOO_FVX,2.5160000324249268,yahoo_query_or_equivalent_authorized_market_data_source,2026-06-25T04:29:09.293391Z
2018-02-12,US_5Y_YAHOO_FVX,2.555000066757202,yahoo_query_or_equivalent_authorized_market_data_source,2026-06-25T04:29:09.293391Z
2018-02-13,US_5Y_YAHOO_FVX,2.5490000247955322,yahoo_query_or_equivalent_authorized_market_data_source,2026-06-25T04:29:09.293391Z
2018-02-14,US_5Y_YAHOO_FVX,2.640000104904175,yahoo_query_or_equivalent_authorized_market_data_source,2026-06-25T04:29:09.293391Z
2018-02-15,US_5Y_YAHOO_FVX,2.634999990463257,yahoo_query_or_equivalent_authorized_market_data_source,2026-06-25T04:29:09.293391Z
2018-02-16,US_5Y_YAHOO_FVX,2.625999927520752,yahoo_query_or_equivalent_authorized_market_data_source,2026-06-25T04:29:09.293391Z
2018-02-20,US_5Y_YAHOO_FVX,2.6480000019073486,yahoo_query_or_equivalent_authorized_market_data_source,2026-06-25T04:29:09.293391Z
2018-02-21,US_5Y_YAHOO_FVX,2.678999900817871,yahoo_query_or_equivalent_authorized_market_data_source,2026-06-25T04:29:09.293391Z
2018-02-22,US_5Y_YAHOO_FVX,2.6519999504089355,yahoo_query_or_equivalent_authorized_market_data_source,2026-06-25T04:29:09.293391Z
2018-02-23,US_5Y_YAHOO_FVX,2.618000030517578,yahoo_query_or_equivalent_authorized_market_data_source,2026-06-25T04:29:09.293391Z
2018-02-26,US_5Y_YAHOO_FVX,2.6070001125335693,yahoo_query_or_equivalent_authorized_market_data_source,2026-06-25T04:29:09.293391Z
2018-02-27,US_5Y_YAHOO_FVX,2.6689999103546143,yahoo_query_or_equivalent_authorized_market_data_source,2026-06-25T04:29:09.293391Z
2018-02-28,US_5Y_YAHOO_FVX,2.6500000953674316,yahoo_query_or_equivalent_authorized_market_data_source,2026-06-25T04:29:09.293391Z
2018-03-01,US_5Y_YAHOO_FVX,2.575000047683716,yahoo_query_or_equivalent_authorized_market_data_source,2026-06-25T04:29:09.293391Z
2018-03-02,US_5Y_YAHOO_FVX,2.622999906539917,yahoo_query_or_equivalent_authorized_market_data_source,2026-06-25T04:29:09.293391Z
2018-03-05,US_5Y_YAHOO_FVX,2.6440000534057617,yahoo_query_or_equivalent_authorized_market_data_source,2026-06-25T04:29:09.293391Z
2018-03-06,US_5Y_YAHOO_FVX,2.6449999809265137,yahoo_query_or_equivalent_authorized_market_data_source,2026-06-25T04:29:09.293391Z
2018-03-07,US_5Y_YAHOO_FVX,2.6489999294281006,yahoo_query_or_equivalent_authorized_market_data_source,2026-06-25T04:29:09.293391Z
2018-03-08,US_5Y_YAHOO_FVX,2.632999897003174,yahoo_query_or_equivalent_authorized_market_data_source,2026-06-25T04:29:09.293391Z
2018-03-09,US_5Y_YAHOO_FVX,2.6540000438690186,yahoo_query_or_equivalent_authorized_market_data_source,2026-06-25T04:29:09.293391Z
2018-03-12,US_5Y_YAHOO_FVX,2.634999990463257,yahoo_query_or_equivalent_authorized_market_data_source,2026-06-25T04:29:09.293391Z
2018-03-13,US_5Y_YAHOO_FVX,2.630000114440918,yahoo_query_or_equivalent_authorized_market_data_source,2026-06-25T04:29:09.293391Z
2018-03-14,US_5Y_YAHOO_FVX,2.6059999465942383,yahoo_query_or_equivalent_authorized_market_data_source,2026-06-25T04:29:09.293391Z
2018-03-15,US_5Y_YAHOO_FVX,2.621999979019165,yahoo_query_or_equivalent_authorized_market_data_source,2026-06-25T04:29:09.293391Z
2018-03-16,US_5Y_YAHOO_FVX,2.6449999809265137,yahoo_query_or_equivalent_authorized_market_data_source,2026-06-25T04:29:09.293391Z
2018-03-19,US_5Y_YAHOO_FVX,2.6419999599456787,yahoo_query_or_equivalent_authorized_market_data_source,2026-06-25T04:29:09.293391Z
2018-03-20,US_5Y_YAHOO_FVX,2.680999994277954,yahoo_query_or_equivalent_authorized_market_data_source,2026-06-25T04:29:09.293391Z
2018-03-21,US_5Y_YAHOO_FVX,2.697999954223633,yahoo_query_or_equivalent_authorized_market_data_source,2026-06-25T04:29:09.293391Z
2018-03-22,US_5Y_YAHOO_FVX,2.631999969482422,yahoo_query_or_equivalent_authorized_market_data_source,2026-06-25T04:29:09.293391Z
2018-03-23,US_5Y_YAHOO_FVX,2.6110000610351562,yahoo_query_or_equivalent_authorized_market_data_source,2026-06-25T04:29:09.293391Z
2018-03-26,US_5Y_YAHOO_FVX,2.634999990463257,yahoo_query_or_equivalent_authorized_market_data_source,2026-06-25T04:29:09.293391Z
2018-03-27,US_5Y_YAHOO_FVX,2.5789999961853027,yahoo_query_or_equivalent_authorized_market_data_source,2026-06-25T04:29:09.293391Z
2018-03-28,US_5Y_YAHOO_FVX,2.5889999866485596,yahoo_query_or_equivalent_authorized_market_data_source,2026-06-25T04:29:09.293391Z
2018-03-29,US_5Y_YAHOO_FVX,2.562000036239624,yahoo_query_or_equivalent_authorized_market_data_source,2026-06-25T04:29:09.293391Z
2018-04-02,US_5Y_YAHOO_FVX,2.5490000247955322,yahoo_query_or_equivalent_authorized_market_data_source,2026-06-25T04:29:09.293391Z
2018-04-03,US_5Y_YAHOO_FVX,2.6040000915527344,yahoo_query_or_equivalent_authorized_market_data_source,2026-06-25T04:29:09.293391Z
2018-04-04,US_5Y_YAHOO_FVX,2.6059999465942383,yahoo_query_or_equivalent_authorized_market_data_source,2026-06-25T04:29:09.293391Z
2018-04-05,US_5Y_YAHOO_FVX,2.640000104904175,yahoo_query_or_equivalent_authorized_market_data_source,2026-06-25T04:29:09.293391Z
2018-04-06,US_5Y_YAHOO_FVX,2.5889999866485596,yahoo_query_or_equivalent_authorized_market_data_source,2026-06-25T04:29:09.293391Z
2018-04-09,US_5Y_YAHOO_FVX,2.6010000705718994,yahoo_query_or_equivalent_authorized_market_data_source,2026-06-25T04:29:09.293391Z
2018-04-10,US_5Y_YAHOO_FVX,2.625,yahoo_query_or_equivalent_authorized_market_data_source,2026-06-25T04:29:09.293391Z
2018-04-11,US_5Y_YAHOO_FVX,2.619999885559082,yahoo_query_or_equivalent_authorized_market_data_source,2026-06-25T04:29:09.293391Z
2018-04-12,US_5Y_YAHOO_FVX,2.6710000038146973,yahoo_query_or_equivalent_authorized_market_data_source,2026-06-25T04:29:09.293391Z
2018-04-13,US_5Y_YAHOO_FVX,2.6760001182556152,yahoo_query_or_equivalent_authorized_market_data_source,2026-06-25T04:29:09.293391Z
2018-04-16,US_5Y_YAHOO_FVX,2.683000087738037,yahoo_query_or_equivalent_authorized_market_data_source,2026-06-25T04:29:09.293391Z
2018-04-17,US_5Y_YAHOO_FVX,2.677999973297119,yahoo_query_or_equivalent_authorized_market_data_source,2026-06-25T04:29:09.293391Z
2018-04-18,US_5Y_YAHOO_FVX,2.7309999465942383,yahoo_query_or_equivalent_authorized_market_data_source,2026-06-25T04:29:09.293391Z
2018-04-19,US_5Y_YAHOO_FVX,2.759999990463257,yahoo_query_or_equivalent_authorized_market_data_source,2026-06-25T04:29:09.293391Z
2018-04-20,US_5Y_YAHOO_FVX,2.7929999828338623,yahoo_query_or_equivalent_authorized_market_data_source,2026-06-25T04:29:09.293391Z
2018-04-23,US_5Y_YAHOO_FVX,2.819000005722046,yahoo_query_or_equivalent_authorized_market_data_source,2026-06-25T04:29:09.293391Z
2018-04-24,US_5Y_YAHOO_FVX,2.811000108718872,yahoo_query_or_equivalent_authorized_market_data_source,2026-06-25T04:29:09.293391Z
2018-04-25,US_5Y_YAHOO_FVX,2.8350000381469727,yahoo_query_or_equivalent_authorized_market_data_source,2026-06-25T04:29:09.293391Z
2018-04-26,US_5Y_YAHOO_FVX,2.819000005722046,yahoo_query_or_equivalent_authorized_market_data_source,2026-06-25T04:29:09.293391Z
2018-04-27,US_5Y_YAHOO_FVX,2.8010001182556152,yahoo_query_or_equivalent_authorized_market_data_source,2026-06-25T04:29:09.293391Z
2018-04-30,US_5Y_YAHOO_FVX,2.7890000343322754,yahoo_query_or_equivalent_authorized_market_data_source,2026-06-25T04:29:09.293391Z
2018-05-01,US_5Y_YAHOO_FVX,2.821000099182129,yahoo_query_or_equivalent_authorized_market_data_source,2026-06-25T04:29:09.293391Z
2018-05-02,US_5Y_YAHOO_FVX,2.802000045776367,yahoo_query_or_equivalent_authorized_market_data_source,2026-06-25T04:29:09.293391Z
2018-05-03,US_5Y_YAHOO_FVX,2.7820000648498535,yahoo_query_or_equivalent_authorized_market_data_source,2026-06-25T04:29:09.293391Z
2018-05-04,US_5Y_YAHOO_FVX,2.7799999713897705,yahoo_query_or_equivalent_authorized_market_data_source,2026-06-25T04:29:09.293391Z
2018-05-07,US_5Y_YAHOO_FVX,2.7839999198913574,yahoo_query_or_equivalent_authorized_market_data_source,2026-06-25T04:29:09.293391Z
2018-05-08,US_5Y_YAHOO_FVX,2.808000087738037,yahoo_query_or_equivalent_authorized_market_data_source,2026-06-25T04:29:09.293391Z
2018-05-09,US_5Y_YAHOO_FVX,2.8380000591278076,yahoo_query_or_equivalent_authorized_market_data_source,2026-06-25T04:29:09.293391Z
2018-05-10,US_5Y_YAHOO_FVX,2.8329999446868896,yahoo_query_or_equivalent_authorized_market_data_source,2026-06-25T04:29:09.293391Z
2018-05-11,US_5Y_YAHOO_FVX,2.8380000591278076,yahoo_query_or_equivalent_authorized_market_data_source,2026-06-25T04:29:09.293391Z
2018-05-14,US_5Y_YAHOO_FVX,2.8519999980926514,yahoo_query_or_equivalent_authorized_market_data_source,2026-06-25T04:29:09.293391Z
2018-05-15,US_5Y_YAHOO_FVX,2.924999952316284,yahoo_query_or_equivalent_authorized_market_data_source,2026-06-25T04:29:09.293391Z
2018-05-16,US_5Y_YAHOO_FVX,2.934000015258789,yahoo_query_or_equivalent_authorized_market_data_source,2026-06-25T04:29:09.293391Z
2018-05-17,US_5Y_YAHOO_FVX,2.931999921798706,yahoo_query_or_equivalent_authorized_market_data_source,2026-06-25T04:29:09.293391Z
2018-05-18,US_5Y_YAHOO_FVX,2.8919999599456787,yahoo_query_or_equivalent_authorized_market_data_source,2026-06-25T04:29:09.293391Z
2018-05-21,US_5Y_YAHOO_FVX,2.8980000019073486,yahoo_query_or_equivalent_authorized_market_data_source,2026-06-25T04:29:09.293391Z
2018-05-22,US_5Y_YAHOO_FVX,2.8989999294281006,yahoo_query_or_equivalent_authorized_market_data_source,2026-06-25T04:29:09.293391Z
2018-05-23,US_5Y_YAHOO_FVX,2.8299999237060547,yahoo_query_or_equivalent_authorized_market_data_source,2026-06-25T04:29:09.293391Z
2018-05-24,US_5Y_YAHOO_FVX,2.815999984741211,yahoo_query_or_equivalent_authorized_market_data_source,2026-06-25T04:29:09.293391Z
2018-05-25,US_5Y_YAHOO_FVX,2.7639999389648438,yahoo_query_or_equivalent_authorized_market_data_source,2026-06-25T04:29:09.293391Z
2018-05-29,US_5Y_YAHOO_FVX,2.5759999752044678,yahoo_query_or_equivalent_authorized_market_data_source,2026-06-25T04:29:09.293391Z
2018-05-30,US_5Y_YAHOO_FVX,2.6730000972747803,yahoo_query_or_equivalent_authorized_market_data_source,2026-06-25T04:29:09.293391Z
2018-05-31,US_5Y_YAHOO_FVX,2.6640000343322754,yahoo_query_or_equivalent_authorized_market_data_source,2026-06-25T04:29:09.293391Z
2018-06-01,US_5Y_YAHOO_FVX,2.73799991607666,yahoo_query_or_equivalent_authorized_market_data_source,2026-06-25T04:29:09.293391Z
2018-06-04,US_5Y_YAHOO_FVX,2.7850000858306885,yahoo_query_or_equivalent_authorized_market_data_source,2026-06-25T04:29:09.293391Z
2018-06-05,US_5Y_YAHOO_FVX,2.76200008392334,yahoo_query_or_equivalent_authorized_market_data_source,2026-06-25T04:29:09.293391Z
2018-06-06,US_5Y_YAHOO_FVX,2.812999963760376,yahoo_query_or_equivalent_authorized_market_data_source,2026-06-25T04:29:09.293391Z
2018-06-07,US_5Y_YAHOO_FVX,2.7769999504089355,yahoo_query_or_equivalent_authorized_market_data_source,2026-06-25T04:29:09.293391Z
2018-06-08,US_5Y_YAHOO_FVX,2.7750000953674316,yahoo_query_or_equivalent_authorized_market_data_source,2026-06-25T04:29:09.293391Z
2018-06-11,US_5Y_YAHOO_FVX,2.802000045776367,yahoo_query_or_equivalent_authorized_market_data_source,2026-06-25T04:29:09.293391Z
2018-06-12,US_5Y_YAHOO_FVX,2.808000087738037,yahoo_query_or_equivalent_authorized_market_data_source,2026-06-25T04:29:09.293391Z
2018-06-13,US_5Y_YAHOO_FVX,2.8399999141693115,yahoo_query_or_equivalent_authorized_market_data_source,2026-06-25T04:29:09.293391Z
2018-06-14,US_5Y_YAHOO_FVX,2.815999984741211,yahoo_query_or_equivalent_authorized_market_data_source,2026-06-25T04:29:09.293391Z
2018-06-15,US_5Y_YAHOO_FVX,2.7990000247955322,yahoo_query_or_equivalent_authorized_market_data_source,2026-06-25T04:29:09.293391Z
2018-06-18,US_5Y_YAHOO_FVX,2.7990000247955322,yahoo_query_or_equivalent_authorized_market_data_source,2026-06-25T04:29:09.293391Z
2018-06-19,US_5Y_YAHOO_FVX,2.7669999599456787,yahoo_query_or_equivalent_authorized_market_data_source,2026-06-25T04:29:09.293391Z
2018-06-20,US_5Y_YAHOO_FVX,2.7960000038146973,yahoo_query_or_equivalent_authorized_market_data_source,2026-06-25T04:29:09.293391Z
2018-06-21,US_5Y_YAHOO_FVX,2.7669999599456787,yahoo_query_or_equivalent_authorized_market_data_source,2026-06-25T04:29:09.293391Z
2018-06-22,US_5Y_YAHOO_FVX,2.7739999294281006,yahoo_query_or_equivalent_authorized_market_data_source,2026-06-25T04:29:09.293391Z
2018-06-25,US_5Y_YAHOO_FVX,2.743000030517578,yahoo_query_or_equivalent_authorized_market_data_source,2026-06-25T04:29:09.293391Z
2018-06-26,US_5Y_YAHOO_FVX,2.747999906539917,yahoo_query_or_equivalent_authorized_market_data_source,2026-06-25T04:29:09.293391Z
2018-06-27,US_5Y_YAHOO_FVX,2.697000026702881,yahoo_query_or_equivalent_authorized_market_data_source,2026-06-25T04:29:09.293391Z
2018-06-28,US_5Y_YAHOO_FVX,2.7260000705718994,yahoo_query_or_equivalent_authorized_market_data_source,2026-06-25T04:29:09.293391Z
2018-06-29,US_5Y_YAHOO_FVX,2.7309999465942383,yahoo_query_or_equivalent_authorized_market_data_source,2026-06-25T04:29:09.293391Z
2018-07-02,US_5Y_YAHOO_FVX,2.753000020980835,yahoo_query_or_equivalent_authorized_market_data_source,2026-06-25T04:29:09.293391Z
2018-07-03,US_5Y_YAHOO_FVX,2.7300000190734863,yahoo_query_or_equivalent_authorized_market_data_source,2026-06-25T04:29:09.293391Z
2018-07-05,US_5Y_YAHOO_FVX,2.740999937057495,yahoo_query_or_equivalent_authorized_market_data_source,2026-06-25T04:29:09.293391Z
2018-07-06,US_5Y_YAHOO_FVX,2.7230000495910645,yahoo_query_or_equivalent_authorized_market_data_source,2026-06-25T04:29:09.293391Z
2018-07-09,US_5Y_YAHOO_FVX,2.752000093460083,yahoo_query_or_equivalent_authorized_market_data_source,2026-06-25T04:29:09.293391Z
2018-07-10,US_5Y_YAHOO_FVX,2.7720000743865967,yahoo_query_or_equivalent_authorized_market_data_source,2026-06-25T04:29:09.293391Z
2018-07-11,US_5Y_YAHOO_FVX,2.740000009536743,yahoo_query_or_equivalent_authorized_market_data_source,2026-06-25T04:29:09.293391Z
2018-07-12,US_5Y_YAHOO_FVX,2.755000114440918,yahoo_query_or_equivalent_authorized_market_data_source,2026-06-25T04:29:09.293391Z
2018-07-13,US_5Y_YAHOO_FVX,2.7269999980926514,yahoo_query_or_equivalent_authorized_market_data_source,2026-06-25T04:29:09.293391Z
2018-07-16,US_5Y_YAHOO_FVX,2.753999948501587,yahoo_query_or_equivalent_authorized_market_data_source,2026-06-25T04:29:09.293391Z
2018-07-17,US_5Y_YAHOO_FVX,2.763000011444092,yahoo_query_or_equivalent_authorized_market_data_source,2026-06-25T04:29:09.293391Z
2018-07-18,US_5Y_YAHOO_FVX,2.7679998874664307,yahoo_query_or_equivalent_authorized_market_data_source,2026-06-25T04:29:09.293391Z
2018-07-19,US_5Y_YAHOO_FVX,2.740000009536743,yahoo_query_or_equivalent_authorized_market_data_source,2026-06-25T04:29:09.293391Z
2018-07-20,US_5Y_YAHOO_FVX,2.7679998874664307,yahoo_query_or_equivalent_authorized_market_data_source,2026-06-25T04:29:09.293391Z
2018-07-23,US_5Y_YAHOO_FVX,2.828000068664551,yahoo_query_or_equivalent_authorized_market_data_source,2026-06-25T04:29:09.293391Z
2018-07-24,US_5Y_YAHOO_FVX,2.818000078201294,yahoo_query_or_equivalent_authorized_market_data_source,2026-06-25T04:29:09.293391Z
2018-07-25,US_5Y_YAHOO_FVX,2.813999891281128,yahoo_query_or_equivalent_authorized_market_data_source,2026-06-25T04:29:09.293391Z
2018-07-26,US_5Y_YAHOO_FVX,2.8580000400543213,yahoo_query_or_equivalent_authorized_market_data_source,2026-06-25T04:29:09.293391Z
2018-07-27,US_5Y_YAHOO_FVX,2.8459999561309814,yahoo_query_or_equivalent_authorized_market_data_source,2026-06-25T04:29:09.293391Z
2018-07-30,US_5Y_YAHOO_FVX,2.8499999046325684,yahoo_query_or_equivalent_authorized_market_data_source,2026-06-25T04:29:09.293391Z
2018-07-31,US_5Y_YAHOO_FVX,2.8480000495910645,yahoo_query_or_equivalent_authorized_market_data_source,2026-06-25T04:29:09.293391Z
2018-08-01,US_5Y_YAHOO_FVX,2.875,yahoo_query_or_equivalent_authorized_market_data_source,2026-06-25T04:29:09.293391Z
2018-08-02,US_5Y_YAHOO_FVX,2.8529999256134033,yahoo_query_or_equivalent_authorized_market_data_source,2026-06-25T04:29:09.293391Z
2018-08-03,US_5Y_YAHOO_FVX,2.815999984741211,yahoo_query_or_equivalent_authorized_market_data_source,2026-06-25T04:29:09.293391Z
2018-08-06,US_5Y_YAHOO_FVX,2.805999994277954,yahoo_query_or_equivalent_authorized_market_data_source,2026-06-25T04:29:09.293391Z
2018-08-07,US_5Y_YAHOO_FVX,2.8410000801086426,yahoo_query_or_equivalent_authorized_market_data_source,2026-06-25T04:29:09.293391Z
2018-08-08,US_5Y_YAHOO_FVX,2.8380000591278076,yahoo_query_or_equivalent_authorized_market_data_source,2026-06-25T04:29:09.293391Z
2018-08-09,US_5Y_YAHOO_FVX,2.812999963760376,yahoo_query_or_equivalent_authorized_market_data_source,2026-06-25T04:29:09.293391Z
2018-08-10,US_5Y_YAHOO_FVX,2.7300000190734863,yahoo_query_or_equivalent_authorized_market_data_source,2026-06-25T04:29:09.293391Z
2018-08-13,US_5Y_YAHOO_FVX,2.746999979019165,yahoo_query_or_equivalent_authorized_market_data_source,2026-06-25T04:29:09.293391Z
2018-08-14,US_5Y_YAHOO_FVX,2.7669999599456787,yahoo_query_or_equivalent_authorized_market_data_source,2026-06-25T04:29:09.293391Z
2018-08-15,US_5Y_YAHOO_FVX,2.7239999771118164,yahoo_query_or_equivalent_authorized_market_data_source,2026-06-25T04:29:09.293391Z
2018-08-16,US_5Y_YAHOO_FVX,2.747999906539917,yahoo_query_or_equivalent_authorized_market_data_source,2026-06-25T04:29:09.293391Z
2018-08-17,US_5Y_YAHOO_FVX,2.752000093460083,yahoo_query_or_equivalent_authorized_market_data_source,2026-06-25T04:29:09.293391Z
2018-08-20,US_5Y_YAHOO_FVX,2.7019999027252197,yahoo_query_or_equivalent_authorized_market_data_source,2026-06-25T04:29:09.293391Z
2018-08-21,US_5Y_YAHOO_FVX,2.7260000705718994,yahoo_query_or_equivalent_authorized_market_data_source,2026-06-25T04:29:09.293391Z
2018-08-22,US_5Y_YAHOO_FVX,2.7060000896453857,yahoo_query_or_equivalent_authorized_market_data_source,2026-06-25T04:29:09.293391Z
2018-08-23,US_5Y_YAHOO_FVX,2.7139999866485596,yahoo_query_or_equivalent_authorized_market_data_source,2026-06-25T04:29:09.293391Z
2018-08-24,US_5Y_YAHOO_FVX,2.7239999771118164,yahoo_query_or_equivalent_authorized_market_data_source,2026-06-25T04:29:09.293391Z
2018-08-27,US_5Y_YAHOO_FVX,2.744999885559082,yahoo_query_or_equivalent_authorized_market_data_source,2026-06-25T04:29:09.293391Z
2018-08-28,US_5Y_YAHOO_FVX,2.7739999294281006,yahoo_query_or_equivalent_authorized_market_data_source,2026-06-25T04:29:09.293391Z
2018-08-29,US_5Y_YAHOO_FVX,2.7799999713897705,yahoo_query_or_equivalent_authorized_market_data_source,2026-06-25T04:29:09.293391Z
2018-08-30,US_5Y_YAHOO_FVX,2.755000114440918,yahoo_query_or_equivalent_authorized_market_data_source,2026-06-25T04:29:09.293391Z
2018-08-31,US_5Y_YAHOO_FVX,2.734999895095825,yahoo_query_or_equivalent_authorized_market_data_source,2026-06-25T04:29:09.293391Z
2018-09-04,US_5Y_YAHOO_FVX,2.7750000953674316,yahoo_query_or_equivalent_authorized_market_data_source,2026-06-25T04:29:09.293391Z
2018-09-05,US_5Y_YAHOO_FVX,2.7699999809265137,yahoo_query_or_equivalent_authorized_market_data_source,2026-06-25T04:29:09.293391Z
2018-09-06,US_5Y_YAHOO_FVX,2.747999906539917,yahoo_query_or_equivalent_authorized_market_data_source,2026-06-25T04:29:09.293391Z
2018-09-07,US_5Y_YAHOO_FVX,2.822999954223633,yahoo_query_or_equivalent_authorized_market_data_source,2026-06-25T04:29:09.293391Z
2018-09-10,US_5Y_YAHOO_FVX,2.828000068664551,yahoo_query_or_equivalent_authorized_market_data_source,2026-06-25T04:29:09.293391Z
2018-09-11,US_5Y_YAHOO_FVX,2.86899995803833,yahoo_query_or_equivalent_authorized_market_data_source,2026-06-25T04:29:09.293391Z
2018-09-12,US_5Y_YAHOO_FVX,2.859999895095825,yahoo_query_or_equivalent_authorized_market_data_source,2026-06-25T04:29:09.293391Z
2018-09-13,US_5Y_YAHOO_FVX,2.865999937057495,yahoo_query_or_equivalent_authorized_market_data_source,2026-06-25T04:29:09.293391Z
2018-09-14,US_5Y_YAHOO_FVX,2.8980000019073486,yahoo_query_or_equivalent_authorized_market_data_source,2026-06-25T04:29:09.293391Z
2018-09-17,US_5Y_YAHOO_FVX,2.9019999504089355,yahoo_query_or_equivalent_authorized_market_data_source,2026-06-25T04:29:09.293391Z
2018-09-18,US_5Y_YAHOO_FVX,2.936000108718872,yahoo_query_or_equivalent_authorized_market_data_source,2026-06-25T04:29:09.293391Z
2018-09-19,US_5Y_YAHOO_FVX,2.9600000381469727,yahoo_query_or_equivalent_authorized_market_data_source,2026-06-25T04:29:09.293391Z
2018-09-20,US_5Y_YAHOO_FVX,2.9619998931884766,yahoo_query_or_equivalent_authorized_market_data_source,2026-06-25T04:29:09.293391Z
2018-09-21,US_5Y_YAHOO_FVX,2.9539999961853027,yahoo_query_or_equivalent_authorized_market_data_source,2026-06-25T04:29:09.293391Z
2018-09-24,US_5Y_YAHOO_FVX,2.9590001106262207,yahoo_query_or_equivalent_authorized_market_data_source,2026-06-25T04:29:09.293391Z
2018-09-25,US_5Y_YAHOO_FVX,2.9830000400543213,yahoo_query_or_equivalent_authorized_market_data_source,2026-06-25T04:29:09.293391Z
2018-09-26,US_5Y_YAHOO_FVX,2.9579999446868896,yahoo_query_or_equivalent_authorized_market_data_source,2026-06-25T04:29:09.293391Z
2018-09-27,US_5Y_YAHOO_FVX,2.9600000381469727,yahoo_query_or_equivalent_authorized_market_data_source,2026-06-25T04:29:09.293391Z
2018-09-28,US_5Y_YAHOO_FVX,2.947999954223633,yahoo_query_or_equivalent_authorized_market_data_source,2026-06-25T04:29:09.293391Z
2018-10-01,US_5Y_YAHOO_FVX,2.9600000381469727,yahoo_query_or_equivalent_authorized_market_data_source,2026-06-25T04:29:09.293391Z
2018-10-02,US_5Y_YAHOO_FVX,2.944000005722046,yahoo_query_or_equivalent_authorized_market_data_source,2026-06-25T04:29:09.293391Z
2018-10-03,US_5Y_YAHOO_FVX,3.0239999294281006,yahoo_query_or_equivalent_authorized_market_data_source,2026-06-25T04:29:09.293391Z
2018-10-04,US_5Y_YAHOO_FVX,3.053999900817871,yahoo_query_or_equivalent_authorized_market_data_source,2026-06-25T04:29:09.293391Z
2018-10-05,US_5Y_YAHOO_FVX,3.071000099182129,yahoo_query_or_equivalent_authorized_market_data_source,2026-06-25T04:29:09.293391Z
2018-10-08,US_5Y_YAHOO_FVX,3.072999954223633,yahoo_query_or_equivalent_authorized_market_data_source,2026-06-25T04:29:09.293391Z
2018-10-09,US_5Y_YAHOO_FVX,3.056999921798706,yahoo_query_or_equivalent_authorized_market_data_source,2026-06-25T04:29:09.293391Z
2018-10-10,US_5Y_YAHOO_FVX,3.059000015258789,yahoo_query_or_equivalent_authorized_market_data_source,2026-06-25T04:29:09.293391Z
2018-10-11,US_5Y_YAHOO_FVX,2.989000082015991,yahoo_query_or_equivalent_authorized_market_data_source,2026-06-25T04:29:09.293391Z
2018-10-12,US_5Y_YAHOO_FVX,2.99399995803833,yahoo_query_or_equivalent_authorized_market_data_source,2026-06-25T04:29:09.293391Z
2018-10-15,US_5Y_YAHOO_FVX,3.0179998874664307,yahoo_query_or_equivalent_authorized_market_data_source,2026-06-25T04:29:09.293391Z
2018-10-16,US_5Y_YAHOO_FVX,3.0169999599456787,yahoo_query_or_equivalent_authorized_market_data_source,2026-06-25T04:29:09.293391Z
2018-10-17,US_5Y_YAHOO_FVX,3.0409998893737793,yahoo_query_or_equivalent_authorized_market_data_source,2026-06-25T04:29:09.293391Z
2018-10-18,US_5Y_YAHOO_FVX,3.0239999294281006,yahoo_query_or_equivalent_authorized_market_data_source,2026-06-25T04:29:09.293391Z
2018-10-19,US_5Y_YAHOO_FVX,3.052000045776367,yahoo_query_or_equivalent_authorized_market_data_source,2026-06-25T04:29:09.293391Z
2018-10-22,US_5Y_YAHOO_FVX,3.0480000972747803,yahoo_query_or_equivalent_authorized_market_data_source,2026-06-25T04:29:09.293391Z
2018-10-23,US_5Y_YAHOO_FVX,3.009000062942505,yahoo_query_or_equivalent_authorized_market_data_source,2026-06-25T04:29:09.293391Z
2018-10-24,US_5Y_YAHOO_FVX,2.9639999866485596,yahoo_query_or_equivalent_authorized_market_data_source,2026-06-25T04:29:09.293391Z
2018-10-25,US_5Y_YAHOO_FVX,2.9800000190734863,yahoo_query_or_equivalent_authorized_market_data_source,2026-06-25T04:29:09.293391Z
2018-10-26,US_5Y_YAHOO_FVX,2.9070000648498535,yahoo_query_or_equivalent_authorized_market_data_source,2026-06-25T04:29:09.293391Z
2018-10-29,US_5Y_YAHOO_FVX,2.9189999103546143,yahoo_query_or_equivalent_authorized_market_data_source,2026-06-25T04:29:09.293391Z
2018-10-30,US_5Y_YAHOO_FVX,2.938999891281128,yahoo_query_or_equivalent_authorized_market_data_source,2026-06-25T04:29:09.293391Z
2018-10-31,US_5Y_YAHOO_FVX,2.986999988555908,yahoo_query_or_equivalent_authorized_market_data_source,2026-06-25T04:29:09.293391Z
2018-11-01,US_5Y_YAHOO_FVX,2.9679999351501465,yahoo_query_or_equivalent_authorized_market_data_source,2026-06-25T04:29:09.293391Z
2018-11-02,US_5Y_YAHOO_FVX,3.0380001068115234,yahoo_query_or_equivalent_authorized_market_data_source,2026-06-25T04:29:09.293391Z
2018-11-05,US_5Y_YAHOO_FVX,3.0260000228881836,yahoo_query_or_equivalent_authorized_market_data_source,2026-06-25T04:29:09.293391Z
2018-11-06,US_5Y_YAHOO_FVX,3.049999952316284,yahoo_query_or_equivalent_authorized_market_data_source,2026-06-25T04:29:09.293391Z
2018-11-07,US_5Y_YAHOO_FVX,3.061000108718872,yahoo_query_or_equivalent_authorized_market_data_source,2026-06-25T04:29:09.293391Z
2018-11-08,US_5Y_YAHOO_FVX,3.0899999141693115,yahoo_query_or_equivalent_authorized_market_data_source,2026-06-25T04:29:09.293391Z
2018-11-09,US_5Y_YAHOO_FVX,3.0439999103546143,yahoo_query_or_equivalent_authorized_market_data_source,2026-06-25T04:29:09.293391Z
2018-11-12,US_5Y_YAHOO_FVX,3.0390000343322754,yahoo_query_or_equivalent_authorized_market_data_source,2026-06-25T04:29:09.293391Z
2018-11-13,US_5Y_YAHOO_FVX,2.986999988555908,yahoo_query_or_equivalent_authorized_market_data_source,2026-06-25T04:29:09.293391Z
2018-11-14,US_5Y_YAHOO_FVX,2.9519999027252197,yahoo_query_or_equivalent_authorized_market_data_source,2026-06-25T04:29:09.293391Z
2018-11-15,US_5Y_YAHOO_FVX,2.944999933242798,yahoo_query_or_equivalent_authorized_market_data_source,2026-06-25T04:29:09.293391Z
2018-11-16,US_5Y_YAHOO_FVX,2.8940000534057617,yahoo_query_or_equivalent_authorized_market_data_source,2026-06-25T04:29:09.293391Z
2018-11-19,US_5Y_YAHOO_FVX,2.865999937057495,yahoo_query_or_equivalent_authorized_market_data_source,2026-06-25T04:29:09.293391Z
2018-11-20,US_5Y_YAHOO_FVX,2.869999885559082,yahoo_query_or_equivalent_authorized_market_data_source,2026-06-25T04:29:09.293391Z
2018-11-21,US_5Y_YAHOO_FVX,2.890000104904175,yahoo_query_or_equivalent_authorized_market_data_source,2026-06-25T04:29:09.293391Z
2018-11-23,US_5Y_YAHOO_FVX,2.880000114440918,yahoo_query_or_equivalent_authorized_market_data_source,2026-06-25T04:29:09.293391Z
2018-11-26,US_5Y_YAHOO_FVX,2.9000000953674316,yahoo_query_or_equivalent_authorized_market_data_source,2026-06-25T04:29:09.293391Z
2018-11-27,US_5Y_YAHOO_FVX,2.884999990463257,yahoo_query_or_equivalent_authorized_market_data_source,2026-06-25T04:29:09.293391Z
2018-11-28,US_5Y_YAHOO_FVX,2.8559999465942383,yahoo_query_or_equivalent_authorized_market_data_source,2026-06-25T04:29:09.293391Z
2018-11-29,US_5Y_YAHOO_FVX,2.8550000190734863,yahoo_query_or_equivalent_authorized_market_data_source,2026-06-25T04:29:09.293391Z
2018-11-30,US_5Y_YAHOO_FVX,2.8450000286102295,yahoo_query_or_equivalent_authorized_market_data_source,2026-06-25T04:29:09.293391Z
2018-12-03,US_5Y_YAHOO_FVX,2.8389999866485596,yahoo_query_or_equivalent_authorized_market_data_source,2026-06-25T04:29:09.293391Z
2018-12-04,US_5Y_YAHOO_FVX,2.7990000247955322,yahoo_query_or_equivalent_authorized_market_data_source,2026-06-25T04:29:09.293391Z
2018-12-06,US_5Y_YAHOO_FVX,2.747999906539917,yahoo_query_or_equivalent_authorized_market_data_source,2026-06-25T04:29:09.293391Z
2018-12-07,US_5Y_YAHOO_FVX,2.696000099182129,yahoo_query_or_equivalent_authorized_market_data_source,2026-06-25T04:29:09.293391Z
2018-12-10,US_5Y_YAHOO_FVX,2.7090001106262207,yahoo_query_or_equivalent_authorized_market_data_source,2026-06-25T04:29:09.293391Z
2018-12-11,US_5Y_YAHOO_FVX,2.744999885559082,yahoo_query_or_equivalent_authorized_market_data_source,2026-06-25T04:29:09.293391Z
2018-12-12,US_5Y_YAHOO_FVX,2.765000104904175,yahoo_query_or_equivalent_authorized_market_data_source,2026-06-25T04:29:09.293391Z
2018-12-13,US_5Y_YAHOO_FVX,2.75600004196167,yahoo_query_or_equivalent_authorized_market_data_source,2026-06-25T04:29:09.293391Z
2018-12-14,US_5Y_YAHOO_FVX,2.7290000915527344,yahoo_query_or_equivalent_authorized_market_data_source,2026-06-25T04:29:09.293391Z
2018-12-17,US_5Y_YAHOO_FVX,2.693000078201294,yahoo_query_or_equivalent_authorized_market_data_source,2026-06-25T04:29:09.293391Z
2018-12-18,US_5Y_YAHOO_FVX,2.6559998989105225,yahoo_query_or_equivalent_authorized_market_data_source,2026-06-25T04:29:09.293391Z
2018-12-19,US_5Y_YAHOO_FVX,2.627000093460083,yahoo_query_or_equivalent_authorized_market_data_source,2026-06-25T04:29:09.293391Z
2018-12-20,US_5Y_YAHOO_FVX,2.6530001163482666,yahoo_query_or_equivalent_authorized_market_data_source,2026-06-25T04:29:09.293391Z
2018-12-21,US_5Y_YAHOO_FVX,2.6419999599456787,yahoo_query_or_equivalent_authorized_market_data_source,2026-06-25T04:29:09.293391Z
2018-12-24,US_5Y_YAHOO_FVX,2.5810000896453857,yahoo_query_or_equivalent_authorized_market_data_source,2026-06-25T04:29:09.293391Z
2018-12-26,US_5Y_YAHOO_FVX,2.63700008392334,yahoo_query_or_equivalent_authorized_market_data_source,2026-06-25T04:29:09.293391Z
2018-12-27,US_5Y_YAHOO_FVX,2.5899999141693115,yahoo_query_or_equivalent_authorized_market_data_source,2026-06-25T04:29:09.293391Z
2018-12-28,US_5Y_YAHOO_FVX,2.572999954223633,yahoo_query_or_equivalent_authorized_market_data_source,2026-06-25T04:29:09.293391Z
2018-12-31,US_5Y_YAHOO_FVX,2.509999990463257,yahoo_query_or_equivalent_authorized_market_data_source,2026-06-25T04:29:09.293391Z
2019-01-02,US_5Y_YAHOO_FVX,2.503000020980835,yahoo_query_or_equivalent_authorized_market_data_source,2026-06-25T04:29:09.293391Z
2019-01-03,US_5Y_YAHOO_FVX,2.368000030517578,yahoo_query_or_equivalent_authorized_market_data_source,2026-06-25T04:29:09.293391Z
2019-01-04,US_5Y_YAHOO_FVX,2.4820001125335693,yahoo_query_or_equivalent_authorized_market_data_source,2026-06-25T04:29:09.293391Z
2019-01-07,US_5Y_YAHOO_FVX,2.5190000534057617,yahoo_query_or_equivalent_authorized_market_data_source,2026-06-25T04:29:09.293391Z
2019-01-08,US_5Y_YAHOO_FVX,2.571000099182129,yahoo_query_or_equivalent_authorized_market_data_source,2026-06-25T04:29:09.293391Z
2019-01-09,US_5Y_YAHOO_FVX,2.559000015258789,yahoo_query_or_equivalent_authorized_market_data_source,2026-06-25T04:29:09.293391Z
2019-01-10,US_5Y_YAHOO_FVX,2.559000015258789,yahoo_query_or_equivalent_authorized_market_data_source,2026-06-25T04:29:09.293391Z
2019-01-11,US_5Y_YAHOO_FVX,2.5250000953674316,yahoo_query_or_equivalent_authorized_market_data_source,2026-06-25T04:29:09.293391Z
2019-01-14,US_5Y_YAHOO_FVX,2.5290000438690186,yahoo_query_or_equivalent_authorized_market_data_source,2026-06-25T04:29:09.293391Z
2019-01-15,US_5Y_YAHOO_FVX,2.5269999504089355,yahoo_query_or_equivalent_authorized_market_data_source,2026-06-25T04:29:09.293391Z
2019-01-16,US_5Y_YAHOO_FVX,2.546999931335449,yahoo_query_or_equivalent_authorized_market_data_source,2026-06-25T04:29:09.293391Z
2019-01-17,US_5Y_YAHOO_FVX,2.571000099182129,yahoo_query_or_equivalent_authorized_market_data_source,2026-06-25T04:29:09.293391Z
2019-01-18,US_5Y_YAHOO_FVX,2.618000030517578,yahoo_query_or_equivalent_authorized_market_data_source,2026-06-25T04:29:09.293391Z
2019-01-22,US_5Y_YAHOO_FVX,2.566999912261963,yahoo_query_or_equivalent_authorized_market_data_source,2026-06-25T04:29:09.293391Z
2019-01-23,US_5Y_YAHOO_FVX,2.5910000801086426,yahoo_query_or_equivalent_authorized_market_data_source,2026-06-25T04:29:09.293391Z
2019-01-24,US_5Y_YAHOO_FVX,2.546999931335449,yahoo_query_or_equivalent_authorized_market_data_source,2026-06-25T04:29:09.293391Z
2019-01-25,US_5Y_YAHOO_FVX,2.5889999866485596,yahoo_query_or_equivalent_authorized_market_data_source,2026-06-25T04:29:09.293391Z
2019-01-28,US_5Y_YAHOO_FVX,2.5810000896453857,yahoo_query_or_equivalent_authorized_market_data_source,2026-06-25T04:29:09.293391Z
2019-01-29,US_5Y_YAHOO_FVX,2.546999931335449,yahoo_query_or_equivalent_authorized_market_data_source,2026-06-25T04:29:09.293391Z
2019-01-30,US_5Y_YAHOO_FVX,2.503000020980835,yahoo_query_or_equivalent_authorized_market_data_source,2026-06-25T04:29:09.293391Z
2019-01-31,US_5Y_YAHOO_FVX,2.440000057220459,yahoo_query_or_equivalent_authorized_market_data_source,2026-06-25T04:29:09.293391Z
2019-02-01,US_5Y_YAHOO_FVX,2.507999897003174,yahoo_query_or_equivalent_authorized_market_data_source,2026-06-25T04:29:09.293391Z
2019-02-04,US_5Y_YAHOO_FVX,2.5350000858306885,yahoo_query_or_equivalent_authorized_market_data_source,2026-06-25T04:29:09.293391Z
2019-02-05,US_5Y_YAHOO_FVX,2.513000011444092,yahoo_query_or_equivalent_authorized_market_data_source,2026-06-25T04:29:09.293391Z
2019-02-06,US_5Y_YAHOO_FVX,2.507999897003174,yahoo_query_or_equivalent_authorized_market_data_source,2026-06-25T04:29:09.293391Z
2019-02-07,US_5Y_YAHOO_FVX,2.4579999446868896,yahoo_query_or_equivalent_authorized_market_data_source,2026-06-25T04:29:09.293391Z
2019-02-08,US_5Y_YAHOO_FVX,2.440999984741211,yahoo_query_or_equivalent_authorized_market_data_source,2026-06-25T04:29:09.293391Z
2019-02-11,US_5Y_YAHOO_FVX,2.4749999046325684,yahoo_query_or_equivalent_authorized_market_data_source,2026-06-25T04:29:09.293391Z
2019-02-12,US_5Y_YAHOO_FVX,2.492000102996826,yahoo_query_or_equivalent_authorized_market_data_source,2026-06-25T04:29:09.293391Z
2019-02-13,US_5Y_YAHOO_FVX,2.5269999504089355,yahoo_query_or_equivalent_authorized_market_data_source,2026-06-25T04:29:09.293391Z
2019-02-14,US_5Y_YAHOO_FVX,2.4730000495910645,yahoo_query_or_equivalent_authorized_market_data_source,2026-06-25T04:29:09.293391Z
2019-02-15,US_5Y_YAHOO_FVX,2.494999885559082,yahoo_query_or_equivalent_authorized_market_data_source,2026-06-25T04:29:09.293391Z
2019-02-19,US_5Y_YAHOO_FVX,2.4700000286102295,yahoo_query_or_equivalent_authorized_market_data_source,2026-06-25T04:29:09.293391Z
2019-02-20,US_5Y_YAHOO_FVX,2.4749999046325684,yahoo_query_or_equivalent_authorized_market_data_source,2026-06-25T04:29:09.293391Z
2019-02-21,US_5Y_YAHOO_FVX,2.507999897003174,yahoo_query_or_equivalent_authorized_market_data_source,2026-06-25T04:29:09.293391Z
2019-02-22,US_5Y_YAHOO_FVX,2.4679999351501465,yahoo_query_or_equivalent_authorized_market_data_source,2026-06-25T04:29:09.293391Z
2019-02-25,US_5Y_YAHOO_FVX,2.4860000610351562,yahoo_query_or_equivalent_authorized_market_data_source,2026-06-25T04:29:09.293391Z
2019-02-26,US_5Y_YAHOO_FVX,2.443000078201294,yahoo_query_or_equivalent_authorized_market_data_source,2026-06-25T04:29:09.293391Z
2019-02-27,US_5Y_YAHOO_FVX,2.490000009536743,yahoo_query_or_equivalent_authorized_market_data_source,2026-06-25T04:29:09.293391Z
2019-02-28,US_5Y_YAHOO_FVX,2.509000062942505,yahoo_query_or_equivalent_authorized_market_data_source,2026-06-25T04:29:09.293391Z
2019-03-01,US_5Y_YAHOO_FVX,2.555999994277954,yahoo_query_or_equivalent_authorized_market_data_source,2026-06-25T04:29:09.293391Z
2019-03-04,US_5Y_YAHOO_FVX,2.5309998989105225,yahoo_query_or_equivalent_authorized_market_data_source,2026-06-25T04:29:09.293391Z
2019-03-05,US_5Y_YAHOO_FVX,2.5329999923706055,yahoo_query_or_equivalent_authorized_market_data_source,2026-06-25T04:29:09.293391Z
2019-03-06,US_5Y_YAHOO_FVX,2.496999979019165,yahoo_query_or_equivalent_authorized_market_data_source,2026-06-25T04:29:09.293391Z
2019-03-07,US_5Y_YAHOO_FVX,2.434999942779541,yahoo_query_or_equivalent_authorized_market_data_source,2026-06-25T04:29:09.293391Z
2019-03-08,US_5Y_YAHOO_FVX,2.424999952316284,yahoo_query_or_equivalent_authorized_market_data_source,2026-06-25T04:29:09.293391Z
2019-03-11,US_5Y_YAHOO_FVX,2.440000057220459,yahoo_query_or_equivalent_authorized_market_data_source,2026-06-25T04:29:09.293391Z
2019-03-12,US_5Y_YAHOO_FVX,2.4140000343322754,yahoo_query_or_equivalent_authorized_market_data_source,2026-06-25T04:29:09.293391Z
2019-03-13,US_5Y_YAHOO_FVX,2.4140000343322754,yahoo_query_or_equivalent_authorized_market_data_source,2026-06-25T04:29:09.293391Z
2019-03-14,US_5Y_YAHOO_FVX,2.430000066757202,yahoo_query_or_equivalent_authorized_market_data_source,2026-06-25T04:29:09.293391Z
2019-03-15,US_5Y_YAHOO_FVX,2.4000000953674316,yahoo_query_or_equivalent_authorized_market_data_source,2026-06-25T04:29:09.293391Z
2019-03-18,US_5Y_YAHOO_FVX,2.4140000343322754,yahoo_query_or_equivalent_authorized_market_data_source,2026-06-25T04:29:09.293391Z
2019-03-19,US_5Y_YAHOO_FVX,2.424999952316284,yahoo_query_or_equivalent_authorized_market_data_source,2026-06-25T04:29:09.293391Z
2019-03-20,US_5Y_YAHOO_FVX,2.3350000381469727,yahoo_query_or_equivalent_authorized_market_data_source,2026-06-25T04:29:09.293391Z
2019-03-21,US_5Y_YAHOO_FVX,2.3410000801086426,yahoo_query_or_equivalent_authorized_market_data_source,2026-06-25T04:29:09.293391Z
2019-03-22,US_5Y_YAHOO_FVX,2.255000114440918,yahoo_query_or_equivalent_authorized_market_data_source,2026-06-25T04:29:09.293391Z
2019-03-25,US_5Y_YAHOO_FVX,2.2019999027252197,yahoo_query_or_equivalent_authorized_market_data_source,2026-06-25T04:29:09.293391Z
2019-03-26,US_5Y_YAHOO_FVX,2.193000078201294,yahoo_query_or_equivalent_authorized_market_data_source,2026-06-25T04:29:09.293391Z
2019-03-27,US_5Y_YAHOO_FVX,2.1649999618530273,yahoo_query_or_equivalent_authorized_market_data_source,2026-06-25T04:29:09.293391Z
2019-03-28,US_5Y_YAHOO_FVX,2.203000068664551,yahoo_query_or_equivalent_authorized_market_data_source,2026-06-25T04:29:09.293391Z
2019-03-29,US_5Y_YAHOO_FVX,2.243000030517578,yahoo_query_or_equivalent_authorized_market_data_source,2026-06-25T04:29:09.293391Z
2019-04-01,US_5Y_YAHOO_FVX,2.312000036239624,yahoo_query_or_equivalent_authorized_market_data_source,2026-06-25T04:29:09.293391Z
2019-04-02,US_5Y_YAHOO_FVX,2.2920000553131104,yahoo_query_or_equivalent_authorized_market_data_source,2026-06-25T04:29:09.293391Z
2019-04-03,US_5Y_YAHOO_FVX,2.319999933242798,yahoo_query_or_equivalent_authorized_market_data_source,2026-06-25T04:29:09.293391Z
2019-04-04,US_5Y_YAHOO_FVX,2.316999912261963,yahoo_query_or_equivalent_authorized_market_data_source,2026-06-25T04:29:09.293391Z
2019-04-05,US_5Y_YAHOO_FVX,2.312000036239624,yahoo_query_or_equivalent_authorized_market_data_source,2026-06-25T04:29:09.293391Z
2019-04-08,US_5Y_YAHOO_FVX,2.3259999752044678,yahoo_query_or_equivalent_authorized_market_data_source,2026-06-25T04:29:09.293391Z
2019-04-09,US_5Y_YAHOO_FVX,2.303999900817871,yahoo_query_or_equivalent_authorized_market_data_source,2026-06-25T04:29:09.293391Z
2019-04-10,US_5Y_YAHOO_FVX,2.2790000438690186,yahoo_query_or_equivalent_authorized_market_data_source,2026-06-25T04:29:09.293391Z
2019-04-11,US_5Y_YAHOO_FVX,2.315999984741211,yahoo_query_or_equivalent_authorized_market_data_source,2026-06-25T04:29:09.293391Z
2019-04-12,US_5Y_YAHOO_FVX,2.375,yahoo_query_or_equivalent_authorized_market_data_source,2026-06-25T04:29:09.293391Z
2019-04-15,US_5Y_YAHOO_FVX,2.369999885559082,yahoo_query_or_equivalent_authorized_market_data_source,2026-06-25T04:29:09.293391Z
2019-04-16,US_5Y_YAHOO_FVX,2.4079999923706055,yahoo_query_or_equivalent_authorized_market_data_source,2026-06-25T04:29:09.293391Z
2019-04-17,US_5Y_YAHOO_FVX,2.4010000228881836,yahoo_query_or_equivalent_authorized_market_data_source,2026-06-25T04:29:09.293391Z
2019-04-18,US_5Y_YAHOO_FVX,2.36899995803833,yahoo_query_or_equivalent_authorized_market_data_source,2026-06-25T04:29:09.293391Z
2019-04-22,US_5Y_YAHOO_FVX,2.388000011444092,yahoo_query_or_equivalent_authorized_market_data_source,2026-06-25T04:29:09.293391Z
2019-04-23,US_5Y_YAHOO_FVX,2.3610000610351562,yahoo_query_or_equivalent_authorized_market_data_source,2026-06-25T04:29:09.293391Z
2019-04-24,US_5Y_YAHOO_FVX,2.315000057220459,yahoo_query_or_equivalent_authorized_market_data_source,2026-06-25T04:29:09.293391Z
2019-04-25,US_5Y_YAHOO_FVX,2.3299999237060547,yahoo_query_or_equivalent_authorized_market_data_source,2026-06-25T04:29:09.293391Z
2019-04-26,US_5Y_YAHOO_FVX,2.2950000762939453,yahoo_query_or_equivalent_authorized_market_data_source,2026-06-25T04:29:09.293391Z
2019-04-29,US_5Y_YAHOO_FVX,2.318000078201294,yahoo_query_or_equivalent_authorized_market_data_source,2026-06-25T04:29:09.293391Z
2019-04-30,US_5Y_YAHOO_FVX,2.2820000648498535,yahoo_query_or_equivalent_authorized_market_data_source,2026-06-25T04:29:09.293391Z
2019-05-01,US_5Y_YAHOO_FVX,2.2980000972747803,yahoo_query_or_equivalent_authorized_market_data_source,2026-06-25T04:29:09.293391Z
2019-05-02,US_5Y_YAHOO_FVX,2.3519999980926514,yahoo_query_or_equivalent_authorized_market_data_source,2026-06-25T04:29:09.293391Z
2019-05-03,US_5Y_YAHOO_FVX,2.3299999237060547,yahoo_query_or_equivalent_authorized_market_data_source,2026-06-25T04:29:09.293391Z
2019-05-06,US_5Y_YAHOO_FVX,2.2929999828338623,yahoo_query_or_equivalent_authorized_market_data_source,2026-06-25T04:29:09.293391Z
2019-05-07,US_5Y_YAHOO_FVX,2.252000093460083,yahoo_query_or_equivalent_authorized_market_data_source,2026-06-25T04:29:09.293391Z
2019-05-08,US_5Y_YAHOO_FVX,2.2850000858306885,yahoo_query_or_equivalent_authorized_market_data_source,2026-06-25T04:29:09.293391Z
2019-05-09,US_5Y_YAHOO_FVX,2.253000020980835,yahoo_query_or_equivalent_authorized_market_data_source,2026-06-25T04:29:09.293391Z
2019-05-10,US_5Y_YAHOO_FVX,2.25,yahoo_query_or_equivalent_authorized_market_data_source,2026-06-25T04:29:09.293391Z
2019-05-13,US_5Y_YAHOO_FVX,2.186000108718872,yahoo_query_or_equivalent_authorized_market_data_source,2026-06-25T04:29:09.293391Z
2019-05-14,US_5Y_YAHOO_FVX,2.197999954223633,yahoo_query_or_equivalent_authorized_market_data_source,2026-06-25T04:29:09.293391Z
2019-05-15,US_5Y_YAHOO_FVX,2.1530001163482666,yahoo_query_or_equivalent_authorized_market_data_source,2026-06-25T04:29:09.293391Z
2019-05-16,US_5Y_YAHOO_FVX,2.186000108718872,yahoo_query_or_equivalent_authorized_market_data_source,2026-06-25T04:29:09.293391Z
2019-05-17,US_5Y_YAHOO_FVX,2.177999973297119,yahoo_query_or_equivalent_authorized_market_data_source,2026-06-25T04:29:09.293391Z
2019-05-20,US_5Y_YAHOO_FVX,2.2049999237060547,yahoo_query_or_equivalent_authorized_market_data_source,2026-06-25T04:29:09.293391Z
2019-05-21,US_5Y_YAHOO_FVX,2.2279999256134033,yahoo_query_or_equivalent_authorized_market_data_source,2026-06-25T04:29:09.293391Z
2019-05-22,US_5Y_YAHOO_FVX,2.188999891281128,yahoo_query_or_equivalent_authorized_market_data_source,2026-06-25T04:29:09.293391Z
2019-05-23,US_5Y_YAHOO_FVX,2.0880000591278076,yahoo_query_or_equivalent_authorized_market_data_source,2026-06-25T04:29:09.293391Z
2019-05-24,US_5Y_YAHOO_FVX,2.121999979019165,yahoo_query_or_equivalent_authorized_market_data_source,2026-06-25T04:29:09.293391Z
2019-05-28,US_5Y_YAHOO_FVX,2.0739998817443848,yahoo_query_or_equivalent_authorized_market_data_source,2026-06-25T04:29:09.293391Z
2019-05-29,US_5Y_YAHOO_FVX,2.0360000133514404,yahoo_query_or_equivalent_authorized_market_data_source,2026-06-25T04:29:09.293391Z
2019-05-30,US_5Y_YAHOO_FVX,2.0309998989105225,yahoo_query_or_equivalent_authorized_market_data_source,2026-06-25T04:29:09.293391Z
2019-05-31,US_5Y_YAHOO_FVX,1.9270000457763672,yahoo_query_or_equivalent_authorized_market_data_source,2026-06-25T04:29:09.293391Z
2019-06-03,US_5Y_YAHOO_FVX,1.847000002861023,yahoo_query_or_equivalent_authorized_market_data_source,2026-06-25T04:29:09.293391Z
2019-06-04,US_5Y_YAHOO_FVX,1.88100004196167,yahoo_query_or_equivalent_authorized_market_data_source,2026-06-25T04:29:09.293391Z
2019-06-05,US_5Y_YAHOO_FVX,1.8630000352859497,yahoo_query_or_equivalent_authorized_market_data_source,2026-06-25T04:29:09.293391Z
2019-06-06,US_5Y_YAHOO_FVX,1.8839999437332153,yahoo_query_or_equivalent_authorized_market_data_source,2026-06-25T04:29:09.293391Z
2019-06-07,US_5Y_YAHOO_FVX,1.8509999513626099,yahoo_query_or_equivalent_authorized_market_data_source,2026-06-25T04:29:09.293391Z
2019-06-10,US_5Y_YAHOO_FVX,1.9119999408721924,yahoo_query_or_equivalent_authorized_market_data_source,2026-06-25T04:29:09.293391Z
2019-06-11,US_5Y_YAHOO_FVX,1.909000039100647,yahoo_query_or_equivalent_authorized_market_data_source,2026-06-25T04:29:09.293391Z
2019-06-12,US_5Y_YAHOO_FVX,1.88100004196167,yahoo_query_or_equivalent_authorized_market_data_source,2026-06-25T04:29:09.293391Z
2019-06-13,US_5Y_YAHOO_FVX,1.8300000429153442,yahoo_query_or_equivalent_authorized_market_data_source,2026-06-25T04:29:09.293391Z
2019-06-14,US_5Y_YAHOO_FVX,1.8459999561309814,yahoo_query_or_equivalent_authorized_market_data_source,2026-06-25T04:29:09.293391Z
2019-06-17,US_5Y_YAHOO_FVX,1.847000002861023,yahoo_query_or_equivalent_authorized_market_data_source,2026-06-25T04:29:09.293391Z
2019-06-18,US_5Y_YAHOO_FVX,1.8320000171661377,yahoo_query_or_equivalent_authorized_market_data_source,2026-06-25T04:29:09.293391Z
2019-06-19,US_5Y_YAHOO_FVX,1.7680000066757202,yahoo_query_or_equivalent_authorized_market_data_source,2026-06-25T04:29:09.293391Z
2019-06-20,US_5Y_YAHOO_FVX,1.7380000352859497,yahoo_query_or_equivalent_authorized_market_data_source,2026-06-25T04:29:09.293391Z
2019-06-21,US_5Y_YAHOO_FVX,1.8070000410079956,yahoo_query_or_equivalent_authorized_market_data_source,2026-06-25T04:29:09.293391Z
2019-06-24,US_5Y_YAHOO_FVX,1.753000020980835,yahoo_query_or_equivalent_authorized_market_data_source,2026-06-25T04:29:09.293391Z
2019-06-25,US_5Y_YAHOO_FVX,1.7330000400543213,yahoo_query_or_equivalent_authorized_market_data_source,2026-06-25T04:29:09.293391Z
2019-06-26,US_5Y_YAHOO_FVX,1.7999999523162842,yahoo_query_or_equivalent_authorized_market_data_source,2026-06-25T04:29:09.293391Z
2019-06-27,US_5Y_YAHOO_FVX,1.7630000114440918,yahoo_query_or_equivalent_authorized_market_data_source,2026-06-25T04:29:09.293391Z
2019-06-28,US_5Y_YAHOO_FVX,1.7580000162124634,yahoo_query_or_equivalent_authorized_market_data_source,2026-06-25T04:29:09.293391Z
2019-07-01,US_5Y_YAHOO_FVX,1.7960000038146973,yahoo_query_or_equivalent_authorized_market_data_source,2026-06-25T04:29:09.293391Z
2019-07-02,US_5Y_YAHOO_FVX,1.746999979019165,yahoo_query_or_equivalent_authorized_market_data_source,2026-06-25T04:29:09.293391Z
2019-07-03,US_5Y_YAHOO_FVX,1.7369999885559082,yahoo_query_or_equivalent_authorized_market_data_source,2026-06-25T04:29:09.293391Z
2019-07-05,US_5Y_YAHOO_FVX,1.8420000076293945,yahoo_query_or_equivalent_authorized_market_data_source,2026-06-25T04:29:09.293391Z
2019-07-08,US_5Y_YAHOO_FVX,1.843999981880188,yahoo_query_or_equivalent_authorized_market_data_source,2026-06-25T04:29:09.293391Z
2019-07-09,US_5Y_YAHOO_FVX,1.8669999837875366,yahoo_query_or_equivalent_authorized_market_data_source,2026-06-25T04:29:09.293391Z
2019-07-10,US_5Y_YAHOO_FVX,1.8279999494552612,yahoo_query_or_equivalent_authorized_market_data_source,2026-06-25T04:29:09.293391Z
2019-07-11,US_5Y_YAHOO_FVX,1.8769999742507935,yahoo_query_or_equivalent_authorized_market_data_source,2026-06-25T04:29:09.293391Z
2019-07-12,US_5Y_YAHOO_FVX,1.8580000400543213,yahoo_query_or_equivalent_authorized_market_data_source,2026-06-25T04:29:09.293391Z
2019-07-15,US_5Y_YAHOO_FVX,1.8489999771118164,yahoo_query_or_equivalent_authorized_market_data_source,2026-06-25T04:29:09.293391Z
2019-07-16,US_5Y_YAHOO_FVX,1.8830000162124634,yahoo_query_or_equivalent_authorized_market_data_source,2026-06-25T04:29:09.293391Z
2019-07-17,US_5Y_YAHOO_FVX,1.8300000429153442,yahoo_query_or_equivalent_authorized_market_data_source,2026-06-25T04:29:09.293391Z
2019-07-18,US_5Y_YAHOO_FVX,1.7860000133514404,yahoo_query_or_equivalent_authorized_market_data_source,2026-06-25T04:29:09.293391Z
2019-07-19,US_5Y_YAHOO_FVX,1.8049999475479126,yahoo_query_or_equivalent_authorized_market_data_source,2026-06-25T04:29:09.293391Z
2019-07-22,US_5Y_YAHOO_FVX,1.7979999780654907,yahoo_query_or_equivalent_authorized_market_data_source,2026-06-25T04:29:09.293391Z
2019-07-23,US_5Y_YAHOO_FVX,1.8250000476837158,yahoo_query_or_equivalent_authorized_market_data_source,2026-06-25T04:29:09.293391Z
2019-07-24,US_5Y_YAHOO_FVX,1.8200000524520874,yahoo_query_or_equivalent_authorized_market_data_source,2026-06-25T04:29:09.293391Z
2019-07-25,US_5Y_YAHOO_FVX,1.8539999723434448,yahoo_query_or_equivalent_authorized_market_data_source,2026-06-25T04:29:09.293391Z
2019-07-26,US_5Y_YAHOO_FVX,1.8619999885559082,yahoo_query_or_equivalent_authorized_market_data_source,2026-06-25T04:29:09.293391Z
2019-07-29,US_5Y_YAHOO_FVX,1.8339999914169312,yahoo_query_or_equivalent_authorized_market_data_source,2026-06-25T04:29:09.293391Z
2019-07-30,US_5Y_YAHOO_FVX,1.843999981880188,yahoo_query_or_equivalent_authorized_market_data_source,2026-06-25T04:29:09.293391Z
2019-07-31,US_5Y_YAHOO_FVX,1.843999981880188,yahoo_query_or_equivalent_authorized_market_data_source,2026-06-25T04:29:09.293391Z
2019-08-01,US_5Y_YAHOO_FVX,1.6779999732971191,yahoo_query_or_equivalent_authorized_market_data_source,2026-06-25T04:29:09.293391Z
2019-08-02,US_5Y_YAHOO_FVX,1.6679999828338623,yahoo_query_or_equivalent_authorized_market_data_source,2026-06-25T04:29:09.293391Z
2019-08-05,US_5Y_YAHOO_FVX,1.534000039100647,yahoo_query_or_equivalent_authorized_market_data_source,2026-06-25T04:29:09.293391Z
2019-08-06,US_5Y_YAHOO_FVX,1.5460000038146973,yahoo_query_or_equivalent_authorized_market_data_source,2026-06-25T04:29:09.293391Z
2019-08-07,US_5Y_YAHOO_FVX,1.5019999742507935,yahoo_query_or_equivalent_authorized_market_data_source,2026-06-25T04:29:09.293391Z
2019-08-08,US_5Y_YAHOO_FVX,1.5369999408721924,yahoo_query_or_equivalent_authorized_market_data_source,2026-06-25T04:29:09.293391Z
2019-08-09,US_5Y_YAHOO_FVX,1.562999963760376,yahoo_query_or_equivalent_authorized_market_data_source,2026-06-25T04:29:09.293391Z
2019-08-12,US_5Y_YAHOO_FVX,1.4830000400543213,yahoo_query_or_equivalent_authorized_market_data_source,2026-06-25T04:29:09.293391Z
2019-08-13,US_5Y_YAHOO_FVX,1.569000005722046,yahoo_query_or_equivalent_authorized_market_data_source,2026-06-25T04:29:09.293391Z
2019-08-14,US_5Y_YAHOO_FVX,1.4880000352859497,yahoo_query_or_equivalent_authorized_market_data_source,2026-06-25T04:29:09.293391Z
2019-08-15,US_5Y_YAHOO_FVX,1.4220000505447388,yahoo_query_or_equivalent_authorized_market_data_source,2026-06-25T04:29:09.293391Z
2019-08-16,US_5Y_YAHOO_FVX,1.4119999408721924,yahoo_query_or_equivalent_authorized_market_data_source,2026-06-25T04:29:09.293391Z
2019-08-19,US_5Y_YAHOO_FVX,1.4639999866485596,yahoo_query_or_equivalent_authorized_market_data_source,2026-06-25T04:29:09.293391Z
2019-08-20,US_5Y_YAHOO_FVX,1.4329999685287476,yahoo_query_or_equivalent_authorized_market_data_source,2026-06-25T04:29:09.293391Z
2019-08-21,US_5Y_YAHOO_FVX,1.4670000076293945,yahoo_query_or_equivalent_authorized_market_data_source,2026-06-25T04:29:09.293391Z
2019-08-22,US_5Y_YAHOO_FVX,1.4930000305175781,yahoo_query_or_equivalent_authorized_market_data_source,2026-06-25T04:29:09.293391Z
2019-08-23,US_5Y_YAHOO_FVX,1.4110000133514404,yahoo_query_or_equivalent_authorized_market_data_source,2026-06-25T04:29:09.293391Z
2019-08-26,US_5Y_YAHOO_FVX,1.4299999475479126,yahoo_query_or_equivalent_authorized_market_data_source,2026-06-25T04:29:09.293391Z
2019-08-27,US_5Y_YAHOO_FVX,1.3940000534057617,yahoo_query_or_equivalent_authorized_market_data_source,2026-06-25T04:29:09.293391Z
2019-08-28,US_5Y_YAHOO_FVX,1.3739999532699585,yahoo_query_or_equivalent_authorized_market_data_source,2026-06-25T04:29:09.293391Z
2019-08-29,US_5Y_YAHOO_FVX,1.4110000133514404,yahoo_query_or_equivalent_authorized_market_data_source,2026-06-25T04:29:09.293391Z
2019-08-30,US_5Y_YAHOO_FVX,1.3910000324249268,yahoo_query_or_equivalent_authorized_market_data_source,2026-06-25T04:29:09.293391Z
2019-09-03,US_5Y_YAHOO_FVX,1.3389999866485596,yahoo_query_or_equivalent_authorized_market_data_source,2026-06-25T04:29:09.293391Z
2019-09-04,US_5Y_YAHOO_FVX,1.315000057220459,yahoo_query_or_equivalent_authorized_market_data_source,2026-06-25T04:29:09.293391Z
2019-09-05,US_5Y_YAHOO_FVX,1.434000015258789,yahoo_query_or_equivalent_authorized_market_data_source,2026-06-25T04:29:09.293391Z
2019-09-06,US_5Y_YAHOO_FVX,1.4179999828338623,yahoo_query_or_equivalent_authorized_market_data_source,2026-06-25T04:29:09.293391Z
2019-09-09,US_5Y_YAHOO_FVX,1.4789999723434448,yahoo_query_or_equivalent_authorized_market_data_source,2026-06-25T04:29:09.293391Z
2019-09-10,US_5Y_YAHOO_FVX,1.565000057220459,yahoo_query_or_equivalent_authorized_market_data_source,2026-06-25T04:29:09.293391Z
2019-09-11,US_5Y_YAHOO_FVX,1.5920000076293945,yahoo_query_or_equivalent_authorized_market_data_source,2026-06-25T04:29:09.293391Z
2019-09-12,US_5Y_YAHOO_FVX,1.6519999504089355,yahoo_query_or_equivalent_authorized_market_data_source,2026-06-25T04:29:09.293391Z
2019-09-13,US_5Y_YAHOO_FVX,1.7519999742507935,yahoo_query_or_equivalent_authorized_market_data_source,2026-06-25T04:29:09.293391Z
2019-09-16,US_5Y_YAHOO_FVX,1.7009999752044678,yahoo_query_or_equivalent_authorized_market_data_source,2026-06-25T04:29:09.293391Z
2019-09-17,US_5Y_YAHOO_FVX,1.6660000085830688,yahoo_query_or_equivalent_authorized_market_data_source,2026-06-25T04:29:09.293391Z
2019-09-18,US_5Y_YAHOO_FVX,1.6610000133514404,yahoo_query_or_equivalent_authorized_market_data_source,2026-06-25T04:29:09.293391Z
2019-09-19,US_5Y_YAHOO_FVX,1.6480000019073486,yahoo_query_or_equivalent_authorized_market_data_source,2026-06-25T04:29:09.293391Z
2019-09-20,US_5Y_YAHOO_FVX,1.6339999437332153,yahoo_query_or_equivalent_authorized_market_data_source,2026-06-25T04:29:09.293391Z
2019-09-23,US_5Y_YAHOO_FVX,1.5820000171661377,yahoo_query_or_equivalent_authorized_market_data_source,2026-06-25T04:29:09.293391Z
2019-09-24,US_5Y_YAHOO_FVX,1.5110000371932983,yahoo_query_or_equivalent_authorized_market_data_source,2026-06-25T04:29:09.293391Z
2019-09-25,US_5Y_YAHOO_FVX,1.6069999933242798,yahoo_query_or_equivalent_authorized_market_data_source,2026-06-25T04:29:09.293391Z
2019-09-26,US_5Y_YAHOO_FVX,1.5729999542236328,yahoo_query_or_equivalent_authorized_market_data_source,2026-06-25T04:29:09.293391Z
2019-09-27,US_5Y_YAHOO_FVX,1.5509999990463257,yahoo_query_or_equivalent_authorized_market_data_source,2026-06-25T04:29:09.293391Z
2019-09-30,US_5Y_YAHOO_FVX,1.5509999990463257,yahoo_query_or_equivalent_authorized_market_data_source,2026-06-25T04:29:09.293391Z
2019-10-01,US_5Y_YAHOO_FVX,1.4980000257492065,yahoo_query_or_equivalent_authorized_market_data_source,2026-06-25T04:29:09.293391Z
2019-10-02,US_5Y_YAHOO_FVX,1.4299999475479126,yahoo_query_or_equivalent_authorized_market_data_source,2026-06-25T04:29:09.293391Z
2019-10-03,US_5Y_YAHOO_FVX,1.3420000076293945,yahoo_query_or_equivalent_authorized_market_data_source,2026-06-25T04:29:09.293391Z
2019-10-04,US_5Y_YAHOO_FVX,1.3309999704360962,yahoo_query_or_equivalent_authorized_market_data_source,2026-06-25T04:29:09.293391Z
2019-10-07,US_5Y_YAHOO_FVX,1.3860000371932983,yahoo_query_or_equivalent_authorized_market_data_source,2026-06-25T04:29:09.293391Z
2019-10-08,US_5Y_YAHOO_FVX,1.3580000400543213,yahoo_query_or_equivalent_authorized_market_data_source,2026-06-25T04:29:09.293391Z
2019-10-09,US_5Y_YAHOO_FVX,1.409000039100647,yahoo_query_or_equivalent_authorized_market_data_source,2026-06-25T04:29:09.293391Z
2019-10-10,US_5Y_YAHOO_FVX,1.4769999980926514,yahoo_query_or_equivalent_authorized_market_data_source,2026-06-25T04:29:09.293391Z
2019-10-11,US_5Y_YAHOO_FVX,1.5759999752044678,yahoo_query_or_equivalent_authorized_market_data_source,2026-06-25T04:29:09.293391Z
2019-10-14,US_5Y_YAHOO_FVX,1.559000015258789,yahoo_query_or_equivalent_authorized_market_data_source,2026-06-25T04:29:09.293391Z
2019-10-15,US_5Y_YAHOO_FVX,1.5989999771118164,yahoo_query_or_equivalent_authorized_market_data_source,2026-06-25T04:29:09.293391Z
2019-10-16,US_5Y_YAHOO_FVX,1.569000005722046,yahoo_query_or_equivalent_authorized_market_data_source,2026-06-25T04:29:09.293391Z
2019-10-17,US_5Y_YAHOO_FVX,1.5789999961853027,yahoo_query_or_equivalent_authorized_market_data_source,2026-06-25T04:29:09.293391Z
2019-10-18,US_5Y_YAHOO_FVX,1.5579999685287476,yahoo_query_or_equivalent_authorized_market_data_source,2026-06-25T04:29:09.293391Z
2019-10-21,US_5Y_YAHOO_FVX,1.6019999980926514,yahoo_query_or_equivalent_authorized_market_data_source,2026-06-25T04:29:09.293391Z
2019-10-22,US_5Y_YAHOO_FVX,1.5920000076293945,yahoo_query_or_equivalent_authorized_market_data_source,2026-06-25T04:29:09.293391Z
2019-10-23,US_5Y_YAHOO_FVX,1.5859999656677246,yahoo_query_or_equivalent_authorized_market_data_source,2026-06-25T04:29:09.293391Z
2019-10-24,US_5Y_YAHOO_FVX,1.5870000123977661,yahoo_query_or_equivalent_authorized_market_data_source,2026-06-25T04:29:09.293391Z
2019-10-25,US_5Y_YAHOO_FVX,1.6260000467300415,yahoo_query_or_equivalent_authorized_market_data_source,2026-06-25T04:29:09.293391Z
2019-10-28,US_5Y_YAHOO_FVX,1.6699999570846558,yahoo_query_or_equivalent_authorized_market_data_source,2026-06-25T04:29:09.293391Z
2019-10-29,US_5Y_YAHOO_FVX,1.659000039100647,yahoo_query_or_equivalent_authorized_market_data_source,2026-06-25T04:29:09.293391Z
2019-10-30,US_5Y_YAHOO_FVX,1.6369999647140503,yahoo_query_or_equivalent_authorized_market_data_source,2026-06-25T04:29:09.293391Z
2019-10-31,US_5Y_YAHOO_FVX,1.5230000019073486,yahoo_query_or_equivalent_authorized_market_data_source,2026-06-25T04:29:09.293391Z
2019-11-01,US_5Y_YAHOO_FVX,1.5540000200271606,yahoo_query_or_equivalent_authorized_market_data_source,2026-06-25T04:29:09.293391Z
2019-11-04,US_5Y_YAHOO_FVX,1.6030000448226929,yahoo_query_or_equivalent_authorized_market_data_source,2026-06-25T04:29:09.293391Z
2019-11-05,US_5Y_YAHOO_FVX,1.6710000038146973,yahoo_query_or_equivalent_authorized_market_data_source,2026-06-25T04:29:09.293391Z
2019-11-06,US_5Y_YAHOO_FVX,1.628000020980835,yahoo_query_or_equivalent_authorized_market_data_source,2026-06-25T04:29:09.293391Z
2019-11-07,US_5Y_YAHOO_FVX,1.7400000095367432,yahoo_query_or_equivalent_authorized_market_data_source,2026-06-25T04:29:09.293391Z
2019-11-08,US_5Y_YAHOO_FVX,1.7339999675750732,yahoo_query_or_equivalent_authorized_market_data_source,2026-06-25T04:29:09.293391Z
2019-11-11,US_5Y_YAHOO_FVX,1.7510000467300415,yahoo_query_or_equivalent_authorized_market_data_source,2026-06-25T04:29:09.293391Z
2019-11-12,US_5Y_YAHOO_FVX,1.718000054359436,yahoo_query_or_equivalent_authorized_market_data_source,2026-06-25T04:29:09.293391Z
2019-11-13,US_5Y_YAHOO_FVX,1.6779999732971191,yahoo_query_or_equivalent_authorized_market_data_source,2026-06-25T04:29:09.293391Z
2019-11-14,US_5Y_YAHOO_FVX,1.6230000257492065,yahoo_query_or_equivalent_authorized_market_data_source,2026-06-25T04:29:09.293391Z
2019-11-15,US_5Y_YAHOO_FVX,1.649999976158142,yahoo_query_or_equivalent_authorized_market_data_source,2026-06-25T04:29:09.293391Z
2019-11-18,US_5Y_YAHOO_FVX,1.625,yahoo_query_or_equivalent_authorized_market_data_source,2026-06-25T04:29:09.293391Z
2019-11-19,US_5Y_YAHOO_FVX,1.621999979019165,yahoo_query_or_equivalent_authorized_market_data_source,2026-06-25T04:29:09.293391Z
2019-11-20,US_5Y_YAHOO_FVX,1.5839999914169312,yahoo_query_or_equivalent_authorized_market_data_source,2026-06-25T04:29:09.293391Z
2019-11-21,US_5Y_YAHOO_FVX,1.6139999628067017,yahoo_query_or_equivalent_authorized_market_data_source,2026-06-25T04:29:09.293391Z
2019-11-22,US_5Y_YAHOO_FVX,1.628999948501587,yahoo_query_or_equivalent_authorized_market_data_source,2026-06-25T04:29:09.293391Z
2019-11-25,US_5Y_YAHOO_FVX,1.6160000562667847,yahoo_query_or_equivalent_authorized_market_data_source,2026-06-25T04:29:09.293391Z
2019-11-26,US_5Y_YAHOO_FVX,1.5959999561309814,yahoo_query_or_equivalent_authorized_market_data_source,2026-06-25T04:29:09.293391Z
2019-11-27,US_5Y_YAHOO_FVX,1.6260000467300415,yahoo_query_or_equivalent_authorized_market_data_source,2026-06-25T04:29:09.293391Z
2019-11-29,US_5Y_YAHOO_FVX,1.621000051498413,yahoo_query_or_equivalent_authorized_market_data_source,2026-06-25T04:29:09.293391Z
2019-12-02,US_5Y_YAHOO_FVX,1.659000039100647,yahoo_query_or_equivalent_authorized_market_data_source,2026-06-25T04:29:09.293391Z
2019-12-03,US_5Y_YAHOO_FVX,1.534000039100647,yahoo_query_or_equivalent_authorized_market_data_source,2026-06-25T04:29:09.293391Z
2019-12-04,US_5Y_YAHOO_FVX,1.6059999465942383,yahoo_query_or_equivalent_authorized_market_data_source,2026-06-25T04:29:09.293391Z
2019-12-05,US_5Y_YAHOO_FVX,1.6230000257492065,yahoo_query_or_equivalent_authorized_market_data_source,2026-06-25T04:29:09.293391Z
2019-12-06,US_5Y_YAHOO_FVX,1.6690000295639038,yahoo_query_or_equivalent_authorized_market_data_source,2026-06-25T04:29:09.293391Z
2019-12-09,US_5Y_YAHOO_FVX,1.6679999828338623,yahoo_query_or_equivalent_authorized_market_data_source,2026-06-25T04:29:09.293391Z
2019-12-10,US_5Y_YAHOO_FVX,1.680999994277954,yahoo_query_or_equivalent_authorized_market_data_source,2026-06-25T04:29:09.293391Z
2019-12-11,US_5Y_YAHOO_FVX,1.6399999856948853,yahoo_query_or_equivalent_authorized_market_data_source,2026-06-25T04:29:09.293391Z
2019-12-12,US_5Y_YAHOO_FVX,1.7339999675750732,yahoo_query_or_equivalent_authorized_market_data_source,2026-06-25T04:29:09.293391Z
2019-12-13,US_5Y_YAHOO_FVX,1.652999997138977,yahoo_query_or_equivalent_authorized_market_data_source,2026-06-25T04:29:09.293391Z
2019-12-16,US_5Y_YAHOO_FVX,1.7209999561309814,yahoo_query_or_equivalent_authorized_market_data_source,2026-06-25T04:29:09.293391Z
2019-12-17,US_5Y_YAHOO_FVX,1.7130000591278076,yahoo_query_or_equivalent_authorized_market_data_source,2026-06-25T04:29:09.293391Z
2019-12-18,US_5Y_YAHOO_FVX,1.7380000352859497,yahoo_query_or_equivalent_authorized_market_data_source,2026-06-25T04:29:09.293391Z
2019-12-19,US_5Y_YAHOO_FVX,1.7200000286102295,yahoo_query_or_equivalent_authorized_market_data_source,2026-06-25T04:29:09.293391Z
2019-12-20,US_5Y_YAHOO_FVX,1.7289999723434448,yahoo_query_or_equivalent_authorized_market_data_source,2026-06-25T04:29:09.293391Z
2019-12-23,US_5Y_YAHOO_FVX,1.753999948501587,yahoo_query_or_equivalent_authorized_market_data_source,2026-06-25T04:29:09.293391Z
2019-12-24,US_5Y_YAHOO_FVX,1.7239999771118164,yahoo_query_or_equivalent_authorized_market_data_source,2026-06-25T04:29:09.293391Z
2019-12-26,US_5Y_YAHOO_FVX,1.725000023841858,yahoo_query_or_equivalent_authorized_market_data_source,2026-06-25T04:29:09.293391Z
2019-12-27,US_5Y_YAHOO_FVX,1.6779999732971191,yahoo_query_or_equivalent_authorized_market_data_source,2026-06-25T04:29:09.293391Z
2019-12-30,US_5Y_YAHOO_FVX,1.680999994277954,yahoo_query_or_equivalent_authorized_market_data_source,2026-06-25T04:29:09.293391Z
2019-12-31,US_5Y_YAHOO_FVX,1.6929999589920044,yahoo_query_or_equivalent_authorized_market_data_source,2026-06-25T04:29:09.293391Z
2020-01-02,US_5Y_YAHOO_FVX,1.6710000038146973,yahoo_query_or_equivalent_authorized_market_data_source,2026-06-25T04:29:09.293391Z
2020-01-03,US_5Y_YAHOO_FVX,1.5859999656677246,yahoo_query_or_equivalent_authorized_market_data_source,2026-06-25T04:29:09.293391Z
2020-01-06,US_5Y_YAHOO_FVX,1.6109999418258667,yahoo_query_or_equivalent_authorized_market_data_source,2026-06-25T04:29:09.293391Z
2020-01-07,US_5Y_YAHOO_FVX,1.61899995803833,yahoo_query_or_equivalent_authorized_market_data_source,2026-06-25T04:29:09.293391Z
2020-01-08,US_5Y_YAHOO_FVX,1.6649999618530273,yahoo_query_or_equivalent_authorized_market_data_source,2026-06-25T04:29:09.293391Z
2020-01-09,US_5Y_YAHOO_FVX,1.6549999713897705,yahoo_query_or_equivalent_authorized_market_data_source,2026-06-25T04:29:09.293391Z
2020-01-10,US_5Y_YAHOO_FVX,1.6360000371932983,yahoo_query_or_equivalent_authorized_market_data_source,2026-06-25T04:29:09.293391Z
2020-01-13,US_5Y_YAHOO_FVX,1.6510000228881836,yahoo_query_or_equivalent_authorized_market_data_source,2026-06-25T04:29:09.293391Z
2020-01-14,US_5Y_YAHOO_FVX,1.6269999742507935,yahoo_query_or_equivalent_authorized_market_data_source,2026-06-25T04:29:09.293391Z
2020-01-15,US_5Y_YAHOO_FVX,1.6019999980926514,yahoo_query_or_equivalent_authorized_market_data_source,2026-06-25T04:29:09.293391Z
2020-01-16,US_5Y_YAHOO_FVX,1.625,yahoo_query_or_equivalent_authorized_market_data_source,2026-06-25T04:29:09.293391Z
2020-01-17,US_5Y_YAHOO_FVX,1.63100004196167,yahoo_query_or_equivalent_authorized_market_data_source,2026-06-25T04:29:09.293391Z
2020-01-21,US_5Y_YAHOO_FVX,1.5729999542236328,yahoo_query_or_equivalent_authorized_market_data_source,2026-06-25T04:29:09.293391Z
2020-01-22,US_5Y_YAHOO_FVX,1.5729999542236328,yahoo_query_or_equivalent_authorized_market_data_source,2026-06-25T04:29:09.293391Z
2020-01-23,US_5Y_YAHOO_FVX,1.5549999475479126,yahoo_query_or_equivalent_authorized_market_data_source,2026-06-25T04:29:09.293391Z
2020-01-24,US_5Y_YAHOO_FVX,1.5010000467300415,yahoo_query_or_equivalent_authorized_market_data_source,2026-06-25T04:29:09.293391Z
2020-01-27,US_5Y_YAHOO_FVX,1.434999942779541,yahoo_query_or_equivalent_authorized_market_data_source,2026-06-25T04:29:09.293391Z
2020-01-28,US_5Y_YAHOO_FVX,1.465999960899353,yahoo_query_or_equivalent_authorized_market_data_source,2026-06-25T04:29:09.293391Z
2020-01-29,US_5Y_YAHOO_FVX,1.4170000553131104,yahoo_query_or_equivalent_authorized_market_data_source,2026-06-25T04:29:09.293391Z
2020-01-30,US_5Y_YAHOO_FVX,1.3799999952316284,yahoo_query_or_equivalent_authorized_market_data_source,2026-06-25T04:29:09.293391Z
2020-01-31,US_5Y_YAHOO_FVX,1.3259999752044678,yahoo_query_or_equivalent_authorized_market_data_source,2026-06-25T04:29:09.293391Z
2020-02-03,US_5Y_YAHOO_FVX,1.343000054359436,yahoo_query_or_equivalent_authorized_market_data_source,2026-06-25T04:29:09.293391Z
2020-02-04,US_5Y_YAHOO_FVX,1.4240000247955322,yahoo_query_or_equivalent_authorized_market_data_source,2026-06-25T04:29:09.293391Z
2020-02-05,US_5Y_YAHOO_FVX,1.4600000381469727,yahoo_query_or_equivalent_authorized_market_data_source,2026-06-25T04:29:09.293391Z
2020-02-06,US_5Y_YAHOO_FVX,1.4600000381469727,yahoo_query_or_equivalent_authorized_market_data_source,2026-06-25T04:29:09.293391Z
2020-02-07,US_5Y_YAHOO_FVX,1.4010000228881836,yahoo_query_or_equivalent_authorized_market_data_source,2026-06-25T04:29:09.293391Z
2020-02-10,US_5Y_YAHOO_FVX,1.3669999837875366,yahoo_query_or_equivalent_authorized_market_data_source,2026-06-25T04:29:09.293391Z
2020-02-11,US_5Y_YAHOO_FVX,1.4110000133514404,yahoo_query_or_equivalent_authorized_market_data_source,2026-06-25T04:29:09.293391Z
2020-02-12,US_5Y_YAHOO_FVX,1.4450000524520874,yahoo_query_or_equivalent_authorized_market_data_source,2026-06-25T04:29:09.293391Z
2020-02-13,US_5Y_YAHOO_FVX,1.4390000104904175,yahoo_query_or_equivalent_authorized_market_data_source,2026-06-25T04:29:09.293391Z
2020-02-14,US_5Y_YAHOO_FVX,1.4140000343322754,yahoo_query_or_equivalent_authorized_market_data_source,2026-06-25T04:29:09.293391Z
2020-02-18,US_5Y_YAHOO_FVX,1.3930000066757202,yahoo_query_or_equivalent_authorized_market_data_source,2026-06-25T04:29:09.293391Z
2020-02-19,US_5Y_YAHOO_FVX,1.409000039100647,yahoo_query_or_equivalent_authorized_market_data_source,2026-06-25T04:29:09.293391Z
2020-02-20,US_5Y_YAHOO_FVX,1.3700000047683716,yahoo_query_or_equivalent_authorized_market_data_source,2026-06-25T04:29:09.293391Z
2020-02-21,US_5Y_YAHOO_FVX,1.3179999589920044,yahoo_query_or_equivalent_authorized_market_data_source,2026-06-25T04:29:09.293391Z
2020-02-24,US_5Y_YAHOO_FVX,1.218000054359436,yahoo_query_or_equivalent_authorized_market_data_source,2026-06-25T04:29:09.293391Z
2020-02-25,US_5Y_YAHOO_FVX,1.156000018119812,yahoo_query_or_equivalent_authorized_market_data_source,2026-06-25T04:29:09.293391Z
2020-02-26,US_5Y_YAHOO_FVX,1.1330000162124634,yahoo_query_or_equivalent_authorized_market_data_source,2026-06-25T04:29:09.293391Z
2020-02-27,US_5Y_YAHOO_FVX,1.1069999933242798,yahoo_query_or_equivalent_authorized_market_data_source,2026-06-25T04:29:09.293391Z
2020-02-28,US_5Y_YAHOO_FVX,0.9129999876022339,yahoo_query_or_equivalent_authorized_market_data_source,2026-06-25T04:29:09.293391Z
2020-03-02,US_5Y_YAHOO_FVX,0.8650000095367432,yahoo_query_or_equivalent_authorized_market_data_source,2026-06-25T04:29:09.293391Z
2020-03-03,US_5Y_YAHOO_FVX,0.7680000066757202,yahoo_query_or_equivalent_authorized_market_data_source,2026-06-25T04:29:09.293391Z
2020-03-04,US_5Y_YAHOO_FVX,0.7289999723434448,yahoo_query_or_equivalent_authorized_market_data_source,2026-06-25T04:29:09.293391Z
2020-03-05,US_5Y_YAHOO_FVX,0.6729999780654907,yahoo_query_or_equivalent_authorized_market_data_source,2026-06-25T04:29:09.293391Z
2020-03-06,US_5Y_YAHOO_FVX,0.5569999814033508,yahoo_query_or_equivalent_authorized_market_data_source,2026-06-25T04:29:09.293391Z
2020-03-09,US_5Y_YAHOO_FVX,0.42899999022483826,yahoo_query_or_equivalent_authorized_market_data_source,2026-06-25T04:29:09.293391Z
2020-03-10,US_5Y_YAHOO_FVX,0.6140000224113464,yahoo_query_or_equivalent_authorized_market_data_source,2026-06-25T04:29:09.293391Z
2020-03-11,US_5Y_YAHOO_FVX,0.6570000052452087,yahoo_query_or_equivalent_authorized_market_data_source,2026-06-25T04:29:09.293391Z
2020-03-12,US_5Y_YAHOO_FVX,0.6489999890327454,yahoo_query_or_equivalent_authorized_market_data_source,2026-06-25T04:29:09.293391Z
2020-03-13,US_5Y_YAHOO_FVX,0.7170000076293945,yahoo_query_or_equivalent_authorized_market_data_source,2026-06-25T04:29:09.293391Z
2020-03-16,US_5Y_YAHOO_FVX,0.492000013589859,yahoo_query_or_equivalent_authorized_market_data_source,2026-06-25T04:29:09.293391Z
2020-03-17,US_5Y_YAHOO_FVX,0.6499999761581421,yahoo_query_or_equivalent_authorized_market_data_source,2026-06-25T04:29:09.293391Z
2020-03-18,US_5Y_YAHOO_FVX,0.8199999928474426,yahoo_query_or_equivalent_authorized_market_data_source,2026-06-25T04:29:09.293391Z
2020-03-19,US_5Y_YAHOO_FVX,0.6480000019073486,yahoo_query_or_equivalent_authorized_market_data_source,2026-06-25T04:29:09.293391Z
2020-03-20,US_5Y_YAHOO_FVX,0.5199999809265137,yahoo_query_or_equivalent_authorized_market_data_source,2026-06-25T04:29:09.293391Z
2020-03-23,US_5Y_YAHOO_FVX,0.39500001072883606,yahoo_query_or_equivalent_authorized_market_data_source,2026-06-25T04:29:09.293391Z
2020-03-24,US_5Y_YAHOO_FVX,0.4959999918937683,yahoo_query_or_equivalent_authorized_market_data_source,2026-06-25T04:29:09.293391Z
2020-03-25,US_5Y_YAHOO_FVX,0.5210000276565552,yahoo_query_or_equivalent_authorized_market_data_source,2026-06-25T04:29:09.293391Z
2020-03-26,US_5Y_YAHOO_FVX,0.4779999852180481,yahoo_query_or_equivalent_authorized_market_data_source,2026-06-25T04:29:09.293391Z
2020-03-27,US_5Y_YAHOO_FVX,0.4259999990463257,yahoo_query_or_equivalent_authorized_market_data_source,2026-06-25T04:29:09.293391Z
2020-03-30,US_5Y_YAHOO_FVX,0.3779999911785126,yahoo_query_or_equivalent_authorized_market_data_source,2026-06-25T04:29:09.293391Z
2020-03-31,US_5Y_YAHOO_FVX,0.375,yahoo_query_or_equivalent_authorized_market_data_source,2026-06-25T04:29:09.293391Z
2020-04-01,US_5Y_YAHOO_FVX,0.36899998784065247,yahoo_query_or_equivalent_authorized_market_data_source,2026-06-25T04:29:09.293391Z
2020-04-02,US_5Y_YAHOO_FVX,0.38600000739097595,yahoo_query_or_equivalent_authorized_market_data_source,2026-06-25T04:29:09.293391Z
2020-04-03,US_5Y_YAHOO_FVX,0.367000013589859,yahoo_query_or_equivalent_authorized_market_data_source,2026-06-25T04:29:09.293391Z
2020-04-06,US_5Y_YAHOO_FVX,0.4440000057220459,yahoo_query_or_equivalent_authorized_market_data_source,2026-06-25T04:29:09.293391Z
2020-04-07,US_5Y_YAHOO_FVX,0.4830000102519989,yahoo_query_or_equivalent_authorized_market_data_source,2026-06-25T04:29:09.293391Z
2020-04-08,US_5Y_YAHOO_FVX,0.46700000762939453,yahoo_query_or_equivalent_authorized_market_data_source,2026-06-25T04:29:09.293391Z
2020-04-09,US_5Y_YAHOO_FVX,0.41100001335144043,yahoo_query_or_equivalent_authorized_market_data_source,2026-06-25T04:29:09.293391Z
2020-04-13,US_5Y_YAHOO_FVX,0.4300000071525574,yahoo_query_or_equivalent_authorized_market_data_source,2026-06-25T04:29:09.293391Z
2020-04-14,US_5Y_YAHOO_FVX,0.4189999997615814,yahoo_query_or_equivalent_authorized_market_data_source,2026-06-25T04:29:09.293391Z
2020-04-15,US_5Y_YAHOO_FVX,0.33899998664855957,yahoo_query_or_equivalent_authorized_market_data_source,2026-06-25T04:29:09.293391Z
2020-04-16,US_5Y_YAHOO_FVX,0.3409999907016754,yahoo_query_or_equivalent_authorized_market_data_source,2026-06-25T04:29:09.293391Z
2020-04-17,US_5Y_YAHOO_FVX,0.36399999260902405,yahoo_query_or_equivalent_authorized_market_data_source,2026-06-25T04:29:09.293391Z
2020-04-20,US_5Y_YAHOO_FVX,0.35199999809265137,yahoo_query_or_equivalent_authorized_market_data_source,2026-06-25T04:29:09.293391Z
2020-04-21,US_5Y_YAHOO_FVX,0.33399999141693115,yahoo_query_or_equivalent_authorized_market_data_source,2026-06-25T04:29:09.293391Z
2020-04-22,US_5Y_YAHOO_FVX,0.36399999260902405,yahoo_query_or_equivalent_authorized_market_data_source,2026-06-25T04:29:09.293391Z
2020-04-23,US_5Y_YAHOO_FVX,0.36899998784065247,yahoo_query_or_equivalent_authorized_market_data_source,2026-06-25T04:29:09.293391Z
2020-04-24,US_5Y_YAHOO_FVX,0.36399999260902405,yahoo_query_or_equivalent_authorized_market_data_source,2026-06-25T04:29:09.293391Z
2020-04-27,US_5Y_YAHOO_FVX,0.4009999930858612,yahoo_query_or_equivalent_authorized_market_data_source,2026-06-25T04:29:09.293391Z
2020-04-28,US_5Y_YAHOO_FVX,0.36899998784065247,yahoo_query_or_equivalent_authorized_market_data_source,2026-06-25T04:29:09.293391Z
2020-04-29,US_5Y_YAHOO_FVX,0.3619999885559082,yahoo_query_or_equivalent_authorized_market_data_source,2026-06-25T04:29:09.293391Z
2020-04-30,US_5Y_YAHOO_FVX,0.3449999988079071,yahoo_query_or_equivalent_authorized_market_data_source,2026-06-25T04:29:09.293391Z
2020-05-01,US_5Y_YAHOO_FVX,0.36899998784065247,yahoo_query_or_equivalent_authorized_market_data_source,2026-06-25T04:29:09.293391Z
2020-05-04,US_5Y_YAHOO_FVX,0.3580000102519989,yahoo_query_or_equivalent_authorized_market_data_source,2026-06-25T04:29:09.293391Z
2020-05-05,US_5Y_YAHOO_FVX,0.36899998784065247,yahoo_query_or_equivalent_authorized_market_data_source,2026-06-25T04:29:09.293391Z
2020-05-06,US_5Y_YAHOO_FVX,0.37700000405311584,yahoo_query_or_equivalent_authorized_market_data_source,2026-06-25T04:29:09.293391Z
2020-05-07,US_5Y_YAHOO_FVX,0.29600000381469727,yahoo_query_or_equivalent_authorized_market_data_source,2026-06-25T04:29:09.293391Z
2020-05-08,US_5Y_YAHOO_FVX,0.32600000500679016,yahoo_query_or_equivalent_authorized_market_data_source,2026-06-25T04:29:09.293391Z
2020-05-11,US_5Y_YAHOO_FVX,0.3580000102519989,yahoo_query_or_equivalent_authorized_market_data_source,2026-06-25T04:29:09.293391Z
2020-05-12,US_5Y_YAHOO_FVX,0.33500000834465027,yahoo_query_or_equivalent_authorized_market_data_source,2026-06-25T04:29:09.293391Z
2020-05-13,US_5Y_YAHOO_FVX,0.3149999976158142,yahoo_query_or_equivalent_authorized_market_data_source,2026-06-25T04:29:09.293391Z
2020-05-14,US_5Y_YAHOO_FVX,0.30000001192092896,yahoo_query_or_equivalent_authorized_market_data_source,2026-06-25T04:29:09.293391Z
2020-05-15,US_5Y_YAHOO_FVX,0.30799999833106995,yahoo_query_or_equivalent_authorized_market_data_source,2026-06-25T04:29:09.293391Z
2020-05-18,US_5Y_YAHOO_FVX,0.3779999911785126,yahoo_query_or_equivalent_authorized_market_data_source,2026-06-25T04:29:09.293391Z
2020-05-19,US_5Y_YAHOO_FVX,0.3479999899864197,yahoo_query_or_equivalent_authorized_market_data_source,2026-06-25T04:29:09.293391Z
2020-05-20,US_5Y_YAHOO_FVX,0.33000001311302185,yahoo_query_or_equivalent_authorized_market_data_source,2026-06-25T04:29:09.293391Z
2020-05-21,US_5Y_YAHOO_FVX,0.3400000035762787,yahoo_query_or_equivalent_authorized_market_data_source,2026-06-25T04:29:09.293391Z
2020-05-22,US_5Y_YAHOO_FVX,0.3330000042915344,yahoo_query_or_equivalent_authorized_market_data_source,2026-06-25T04:29:09.293391Z
2020-05-26,US_5Y_YAHOO_FVX,0.35100001096725464,yahoo_query_or_equivalent_authorized_market_data_source,2026-06-25T04:29:09.293391Z
2020-05-27,US_5Y_YAHOO_FVX,0.34299999475479126,yahoo_query_or_equivalent_authorized_market_data_source,2026-06-25T04:29:09.293391Z
2020-05-28,US_5Y_YAHOO_FVX,0.34599998593330383,yahoo_query_or_equivalent_authorized_market_data_source,2026-06-25T04:29:09.293391Z
2020-05-29,US_5Y_YAHOO_FVX,0.30399999022483826,yahoo_query_or_equivalent_authorized_market_data_source,2026-06-25T04:29:09.293391Z
2020-06-01,US_5Y_YAHOO_FVX,0.3019999861717224,yahoo_query_or_equivalent_authorized_market_data_source,2026-06-25T04:29:09.293391Z
2020-06-02,US_5Y_YAHOO_FVX,0.3199999928474426,yahoo_query_or_equivalent_authorized_market_data_source,2026-06-25T04:29:09.293391Z
2020-06-03,US_5Y_YAHOO_FVX,0.37700000405311584,yahoo_query_or_equivalent_authorized_market_data_source,2026-06-25T04:29:09.293391Z
2020-06-04,US_5Y_YAHOO_FVX,0.40400001406669617,yahoo_query_or_equivalent_authorized_market_data_source,2026-06-25T04:29:09.293391Z
2020-06-05,US_5Y_YAHOO_FVX,0.47600001096725464,yahoo_query_or_equivalent_authorized_market_data_source,2026-06-25T04:29:09.293391Z
2020-06-08,US_5Y_YAHOO_FVX,0.45399999618530273,yahoo_query_or_equivalent_authorized_market_data_source,2026-06-25T04:29:09.293391Z
2020-06-09,US_5Y_YAHOO_FVX,0.4059999883174896,yahoo_query_or_equivalent_authorized_market_data_source,2026-06-25T04:29:09.293391Z
2020-06-10,US_5Y_YAHOO_FVX,0.3370000123977661,yahoo_query_or_equivalent_authorized_market_data_source,2026-06-25T04:29:09.293391Z
2020-06-11,US_5Y_YAHOO_FVX,0.3019999861717224,yahoo_query_or_equivalent_authorized_market_data_source,2026-06-25T04:29:09.293391Z
2020-06-12,US_5Y_YAHOO_FVX,0.328000009059906,yahoo_query_or_equivalent_authorized_market_data_source,2026-06-25T04:29:09.293391Z
2020-06-15,US_5Y_YAHOO_FVX,0.328000009059906,yahoo_query_or_equivalent_authorized_market_data_source,2026-06-25T04:29:09.293391Z
2020-06-16,US_5Y_YAHOO_FVX,0.3499999940395355,yahoo_query_or_equivalent_authorized_market_data_source,2026-06-25T04:29:09.293391Z
2020-06-17,US_5Y_YAHOO_FVX,0.33899998664855957,yahoo_query_or_equivalent_authorized_market_data_source,2026-06-25T04:29:09.293391Z
2020-06-18,US_5Y_YAHOO_FVX,0.328000009059906,yahoo_query_or_equivalent_authorized_market_data_source,2026-06-25T04:29:09.293391Z
2020-06-19,US_5Y_YAHOO_FVX,0.3269999921321869,yahoo_query_or_equivalent_authorized_market_data_source,2026-06-25T04:29:09.293391Z
2020-06-22,US_5Y_YAHOO_FVX,0.33500000834465027,yahoo_query_or_equivalent_authorized_market_data_source,2026-06-25T04:29:09.293391Z
2020-06-23,US_5Y_YAHOO_FVX,0.32499998807907104,yahoo_query_or_equivalent_authorized_market_data_source,2026-06-25T04:29:09.293391Z
2020-06-24,US_5Y_YAHOO_FVX,0.3160000145435333,yahoo_query_or_equivalent_authorized_market_data_source,2026-06-25T04:29:09.293391Z
2020-06-25,US_5Y_YAHOO_FVX,0.3269999921321869,yahoo_query_or_equivalent_authorized_market_data_source,2026-06-25T04:29:09.293391Z
2020-06-26,US_5Y_YAHOO_FVX,0.29899999499320984,yahoo_query_or_equivalent_authorized_market_data_source,2026-06-25T04:29:09.293391Z
2020-06-29,US_5Y_YAHOO_FVX,0.28200000524520874,yahoo_query_or_equivalent_authorized_market_data_source,2026-06-25T04:29:09.293391Z
2020-06-30,US_5Y_YAHOO_FVX,0.289000004529953,yahoo_query_or_equivalent_authorized_market_data_source,2026-06-25T04:29:09.293391Z
2020-07-01,US_5Y_YAHOO_FVX,0.31299999356269836,yahoo_query_or_equivalent_authorized_market_data_source,2026-06-25T04:29:09.293391Z
2020-07-02,US_5Y_YAHOO_FVX,0.2939999997615814,yahoo_query_or_equivalent_authorized_market_data_source,2026-06-25T04:29:09.293391Z
2020-07-06,US_5Y_YAHOO_FVX,0.3070000112056732,yahoo_query_or_equivalent_authorized_market_data_source,2026-06-25T04:29:09.293391Z
2020-07-07,US_5Y_YAHOO_FVX,0.2930000126361847,yahoo_query_or_equivalent_authorized_market_data_source,2026-06-25T04:29:09.293391Z
2020-07-08,US_5Y_YAHOO_FVX,0.29100000858306885,yahoo_query_or_equivalent_authorized_market_data_source,2026-06-25T04:29:09.293391Z
2020-07-09,US_5Y_YAHOO_FVX,0.27399998903274536,yahoo_query_or_equivalent_authorized_market_data_source,2026-06-25T04:29:09.293391Z
2020-07-10,US_5Y_YAHOO_FVX,0.2980000078678131,yahoo_query_or_equivalent_authorized_market_data_source,2026-06-25T04:29:09.293391Z
2020-07-13,US_5Y_YAHOO_FVX,0.2980000078678131,yahoo_query_or_equivalent_authorized_market_data_source,2026-06-25T04:29:09.293391Z
2020-07-14,US_5Y_YAHOO_FVX,0.28200000524520874,yahoo_query_or_equivalent_authorized_market_data_source,2026-06-25T04:29:09.293391Z
2020-07-15,US_5Y_YAHOO_FVX,0.2849999964237213,yahoo_query_or_equivalent_authorized_market_data_source,2026-06-25T04:29:09.293391Z
2020-07-16,US_5Y_YAHOO_FVX,0.2750000059604645,yahoo_query_or_equivalent_authorized_market_data_source,2026-06-25T04:29:09.293391Z
2020-07-17,US_5Y_YAHOO_FVX,0.28200000524520874,yahoo_query_or_equivalent_authorized_market_data_source,2026-06-25T04:29:09.293391Z
2020-07-20,US_5Y_YAHOO_FVX,0.2849999964237213,yahoo_query_or_equivalent_authorized_market_data_source,2026-06-25T04:29:09.293391Z
2020-07-21,US_5Y_YAHOO_FVX,0.2709999978542328,yahoo_query_or_equivalent_authorized_market_data_source,2026-06-25T04:29:09.293391Z
2020-07-22,US_5Y_YAHOO_FVX,0.26899999380111694,yahoo_query_or_equivalent_authorized_market_data_source,2026-06-25T04:29:09.293391Z
2020-07-23,US_5Y_YAHOO_FVX,0.26600000262260437,yahoo_query_or_equivalent_authorized_market_data_source,2026-06-25T04:29:09.293391Z
2020-07-24,US_5Y_YAHOO_FVX,0.27399998903274536,yahoo_query_or_equivalent_authorized_market_data_source,2026-06-25T04:29:09.293391Z
2020-07-27,US_5Y_YAHOO_FVX,0.2849999964237213,yahoo_query_or_equivalent_authorized_market_data_source,2026-06-25T04:29:09.293391Z
2020-07-28,US_5Y_YAHOO_FVX,0.26600000262260437,yahoo_query_or_equivalent_authorized_market_data_source,2026-06-25T04:29:09.293391Z
2020-07-29,US_5Y_YAHOO_FVX,0.2529999911785126,yahoo_query_or_equivalent_authorized_market_data_source,2026-06-25T04:29:09.293391Z
2020-07-30,US_5Y_YAHOO_FVX,0.23000000417232513,yahoo_query_or_equivalent_authorized_market_data_source,2026-06-25T04:29:09.293391Z
2020-07-31,US_5Y_YAHOO_FVX,0.2150000035762787,yahoo_query_or_equivalent_authorized_market_data_source,2026-06-25T04:29:09.293391Z
2020-08-03,US_5Y_YAHOO_FVX,0.22499999403953552,yahoo_query_or_equivalent_authorized_market_data_source,2026-06-25T04:29:09.293391Z
2020-08-04,US_5Y_YAHOO_FVX,0.19499999284744263,yahoo_query_or_equivalent_authorized_market_data_source,2026-06-25T04:29:09.293391Z
2020-08-05,US_5Y_YAHOO_FVX,0.21799999475479126,yahoo_query_or_equivalent_authorized_market_data_source,2026-06-25T04:29:09.293391Z
2020-08-06,US_5Y_YAHOO_FVX,0.21400000154972076,yahoo_query_or_equivalent_authorized_market_data_source,2026-06-25T04:29:09.293391Z
2020-08-07,US_5Y_YAHOO_FVX,0.2290000021457672,yahoo_query_or_equivalent_authorized_market_data_source,2026-06-25T04:29:09.293391Z
2020-08-10,US_5Y_YAHOO_FVX,0.23399999737739563,yahoo_query_or_equivalent_authorized_market_data_source,2026-06-25T04:29:09.293391Z
2020-08-11,US_5Y_YAHOO_FVX,0.29100000858306885,yahoo_query_or_equivalent_authorized_market_data_source,2026-06-25T04:29:09.293391Z
2020-08-12,US_5Y_YAHOO_FVX,0.29600000381469727,yahoo_query_or_equivalent_authorized_market_data_source,2026-06-25T04:29:09.293391Z
2020-08-13,US_5Y_YAHOO_FVX,0.3179999887943268,yahoo_query_or_equivalent_authorized_market_data_source,2026-06-25T04:29:09.293391Z
2020-08-14,US_5Y_YAHOO_FVX,0.29899999499320984,yahoo_query_or_equivalent_authorized_market_data_source,2026-06-25T04:29:09.293391Z
2020-08-17,US_5Y_YAHOO_FVX,0.2849999964237213,yahoo_query_or_equivalent_authorized_market_data_source,2026-06-25T04:29:09.293391Z
2020-08-18,US_5Y_YAHOO_FVX,0.27900001406669617,yahoo_query_or_equivalent_authorized_market_data_source,2026-06-25T04:29:09.293391Z
2020-08-19,US_5Y_YAHOO_FVX,0.2770000100135803,yahoo_query_or_equivalent_authorized_market_data_source,2026-06-25T04:29:09.293391Z
2020-08-20,US_5Y_YAHOO_FVX,0.2680000066757202,yahoo_query_or_equivalent_authorized_market_data_source,2026-06-25T04:29:09.293391Z
2020-08-21,US_5Y_YAHOO_FVX,0.2720000147819519,yahoo_query_or_equivalent_authorized_market_data_source,2026-06-25T04:29:09.293391Z
2020-08-24,US_5Y_YAHOO_FVX,0.2800000011920929,yahoo_query_or_equivalent_authorized_market_data_source,2026-06-25T04:29:09.293391Z
2020-08-25,US_5Y_YAHOO_FVX,0.2919999957084656,yahoo_query_or_equivalent_authorized_market_data_source,2026-06-25T04:29:09.293391Z
2020-08-26,US_5Y_YAHOO_FVX,0.28999999165534973,yahoo_query_or_equivalent_authorized_market_data_source,2026-06-25T04:29:09.293391Z
2020-08-27,US_5Y_YAHOO_FVX,0.3100000023841858,yahoo_query_or_equivalent_authorized_market_data_source,2026-06-25T04:29:09.293391Z
2020-08-28,US_5Y_YAHOO_FVX,0.2750000059604645,yahoo_query_or_equivalent_authorized_market_data_source,2026-06-25T04:29:09.293391Z
2020-08-31,US_5Y_YAHOO_FVX,0.2639999985694885,yahoo_query_or_equivalent_authorized_market_data_source,2026-06-25T04:29:09.293391Z
2020-09-01,US_5Y_YAHOO_FVX,0.2549999952316284,yahoo_query_or_equivalent_authorized_market_data_source,2026-06-25T04:29:09.293391Z
2020-09-02,US_5Y_YAHOO_FVX,0.25600001215934753,yahoo_query_or_equivalent_authorized_market_data_source,2026-06-25T04:29:09.293391Z
2020-09-03,US_5Y_YAHOO_FVX,0.2370000034570694,yahoo_query_or_equivalent_authorized_market_data_source,2026-06-25T04:29:09.293391Z
2020-09-04,US_5Y_YAHOO_FVX,0.30399999022483826,yahoo_query_or_equivalent_authorized_market_data_source,2026-06-25T04:29:09.293391Z
2020-09-08,US_5Y_YAHOO_FVX,0.2720000147819519,yahoo_query_or_equivalent_authorized_market_data_source,2026-06-25T04:29:09.293391Z
2020-09-09,US_5Y_YAHOO_FVX,0.27900001406669617,yahoo_query_or_equivalent_authorized_market_data_source,2026-06-25T04:29:09.293391Z
2020-09-10,US_5Y_YAHOO_FVX,0.26600000262260437,yahoo_query_or_equivalent_authorized_market_data_source,2026-06-25T04:29:09.293391Z
2020-09-11,US_5Y_YAHOO_FVX,0.2529999911785126,yahoo_query_or_equivalent_authorized_market_data_source,2026-06-25T04:29:09.293391Z
2020-09-14,US_5Y_YAHOO_FVX,0.2630000114440918,yahoo_query_or_equivalent_authorized_market_data_source,2026-06-25T04:29:09.293391Z
2020-09-15,US_5Y_YAHOO_FVX,0.26899999380111694,yahoo_query_or_equivalent_authorized_market_data_source,2026-06-25T04:29:09.293391Z
2020-09-16,US_5Y_YAHOO_FVX,0.27399998903274536,yahoo_query_or_equivalent_authorized_market_data_source,2026-06-25T04:29:09.293391Z
2020-09-17,US_5Y_YAHOO_FVX,0.2709999978542328,yahoo_query_or_equivalent_authorized_market_data_source,2026-06-25T04:29:09.293391Z
2020-09-18,US_5Y_YAHOO_FVX,0.27900001406669617,yahoo_query_or_equivalent_authorized_market_data_source,2026-06-25T04:29:09.293391Z
2020-09-21,US_5Y_YAHOO_FVX,0.2680000066757202,yahoo_query_or_equivalent_authorized_market_data_source,2026-06-25T04:29:09.293391Z
2020-09-22,US_5Y_YAHOO_FVX,0.25999999046325684,yahoo_query_or_equivalent_authorized_market_data_source,2026-06-25T04:29:09.293391Z
2020-09-23,US_5Y_YAHOO_FVX,0.2709999978542328,yahoo_query_or_equivalent_authorized_market_data_source,2026-06-25T04:29:09.293391Z
2020-09-24,US_5Y_YAHOO_FVX,0.2750000059604645,yahoo_query_or_equivalent_authorized_market_data_source,2026-06-25T04:29:09.293391Z
2020-09-25,US_5Y_YAHOO_FVX,0.2669999897480011,yahoo_query_or_equivalent_authorized_market_data_source,2026-06-25T04:29:09.293391Z
2020-09-28,US_5Y_YAHOO_FVX,0.26600000262260437,yahoo_query_or_equivalent_authorized_market_data_source,2026-06-25T04:29:09.293391Z
2020-09-29,US_5Y_YAHOO_FVX,0.25,yahoo_query_or_equivalent_authorized_market_data_source,2026-06-25T04:29:09.293391Z
2020-09-30,US_5Y_YAHOO_FVX,0.2720000147819519,yahoo_query_or_equivalent_authorized_market_data_source,2026-06-25T04:29:09.293391Z
2020-10-01,US_5Y_YAHOO_FVX,0.2720000147819519,yahoo_query_or_equivalent_authorized_market_data_source,2026-06-25T04:29:09.293391Z
2020-10-02,US_5Y_YAHOO_FVX,0.2849999964237213,yahoo_query_or_equivalent_authorized_market_data_source,2026-06-25T04:29:09.293391Z
2020-10-05,US_5Y_YAHOO_FVX,0.3240000009536743,yahoo_query_or_equivalent_authorized_market_data_source,2026-06-25T04:29:09.293391Z
2020-10-06,US_5Y_YAHOO_FVX,0.3160000145435333,yahoo_query_or_equivalent_authorized_market_data_source,2026-06-25T04:29:09.293391Z
2020-10-07,US_5Y_YAHOO_FVX,0.3440000116825104,yahoo_query_or_equivalent_authorized_market_data_source,2026-06-25T04:29:09.293391Z
2020-10-08,US_5Y_YAHOO_FVX,0.32600000500679016,yahoo_query_or_equivalent_authorized_market_data_source,2026-06-25T04:29:09.293391Z
2020-10-09,US_5Y_YAHOO_FVX,0.335999995470047,yahoo_query_or_equivalent_authorized_market_data_source,2026-06-25T04:29:09.293391Z
2020-10-12,US_5Y_YAHOO_FVX,0.33899998664855957,yahoo_query_or_equivalent_authorized_market_data_source,2026-06-25T04:29:09.293391Z
2020-10-13,US_5Y_YAHOO_FVX,0.3019999861717224,yahoo_query_or_equivalent_authorized_market_data_source,2026-06-25T04:29:09.293391Z
2020-10-14,US_5Y_YAHOO_FVX,0.3019999861717224,yahoo_query_or_equivalent_authorized_market_data_source,2026-06-25T04:29:09.293391Z
2020-10-15,US_5Y_YAHOO_FVX,0.3140000104904175,yahoo_query_or_equivalent_authorized_market_data_source,2026-06-25T04:29:09.293391Z
2020-10-16,US_5Y_YAHOO_FVX,0.3190000057220459,yahoo_query_or_equivalent_authorized_market_data_source,2026-06-25T04:29:09.293391Z
2020-10-19,US_5Y_YAHOO_FVX,0.33000001311302185,yahoo_query_or_equivalent_authorized_market_data_source,2026-06-25T04:29:09.293391Z
2020-10-20,US_5Y_YAHOO_FVX,0.34299999475479126,yahoo_query_or_equivalent_authorized_market_data_source,2026-06-25T04:29:09.293391Z
2020-10-21,US_5Y_YAHOO_FVX,0.35100001096725464,yahoo_query_or_equivalent_authorized_market_data_source,2026-06-25T04:29:09.293391Z
2020-10-22,US_5Y_YAHOO_FVX,0.375,yahoo_query_or_equivalent_authorized_market_data_source,2026-06-25T04:29:09.293391Z
2020-10-23,US_5Y_YAHOO_FVX,0.3700000047683716,yahoo_query_or_equivalent_authorized_market_data_source,2026-06-25T04:29:09.293391Z
2020-10-26,US_5Y_YAHOO_FVX,0.3490000069141388,yahoo_query_or_equivalent_authorized_market_data_source,2026-06-25T04:29:09.293391Z
2020-10-27,US_5Y_YAHOO_FVX,0.33500000834465027,yahoo_query_or_equivalent_authorized_market_data_source,2026-06-25T04:29:09.293391Z
2020-10-28,US_5Y_YAHOO_FVX,0.3330000042915344,yahoo_query_or_equivalent_authorized_market_data_source,2026-06-25T04:29:09.293391Z
2020-10-29,US_5Y_YAHOO_FVX,0.3720000088214874,yahoo_query_or_equivalent_authorized_market_data_source,2026-06-25T04:29:09.293391Z
2020-10-30,US_5Y_YAHOO_FVX,0.38100001215934753,yahoo_query_or_equivalent_authorized_market_data_source,2026-06-25T04:29:09.293391Z
2020-11-02,US_5Y_YAHOO_FVX,0.37700000405311584,yahoo_query_or_equivalent_authorized_market_data_source,2026-06-25T04:29:09.293391Z
2020-11-03,US_5Y_YAHOO_FVX,0.3930000066757202,yahoo_query_or_equivalent_authorized_market_data_source,2026-06-25T04:29:09.293391Z
2020-11-04,US_5Y_YAHOO_FVX,0.3230000138282776,yahoo_query_or_equivalent_authorized_market_data_source,2026-06-25T04:29:09.293391Z
2020-11-05,US_5Y_YAHOO_FVX,0.33500000834465027,yahoo_query_or_equivalent_authorized_market_data_source,2026-06-25T04:29:09.293391Z
2020-11-06,US_5Y_YAHOO_FVX,0.3630000054836273,yahoo_query_or_equivalent_authorized_market_data_source,2026-06-25T04:29:09.293391Z
2020-11-09,US_5Y_YAHOO_FVX,0.44699999690055847,yahoo_query_or_equivalent_authorized_market_data_source,2026-06-25T04:29:09.293391Z
2020-11-10,US_5Y_YAHOO_FVX,0.46000000834465027,yahoo_query_or_equivalent_authorized_market_data_source,2026-06-25T04:29:09.293391Z
2020-11-11,US_5Y_YAHOO_FVX,0.45399999618530273,yahoo_query_or_equivalent_authorized_market_data_source,2026-06-25T04:29:09.293391Z
2020-11-12,US_5Y_YAHOO_FVX,0.3959999978542328,yahoo_query_or_equivalent_authorized_market_data_source,2026-06-25T04:29:09.293391Z
2020-11-13,US_5Y_YAHOO_FVX,0.40299999713897705,yahoo_query_or_equivalent_authorized_market_data_source,2026-06-25T04:29:09.293391Z
2020-11-16,US_5Y_YAHOO_FVX,0.40799999237060547,yahoo_query_or_equivalent_authorized_market_data_source,2026-06-25T04:29:09.293391Z
2020-11-17,US_5Y_YAHOO_FVX,0.38600000739097595,yahoo_query_or_equivalent_authorized_market_data_source,2026-06-25T04:29:09.293391Z
2020-11-18,US_5Y_YAHOO_FVX,0.39899998903274536,yahoo_query_or_equivalent_authorized_market_data_source,2026-06-25T04:29:09.293391Z
2020-11-19,US_5Y_YAHOO_FVX,0.38600000739097595,yahoo_query_or_equivalent_authorized_market_data_source,2026-06-25T04:29:09.293391Z
2020-11-20,US_5Y_YAHOO_FVX,0.37599998712539673,yahoo_query_or_equivalent_authorized_market_data_source,2026-06-25T04:29:09.293391Z
2020-11-23,US_5Y_YAHOO_FVX,0.3880000114440918,yahoo_query_or_equivalent_authorized_market_data_source,2026-06-25T04:29:09.293391Z
2020-11-24,US_5Y_YAHOO_FVX,0.3970000147819519,yahoo_query_or_equivalent_authorized_market_data_source,2026-06-25T04:29:09.293391Z
2020-11-25,US_5Y_YAHOO_FVX,0.3889999985694885,yahoo_query_or_equivalent_authorized_market_data_source,2026-06-25T04:29:09.293391Z
2020-11-27,US_5Y_YAHOO_FVX,0.367000013589859,yahoo_query_or_equivalent_authorized_market_data_source,2026-06-25T04:29:09.293391Z
2020-11-30,US_5Y_YAHOO_FVX,0.3619999885559082,yahoo_query_or_equivalent_authorized_market_data_source,2026-06-25T04:29:09.293391Z
2020-12-01,US_5Y_YAHOO_FVX,0.4269999861717224,yahoo_query_or_equivalent_authorized_market_data_source,2026-06-25T04:29:09.293391Z
2020-12-02,US_5Y_YAHOO_FVX,0.4230000078678131,yahoo_query_or_equivalent_authorized_market_data_source,2026-06-25T04:29:09.293391Z
2020-12-03,US_5Y_YAHOO_FVX,0.4050000011920929,yahoo_query_or_equivalent_authorized_market_data_source,2026-06-25T04:29:09.293391Z
2020-12-04,US_5Y_YAHOO_FVX,0.4230000078678131,yahoo_query_or_equivalent_authorized_market_data_source,2026-06-25T04:29:09.293391Z
2020-12-07,US_5Y_YAHOO_FVX,0.3889999985694885,yahoo_query_or_equivalent_authorized_market_data_source,2026-06-25T04:29:09.293391Z
2020-12-08,US_5Y_YAHOO_FVX,0.3880000114440918,yahoo_query_or_equivalent_authorized_market_data_source,2026-06-25T04:29:09.293391Z
2020-12-09,US_5Y_YAHOO_FVX,0.40799999237060547,yahoo_query_or_equivalent_authorized_market_data_source,2026-06-25T04:29:09.293391Z
2020-12-10,US_5Y_YAHOO_FVX,0.382999986410141,yahoo_query_or_equivalent_authorized_market_data_source,2026-06-25T04:29:09.293391Z
2020-12-11,US_5Y_YAHOO_FVX,0.3610000014305115,yahoo_query_or_equivalent_authorized_market_data_source,2026-06-25T04:29:09.293391Z
2020-12-14,US_5Y_YAHOO_FVX,0.3580000102519989,yahoo_query_or_equivalent_authorized_market_data_source,2026-06-25T04:29:09.293391Z
2020-12-15,US_5Y_YAHOO_FVX,0.375,yahoo_query_or_equivalent_authorized_market_data_source,2026-06-25T04:29:09.293391Z
2020-12-16,US_5Y_YAHOO_FVX,0.3700000047683716,yahoo_query_or_equivalent_authorized_market_data_source,2026-06-25T04:29:09.293391Z
2020-12-17,US_5Y_YAHOO_FVX,0.37700000405311584,yahoo_query_or_equivalent_authorized_market_data_source,2026-06-25T04:29:09.293391Z
2020-12-18,US_5Y_YAHOO_FVX,0.38100001215934753,yahoo_query_or_equivalent_authorized_market_data_source,2026-06-25T04:29:09.293391Z
2020-12-21,US_5Y_YAHOO_FVX,0.382999986410141,yahoo_query_or_equivalent_authorized_market_data_source,2026-06-25T04:29:09.293391Z
2020-12-22,US_5Y_YAHOO_FVX,0.36399999260902405,yahoo_query_or_equivalent_authorized_market_data_source,2026-06-25T04:29:09.293391Z
2020-12-23,US_5Y_YAHOO_FVX,0.37700000405311584,yahoo_query_or_equivalent_authorized_market_data_source,2026-06-25T04:29:09.293391Z
2020-12-24,US_5Y_YAHOO_FVX,0.36399999260902405,yahoo_query_or_equivalent_authorized_market_data_source,2026-06-25T04:29:09.293391Z
2020-12-28,US_5Y_YAHOO_FVX,0.36399999260902405,yahoo_query_or_equivalent_authorized_market_data_source,2026-06-25T04:29:09.293391Z
2020-12-29,US_5Y_YAHOO_FVX,0.3779999911785126,yahoo_query_or_equivalent_authorized_market_data_source,2026-06-25T04:29:09.293391Z
2020-12-30,US_5Y_YAHOO_FVX,0.3700000047683716,yahoo_query_or_equivalent_authorized_market_data_source,2026-06-25T04:29:09.293391Z
2020-12-31,US_5Y_YAHOO_FVX,0.3610000014305115,yahoo_query_or_equivalent_authorized_market_data_source,2026-06-25T04:29:09.293391Z
2021-01-04,US_5Y_YAHOO_FVX,0.3540000021457672,yahoo_query_or_equivalent_authorized_market_data_source,2026-06-25T04:29:09.293391Z
2021-01-05,US_5Y_YAHOO_FVX,0.37700000405311584,yahoo_query_or_equivalent_authorized_market_data_source,2026-06-25T04:29:09.293391Z
2021-01-06,US_5Y_YAHOO_FVX,0.4320000112056732,yahoo_query_or_equivalent_authorized_market_data_source,2026-06-25T04:29:09.293391Z
2021-01-07,US_5Y_YAHOO_FVX,0.45399999618530273,yahoo_query_or_equivalent_authorized_market_data_source,2026-06-25T04:29:09.293391Z
2021-01-08,US_5Y_YAHOO_FVX,0.4790000021457672,yahoo_query_or_equivalent_authorized_market_data_source,2026-06-25T04:29:09.293391Z
2021-01-11,US_5Y_YAHOO_FVX,0.49799999594688416,yahoo_query_or_equivalent_authorized_market_data_source,2026-06-25T04:29:09.293391Z
2021-01-12,US_5Y_YAHOO_FVX,0.503000020980835,yahoo_query_or_equivalent_authorized_market_data_source,2026-06-25T04:29:09.293391Z
2021-01-13,US_5Y_YAHOO_FVX,0.47600001096725464,yahoo_query_or_equivalent_authorized_market_data_source,2026-06-25T04:29:09.293391Z
2021-01-14,US_5Y_YAHOO_FVX,0.48399999737739563,yahoo_query_or_equivalent_authorized_market_data_source,2026-06-25T04:29:09.293391Z
2021-01-15,US_5Y_YAHOO_FVX,0.45500001311302185,yahoo_query_or_equivalent_authorized_market_data_source,2026-06-25T04:29:09.293391Z
2021-01-19,US_5Y_YAHOO_FVX,0.4490000009536743,yahoo_query_or_equivalent_authorized_market_data_source,2026-06-25T04:29:09.293391Z
2021-01-20,US_5Y_YAHOO_FVX,0.4490000009536743,yahoo_query_or_equivalent_authorized_market_data_source,2026-06-25T04:29:09.293391Z
2021-01-21,US_5Y_YAHOO_FVX,0.44699999690055847,yahoo_query_or_equivalent_authorized_market_data_source,2026-06-25T04:29:09.293391Z
2021-01-22,US_5Y_YAHOO_FVX,0.4339999854564667,yahoo_query_or_equivalent_authorized_market_data_source,2026-06-25T04:29:09.293391Z
2021-01-25,US_5Y_YAHOO_FVX,0.4099999964237213,yahoo_query_or_equivalent_authorized_market_data_source,2026-06-25T04:29:09.293391Z
2021-01-26,US_5Y_YAHOO_FVX,0.41200000047683716,yahoo_query_or_equivalent_authorized_market_data_source,2026-06-25T04:29:09.293391Z
2021-01-27,US_5Y_YAHOO_FVX,0.40700000524520874,yahoo_query_or_equivalent_authorized_market_data_source,2026-06-25T04:29:09.293391Z
2021-01-28,US_5Y_YAHOO_FVX,0.4300000071525574,yahoo_query_or_equivalent_authorized_market_data_source,2026-06-25T04:29:09.293391Z
2021-01-29,US_5Y_YAHOO_FVX,0.4429999887943268,yahoo_query_or_equivalent_authorized_market_data_source,2026-06-25T04:29:09.293391Z
2021-02-01,US_5Y_YAHOO_FVX,0.42399999499320984,yahoo_query_or_equivalent_authorized_market_data_source,2026-06-25T04:29:09.293391Z
2021-02-02,US_5Y_YAHOO_FVX,0.4449999928474426,yahoo_query_or_equivalent_authorized_market_data_source,2026-06-25T04:29:09.293391Z
2021-02-03,US_5Y_YAHOO_FVX,0.45899999141693115,yahoo_query_or_equivalent_authorized_market_data_source,2026-06-25T04:29:09.293391Z
2021-02-04,US_5Y_YAHOO_FVX,0.45899999141693115,yahoo_query_or_equivalent_authorized_market_data_source,2026-06-25T04:29:09.293391Z
2021-02-05,US_5Y_YAHOO_FVX,0.46700000762939453,yahoo_query_or_equivalent_authorized_market_data_source,2026-06-25T04:29:09.293391Z
2021-02-08,US_5Y_YAHOO_FVX,0.4749999940395355,yahoo_query_or_equivalent_authorized_market_data_source,2026-06-25T04:29:09.293391Z
2021-02-09,US_5Y_YAHOO_FVX,0.4740000069141388,yahoo_query_or_equivalent_authorized_market_data_source,2026-06-25T04:29:09.293391Z
2021-02-10,US_5Y_YAHOO_FVX,0.4560000002384186,yahoo_query_or_equivalent_authorized_market_data_source,2026-06-25T04:29:09.293391Z
2021-02-11,US_5Y_YAHOO_FVX,0.460999995470047,yahoo_query_or_equivalent_authorized_market_data_source,2026-06-25T04:29:09.293391Z
2021-02-12,US_5Y_YAHOO_FVX,0.48500001430511475,yahoo_query_or_equivalent_authorized_market_data_source,2026-06-25T04:29:09.293391Z
2021-02-16,US_5Y_YAHOO_FVX,0.5609999895095825,yahoo_query_or_equivalent_authorized_market_data_source,2026-06-25T04:29:09.293391Z
2021-02-17,US_5Y_YAHOO_FVX,0.5659999847412109,yahoo_query_or_equivalent_authorized_market_data_source,2026-06-25T04:29:09.293391Z
2021-02-18,US_5Y_YAHOO_FVX,0.5479999780654907,yahoo_query_or_equivalent_authorized_market_data_source,2026-06-25T04:29:09.293391Z
2021-02-19,US_5Y_YAHOO_FVX,0.5809999704360962,yahoo_query_or_equivalent_authorized_market_data_source,2026-06-25T04:29:09.293391Z
2021-02-22,US_5Y_YAHOO_FVX,0.597000002861023,yahoo_query_or_equivalent_authorized_market_data_source,2026-06-25T04:29:09.293391Z
2021-02-23,US_5Y_YAHOO_FVX,0.5789999961853027,yahoo_query_or_equivalent_authorized_market_data_source,2026-06-25T04:29:09.293391Z
2021-02-24,US_5Y_YAHOO_FVX,0.6119999885559082,yahoo_query_or_equivalent_authorized_market_data_source,2026-06-25T04:29:09.293391Z
2021-02-25,US_5Y_YAHOO_FVX,0.8019999861717224,yahoo_query_or_equivalent_authorized_market_data_source,2026-06-25T04:29:09.293391Z
2021-02-26,US_5Y_YAHOO_FVX,0.7760000228881836,yahoo_query_or_equivalent_authorized_market_data_source,2026-06-25T04:29:09.293391Z
2021-03-01,US_5Y_YAHOO_FVX,0.7110000252723694,yahoo_query_or_equivalent_authorized_market_data_source,2026-06-25T04:29:09.293391Z
2021-03-02,US_5Y_YAHOO_FVX,0.675000011920929,yahoo_query_or_equivalent_authorized_market_data_source,2026-06-25T04:29:09.293391Z
2021-03-03,US_5Y_YAHOO_FVX,0.7269999980926514,yahoo_query_or_equivalent_authorized_market_data_source,2026-06-25T04:29:09.293391Z
2021-03-04,US_5Y_YAHOO_FVX,0.7820000052452087,yahoo_query_or_equivalent_authorized_market_data_source,2026-06-25T04:29:09.293391Z
2021-03-05,US_5Y_YAHOO_FVX,0.7850000262260437,yahoo_query_or_equivalent_authorized_market_data_source,2026-06-25T04:29:09.293391Z
2021-03-08,US_5Y_YAHOO_FVX,0.8500000238418579,yahoo_query_or_equivalent_authorized_market_data_source,2026-06-25T04:29:09.293391Z
2021-03-09,US_5Y_YAHOO_FVX,0.8209999799728394,yahoo_query_or_equivalent_authorized_market_data_source,2026-06-25T04:29:09.293391Z
2021-03-10,US_5Y_YAHOO_FVX,0.7919999957084656,yahoo_query_or_equivalent_authorized_market_data_source,2026-06-25T04:29:09.293391Z
2021-03-11,US_5Y_YAHOO_FVX,0.777999997138977,yahoo_query_or_equivalent_authorized_market_data_source,2026-06-25T04:29:09.293391Z
2021-03-12,US_5Y_YAHOO_FVX,0.847000002861023,yahoo_query_or_equivalent_authorized_market_data_source,2026-06-25T04:29:09.293391Z
2021-03-15,US_5Y_YAHOO_FVX,0.8309999704360962,yahoo_query_or_equivalent_authorized_market_data_source,2026-06-25T04:29:09.293391Z
2021-03-16,US_5Y_YAHOO_FVX,0.8240000009536743,yahoo_query_or_equivalent_authorized_market_data_source,2026-06-25T04:29:09.293391Z
2021-03-17,US_5Y_YAHOO_FVX,0.7799999713897705,yahoo_query_or_equivalent_authorized_market_data_source,2026-06-25T04:29:09.293391Z
2021-03-18,US_5Y_YAHOO_FVX,0.8690000176429749,yahoo_query_or_equivalent_authorized_market_data_source,2026-06-25T04:29:09.293391Z
2021-03-19,US_5Y_YAHOO_FVX,0.8809999823570251,yahoo_query_or_equivalent_authorized_market_data_source,2026-06-25T04:29:09.293391Z
2021-03-22,US_5Y_YAHOO_FVX,0.8600000143051147,yahoo_query_or_equivalent_authorized_market_data_source,2026-06-25T04:29:09.293391Z
2021-03-23,US_5Y_YAHOO_FVX,0.8289999961853027,yahoo_query_or_equivalent_authorized_market_data_source,2026-06-25T04:29:09.293391Z
2021-03-24,US_5Y_YAHOO_FVX,0.8140000104904175,yahoo_query_or_equivalent_authorized_market_data_source,2026-06-25T04:29:09.293391Z
2021-03-25,US_5Y_YAHOO_FVX,0.8190000057220459,yahoo_query_or_equivalent_authorized_market_data_source,2026-06-25T04:29:09.293391Z
2021-03-26,US_5Y_YAHOO_FVX,0.8560000061988831,yahoo_query_or_equivalent_authorized_market_data_source,2026-06-25T04:29:09.293391Z
2021-03-29,US_5Y_YAHOO_FVX,0.890999972820282,yahoo_query_or_equivalent_authorized_market_data_source,2026-06-25T04:29:09.293391Z
2021-03-30,US_5Y_YAHOO_FVX,0.9100000262260437,yahoo_query_or_equivalent_authorized_market_data_source,2026-06-25T04:29:09.293391Z
2021-03-31,US_5Y_YAHOO_FVX,0.9380000233650208,yahoo_query_or_equivalent_authorized_market_data_source,2026-06-25T04:29:09.293391Z
2021-04-01,US_5Y_YAHOO_FVX,0.9070000052452087,yahoo_query_or_equivalent_authorized_market_data_source,2026-06-25T04:29:09.293391Z
2021-04-05,US_5Y_YAHOO_FVX,0.9409999847412109,yahoo_query_or_equivalent_authorized_market_data_source,2026-06-25T04:29:09.293391Z
2021-04-06,US_5Y_YAHOO_FVX,0.871999979019165,yahoo_query_or_equivalent_authorized_market_data_source,2026-06-25T04:29:09.293391Z
2021-04-07,US_5Y_YAHOO_FVX,0.8560000061988831,yahoo_query_or_equivalent_authorized_market_data_source,2026-06-25T04:29:09.293391Z
2021-04-08,US_5Y_YAHOO_FVX,0.8399999737739563,yahoo_query_or_equivalent_authorized_market_data_source,2026-06-25T04:29:09.293391Z
2021-04-09,US_5Y_YAHOO_FVX,0.8679999709129333,yahoo_query_or_equivalent_authorized_market_data_source,2026-06-25T04:29:09.293391Z
2021-04-12,US_5Y_YAHOO_FVX,0.8899999856948853,yahoo_query_or_equivalent_authorized_market_data_source,2026-06-25T04:29:09.293391Z
2021-04-13,US_5Y_YAHOO_FVX,0.8399999737739563,yahoo_query_or_equivalent_authorized_market_data_source,2026-06-25T04:29:09.293391Z
2021-04-14,US_5Y_YAHOO_FVX,0.8600000143051147,yahoo_query_or_equivalent_authorized_market_data_source,2026-06-25T04:29:09.293391Z
2021-04-15,US_5Y_YAHOO_FVX,0.7919999957084656,yahoo_query_or_equivalent_authorized_market_data_source,2026-06-25T04:29:09.293391Z
2021-04-16,US_5Y_YAHOO_FVX,0.8209999799728394,yahoo_query_or_equivalent_authorized_market_data_source,2026-06-25T04:29:09.293391Z
2021-04-19,US_5Y_YAHOO_FVX,0.8309999704360962,yahoo_query_or_equivalent_authorized_market_data_source,2026-06-25T04:29:09.293391Z
2021-04-20,US_5Y_YAHOO_FVX,0.7950000166893005,yahoo_query_or_equivalent_authorized_market_data_source,2026-06-25T04:29:09.293391Z
2021-04-21,US_5Y_YAHOO_FVX,0.8019999861717224,yahoo_query_or_equivalent_authorized_market_data_source,2026-06-25T04:29:09.293391Z
2021-04-22,US_5Y_YAHOO_FVX,0.8019999861717224,yahoo_query_or_equivalent_authorized_market_data_source,2026-06-25T04:29:09.293391Z
2021-04-23,US_5Y_YAHOO_FVX,0.8159999847412109,yahoo_query_or_equivalent_authorized_market_data_source,2026-06-25T04:29:09.293391Z
2021-04-26,US_5Y_YAHOO_FVX,0.8309999704360962,yahoo_query_or_equivalent_authorized_market_data_source,2026-06-25T04:29:09.293391Z
2021-04-27,US_5Y_YAHOO_FVX,0.878000020980835,yahoo_query_or_equivalent_authorized_market_data_source,2026-06-25T04:29:09.293391Z
2021-04-28,US_5Y_YAHOO_FVX,0.8640000224113464,yahoo_query_or_equivalent_authorized_market_data_source,2026-06-25T04:29:09.293391Z
2021-04-29,US_5Y_YAHOO_FVX,0.8669999837875366,yahoo_query_or_equivalent_authorized_market_data_source,2026-06-25T04:29:09.293391Z
2021-04-30,US_5Y_YAHOO_FVX,0.8569999933242798,yahoo_query_or_equivalent_authorized_market_data_source,2026-06-25T04:29:09.293391Z
2021-05-03,US_5Y_YAHOO_FVX,0.8289999961853027,yahoo_query_or_equivalent_authorized_market_data_source,2026-06-25T04:29:09.293391Z
2021-05-04,US_5Y_YAHOO_FVX,0.8209999799728394,yahoo_query_or_equivalent_authorized_market_data_source,2026-06-25T04:29:09.293391Z
2021-05-05,US_5Y_YAHOO_FVX,0.8029999732971191,yahoo_query_or_equivalent_authorized_market_data_source,2026-06-25T04:29:09.293391Z
2021-05-06,US_5Y_YAHOO_FVX,0.796999990940094,yahoo_query_or_equivalent_authorized_market_data_source,2026-06-25T04:29:09.293391Z
2021-05-07,US_5Y_YAHOO_FVX,0.7710000276565552,yahoo_query_or_equivalent_authorized_market_data_source,2026-06-25T04:29:09.293391Z
2021-05-10,US_5Y_YAHOO_FVX,0.7820000052452087,yahoo_query_or_equivalent_authorized_market_data_source,2026-06-25T04:29:09.293391Z
2021-05-11,US_5Y_YAHOO_FVX,0.8009999990463257,yahoo_query_or_equivalent_authorized_market_data_source,2026-06-25T04:29:09.293391Z
2021-05-12,US_5Y_YAHOO_FVX,0.8640000224113464,yahoo_query_or_equivalent_authorized_market_data_source,2026-06-25T04:29:09.293391Z
2021-05-13,US_5Y_YAHOO_FVX,0.8370000123977661,yahoo_query_or_equivalent_authorized_market_data_source,2026-06-25T04:29:09.293391Z
2021-05-14,US_5Y_YAHOO_FVX,0.8159999847412109,yahoo_query_or_equivalent_authorized_market_data_source,2026-06-25T04:29:09.293391Z
2021-05-17,US_5Y_YAHOO_FVX,0.8289999961853027,yahoo_query_or_equivalent_authorized_market_data_source,2026-06-25T04:29:09.293391Z
2021-05-18,US_5Y_YAHOO_FVX,0.8190000057220459,yahoo_query_or_equivalent_authorized_market_data_source,2026-06-25T04:29:09.293391Z
2021-05-19,US_5Y_YAHOO_FVX,0.8629999756813049,yahoo_query_or_equivalent_authorized_market_data_source,2026-06-25T04:29:09.293391Z
2021-05-20,US_5Y_YAHOO_FVX,0.8149999976158142,yahoo_query_or_equivalent_authorized_market_data_source,2026-06-25T04:29:09.293391Z
2021-05-21,US_5Y_YAHOO_FVX,0.828000009059906,yahoo_query_or_equivalent_authorized_market_data_source,2026-06-25T04:29:09.293391Z
2021-05-24,US_5Y_YAHOO_FVX,0.8069999814033508,yahoo_query_or_equivalent_authorized_market_data_source,2026-06-25T04:29:09.293391Z
2021-05-25,US_5Y_YAHOO_FVX,0.7739999890327454,yahoo_query_or_equivalent_authorized_market_data_source,2026-06-25T04:29:09.293391Z
2021-05-26,US_5Y_YAHOO_FVX,0.777999997138977,yahoo_query_or_equivalent_authorized_market_data_source,2026-06-25T04:29:09.293391Z
2021-05-27,US_5Y_YAHOO_FVX,0.8140000104904175,yahoo_query_or_equivalent_authorized_market_data_source,2026-06-25T04:29:09.293391Z
2021-05-28,US_5Y_YAHOO_FVX,0.7879999876022339,yahoo_query_or_equivalent_authorized_market_data_source,2026-06-25T04:29:09.293391Z
2021-06-01,US_5Y_YAHOO_FVX,0.8090000152587891,yahoo_query_or_equivalent_authorized_market_data_source,2026-06-25T04:29:09.293391Z
2021-06-02,US_5Y_YAHOO_FVX,0.7960000038146973,yahoo_query_or_equivalent_authorized_market_data_source,2026-06-25T04:29:09.293391Z
2021-06-03,US_5Y_YAHOO_FVX,0.8450000286102295,yahoo_query_or_equivalent_authorized_market_data_source,2026-06-25T04:29:09.293391Z
2021-06-04,US_5Y_YAHOO_FVX,0.7839999794960022,yahoo_query_or_equivalent_authorized_market_data_source,2026-06-25T04:29:09.293391Z
2021-06-07,US_5Y_YAHOO_FVX,0.7929999828338623,yahoo_query_or_equivalent_authorized_market_data_source,2026-06-25T04:29:09.293391Z
2021-06-08,US_5Y_YAHOO_FVX,0.765999972820282,yahoo_query_or_equivalent_authorized_market_data_source,2026-06-25T04:29:09.293391Z
2021-06-09,US_5Y_YAHOO_FVX,0.7450000047683716,yahoo_query_or_equivalent_authorized_market_data_source,2026-06-25T04:29:09.293391Z
2021-06-10,US_5Y_YAHOO_FVX,0.7310000061988831,yahoo_query_or_equivalent_authorized_market_data_source,2026-06-25T04:29:09.293391Z
2021-06-11,US_5Y_YAHOO_FVX,0.7480000257492065,yahoo_query_or_equivalent_authorized_market_data_source,2026-06-25T04:29:09.293391Z
2021-06-14,US_5Y_YAHOO_FVX,0.7870000004768372,yahoo_query_or_equivalent_authorized_market_data_source,2026-06-25T04:29:09.293391Z
2021-06-15,US_5Y_YAHOO_FVX,0.7850000262260437,yahoo_query_or_equivalent_authorized_market_data_source,2026-06-25T04:29:09.293391Z
2021-06-16,US_5Y_YAHOO_FVX,0.8820000290870667,yahoo_query_or_equivalent_authorized_market_data_source,2026-06-25T04:29:09.293391Z
2021-06-17,US_5Y_YAHOO_FVX,0.8790000081062317,yahoo_query_or_equivalent_authorized_market_data_source,2026-06-25T04:29:09.293391Z
2021-06-18,US_5Y_YAHOO_FVX,0.8859999775886536,yahoo_query_or_equivalent_authorized_market_data_source,2026-06-25T04:29:09.293391Z
2021-06-21,US_5Y_YAHOO_FVX,0.8840000033378601,yahoo_query_or_equivalent_authorized_market_data_source,2026-06-25T04:29:09.293391Z
2021-06-22,US_5Y_YAHOO_FVX,0.859000027179718,yahoo_query_or_equivalent_authorized_market_data_source,2026-06-25T04:29:09.293391Z
2021-06-23,US_5Y_YAHOO_FVX,0.8799999952316284,yahoo_query_or_equivalent_authorized_market_data_source,2026-06-25T04:29:09.293391Z
2021-06-24,US_5Y_YAHOO_FVX,0.9070000052452087,yahoo_query_or_equivalent_authorized_market_data_source,2026-06-25T04:29:09.293391Z
2021-06-25,US_5Y_YAHOO_FVX,0.9300000071525574,yahoo_query_or_equivalent_authorized_market_data_source,2026-06-25T04:29:09.293391Z
2021-06-28,US_5Y_YAHOO_FVX,0.8960000276565552,yahoo_query_or_equivalent_authorized_market_data_source,2026-06-25T04:29:09.293391Z
2021-06-29,US_5Y_YAHOO_FVX,0.890999972820282,yahoo_query_or_equivalent_authorized_market_data_source,2026-06-25T04:29:09.293391Z
2021-06-30,US_5Y_YAHOO_FVX,0.8730000257492065,yahoo_query_or_equivalent_authorized_market_data_source,2026-06-25T04:29:09.293391Z
2021-07-01,US_5Y_YAHOO_FVX,0.9020000100135803,yahoo_query_or_equivalent_authorized_market_data_source,2026-06-25T04:29:09.293391Z
2021-07-02,US_5Y_YAHOO_FVX,0.859000027179718,yahoo_query_or_equivalent_authorized_market_data_source,2026-06-25T04:29:09.293391Z
2021-07-06,US_5Y_YAHOO_FVX,0.8090000152587891,yahoo_query_or_equivalent_authorized_market_data_source,2026-06-25T04:29:09.293391Z
2021-07-07,US_5Y_YAHOO_FVX,0.7799999713897705,yahoo_query_or_equivalent_authorized_market_data_source,2026-06-25T04:29:09.293391Z
2021-07-08,US_5Y_YAHOO_FVX,0.7360000014305115,yahoo_query_or_equivalent_authorized_market_data_source,2026-06-25T04:29:09.293391Z
2021-07-09,US_5Y_YAHOO_FVX,0.7870000004768372,yahoo_query_or_equivalent_authorized_market_data_source,2026-06-25T04:29:09.293391Z
2021-07-12,US_5Y_YAHOO_FVX,0.7960000038146973,yahoo_query_or_equivalent_authorized_market_data_source,2026-06-25T04:29:09.293391Z
2021-07-13,US_5Y_YAHOO_FVX,0.8479999899864197,yahoo_query_or_equivalent_authorized_market_data_source,2026-06-25T04:29:09.293391Z
2021-07-14,US_5Y_YAHOO_FVX,0.7990000247955322,yahoo_query_or_equivalent_authorized_market_data_source,2026-06-25T04:29:09.293391Z
2021-07-15,US_5Y_YAHOO_FVX,0.7749999761581421,yahoo_query_or_equivalent_authorized_market_data_source,2026-06-25T04:29:09.293391Z
2021-07-16,US_5Y_YAHOO_FVX,0.777999997138977,yahoo_query_or_equivalent_authorized_market_data_source,2026-06-25T04:29:09.293391Z
2021-07-19,US_5Y_YAHOO_FVX,0.6899999976158142,yahoo_query_or_equivalent_authorized_market_data_source,2026-06-25T04:29:09.293391Z
2021-07-20,US_5Y_YAHOO_FVX,0.6740000247955322,yahoo_query_or_equivalent_authorized_market_data_source,2026-06-25T04:29:09.293391Z
2021-07-21,US_5Y_YAHOO_FVX,0.7310000061988831,yahoo_query_or_equivalent_authorized_market_data_source,2026-06-25T04:29:09.293391Z
2021-07-22,US_5Y_YAHOO_FVX,0.7120000123977661,yahoo_query_or_equivalent_authorized_market_data_source,2026-06-25T04:29:09.293391Z
2021-07-23,US_5Y_YAHOO_FVX,0.7179999947547913,yahoo_query_or_equivalent_authorized_market_data_source,2026-06-25T04:29:09.293391Z
2021-07-26,US_5Y_YAHOO_FVX,0.7129999995231628,yahoo_query_or_equivalent_authorized_market_data_source,2026-06-25T04:29:09.293391Z
2021-07-27,US_5Y_YAHOO_FVX,0.6940000057220459,yahoo_query_or_equivalent_authorized_market_data_source,2026-06-25T04:29:09.293391Z
2021-07-28,US_5Y_YAHOO_FVX,0.7400000095367432,yahoo_query_or_equivalent_authorized_market_data_source,2026-06-25T04:29:09.293391Z
2021-07-29,US_5Y_YAHOO_FVX,0.7300000190734863,yahoo_query_or_equivalent_authorized_market_data_source,2026-06-25T04:29:09.293391Z
2021-07-30,US_5Y_YAHOO_FVX,0.703000009059906,yahoo_query_or_equivalent_authorized_market_data_source,2026-06-25T04:29:09.293391Z
2021-08-02,US_5Y_YAHOO_FVX,0.6510000228881836,yahoo_query_or_equivalent_authorized_market_data_source,2026-06-25T04:29:09.293391Z
2021-08-03,US_5Y_YAHOO_FVX,0.6510000228881836,yahoo_query_or_equivalent_authorized_market_data_source,2026-06-25T04:29:09.293391Z
2021-08-04,US_5Y_YAHOO_FVX,0.675000011920929,yahoo_query_or_equivalent_authorized_market_data_source,2026-06-25T04:29:09.293391Z
2021-08-05,US_5Y_YAHOO_FVX,0.718999981880188,yahoo_query_or_equivalent_authorized_market_data_source,2026-06-25T04:29:09.293391Z
2021-08-06,US_5Y_YAHOO_FVX,0.7649999856948853,yahoo_query_or_equivalent_authorized_market_data_source,2026-06-25T04:29:09.293391Z
2021-08-09,US_5Y_YAHOO_FVX,0.7919999957084656,yahoo_query_or_equivalent_authorized_market_data_source,2026-06-25T04:29:09.293391Z
2021-08-10,US_5Y_YAHOO_FVX,0.8230000138282776,yahoo_query_or_equivalent_authorized_market_data_source,2026-06-25T04:29:09.293391Z
2021-08-11,US_5Y_YAHOO_FVX,0.8019999861717224,yahoo_query_or_equivalent_authorized_market_data_source,2026-06-25T04:29:09.293391Z
2021-08-12,US_5Y_YAHOO_FVX,0.8309999704360962,yahoo_query_or_equivalent_authorized_market_data_source,2026-06-25T04:29:09.293391Z
2021-08-13,US_5Y_YAHOO_FVX,0.7879999876022339,yahoo_query_or_equivalent_authorized_market_data_source,2026-06-25T04:29:09.293391Z
2021-08-16,US_5Y_YAHOO_FVX,0.7509999871253967,yahoo_query_or_equivalent_authorized_market_data_source,2026-06-25T04:29:09.293391Z
2021-08-17,US_5Y_YAHOO_FVX,0.7639999985694885,yahoo_query_or_equivalent_authorized_market_data_source,2026-06-25T04:29:09.293391Z
2021-08-18,US_5Y_YAHOO_FVX,0.777999997138977,yahoo_query_or_equivalent_authorized_market_data_source,2026-06-25T04:29:09.293391Z
2021-08-19,US_5Y_YAHOO_FVX,0.7649999856948853,yahoo_query_or_equivalent_authorized_market_data_source,2026-06-25T04:29:09.293391Z
2021-08-20,US_5Y_YAHOO_FVX,0.7850000262260437,yahoo_query_or_equivalent_authorized_market_data_source,2026-06-25T04:29:09.293391Z
2021-08-23,US_5Y_YAHOO_FVX,0.7720000147819519,yahoo_query_or_equivalent_authorized_market_data_source,2026-06-25T04:29:09.293391Z
2021-08-24,US_5Y_YAHOO_FVX,0.7929999828338623,yahoo_query_or_equivalent_authorized_market_data_source,2026-06-25T04:29:09.293391Z
2021-08-25,US_5Y_YAHOO_FVX,0.8190000057220459,yahoo_query_or_equivalent_authorized_market_data_source,2026-06-25T04:29:09.293391Z
2021-08-26,US_5Y_YAHOO_FVX,0.8429999947547913,yahoo_query_or_equivalent_authorized_market_data_source,2026-06-25T04:29:09.293391Z
2021-08-27,US_5Y_YAHOO_FVX,0.800000011920929,yahoo_query_or_equivalent_authorized_market_data_source,2026-06-25T04:29:09.293391Z
2021-08-30,US_5Y_YAHOO_FVX,0.7710000276565552,yahoo_query_or_equivalent_authorized_market_data_source,2026-06-25T04:29:09.293391Z
2021-08-31,US_5Y_YAHOO_FVX,0.7720000147819519,yahoo_query_or_equivalent_authorized_market_data_source,2026-06-25T04:29:09.293391Z
2021-09-01,US_5Y_YAHOO_FVX,0.7799999713897705,yahoo_query_or_equivalent_authorized_market_data_source,2026-06-25T04:29:09.293391Z
2021-09-02,US_5Y_YAHOO_FVX,0.7760000228881836,yahoo_query_or_equivalent_authorized_market_data_source,2026-06-25T04:29:09.293391Z
2021-09-03,US_5Y_YAHOO_FVX,0.7850000262260437,yahoo_query_or_equivalent_authorized_market_data_source,2026-06-25T04:29:09.293391Z
2021-09-07,US_5Y_YAHOO_FVX,0.8190000057220459,yahoo_query_or_equivalent_authorized_market_data_source,2026-06-25T04:29:09.293391Z
2021-09-08,US_5Y_YAHOO_FVX,0.8059999942779541,yahoo_query_or_equivalent_authorized_market_data_source,2026-06-25T04:29:09.293391Z
2021-09-09,US_5Y_YAHOO_FVX,0.7870000004768372,yahoo_query_or_equivalent_authorized_market_data_source,2026-06-25T04:29:09.293391Z
2021-09-10,US_5Y_YAHOO_FVX,0.8159999847412109,yahoo_query_or_equivalent_authorized_market_data_source,2026-06-25T04:29:09.293391Z
2021-09-13,US_5Y_YAHOO_FVX,0.8050000071525574,yahoo_query_or_equivalent_authorized_market_data_source,2026-06-25T04:29:09.293391Z
2021-09-14,US_5Y_YAHOO_FVX,0.7789999842643738,yahoo_query_or_equivalent_authorized_market_data_source,2026-06-25T04:29:09.293391Z
2021-09-15,US_5Y_YAHOO_FVX,0.800000011920929,yahoo_query_or_equivalent_authorized_market_data_source,2026-06-25T04:29:09.293391Z
2021-09-16,US_5Y_YAHOO_FVX,0.8339999914169312,yahoo_query_or_equivalent_authorized_market_data_source,2026-06-25T04:29:09.293391Z
2021-09-17,US_5Y_YAHOO_FVX,0.8659999966621399,yahoo_query_or_equivalent_authorized_market_data_source,2026-06-25T04:29:09.293391Z
2021-09-20,US_5Y_YAHOO_FVX,0.8209999799728394,yahoo_query_or_equivalent_authorized_market_data_source,2026-06-25T04:29:09.293391Z
2021-09-21,US_5Y_YAHOO_FVX,0.8289999961853027,yahoo_query_or_equivalent_authorized_market_data_source,2026-06-25T04:29:09.293391Z
2021-09-22,US_5Y_YAHOO_FVX,0.871999979019165,yahoo_query_or_equivalent_authorized_market_data_source,2026-06-25T04:29:09.293391Z
2021-09-23,US_5Y_YAHOO_FVX,0.9290000200271606,yahoo_query_or_equivalent_authorized_market_data_source,2026-06-25T04:29:09.293391Z
2021-09-24,US_5Y_YAHOO_FVX,0.9570000171661377,yahoo_query_or_equivalent_authorized_market_data_source,2026-06-25T04:29:09.293391Z
2021-09-27,US_5Y_YAHOO_FVX,0.9829999804496765,yahoo_query_or_equivalent_authorized_market_data_source,2026-06-25T04:29:09.293391Z
2021-09-28,US_5Y_YAHOO_FVX,1.0230000019073486,yahoo_query_or_equivalent_authorized_market_data_source,2026-06-25T04:29:09.293391Z
2021-09-29,US_5Y_YAHOO_FVX,1.0119999647140503,yahoo_query_or_equivalent_authorized_market_data_source,2026-06-25T04:29:09.293391Z
2021-09-30,US_5Y_YAHOO_FVX,0.996999979019165,yahoo_query_or_equivalent_authorized_market_data_source,2026-06-25T04:29:09.293391Z
2021-10-01,US_5Y_YAHOO_FVX,0.9409999847412109,yahoo_query_or_equivalent_authorized_market_data_source,2026-06-25T04:29:09.293391Z
2021-10-04,US_5Y_YAHOO_FVX,0.9440000057220459,yahoo_query_or_equivalent_authorized_market_data_source,2026-06-25T04:29:09.293391Z
2021-10-05,US_5Y_YAHOO_FVX,0.9779999852180481,yahoo_query_or_equivalent_authorized_market_data_source,2026-06-25T04:29:09.293391Z
2021-10-06,US_5Y_YAHOO_FVX,0.9850000143051147,yahoo_query_or_equivalent_authorized_market_data_source,2026-06-25T04:29:09.293391Z
2021-10-07,US_5Y_YAHOO_FVX,1.0190000534057617,yahoo_query_or_equivalent_authorized_market_data_source,2026-06-25T04:29:09.293391Z
2021-10-08,US_5Y_YAHOO_FVX,1.0479999780654907,yahoo_query_or_equivalent_authorized_market_data_source,2026-06-25T04:29:09.293391Z
2021-10-11,US_5Y_YAHOO_FVX,1.059999942779541,yahoo_query_or_equivalent_authorized_market_data_source,2026-06-25T04:29:09.293391Z
2021-10-12,US_5Y_YAHOO_FVX,1.0740000009536743,yahoo_query_or_equivalent_authorized_market_data_source,2026-06-25T04:29:09.293391Z
2021-10-13,US_5Y_YAHOO_FVX,1.0870000123977661,yahoo_query_or_equivalent_authorized_market_data_source,2026-06-25T04:29:09.293391Z
2021-10-14,US_5Y_YAHOO_FVX,1.0499999523162842,yahoo_query_or_equivalent_authorized_market_data_source,2026-06-25T04:29:09.293391Z
2021-10-15,US_5Y_YAHOO_FVX,1.121999979019165,yahoo_query_or_equivalent_authorized_market_data_source,2026-06-25T04:29:09.293391Z
2021-10-18,US_5Y_YAHOO_FVX,1.1619999408721924,yahoo_query_or_equivalent_authorized_market_data_source,2026-06-25T04:29:09.293391Z
2021-10-19,US_5Y_YAHOO_FVX,1.156999945640564,yahoo_query_or_equivalent_authorized_market_data_source,2026-06-25T04:29:09.293391Z
2021-10-20,US_5Y_YAHOO_FVX,1.1469999551773071,yahoo_query_or_equivalent_authorized_market_data_source,2026-06-25T04:29:09.293391Z
2021-10-21,US_5Y_YAHOO_FVX,1.2120000123977661,yahoo_query_or_equivalent_authorized_market_data_source,2026-06-25T04:29:09.293391Z
2021-10-22,US_5Y_YAHOO_FVX,1.2109999656677246,yahoo_query_or_equivalent_authorized_market_data_source,2026-06-25T04:29:09.293391Z
2021-10-25,US_5Y_YAHOO_FVX,1.1759999990463257,yahoo_query_or_equivalent_authorized_market_data_source,2026-06-25T04:29:09.293391Z
2021-10-26,US_5Y_YAHOO_FVX,1.1829999685287476,yahoo_query_or_equivalent_authorized_market_data_source,2026-06-25T04:29:09.293391Z
2021-10-27,US_5Y_YAHOO_FVX,1.1380000114440918,yahoo_query_or_equivalent_authorized_market_data_source,2026-06-25T04:29:09.293391Z
2021-10-28,US_5Y_YAHOO_FVX,1.187999963760376,yahoo_query_or_equivalent_authorized_market_data_source,2026-06-25T04:29:09.293391Z
2021-10-29,US_5Y_YAHOO_FVX,1.187999963760376,yahoo_query_or_equivalent_authorized_market_data_source,2026-06-25T04:29:09.293391Z
2021-11-01,US_5Y_YAHOO_FVX,1.1979999542236328,yahoo_query_or_equivalent_authorized_market_data_source,2026-06-25T04:29:09.293391Z
2021-11-02,US_5Y_YAHOO_FVX,1.1490000486373901,yahoo_query_or_equivalent_authorized_market_data_source,2026-06-25T04:29:09.293391Z
2021-11-03,US_5Y_YAHOO_FVX,1.184999942779541,yahoo_query_or_equivalent_authorized_market_data_source,2026-06-25T04:29:09.293391Z
2021-11-04,US_5Y_YAHOO_FVX,1.1039999723434448,yahoo_query_or_equivalent_authorized_market_data_source,2026-06-25T04:29:09.293391Z
2021-11-05,US_5Y_YAHOO_FVX,1.0540000200271606,yahoo_query_or_equivalent_authorized_market_data_source,2026-06-25T04:29:09.293391Z
2021-11-08,US_5Y_YAHOO_FVX,1.1200000047683716,yahoo_query_or_equivalent_authorized_market_data_source,2026-06-25T04:29:09.293391Z
2021-11-09,US_5Y_YAHOO_FVX,1.0679999589920044,yahoo_query_or_equivalent_authorized_market_data_source,2026-06-25T04:29:09.293391Z
2021-11-10,US_5Y_YAHOO_FVX,1.2139999866485596,yahoo_query_or_equivalent_authorized_market_data_source,2026-06-25T04:29:09.293391Z
2021-11-11,US_5Y_YAHOO_FVX,1.2209999561309814,yahoo_query_or_equivalent_authorized_market_data_source,2026-06-25T04:29:09.293391Z
2021-11-12,US_5Y_YAHOO_FVX,1.2359999418258667,yahoo_query_or_equivalent_authorized_market_data_source,2026-06-25T04:29:09.293391Z
2021-11-15,US_5Y_YAHOO_FVX,1.2569999694824219,yahoo_query_or_equivalent_authorized_market_data_source,2026-06-25T04:29:09.293391Z
2021-11-16,US_5Y_YAHOO_FVX,1.2669999599456787,yahoo_query_or_equivalent_authorized_market_data_source,2026-06-25T04:29:09.293391Z
2021-11-17,US_5Y_YAHOO_FVX,1.2359999418258667,yahoo_query_or_equivalent_authorized_market_data_source,2026-06-25T04:29:09.293391Z
2021-11-18,US_5Y_YAHOO_FVX,1.2230000495910645,yahoo_query_or_equivalent_authorized_market_data_source,2026-06-25T04:29:09.293391Z
2021-11-19,US_5Y_YAHOO_FVX,1.2029999494552612,yahoo_query_or_equivalent_authorized_market_data_source,2026-06-25T04:29:09.293391Z
2021-11-22,US_5Y_YAHOO_FVX,1.309999942779541,yahoo_query_or_equivalent_authorized_market_data_source,2026-06-25T04:29:09.293391Z
2021-11-23,US_5Y_YAHOO_FVX,1.3339999914169312,yahoo_query_or_equivalent_authorized_market_data_source,2026-06-25T04:29:09.293391Z
2021-11-24,US_5Y_YAHOO_FVX,1.343999981880188,yahoo_query_or_equivalent_authorized_market_data_source,2026-06-25T04:29:09.293391Z
2021-11-26,US_5Y_YAHOO_FVX,1.1690000295639038,yahoo_query_or_equivalent_authorized_market_data_source,2026-06-25T04:29:09.293391Z
2021-11-29,US_5Y_YAHOO_FVX,1.184999942779541,yahoo_query_or_equivalent_authorized_market_data_source,2026-06-25T04:29:09.293391Z
2021-11-30,US_5Y_YAHOO_FVX,1.149999976158142,yahoo_query_or_equivalent_authorized_market_data_source,2026-06-25T04:29:09.293391Z
2021-12-01,US_5Y_YAHOO_FVX,1.1549999713897705,yahoo_query_or_equivalent_authorized_market_data_source,2026-06-25T04:29:09.293391Z
2021-12-02,US_5Y_YAHOO_FVX,1.2079999446868896,yahoo_query_or_equivalent_authorized_market_data_source,2026-06-25T04:29:09.293391Z
2021-12-03,US_5Y_YAHOO_FVX,1.1239999532699585,yahoo_query_or_equivalent_authorized_market_data_source,2026-06-25T04:29:09.293391Z
2021-12-06,US_5Y_YAHOO_FVX,1.2130000591278076,yahoo_query_or_equivalent_authorized_market_data_source,2026-06-25T04:29:09.293391Z
2021-12-07,US_5Y_YAHOO_FVX,1.2569999694824219,yahoo_query_or_equivalent_authorized_market_data_source,2026-06-25T04:29:09.293391Z
2021-12-08,US_5Y_YAHOO_FVX,1.2610000371932983,yahoo_query_or_equivalent_authorized_market_data_source,2026-06-25T04:29:09.293391Z
2021-12-09,US_5Y_YAHOO_FVX,1.2569999694824219,yahoo_query_or_equivalent_authorized_market_data_source,2026-06-25T04:29:09.293391Z
2021-12-10,US_5Y_YAHOO_FVX,1.2519999742507935,yahoo_query_or_equivalent_authorized_market_data_source,2026-06-25T04:29:09.293391Z
2021-12-13,US_5Y_YAHOO_FVX,1.2130000591278076,yahoo_query_or_equivalent_authorized_market_data_source,2026-06-25T04:29:09.293391Z
2021-12-14,US_5Y_YAHOO_FVX,1.2339999675750732,yahoo_query_or_equivalent_authorized_market_data_source,2026-06-25T04:29:09.293391Z
2021-12-15,US_5Y_YAHOO_FVX,1.2610000371932983,yahoo_query_or_equivalent_authorized_market_data_source,2026-06-25T04:29:09.293391Z
2021-12-16,US_5Y_YAHOO_FVX,1.1729999780654907,yahoo_query_or_equivalent_authorized_market_data_source,2026-06-25T04:29:09.293391Z
2021-12-17,US_5Y_YAHOO_FVX,1.1770000457763672,yahoo_query_or_equivalent_authorized_market_data_source,2026-06-25T04:29:09.293391Z
2021-12-20,US_5Y_YAHOO_FVX,1.1640000343322754,yahoo_query_or_equivalent_authorized_market_data_source,2026-06-25T04:29:09.293391Z
2021-12-21,US_5Y_YAHOO_FVX,1.2350000143051147,yahoo_query_or_equivalent_authorized_market_data_source,2026-06-25T04:29:09.293391Z
2021-12-22,US_5Y_YAHOO_FVX,1.222000002861023,yahoo_query_or_equivalent_authorized_market_data_source,2026-06-25T04:29:09.293391Z
2021-12-23,US_5Y_YAHOO_FVX,1.2430000305175781,yahoo_query_or_equivalent_authorized_market_data_source,2026-06-25T04:29:09.293391Z
2021-12-27,US_5Y_YAHOO_FVX,1.2519999742507935,yahoo_query_or_equivalent_authorized_market_data_source,2026-06-25T04:29:09.293391Z
2021-12-28,US_5Y_YAHOO_FVX,1.2450000047683716,yahoo_query_or_equivalent_authorized_market_data_source,2026-06-25T04:29:09.293391Z
2021-12-29,US_5Y_YAHOO_FVX,1.2940000295639038,yahoo_query_or_equivalent_authorized_market_data_source,2026-06-25T04:29:09.293391Z
2021-12-30,US_5Y_YAHOO_FVX,1.2740000486373901,yahoo_query_or_equivalent_authorized_market_data_source,2026-06-25T04:29:09.293391Z
2021-12-31,US_5Y_YAHOO_FVX,1.2630000114440918,yahoo_query_or_equivalent_authorized_market_data_source,2026-06-25T04:29:09.293391Z
2022-01-03,US_5Y_YAHOO_FVX,1.3650000095367432,yahoo_query_or_equivalent_authorized_market_data_source,2026-06-25T04:29:09.293391Z
2022-01-04,US_5Y_YAHOO_FVX,1.375,yahoo_query_or_equivalent_authorized_market_data_source,2026-06-25T04:29:09.293391Z
2022-01-05,US_5Y_YAHOO_FVX,1.4329999685287476,yahoo_query_or_equivalent_authorized_market_data_source,2026-06-25T04:29:09.293391Z
2022-01-06,US_5Y_YAHOO_FVX,1.4769999980926514,yahoo_query_or_equivalent_authorized_market_data_source,2026-06-25T04:29:09.293391Z
2022-01-07,US_5Y_YAHOO_FVX,1.5049999952316284,yahoo_query_or_equivalent_authorized_market_data_source,2026-06-25T04:29:09.293391Z
2022-01-10,US_5Y_YAHOO_FVX,1.5379999876022339,yahoo_query_or_equivalent_authorized_market_data_source,2026-06-25T04:29:09.293391Z
2022-01-11,US_5Y_YAHOO_FVX,1.5069999694824219,yahoo_query_or_equivalent_authorized_market_data_source,2026-06-25T04:29:09.293391Z
2022-01-12,US_5Y_YAHOO_FVX,1.4930000305175781,yahoo_query_or_equivalent_authorized_market_data_source,2026-06-25T04:29:09.293391Z
2022-01-13,US_5Y_YAHOO_FVX,1.4809999465942383,yahoo_query_or_equivalent_authorized_market_data_source,2026-06-25T04:29:09.293391Z
2022-01-14,US_5Y_YAHOO_FVX,1.5479999780654907,yahoo_query_or_equivalent_authorized_market_data_source,2026-06-25T04:29:09.293391Z
2022-01-18,US_5Y_YAHOO_FVX,1.6480000019073486,yahoo_query_or_equivalent_authorized_market_data_source,2026-06-25T04:29:09.293391Z
2022-01-19,US_5Y_YAHOO_FVX,1.6109999418258667,yahoo_query_or_equivalent_authorized_market_data_source,2026-06-25T04:29:09.293391Z
2022-01-20,US_5Y_YAHOO_FVX,1.6180000305175781,yahoo_query_or_equivalent_authorized_market_data_source,2026-06-25T04:29:09.293391Z
2022-01-21,US_5Y_YAHOO_FVX,1.5470000505447388,yahoo_query_or_equivalent_authorized_market_data_source,2026-06-25T04:29:09.293391Z
2022-01-24,US_5Y_YAHOO_FVX,1.5140000581741333,yahoo_query_or_equivalent_authorized_market_data_source,2026-06-25T04:29:09.293391Z
2022-01-25,US_5Y_YAHOO_FVX,1.565999984741211,yahoo_query_or_equivalent_authorized_market_data_source,2026-06-25T04:29:09.293391Z
2022-01-26,US_5Y_YAHOO_FVX,1.649999976158142,yahoo_query_or_equivalent_authorized_market_data_source,2026-06-25T04:29:09.293391Z
2022-01-27,US_5Y_YAHOO_FVX,1.6619999408721924,yahoo_query_or_equivalent_authorized_market_data_source,2026-06-25T04:29:09.293391Z
2022-01-28,US_5Y_YAHOO_FVX,1.6239999532699585,yahoo_query_or_equivalent_authorized_market_data_source,2026-06-25T04:29:09.293391Z
2022-01-31,US_5Y_YAHOO_FVX,1.6139999628067017,yahoo_query_or_equivalent_authorized_market_data_source,2026-06-25T04:29:09.293391Z
2022-02-01,US_5Y_YAHOO_FVX,1.6239999532699585,yahoo_query_or_equivalent_authorized_market_data_source,2026-06-25T04:29:09.293391Z
2022-02-02,US_5Y_YAHOO_FVX,1.600000023841858,yahoo_query_or_equivalent_authorized_market_data_source,2026-06-25T04:29:09.293391Z
2022-02-03,US_5Y_YAHOO_FVX,1.6610000133514404,yahoo_query_or_equivalent_authorized_market_data_source,2026-06-25T04:29:09.293391Z
2022-02-04,US_5Y_YAHOO_FVX,1.7879999876022339,yahoo_query_or_equivalent_authorized_market_data_source,2026-06-25T04:29:09.293391Z
2022-02-07,US_5Y_YAHOO_FVX,1.7649999856948853,yahoo_query_or_equivalent_authorized_market_data_source,2026-06-25T04:29:09.293391Z
2022-02-08,US_5Y_YAHOO_FVX,1.8079999685287476,yahoo_query_or_equivalent_authorized_market_data_source,2026-06-25T04:29:09.293391Z
2022-02-09,US_5Y_YAHOO_FVX,1.8020000457763672,yahoo_query_or_equivalent_authorized_market_data_source,2026-06-25T04:29:09.293391Z
2022-02-10,US_5Y_YAHOO_FVX,1.944000005722046,yahoo_query_or_equivalent_authorized_market_data_source,2026-06-25T04:29:09.293391Z
2022-02-11,US_5Y_YAHOO_FVX,1.8680000305175781,yahoo_query_or_equivalent_authorized_market_data_source,2026-06-25T04:29:09.293391Z
2022-02-14,US_5Y_YAHOO_FVX,1.9179999828338623,yahoo_query_or_equivalent_authorized_market_data_source,2026-06-25T04:29:09.293391Z
2022-02-15,US_5Y_YAHOO_FVX,1.934999942779541,yahoo_query_or_equivalent_authorized_market_data_source,2026-06-25T04:29:09.293391Z
2022-02-16,US_5Y_YAHOO_FVX,1.9199999570846558,yahoo_query_or_equivalent_authorized_market_data_source,2026-06-25T04:29:09.293391Z
2022-02-17,US_5Y_YAHOO_FVX,1.8480000495910645,yahoo_query_or_equivalent_authorized_market_data_source,2026-06-25T04:29:09.293391Z
2022-02-18,US_5Y_YAHOO_FVX,1.8240000009536743,yahoo_query_or_equivalent_authorized_market_data_source,2026-06-25T04:29:09.293391Z
2022-02-22,US_5Y_YAHOO_FVX,1.8660000562667847,yahoo_query_or_equivalent_authorized_market_data_source,2026-06-25T04:29:09.293391Z
2022-02-23,US_5Y_YAHOO_FVX,1.8930000066757202,yahoo_query_or_equivalent_authorized_market_data_source,2026-06-25T04:29:09.293391Z
2022-02-24,US_5Y_YAHOO_FVX,1.850000023841858,yahoo_query_or_equivalent_authorized_market_data_source,2026-06-25T04:29:09.293391Z
2022-02-25,US_5Y_YAHOO_FVX,1.8849999904632568,yahoo_query_or_equivalent_authorized_market_data_source,2026-06-25T04:29:09.293391Z
2022-02-28,US_5Y_YAHOO_FVX,1.7209999561309814,yahoo_query_or_equivalent_authorized_market_data_source,2026-06-25T04:29:09.293391Z
2022-03-01,US_5Y_YAHOO_FVX,1.5490000247955322,yahoo_query_or_equivalent_authorized_market_data_source,2026-06-25T04:29:09.293391Z
2022-03-02,US_5Y_YAHOO_FVX,1.7519999742507935,yahoo_query_or_equivalent_authorized_market_data_source,2026-06-25T04:29:09.293391Z
2022-03-03,US_5Y_YAHOO_FVX,1.7369999885559082,yahoo_query_or_equivalent_authorized_market_data_source,2026-06-25T04:29:09.293391Z
2022-03-04,US_5Y_YAHOO_FVX,1.63100004196167,yahoo_query_or_equivalent_authorized_market_data_source,2026-06-25T04:29:09.293391Z
2022-03-07,US_5Y_YAHOO_FVX,1.690999984741211,yahoo_query_or_equivalent_authorized_market_data_source,2026-06-25T04:29:09.293391Z
2022-03-08,US_5Y_YAHOO_FVX,1.805999994277954,yahoo_query_or_equivalent_authorized_market_data_source,2026-06-25T04:29:09.293391Z
2022-03-09,US_5Y_YAHOO_FVX,1.8799999952316284,yahoo_query_or_equivalent_authorized_market_data_source,2026-06-25T04:29:09.293391Z
2022-03-10,US_5Y_YAHOO_FVX,1.940999984741211,yahoo_query_or_equivalent_authorized_market_data_source,2026-06-25T04:29:09.293391Z
2022-03-11,US_5Y_YAHOO_FVX,1.9600000381469727,yahoo_query_or_equivalent_authorized_market_data_source,2026-06-25T04:29:09.293391Z
2022-03-14,US_5Y_YAHOO_FVX,2.0920000076293945,yahoo_query_or_equivalent_authorized_market_data_source,2026-06-25T04:29:09.293391Z
2022-03-15,US_5Y_YAHOO_FVX,2.114000082015991,yahoo_query_or_equivalent_authorized_market_data_source,2026-06-25T04:29:09.293391Z
2022-03-16,US_5Y_YAHOO_FVX,2.197999954223633,yahoo_query_or_equivalent_authorized_market_data_source,2026-06-25T04:29:09.293391Z
2022-03-17,US_5Y_YAHOO_FVX,2.1679999828338623,yahoo_query_or_equivalent_authorized_market_data_source,2026-06-25T04:29:09.293391Z
2022-03-18,US_5Y_YAHOO_FVX,2.1429998874664307,yahoo_query_or_equivalent_authorized_market_data_source,2026-06-25T04:29:09.293391Z
2022-03-21,US_5Y_YAHOO_FVX,2.3399999141693115,yahoo_query_or_equivalent_authorized_market_data_source,2026-06-25T04:29:09.293391Z
2022-03-22,US_5Y_YAHOO_FVX,2.385999917984009,yahoo_query_or_equivalent_authorized_market_data_source,2026-06-25T04:29:09.293391Z
2022-03-23,US_5Y_YAHOO_FVX,2.3399999141693115,yahoo_query_or_equivalent_authorized_market_data_source,2026-06-25T04:29:09.293391Z
2022-03-24,US_5Y_YAHOO_FVX,2.372999906539917,yahoo_query_or_equivalent_authorized_market_data_source,2026-06-25T04:29:09.293391Z
2022-03-25,US_5Y_YAHOO_FVX,2.572999954223633,yahoo_query_or_equivalent_authorized_market_data_source,2026-06-25T04:29:09.293391Z
2022-03-28,US_5Y_YAHOO_FVX,2.565000057220459,yahoo_query_or_equivalent_authorized_market_data_source,2026-06-25T04:29:09.293391Z
2022-03-29,US_5Y_YAHOO_FVX,2.484999895095825,yahoo_query_or_equivalent_authorized_market_data_source,2026-06-25T04:29:09.293391Z
2022-03-30,US_5Y_YAHOO_FVX,2.447999954223633,yahoo_query_or_equivalent_authorized_market_data_source,2026-06-25T04:29:09.293391Z
2022-03-31,US_5Y_YAHOO_FVX,2.421999931335449,yahoo_query_or_equivalent_authorized_market_data_source,2026-06-25T04:29:09.293391Z
2022-04-01,US_5Y_YAHOO_FVX,2.5490000247955322,yahoo_query_or_equivalent_authorized_market_data_source,2026-06-25T04:29:09.293391Z
2022-04-04,US_5Y_YAHOO_FVX,2.555000066757202,yahoo_query_or_equivalent_authorized_market_data_source,2026-06-25T04:29:09.293391Z
2022-04-05,US_5Y_YAHOO_FVX,2.696000099182129,yahoo_query_or_equivalent_authorized_market_data_source,2026-06-25T04:29:09.293391Z
2022-04-06,US_5Y_YAHOO_FVX,2.7019999027252197,yahoo_query_or_equivalent_authorized_market_data_source,2026-06-25T04:29:09.293391Z
2022-04-07,US_5Y_YAHOO_FVX,2.690999984741211,yahoo_query_or_equivalent_authorized_market_data_source,2026-06-25T04:29:09.293391Z
2022-04-08,US_5Y_YAHOO_FVX,2.75600004196167,yahoo_query_or_equivalent_authorized_market_data_source,2026-06-25T04:29:09.293391Z
2022-04-11,US_5Y_YAHOO_FVX,2.7850000858306885,yahoo_query_or_equivalent_authorized_market_data_source,2026-06-25T04:29:09.293391Z
2022-04-12,US_5Y_YAHOO_FVX,2.6760001182556152,yahoo_query_or_equivalent_authorized_market_data_source,2026-06-25T04:29:09.293391Z
2022-04-13,US_5Y_YAHOO_FVX,2.6419999599456787,yahoo_query_or_equivalent_authorized_market_data_source,2026-06-25T04:29:09.293391Z
2022-04-14,US_5Y_YAHOO_FVX,2.7860000133514404,yahoo_query_or_equivalent_authorized_market_data_source,2026-06-25T04:29:09.293391Z
2022-04-18,US_5Y_YAHOO_FVX,2.7960000038146973,yahoo_query_or_equivalent_authorized_market_data_source,2026-06-25T04:29:09.293391Z
2022-04-19,US_5Y_YAHOO_FVX,2.8889999389648438,yahoo_query_or_equivalent_authorized_market_data_source,2026-06-25T04:29:09.293391Z
2022-04-20,US_5Y_YAHOO_FVX,2.859999895095825,yahoo_query_or_equivalent_authorized_market_data_source,2026-06-25T04:29:09.293391Z
2022-04-21,US_5Y_YAHOO_FVX,2.9790000915527344,yahoo_query_or_equivalent_authorized_market_data_source,2026-06-25T04:29:09.293391Z
2022-04-22,US_5Y_YAHOO_FVX,2.9489998817443848,yahoo_query_or_equivalent_authorized_market_data_source,2026-06-25T04:29:09.293391Z
2022-04-25,US_5Y_YAHOO_FVX,2.8589999675750732,yahoo_query_or_equivalent_authorized_market_data_source,2026-06-25T04:29:09.293391Z
2022-04-26,US_5Y_YAHOO_FVX,2.796999931335449,yahoo_query_or_equivalent_authorized_market_data_source,2026-06-25T04:29:09.293391Z
2022-04-27,US_5Y_YAHOO_FVX,2.815000057220459,yahoo_query_or_equivalent_authorized_market_data_source,2026-06-25T04:29:09.293391Z
2022-04-28,US_5Y_YAHOO_FVX,2.880000114440918,yahoo_query_or_equivalent_authorized_market_data_source,2026-06-25T04:29:09.293391Z
2022-04-29,US_5Y_YAHOO_FVX,2.9119999408721924,yahoo_query_or_equivalent_authorized_market_data_source,2026-06-25T04:29:09.293391Z
2022-05-02,US_5Y_YAHOO_FVX,3.009999990463257,yahoo_query_or_equivalent_authorized_market_data_source,2026-06-25T04:29:09.293391Z
2022-05-03,US_5Y_YAHOO_FVX,3.003000020980835,yahoo_query_or_equivalent_authorized_market_data_source,2026-06-25T04:29:09.293391Z
2022-05-04,US_5Y_YAHOO_FVX,2.8959999084472656,yahoo_query_or_equivalent_authorized_market_data_source,2026-06-25T04:29:09.293391Z
2022-05-05,US_5Y_YAHOO_FVX,3.0239999294281006,yahoo_query_or_equivalent_authorized_market_data_source,2026-06-25T04:29:09.293391Z
2022-05-06,US_5Y_YAHOO_FVX,3.0429999828338623,yahoo_query_or_equivalent_authorized_market_data_source,2026-06-25T04:29:09.293391Z
2022-05-09,US_5Y_YAHOO_FVX,2.9830000400543213,yahoo_query_or_equivalent_authorized_market_data_source,2026-06-25T04:29:09.293391Z
2022-05-10,US_5Y_YAHOO_FVX,2.9179999828338623,yahoo_query_or_equivalent_authorized_market_data_source,2026-06-25T04:29:09.293391Z
2022-05-11,US_5Y_YAHOO_FVX,2.878999948501587,yahoo_query_or_equivalent_authorized_market_data_source,2026-06-25T04:29:09.293391Z
2022-05-12,US_5Y_YAHOO_FVX,2.7820000648498535,yahoo_query_or_equivalent_authorized_market_data_source,2026-06-25T04:29:09.293391Z
2022-05-13,US_5Y_YAHOO_FVX,2.888000011444092,yahoo_query_or_equivalent_authorized_market_data_source,2026-06-25T04:29:09.293391Z
2022-05-16,US_5Y_YAHOO_FVX,2.819999933242798,yahoo_query_or_equivalent_authorized_market_data_source,2026-06-25T04:29:09.293391Z
2022-05-17,US_5Y_YAHOO_FVX,2.946000099182129,yahoo_query_or_equivalent_authorized_market_data_source,2026-06-25T04:29:09.293391Z
2022-05-18,US_5Y_YAHOO_FVX,2.8910000324249268,yahoo_query_or_equivalent_authorized_market_data_source,2026-06-25T04:29:09.293391Z
2022-05-19,US_5Y_YAHOO_FVX,2.8469998836517334,yahoo_query_or_equivalent_authorized_market_data_source,2026-06-25T04:29:09.293391Z
2022-05-20,US_5Y_YAHOO_FVX,2.805999994277954,yahoo_query_or_equivalent_authorized_market_data_source,2026-06-25T04:29:09.293391Z
2022-05-23,US_5Y_YAHOO_FVX,2.875,yahoo_query_or_equivalent_authorized_market_data_source,2026-06-25T04:29:09.293391Z
2022-05-24,US_5Y_YAHOO_FVX,2.756999969482422,yahoo_query_or_equivalent_authorized_market_data_source,2026-06-25T04:29:09.293391Z
2022-05-25,US_5Y_YAHOO_FVX,2.7209999561309814,yahoo_query_or_equivalent_authorized_market_data_source,2026-06-25T04:29:09.293391Z
2022-05-26,US_5Y_YAHOO_FVX,2.7160000801086426,yahoo_query_or_equivalent_authorized_market_data_source,2026-06-25T04:29:09.293391Z
2022-05-27,US_5Y_YAHOO_FVX,2.7239999771118164,yahoo_query_or_equivalent_authorized_market_data_source,2026-06-25T04:29:09.293391Z
2022-05-31,US_5Y_YAHOO_FVX,2.811000108718872,yahoo_query_or_equivalent_authorized_market_data_source,2026-06-25T04:29:09.293391Z
2022-06-01,US_5Y_YAHOO_FVX,2.937999963760376,yahoo_query_or_equivalent_authorized_market_data_source,2026-06-25T04:29:09.293391Z
2022-06-02,US_5Y_YAHOO_FVX,2.9089999198913574,yahoo_query_or_equivalent_authorized_market_data_source,2026-06-25T04:29:09.293391Z
2022-06-03,US_5Y_YAHOO_FVX,2.9509999752044678,yahoo_query_or_equivalent_authorized_market_data_source,2026-06-25T04:29:09.293391Z
2022-06-06,US_5Y_YAHOO_FVX,3.0350000858306885,yahoo_query_or_equivalent_authorized_market_data_source,2026-06-25T04:29:09.293391Z
2022-06-07,US_5Y_YAHOO_FVX,2.9839999675750732,yahoo_query_or_equivalent_authorized_market_data_source,2026-06-25T04:29:09.293391Z
2022-06-08,US_5Y_YAHOO_FVX,3.0320000648498535,yahoo_query_or_equivalent_authorized_market_data_source,2026-06-25T04:29:09.293391Z
2022-06-09,US_5Y_YAHOO_FVX,3.062999963760376,yahoo_query_or_equivalent_authorized_market_data_source,2026-06-25T04:29:09.293391Z
2022-06-10,US_5Y_YAHOO_FVX,3.25,yahoo_query_or_equivalent_authorized_market_data_source,2026-06-25T04:29:09.293391Z
2022-06-13,US_5Y_YAHOO_FVX,3.4749999046325684,yahoo_query_or_equivalent_authorized_market_data_source,2026-06-25T04:29:09.293391Z
2022-06-14,US_5Y_YAHOO_FVX,3.5959999561309814,yahoo_query_or_equivalent_authorized_market_data_source,2026-06-25T04:29:09.293391Z
2022-06-15,US_5Y_YAHOO_FVX,3.4719998836517334,yahoo_query_or_equivalent_authorized_market_data_source,2026-06-25T04:29:09.293391Z
2022-06-16,US_5Y_YAHOO_FVX,3.377000093460083,yahoo_query_or_equivalent_authorized_market_data_source,2026-06-25T04:29:09.293391Z
2022-06-17,US_5Y_YAHOO_FVX,3.3399999141693115,yahoo_query_or_equivalent_authorized_market_data_source,2026-06-25T04:29:09.293391Z
2022-06-21,US_5Y_YAHOO_FVX,3.378999948501587,yahoo_query_or_equivalent_authorized_market_data_source,2026-06-25T04:29:09.293391Z
2022-06-22,US_5Y_YAHOO_FVX,3.2269999980926514,yahoo_query_or_equivalent_authorized_market_data_source,2026-06-25T04:29:09.293391Z
2022-06-23,US_5Y_YAHOO_FVX,3.132999897003174,yahoo_query_or_equivalent_authorized_market_data_source,2026-06-25T04:29:09.293391Z
2022-06-24,US_5Y_YAHOO_FVX,3.174999952316284,yahoo_query_or_equivalent_authorized_market_data_source,2026-06-25T04:29:09.293391Z
2022-06-27,US_5Y_YAHOO_FVX,3.257999897003174,yahoo_query_or_equivalent_authorized_market_data_source,2026-06-25T04:29:09.293391Z
2022-06-28,US_5Y_YAHOO_FVX,3.259999990463257,yahoo_query_or_equivalent_authorized_market_data_source,2026-06-25T04:29:09.293391Z
2022-06-29,US_5Y_YAHOO_FVX,3.1510000228881836,yahoo_query_or_equivalent_authorized_market_data_source,2026-06-25T04:29:09.293391Z
2022-06-30,US_5Y_YAHOO_FVX,3.003999948501587,yahoo_query_or_equivalent_authorized_market_data_source,2026-06-25T04:29:09.293391Z
2022-07-01,US_5Y_YAHOO_FVX,2.884000062942505,yahoo_query_or_equivalent_authorized_market_data_source,2026-06-25T04:29:09.293391Z
2022-07-05,US_5Y_YAHOO_FVX,2.815000057220459,yahoo_query_or_equivalent_authorized_market_data_source,2026-06-25T04:29:09.293391Z
2022-07-06,US_5Y_YAHOO_FVX,2.9509999752044678,yahoo_query_or_equivalent_authorized_market_data_source,2026-06-25T04:29:09.293391Z
2022-07-07,US_5Y_YAHOO_FVX,3.053999900817871,yahoo_query_or_equivalent_authorized_market_data_source,2026-06-25T04:29:09.293391Z
2022-07-08,US_5Y_YAHOO_FVX,3.1419999599456787,yahoo_query_or_equivalent_authorized_market_data_source,2026-06-25T04:29:09.293391Z
2022-07-11,US_5Y_YAHOO_FVX,3.049999952316284,yahoo_query_or_equivalent_authorized_market_data_source,2026-06-25T04:29:09.293391Z
2022-07-12,US_5Y_YAHOO_FVX,3.0160000324249268,yahoo_query_or_equivalent_authorized_market_data_source,2026-06-25T04:29:09.293391Z
2022-07-13,US_5Y_YAHOO_FVX,3.0190000534057617,yahoo_query_or_equivalent_authorized_market_data_source,2026-06-25T04:29:09.293391Z
2022-07-14,US_5Y_YAHOO_FVX,3.062999963760376,yahoo_query_or_equivalent_authorized_market_data_source,2026-06-25T04:29:09.293391Z
2022-07-15,US_5Y_YAHOO_FVX,3.0510001182556152,yahoo_query_or_equivalent_authorized_market_data_source,2026-06-25T04:29:09.293391Z
2022-07-18,US_5Y_YAHOO_FVX,3.069999933242798,yahoo_query_or_equivalent_authorized_market_data_source,2026-06-25T04:29:09.293391Z
2022-07-19,US_5Y_YAHOO_FVX,3.1500000953674316,yahoo_query_or_equivalent_authorized_market_data_source,2026-06-25T04:29:09.293391Z
2022-07-20,US_5Y_YAHOO_FVX,3.177999973297119,yahoo_query_or_equivalent_authorized_market_data_source,2026-06-25T04:29:09.293391Z
2022-07-21,US_5Y_YAHOO_FVX,3.009999990463257,yahoo_query_or_equivalent_authorized_market_data_source,2026-06-25T04:29:09.293391Z
2022-07-22,US_5Y_YAHOO_FVX,2.872999906539917,yahoo_query_or_equivalent_authorized_market_data_source,2026-06-25T04:29:09.293391Z
2022-07-25,US_5Y_YAHOO_FVX,2.9000000953674316,yahoo_query_or_equivalent_authorized_market_data_source,2026-06-25T04:29:09.293391Z
2022-07-26,US_5Y_YAHOO_FVX,2.884999990463257,yahoo_query_or_equivalent_authorized_market_data_source,2026-06-25T04:29:09.293391Z
2022-07-27,US_5Y_YAHOO_FVX,2.796999931335449,yahoo_query_or_equivalent_authorized_market_data_source,2026-06-25T04:29:09.293391Z
2022-07-28,US_5Y_YAHOO_FVX,2.703000068664551,yahoo_query_or_equivalent_authorized_market_data_source,2026-06-25T04:29:09.293391Z
2022-07-29,US_5Y_YAHOO_FVX,2.694999933242798,yahoo_query_or_equivalent_authorized_market_data_source,2026-06-25T04:29:09.293391Z
2022-08-01,US_5Y_YAHOO_FVX,2.6679999828338623,yahoo_query_or_equivalent_authorized_market_data_source,2026-06-25T04:29:09.293391Z
2022-08-02,US_5Y_YAHOO_FVX,2.861999988555908,yahoo_query_or_equivalent_authorized_market_data_source,2026-06-25T04:29:09.293391Z
2022-08-03,US_5Y_YAHOO_FVX,2.871999979019165,yahoo_query_or_equivalent_authorized_market_data_source,2026-06-25T04:29:09.293391Z
2022-08-04,US_5Y_YAHOO_FVX,2.7739999294281006,yahoo_query_or_equivalent_authorized_market_data_source,2026-06-25T04:29:09.293391Z
2022-08-05,US_5Y_YAHOO_FVX,2.9760000705718994,yahoo_query_or_equivalent_authorized_market_data_source,2026-06-25T04:29:09.293391Z
2022-08-08,US_5Y_YAHOO_FVX,2.9110000133514404,yahoo_query_or_equivalent_authorized_market_data_source,2026-06-25T04:29:09.293391Z
2022-08-09,US_5Y_YAHOO_FVX,2.9800000190734863,yahoo_query_or_equivalent_authorized_market_data_source,2026-06-25T04:29:09.293391Z
2022-08-10,US_5Y_YAHOO_FVX,2.9230000972747803,yahoo_query_or_equivalent_authorized_market_data_source,2026-06-25T04:29:09.293391Z
2022-08-11,US_5Y_YAHOO_FVX,2.98799991607666,yahoo_query_or_equivalent_authorized_market_data_source,2026-06-25T04:29:09.293391Z
2022-08-12,US_5Y_YAHOO_FVX,2.9769999980926514,yahoo_query_or_equivalent_authorized_market_data_source,2026-06-25T04:29:09.293391Z
2022-08-15,US_5Y_YAHOO_FVX,2.9130001068115234,yahoo_query_or_equivalent_authorized_market_data_source,2026-06-25T04:29:09.293391Z
2022-08-16,US_5Y_YAHOO_FVX,2.9579999446868896,yahoo_query_or_equivalent_authorized_market_data_source,2026-06-25T04:29:09.293391Z
2022-08-17,US_5Y_YAHOO_FVX,3.0480000972747803,yahoo_query_or_equivalent_authorized_market_data_source,2026-06-25T04:29:09.293391Z
2022-08-18,US_5Y_YAHOO_FVX,3.0309998989105225,yahoo_query_or_equivalent_authorized_market_data_source,2026-06-25T04:29:09.293391Z
2022-08-19,US_5Y_YAHOO_FVX,3.115999937057495,yahoo_query_or_equivalent_authorized_market_data_source,2026-06-25T04:29:09.293391Z
2022-08-22,US_5Y_YAHOO_FVX,3.178999900817871,yahoo_query_or_equivalent_authorized_market_data_source,2026-06-25T04:29:09.293391Z
2022-08-23,US_5Y_YAHOO_FVX,3.180999994277954,yahoo_query_or_equivalent_authorized_market_data_source,2026-06-25T04:29:09.293391Z
2022-08-24,US_5Y_YAHOO_FVX,3.2309999465942383,yahoo_query_or_equivalent_authorized_market_data_source,2026-06-25T04:29:09.293391Z
2022-08-25,US_5Y_YAHOO_FVX,3.1570000648498535,yahoo_query_or_equivalent_authorized_market_data_source,2026-06-25T04:29:09.293391Z
2022-08-26,US_5Y_YAHOO_FVX,3.194999933242798,yahoo_query_or_equivalent_authorized_market_data_source,2026-06-25T04:29:09.293391Z
2022-08-29,US_5Y_YAHOO_FVX,3.263000011444092,yahoo_query_or_equivalent_authorized_market_data_source,2026-06-25T04:29:09.293391Z
2022-08-30,US_5Y_YAHOO_FVX,3.2769999504089355,yahoo_query_or_equivalent_authorized_market_data_source,2026-06-25T04:29:09.293391Z
2022-08-31,US_5Y_YAHOO_FVX,3.2839999198913574,yahoo_query_or_equivalent_authorized_market_data_source,2026-06-25T04:29:09.293391Z
2022-09-01,US_5Y_YAHOO_FVX,3.4059998989105225,yahoo_query_or_equivalent_authorized_market_data_source,2026-06-25T04:29:09.293391Z
2022-09-02,US_5Y_YAHOO_FVX,3.2980000972747803,yahoo_query_or_equivalent_authorized_market_data_source,2026-06-25T04:29:09.293391Z
2022-09-06,US_5Y_YAHOO_FVX,3.443000078201294,yahoo_query_or_equivalent_authorized_market_data_source,2026-06-25T04:29:09.293391Z
2022-09-07,US_5Y_YAHOO_FVX,3.359999895095825,yahoo_query_or_equivalent_authorized_market_data_source,2026-06-25T04:29:09.293391Z
2022-09-08,US_5Y_YAHOO_FVX,3.3970000743865967,yahoo_query_or_equivalent_authorized_market_data_source,2026-06-25T04:29:09.293391Z
2022-09-09,US_5Y_YAHOO_FVX,3.446000099182129,yahoo_query_or_equivalent_authorized_market_data_source,2026-06-25T04:29:09.293391Z
2022-09-12,US_5Y_YAHOO_FVX,3.4579999446868896,yahoo_query_or_equivalent_authorized_market_data_source,2026-06-25T04:29:09.293391Z
2022-09-13,US_5Y_YAHOO_FVX,3.5889999866485596,yahoo_query_or_equivalent_authorized_market_data_source,2026-06-25T04:29:09.293391Z
2022-09-14,US_5Y_YAHOO_FVX,3.5950000286102295,yahoo_query_or_equivalent_authorized_market_data_source,2026-06-25T04:29:09.293391Z
2022-09-15,US_5Y_YAHOO_FVX,3.6740000247955322,yahoo_query_or_equivalent_authorized_market_data_source,2026-06-25T04:29:09.293391Z
2022-09-16,US_5Y_YAHOO_FVX,3.625999927520752,yahoo_query_or_equivalent_authorized_market_data_source,2026-06-25T04:29:09.293391Z
2022-09-19,US_5Y_YAHOO_FVX,3.693000078201294,yahoo_query_or_equivalent_authorized_market_data_source,2026-06-25T04:29:09.293391Z
2022-09-20,US_5Y_YAHOO_FVX,3.75,yahoo_query_or_equivalent_authorized_market_data_source,2026-06-25T04:29:09.293391Z
2022-09-21,US_5Y_YAHOO_FVX,3.7130000591278076,yahoo_query_or_equivalent_authorized_market_data_source,2026-06-25T04:29:09.293391Z
2022-09-22,US_5Y_YAHOO_FVX,3.928999900817871,yahoo_query_or_equivalent_authorized_market_data_source,2026-06-25T04:29:09.293391Z
2022-09-23,US_5Y_YAHOO_FVX,3.9839999675750732,yahoo_query_or_equivalent_authorized_market_data_source,2026-06-25T04:29:09.293391Z
2022-09-26,US_5Y_YAHOO_FVX,4.158999919891357,yahoo_query_or_equivalent_authorized_market_data_source,2026-06-25T04:29:09.293391Z
2022-09-27,US_5Y_YAHOO_FVX,4.210000038146973,yahoo_query_or_equivalent_authorized_market_data_source,2026-06-25T04:29:09.293391Z
2022-09-28,US_5Y_YAHOO_FVX,3.921999931335449,yahoo_query_or_equivalent_authorized_market_data_source,2026-06-25T04:29:09.293391Z
2022-09-29,US_5Y_YAHOO_FVX,3.9790000915527344,yahoo_query_or_equivalent_authorized_market_data_source,2026-06-25T04:29:09.293391Z
2022-09-30,US_5Y_YAHOO_FVX,4.040999889373779,yahoo_query_or_equivalent_authorized_market_data_source,2026-06-25T04:29:09.293391Z
2022-10-03,US_5Y_YAHOO_FVX,3.882999897003174,yahoo_query_or_equivalent_authorized_market_data_source,2026-06-25T04:29:09.293391Z
2022-10-04,US_5Y_YAHOO_FVX,3.8399999141693115,yahoo_query_or_equivalent_authorized_market_data_source,2026-06-25T04:29:09.293391Z
2022-10-05,US_5Y_YAHOO_FVX,3.9590001106262207,yahoo_query_or_equivalent_authorized_market_data_source,2026-06-25T04:29:09.293391Z
2022-10-06,US_5Y_YAHOO_FVX,4.059999942779541,yahoo_query_or_equivalent_authorized_market_data_source,2026-06-25T04:29:09.293391Z
2022-10-07,US_5Y_YAHOO_FVX,4.135000228881836,yahoo_query_or_equivalent_authorized_market_data_source,2026-06-25T04:29:09.293391Z
2022-10-10,US_5Y_YAHOO_FVX,4.14900016784668,yahoo_query_or_equivalent_authorized_market_data_source,2026-06-25T04:29:09.293391Z
2022-10-11,US_5Y_YAHOO_FVX,4.169000148773193,yahoo_query_or_equivalent_authorized_market_data_source,2026-06-25T04:29:09.293391Z
2022-10-12,US_5Y_YAHOO_FVX,4.111999988555908,yahoo_query_or_equivalent_authorized_market_data_source,2026-06-25T04:29:09.293391Z
2022-10-13,US_5Y_YAHOO_FVX,4.206999778747559,yahoo_query_or_equivalent_authorized_market_data_source,2026-06-25T04:29:09.293391Z
2022-10-14,US_5Y_YAHOO_FVX,4.269000053405762,yahoo_query_or_equivalent_authorized_market_data_source,2026-06-25T04:29:09.293391Z
2022-10-17,US_5Y_YAHOO_FVX,4.238999843597412,yahoo_query_or_equivalent_authorized_market_data_source,2026-06-25T04:29:09.293391Z
2022-10-18,US_5Y_YAHOO_FVX,4.215000152587891,yahoo_query_or_equivalent_authorized_market_data_source,2026-06-25T04:29:09.293391Z
2022-10-19,US_5Y_YAHOO_FVX,4.349999904632568,yahoo_query_or_equivalent_authorized_market_data_source,2026-06-25T04:29:09.293391Z
2022-10-20,US_5Y_YAHOO_FVX,4.447999954223633,yahoo_query_or_equivalent_authorized_market_data_source,2026-06-25T04:29:09.293391Z
2022-10-21,US_5Y_YAHOO_FVX,4.354000091552734,yahoo_query_or_equivalent_authorized_market_data_source,2026-06-25T04:29:09.293391Z
2022-10-24,US_5Y_YAHOO_FVX,4.359000205993652,yahoo_query_or_equivalent_authorized_market_data_source,2026-06-25T04:29:09.293391Z
2022-10-25,US_5Y_YAHOO_FVX,4.256999969482422,yahoo_query_or_equivalent_authorized_market_data_source,2026-06-25T04:29:09.293391Z
2022-10-26,US_5Y_YAHOO_FVX,4.193999767303467,yahoo_query_or_equivalent_authorized_market_data_source,2026-06-25T04:29:09.293391Z
2022-10-27,US_5Y_YAHOO_FVX,4.0879998207092285,yahoo_query_or_equivalent_authorized_market_data_source,2026-06-25T04:29:09.293391Z
2022-10-28,US_5Y_YAHOO_FVX,4.190000057220459,yahoo_query_or_equivalent_authorized_market_data_source,2026-06-25T04:29:09.293391Z
2022-10-31,US_5Y_YAHOO_FVX,4.248000144958496,yahoo_query_or_equivalent_authorized_market_data_source,2026-06-25T04:29:09.293391Z
2022-11-01,US_5Y_YAHOO_FVX,4.257999897003174,yahoo_query_or_equivalent_authorized_market_data_source,2026-06-25T04:29:09.293391Z
2022-11-02,US_5Y_YAHOO_FVX,4.249000072479248,yahoo_query_or_equivalent_authorized_market_data_source,2026-06-25T04:29:09.293391Z
2022-11-03,US_5Y_YAHOO_FVX,4.349999904632568,yahoo_query_or_equivalent_authorized_market_data_source,2026-06-25T04:29:09.293391Z
2022-11-04,US_5Y_YAHOO_FVX,4.326000213623047,yahoo_query_or_equivalent_authorized_market_data_source,2026-06-25T04:29:09.293391Z
2022-11-07,US_5Y_YAHOO_FVX,4.39300012588501,yahoo_query_or_equivalent_authorized_market_data_source,2026-06-25T04:29:09.293391Z
2022-11-08,US_5Y_YAHOO_FVX,4.306000232696533,yahoo_query_or_equivalent_authorized_market_data_source,2026-06-25T04:29:09.293391Z
2022-11-09,US_5Y_YAHOO_FVX,4.284999847412109,yahoo_query_or_equivalent_authorized_market_data_source,2026-06-25T04:29:09.293391Z
2022-11-10,US_5Y_YAHOO_FVX,3.943000078201294,yahoo_query_or_equivalent_authorized_market_data_source,2026-06-25T04:29:09.293391Z
2022-11-11,US_5Y_YAHOO_FVX,3.937999963760376,yahoo_query_or_equivalent_authorized_market_data_source,2026-06-25T04:29:09.293391Z
2022-11-14,US_5Y_YAHOO_FVX,3.996999979019165,yahoo_query_or_equivalent_authorized_market_data_source,2026-06-25T04:29:09.293391Z
2022-11-15,US_5Y_YAHOO_FVX,3.921999931335449,yahoo_query_or_equivalent_authorized_market_data_source,2026-06-25T04:29:09.293391Z
2022-11-16,US_5Y_YAHOO_FVX,3.8499999046325684,yahoo_query_or_equivalent_authorized_market_data_source,2026-06-25T04:29:09.293391Z
2022-11-17,US_5Y_YAHOO_FVX,3.937000036239624,yahoo_query_or_equivalent_authorized_market_data_source,2026-06-25T04:29:09.293391Z
2022-11-18,US_5Y_YAHOO_FVX,4.0,yahoo_query_or_equivalent_authorized_market_data_source,2026-06-25T04:29:09.293391Z
2022-11-21,US_5Y_YAHOO_FVX,4.007999897003174,yahoo_query_or_equivalent_authorized_market_data_source,2026-06-25T04:29:09.293391Z
2022-11-22,US_5Y_YAHOO_FVX,3.937999963760376,yahoo_query_or_equivalent_authorized_market_data_source,2026-06-25T04:29:09.293391Z
2022-11-23,US_5Y_YAHOO_FVX,3.8919999599456787,yahoo_query_or_equivalent_authorized_market_data_source,2026-06-25T04:29:09.293391Z
2022-11-25,US_5Y_YAHOO_FVX,3.869999885559082,yahoo_query_or_equivalent_authorized_market_data_source,2026-06-25T04:29:09.293391Z
2022-11-28,US_5Y_YAHOO_FVX,3.8959999084472656,yahoo_query_or_equivalent_authorized_market_data_source,2026-06-25T04:29:09.293391Z
2022-11-29,US_5Y_YAHOO_FVX,3.9200000762939453,yahoo_query_or_equivalent_authorized_market_data_source,2026-06-25T04:29:09.293391Z
2022-11-30,US_5Y_YAHOO_FVX,3.8320000171661377,yahoo_query_or_equivalent_authorized_market_data_source,2026-06-25T04:29:09.293391Z
2022-12-01,US_5Y_YAHOO_FVX,3.680000066757202,yahoo_query_or_equivalent_authorized_market_data_source,2026-06-25T04:29:09.293391Z
2022-12-02,US_5Y_YAHOO_FVX,3.6659998893737793,yahoo_query_or_equivalent_authorized_market_data_source,2026-06-25T04:29:09.293391Z
2022-12-05,US_5Y_YAHOO_FVX,3.7929999828338623,yahoo_query_or_equivalent_authorized_market_data_source,2026-06-25T04:29:09.293391Z
2022-12-06,US_5Y_YAHOO_FVX,3.7330000400543213,yahoo_query_or_equivalent_authorized_market_data_source,2026-06-25T04:29:09.293391Z
2022-12-07,US_5Y_YAHOO_FVX,3.614000082015991,yahoo_query_or_equivalent_authorized_market_data_source,2026-06-25T04:29:09.293391Z
2022-12-08,US_5Y_YAHOO_FVX,3.7100000381469727,yahoo_query_or_equivalent_authorized_market_data_source,2026-06-25T04:29:09.293391Z
2022-12-09,US_5Y_YAHOO_FVX,3.756999969482422,yahoo_query_or_equivalent_authorized_market_data_source,2026-06-25T04:29:09.293391Z
2022-12-12,US_5Y_YAHOO_FVX,3.802000045776367,yahoo_query_or_equivalent_authorized_market_data_source,2026-06-25T04:29:09.293391Z
2022-12-13,US_5Y_YAHOO_FVX,3.6470000743865967,yahoo_query_or_equivalent_authorized_market_data_source,2026-06-25T04:29:09.293391Z
2022-12-14,US_5Y_YAHOO_FVX,3.6540000438690186,yahoo_query_or_equivalent_authorized_market_data_source,2026-06-25T04:29:09.293391Z
2022-12-15,US_5Y_YAHOO_FVX,3.625999927520752,yahoo_query_or_equivalent_authorized_market_data_source,2026-06-25T04:29:09.293391Z
2022-12-16,US_5Y_YAHOO_FVX,3.617000102996826,yahoo_query_or_equivalent_authorized_market_data_source,2026-06-25T04:29:09.293391Z
2022-12-19,US_5Y_YAHOO_FVX,3.7109999656677246,yahoo_query_or_equivalent_authorized_market_data_source,2026-06-25T04:29:09.293391Z
2022-12-20,US_5Y_YAHOO_FVX,3.7839999198913574,yahoo_query_or_equivalent_authorized_market_data_source,2026-06-25T04:29:09.293391Z
2022-12-21,US_5Y_YAHOO_FVX,3.7750000953674316,yahoo_query_or_equivalent_authorized_market_data_source,2026-06-25T04:29:09.293391Z
2022-12-22,US_5Y_YAHOO_FVX,3.7869999408721924,yahoo_query_or_equivalent_authorized_market_data_source,2026-06-25T04:29:09.293391Z
2022-12-23,US_5Y_YAHOO_FVX,3.861999988555908,yahoo_query_or_equivalent_authorized_market_data_source,2026-06-25T04:29:09.293391Z
2022-12-27,US_5Y_YAHOO_FVX,3.9630000591278076,yahoo_query_or_equivalent_authorized_market_data_source,2026-06-25T04:29:09.293391Z
2022-12-28,US_5Y_YAHOO_FVX,3.9790000915527344,yahoo_query_or_equivalent_authorized_market_data_source,2026-06-25T04:29:09.293391Z
2022-12-29,US_5Y_YAHOO_FVX,3.9549999237060547,yahoo_query_or_equivalent_authorized_market_data_source,2026-06-25T04:29:09.293391Z
2022-12-30,US_5Y_YAHOO_FVX,4.0,yahoo_query_or_equivalent_authorized_market_data_source,2026-06-25T04:29:09.293391Z
2023-01-03,US_5Y_YAHOO_FVX,3.944999933242798,yahoo_query_or_equivalent_authorized_market_data_source,2026-06-25T04:29:09.293391Z
2023-01-04,US_5Y_YAHOO_FVX,3.875,yahoo_query_or_equivalent_authorized_market_data_source,2026-06-25T04:29:09.293391Z
2023-01-05,US_5Y_YAHOO_FVX,3.9100000858306885,yahoo_query_or_equivalent_authorized_market_data_source,2026-06-25T04:29:09.293391Z
2023-01-06,US_5Y_YAHOO_FVX,3.7119998931884766,yahoo_query_or_equivalent_authorized_market_data_source,2026-06-25T04:29:09.293391Z
2023-01-09,US_5Y_YAHOO_FVX,3.6510000228881836,yahoo_query_or_equivalent_authorized_market_data_source,2026-06-25T04:29:09.293391Z
2023-01-10,US_5Y_YAHOO_FVX,3.7339999675750732,yahoo_query_or_equivalent_authorized_market_data_source,2026-06-25T04:29:09.293391Z
2023-01-11,US_5Y_YAHOO_FVX,3.6700000762939453,yahoo_query_or_equivalent_authorized_market_data_source,2026-06-25T04:29:09.293391Z
2023-01-12,US_5Y_YAHOO_FVX,3.5460000038146973,yahoo_query_or_equivalent_authorized_market_data_source,2026-06-25T04:29:09.293391Z
2023-01-13,US_5Y_YAHOO_FVX,3.614000082015991,yahoo_query_or_equivalent_authorized_market_data_source,2026-06-25T04:29:09.293391Z
2023-01-17,US_5Y_YAHOO_FVX,3.6070001125335693,yahoo_query_or_equivalent_authorized_market_data_source,2026-06-25T04:29:09.293391Z
2023-01-18,US_5Y_YAHOO_FVX,3.433000087738037,yahoo_query_or_equivalent_authorized_market_data_source,2026-06-25T04:29:09.293391Z
2023-01-19,US_5Y_YAHOO_FVX,3.484999895095825,yahoo_query_or_equivalent_authorized_market_data_source,2026-06-25T04:29:09.293391Z
2023-01-20,US_5Y_YAHOO_FVX,3.566999912261963,yahoo_query_or_equivalent_authorized_market_data_source,2026-06-25T04:29:09.293391Z
2023-01-23,US_5Y_YAHOO_FVX,3.625,yahoo_query_or_equivalent_authorized_market_data_source,2026-06-25T04:29:09.293391Z
2023-01-24,US_5Y_YAHOO_FVX,3.5840001106262207,yahoo_query_or_equivalent_authorized_market_data_source,2026-06-25T04:29:09.293391Z
2023-01-25,US_5Y_YAHOO_FVX,3.561000108718872,yahoo_query_or_equivalent_authorized_market_data_source,2026-06-25T04:29:09.293391Z
2023-01-26,US_5Y_YAHOO_FVX,3.5880000591278076,yahoo_query_or_equivalent_authorized_market_data_source,2026-06-25T04:29:09.293391Z
2023-01-27,US_5Y_YAHOO_FVX,3.621000051498413,yahoo_query_or_equivalent_authorized_market_data_source,2026-06-25T04:29:09.293391Z
2023-01-30,US_5Y_YAHOO_FVX,3.683000087738037,yahoo_query_or_equivalent_authorized_market_data_source,2026-06-25T04:29:09.293391Z
2023-01-31,US_5Y_YAHOO_FVX,3.638000011444092,yahoo_query_or_equivalent_authorized_market_data_source,2026-06-25T04:29:09.293391Z
2023-02-01,US_5Y_YAHOO_FVX,3.494999885559082,yahoo_query_or_equivalent_authorized_market_data_source,2026-06-25T04:29:09.293391Z
2023-02-02,US_5Y_YAHOO_FVX,3.4830000400543213,yahoo_query_or_equivalent_authorized_market_data_source,2026-06-25T04:29:09.293391Z
2023-02-03,US_5Y_YAHOO_FVX,3.6659998893737793,yahoo_query_or_equivalent_authorized_market_data_source,2026-06-25T04:29:09.293391Z
2023-02-06,US_5Y_YAHOO_FVX,3.813999891281128,yahoo_query_or_equivalent_authorized_market_data_source,2026-06-25T04:29:09.293391Z
2023-02-07,US_5Y_YAHOO_FVX,3.8440001010894775,yahoo_query_or_equivalent_authorized_market_data_source,2026-06-25T04:29:09.293391Z
2023-02-08,US_5Y_YAHOO_FVX,3.818000078201294,yahoo_query_or_equivalent_authorized_market_data_source,2026-06-25T04:29:09.293391Z
2023-02-09,US_5Y_YAHOO_FVX,3.881999969482422,yahoo_query_or_equivalent_authorized_market_data_source,2026-06-25T04:29:09.293391Z
2023-02-10,US_5Y_YAHOO_FVX,3.9240000247955322,yahoo_query_or_equivalent_authorized_market_data_source,2026-06-25T04:29:09.293391Z
2023-02-13,US_5Y_YAHOO_FVX,3.9260001182556152,yahoo_query_or_equivalent_authorized_market_data_source,2026-06-25T04:29:09.293391Z
2023-02-14,US_5Y_YAHOO_FVX,4.002999782562256,yahoo_query_or_equivalent_authorized_market_data_source,2026-06-25T04:29:09.293391Z
2023-02-15,US_5Y_YAHOO_FVX,4.039999961853027,yahoo_query_or_equivalent_authorized_market_data_source,2026-06-25T04:29:09.293391Z
2023-02-16,US_5Y_YAHOO_FVX,4.047999858856201,yahoo_query_or_equivalent_authorized_market_data_source,2026-06-25T04:29:09.293391Z
2023-02-17,US_5Y_YAHOO_FVX,4.035999774932861,yahoo_query_or_equivalent_authorized_market_data_source,2026-06-25T04:29:09.293391Z
2023-02-21,US_5Y_YAHOO_FVX,4.175000190734863,yahoo_query_or_equivalent_authorized_market_data_source,2026-06-25T04:29:09.293391Z
2023-02-22,US_5Y_YAHOO_FVX,4.151000022888184,yahoo_query_or_equivalent_authorized_market_data_source,2026-06-25T04:29:09.293391Z
2023-02-23,US_5Y_YAHOO_FVX,4.105000019073486,yahoo_query_or_equivalent_authorized_market_data_source,2026-06-25T04:29:09.293391Z
2023-02-24,US_5Y_YAHOO_FVX,4.210000038146973,yahoo_query_or_equivalent_authorized_market_data_source,2026-06-25T04:29:09.293391Z
2023-02-27,US_5Y_YAHOO_FVX,4.172999858856201,yahoo_query_or_equivalent_authorized_market_data_source,2026-06-25T04:29:09.293391Z
2023-02-28,US_5Y_YAHOO_FVX,4.168000221252441,yahoo_query_or_equivalent_authorized_market_data_source,2026-06-25T04:29:09.293391Z
2023-03-01,US_5Y_YAHOO_FVX,4.263000011444092,yahoo_query_or_equivalent_authorized_market_data_source,2026-06-25T04:29:09.293391Z
2023-03-02,US_5Y_YAHOO_FVX,4.324999809265137,yahoo_query_or_equivalent_authorized_market_data_source,2026-06-25T04:29:09.293391Z
2023-03-03,US_5Y_YAHOO_FVX,4.252999782562256,yahoo_query_or_equivalent_authorized_market_data_source,2026-06-25T04:29:09.293391Z
2023-03-06,US_5Y_YAHOO_FVX,4.270999908447266,yahoo_query_or_equivalent_authorized_market_data_source,2026-06-25T04:29:09.293391Z
2023-03-07,US_5Y_YAHOO_FVX,4.315000057220459,yahoo_query_or_equivalent_authorized_market_data_source,2026-06-25T04:29:09.293391Z
2023-03-08,US_5Y_YAHOO_FVX,4.335999965667725,yahoo_query_or_equivalent_authorized_market_data_source,2026-06-25T04:29:09.293391Z
2023-03-09,US_5Y_YAHOO_FVX,4.2210001945495605,yahoo_query_or_equivalent_authorized_market_data_source,2026-06-25T04:29:09.293391Z
2023-03-10,US_5Y_YAHOO_FVX,3.9539999961853027,yahoo_query_or_equivalent_authorized_market_data_source,2026-06-25T04:29:09.293391Z
2023-03-13,US_5Y_YAHOO_FVX,3.6659998893737793,yahoo_query_or_equivalent_authorized_market_data_source,2026-06-25T04:29:09.293391Z
2023-03-14,US_5Y_YAHOO_FVX,3.7980000972747803,yahoo_query_or_equivalent_authorized_market_data_source,2026-06-25T04:29:09.293391Z
2023-03-15,US_5Y_YAHOO_FVX,3.578000068664551,yahoo_query_or_equivalent_authorized_market_data_source,2026-06-25T04:29:09.293391Z
2023-03-16,US_5Y_YAHOO_FVX,3.742000102996826,yahoo_query_or_equivalent_authorized_market_data_source,2026-06-25T04:29:09.293391Z
2023-03-17,US_5Y_YAHOO_FVX,3.4660000801086426,yahoo_query_or_equivalent_authorized_market_data_source,2026-06-25T04:29:09.293391Z
2023-03-20,US_5Y_YAHOO_FVX,3.575000047683716,yahoo_query_or_equivalent_authorized_market_data_source,2026-06-25T04:29:09.293391Z
2023-03-21,US_5Y_YAHOO_FVX,3.746000051498413,yahoo_query_or_equivalent_authorized_market_data_source,2026-06-25T04:29:09.293391Z
2023-03-22,US_5Y_YAHOO_FVX,3.572999954223633,yahoo_query_or_equivalent_authorized_market_data_source,2026-06-25T04:29:09.293391Z
2023-03-23,US_5Y_YAHOO_FVX,3.4170000553131104,yahoo_query_or_equivalent_authorized_market_data_source,2026-06-25T04:29:09.293391Z
2023-03-24,US_5Y_YAHOO_FVX,3.4089999198913574,yahoo_query_or_equivalent_authorized_market_data_source,2026-06-25T04:29:09.293391Z
2023-03-27,US_5Y_YAHOO_FVX,3.5950000286102295,yahoo_query_or_equivalent_authorized_market_data_source,2026-06-25T04:29:09.293391Z
2023-03-28,US_5Y_YAHOO_FVX,3.6619999408721924,yahoo_query_or_equivalent_authorized_market_data_source,2026-06-25T04:29:09.293391Z
2023-03-29,US_5Y_YAHOO_FVX,3.674999952316284,yahoo_query_or_equivalent_authorized_market_data_source,2026-06-25T04:29:09.293391Z
2023-03-30,US_5Y_YAHOO_FVX,3.6630001068115234,yahoo_query_or_equivalent_authorized_market_data_source,2026-06-25T04:29:09.293391Z
2023-03-31,US_5Y_YAHOO_FVX,3.6110000610351562,yahoo_query_or_equivalent_authorized_market_data_source,2026-06-25T04:29:09.293391Z
2023-04-03,US_5Y_YAHOO_FVX,3.5290000438690186,yahoo_query_or_equivalent_authorized_market_data_source,2026-06-25T04:29:09.293391Z
2023-04-04,US_5Y_YAHOO_FVX,3.388000011444092,yahoo_query_or_equivalent_authorized_market_data_source,2026-06-25T04:29:09.293391Z
2023-04-05,US_5Y_YAHOO_FVX,3.3440001010894775,yahoo_query_or_equivalent_authorized_market_data_source,2026-06-25T04:29:09.293391Z
2023-04-06,US_5Y_YAHOO_FVX,3.3570001125335693,yahoo_query_or_equivalent_authorized_market_data_source,2026-06-25T04:29:09.293391Z
2023-04-10,US_5Y_YAHOO_FVX,3.5190000534057617,yahoo_query_or_equivalent_authorized_market_data_source,2026-06-25T04:29:09.293391Z
2023-04-11,US_5Y_YAHOO_FVX,3.549999952316284,yahoo_query_or_equivalent_authorized_market_data_source,2026-06-25T04:29:09.293391Z
2023-04-12,US_5Y_YAHOO_FVX,3.4760000705718994,yahoo_query_or_equivalent_authorized_market_data_source,2026-06-25T04:29:09.293391Z
2023-04-13,US_5Y_YAHOO_FVX,3.506999969482422,yahoo_query_or_equivalent_authorized_market_data_source,2026-06-25T04:29:09.293391Z
2023-04-14,US_5Y_YAHOO_FVX,3.6110000610351562,yahoo_query_or_equivalent_authorized_market_data_source,2026-06-25T04:29:09.293391Z
2023-04-17,US_5Y_YAHOO_FVX,3.693000078201294,yahoo_query_or_equivalent_authorized_market_data_source,2026-06-25T04:29:09.293391Z
2023-04-18,US_5Y_YAHOO_FVX,3.674999952316284,yahoo_query_or_equivalent_authorized_market_data_source,2026-06-25T04:29:09.293391Z
2023-04-19,US_5Y_YAHOO_FVX,3.7219998836517334,yahoo_query_or_equivalent_authorized_market_data_source,2026-06-25T04:29:09.293391Z
2023-04-20,US_5Y_YAHOO_FVX,3.640000104904175,yahoo_query_or_equivalent_authorized_market_data_source,2026-06-25T04:29:09.293391Z
2023-04-21,US_5Y_YAHOO_FVX,3.6610000133514404,yahoo_query_or_equivalent_authorized_market_data_source,2026-06-25T04:29:09.293391Z
2023-04-24,US_5Y_YAHOO_FVX,3.6050000190734863,yahoo_query_or_equivalent_authorized_market_data_source,2026-06-25T04:29:09.293391Z
2023-04-25,US_5Y_YAHOO_FVX,3.441999912261963,yahoo_query_or_equivalent_authorized_market_data_source,2026-06-25T04:29:09.293391Z
2023-04-26,US_5Y_YAHOO_FVX,3.4800000190734863,yahoo_query_or_equivalent_authorized_market_data_source,2026-06-25T04:29:09.293391Z
2023-04-27,US_5Y_YAHOO_FVX,3.6019999980926514,yahoo_query_or_equivalent_authorized_market_data_source,2026-06-25T04:29:09.293391Z
2023-04-28,US_5Y_YAHOO_FVX,3.5360000133514404,yahoo_query_or_equivalent_authorized_market_data_source,2026-06-25T04:29:09.293391Z
2023-05-01,US_5Y_YAHOO_FVX,3.632999897003174,yahoo_query_or_equivalent_authorized_market_data_source,2026-06-25T04:29:09.293391Z
2023-05-02,US_5Y_YAHOO_FVX,3.4660000801086426,yahoo_query_or_equivalent_authorized_market_data_source,2026-06-25T04:29:09.293391Z
2023-05-03,US_5Y_YAHOO_FVX,3.4110000133514404,yahoo_query_or_equivalent_authorized_market_data_source,2026-06-25T04:29:09.293391Z
2023-05-04,US_5Y_YAHOO_FVX,3.2760000228881836,yahoo_query_or_equivalent_authorized_market_data_source,2026-06-25T04:29:09.293391Z
2023-05-05,US_5Y_YAHOO_FVX,3.4189999103546143,yahoo_query_or_equivalent_authorized_market_data_source,2026-06-25T04:29:09.293391Z
2023-05-08,US_5Y_YAHOO_FVX,3.5,yahoo_query_or_equivalent_authorized_market_data_source,2026-06-25T04:29:09.293391Z
2023-05-09,US_5Y_YAHOO_FVX,3.494999885559082,yahoo_query_or_equivalent_authorized_market_data_source,2026-06-25T04:29:09.293391Z
2023-05-10,US_5Y_YAHOO_FVX,3.372999906539917,yahoo_query_or_equivalent_authorized_market_data_source,2026-06-25T04:29:09.293391Z
2023-05-11,US_5Y_YAHOO_FVX,3.3589999675750732,yahoo_query_or_equivalent_authorized_market_data_source,2026-06-25T04:29:09.293391Z
2023-05-12,US_5Y_YAHOO_FVX,3.4509999752044678,yahoo_query_or_equivalent_authorized_market_data_source,2026-06-25T04:29:09.293391Z
2023-05-15,US_5Y_YAHOO_FVX,3.4690001010894775,yahoo_query_or_equivalent_authorized_market_data_source,2026-06-25T04:29:09.293391Z
2023-05-16,US_5Y_YAHOO_FVX,3.5220000743865967,yahoo_query_or_equivalent_authorized_market_data_source,2026-06-25T04:29:09.293391Z
2023-05-17,US_5Y_YAHOO_FVX,3.5920000076293945,yahoo_query_or_equivalent_authorized_market_data_source,2026-06-25T04:29:09.293391Z
2023-05-18,US_5Y_YAHOO_FVX,3.697999954223633,yahoo_query_or_equivalent_authorized_market_data_source,2026-06-25T04:29:09.293391Z
2023-05-19,US_5Y_YAHOO_FVX,3.747999906539917,yahoo_query_or_equivalent_authorized_market_data_source,2026-06-25T04:29:09.293391Z
2023-05-22,US_5Y_YAHOO_FVX,3.7669999599456787,yahoo_query_or_equivalent_authorized_market_data_source,2026-06-25T04:29:09.293391Z
2023-05-23,US_5Y_YAHOO_FVX,3.747999906539917,yahoo_query_or_equivalent_authorized_market_data_source,2026-06-25T04:29:09.293391Z
2023-05-24,US_5Y_YAHOO_FVX,3.7820000648498535,yahoo_query_or_equivalent_authorized_market_data_source,2026-06-25T04:29:09.293391Z
2023-05-25,US_5Y_YAHOO_FVX,3.8959999084472656,yahoo_query_or_equivalent_authorized_market_data_source,2026-06-25T04:29:09.293391Z
2023-05-26,US_5Y_YAHOO_FVX,3.937999963760376,yahoo_query_or_equivalent_authorized_market_data_source,2026-06-25T04:29:09.293391Z
2023-05-30,US_5Y_YAHOO_FVX,3.8259999752044678,yahoo_query_or_equivalent_authorized_market_data_source,2026-06-25T04:29:09.293391Z
2023-05-31,US_5Y_YAHOO_FVX,3.743000030517578,yahoo_query_or_equivalent_authorized_market_data_source,2026-06-25T04:29:09.293391Z
2023-06-01,US_5Y_YAHOO_FVX,3.7009999752044678,yahoo_query_or_equivalent_authorized_market_data_source,2026-06-25T04:29:09.293391Z
2023-06-02,US_5Y_YAHOO_FVX,3.8420000076293945,yahoo_query_or_equivalent_authorized_market_data_source,2026-06-25T04:29:09.293391Z
2023-06-05,US_5Y_YAHOO_FVX,3.8299999237060547,yahoo_query_or_equivalent_authorized_market_data_source,2026-06-25T04:29:09.293391Z
2023-06-06,US_5Y_YAHOO_FVX,3.8559999465942383,yahoo_query_or_equivalent_authorized_market_data_source,2026-06-25T04:29:09.293391Z
2023-06-07,US_5Y_YAHOO_FVX,3.9189999103546143,yahoo_query_or_equivalent_authorized_market_data_source,2026-06-25T04:29:09.293391Z
2023-06-08,US_5Y_YAHOO_FVX,3.8559999465942383,yahoo_query_or_equivalent_authorized_market_data_source,2026-06-25T04:29:09.293391Z
2023-06-09,US_5Y_YAHOO_FVX,3.9200000762939453,yahoo_query_or_equivalent_authorized_market_data_source,2026-06-25T04:29:09.293391Z
2023-06-12,US_5Y_YAHOO_FVX,3.9170000553131104,yahoo_query_or_equivalent_authorized_market_data_source,2026-06-25T04:29:09.293391Z
2023-06-13,US_5Y_YAHOO_FVX,4.020999908447266,yahoo_query_or_equivalent_authorized_market_data_source,2026-06-25T04:29:09.293391Z
2023-06-14,US_5Y_YAHOO_FVX,4.008999824523926,yahoo_query_or_equivalent_authorized_market_data_source,2026-06-25T04:29:09.293391Z
2023-06-15,US_5Y_YAHOO_FVX,3.9240000247955322,yahoo_query_or_equivalent_authorized_market_data_source,2026-06-25T04:29:09.293391Z
2023-06-16,US_5Y_YAHOO_FVX,3.992000102996826,yahoo_query_or_equivalent_authorized_market_data_source,2026-06-25T04:29:09.293391Z
2023-06-20,US_5Y_YAHOO_FVX,3.9600000381469727,yahoo_query_or_equivalent_authorized_market_data_source,2026-06-25T04:29:09.293391Z
2023-06-21,US_5Y_YAHOO_FVX,3.9549999237060547,yahoo_query_or_equivalent_authorized_market_data_source,2026-06-25T04:29:09.293391Z
2023-06-22,US_5Y_YAHOO_FVX,4.046000003814697,yahoo_query_or_equivalent_authorized_market_data_source,2026-06-25T04:29:09.293391Z
2023-06-23,US_5Y_YAHOO_FVX,3.994999885559082,yahoo_query_or_equivalent_authorized_market_data_source,2026-06-25T04:29:09.293391Z
2023-06-26,US_5Y_YAHOO_FVX,3.9630000591278076,yahoo_query_or_equivalent_authorized_market_data_source,2026-06-25T04:29:09.293391Z
2023-06-27,US_5Y_YAHOO_FVX,4.033999919891357,yahoo_query_or_equivalent_authorized_market_data_source,2026-06-25T04:29:09.293391Z
2023-06-28,US_5Y_YAHOO_FVX,3.9719998836517334,yahoo_query_or_equivalent_authorized_market_data_source,2026-06-25T04:29:09.293391Z
2023-06-29,US_5Y_YAHOO_FVX,4.14300012588501,yahoo_query_or_equivalent_authorized_market_data_source,2026-06-25T04:29:09.293391Z
2023-06-30,US_5Y_YAHOO_FVX,4.132999897003174,yahoo_query_or_equivalent_authorized_market_data_source,2026-06-25T04:29:09.293391Z
2023-07-03,US_5Y_YAHOO_FVX,4.190999984741211,yahoo_query_or_equivalent_authorized_market_data_source,2026-06-25T04:29:09.293391Z
2023-07-05,US_5Y_YAHOO_FVX,4.255000114440918,yahoo_query_or_equivalent_authorized_market_data_source,2026-06-25T04:29:09.293391Z
2023-07-06,US_5Y_YAHOO_FVX,4.366000175476074,yahoo_query_or_equivalent_authorized_market_data_source,2026-06-25T04:29:09.293391Z
2023-07-07,US_5Y_YAHOO_FVX,4.336999893188477,yahoo_query_or_equivalent_authorized_market_data_source,2026-06-25T04:29:09.293391Z
2023-07-10,US_5Y_YAHOO_FVX,4.245999813079834,yahoo_query_or_equivalent_authorized_market_data_source,2026-06-25T04:29:09.293391Z
2023-07-11,US_5Y_YAHOO_FVX,4.238999843597412,yahoo_query_or_equivalent_authorized_market_data_source,2026-06-25T04:29:09.293391Z
2023-07-12,US_5Y_YAHOO_FVX,4.070000171661377,yahoo_query_or_equivalent_authorized_market_data_source,2026-06-25T04:29:09.293391Z
2023-07-13,US_5Y_YAHOO_FVX,3.934999942779541,yahoo_query_or_equivalent_authorized_market_data_source,2026-06-25T04:29:09.293391Z
2023-07-14,US_5Y_YAHOO_FVX,4.031000137329102,yahoo_query_or_equivalent_authorized_market_data_source,2026-06-25T04:29:09.293391Z
2023-07-17,US_5Y_YAHOO_FVX,4.000999927520752,yahoo_query_or_equivalent_authorized_market_data_source,2026-06-25T04:29:09.293391Z
2023-07-18,US_5Y_YAHOO_FVX,4.000999927520752,yahoo_query_or_equivalent_authorized_market_data_source,2026-06-25T04:29:09.293391Z
2023-07-19,US_5Y_YAHOO_FVX,3.9719998836517334,yahoo_query_or_equivalent_authorized_market_data_source,2026-06-25T04:29:09.293391Z
2023-07-20,US_5Y_YAHOO_FVX,4.099999904632568,yahoo_query_or_equivalent_authorized_market_data_source,2026-06-25T04:29:09.293391Z
2023-07-21,US_5Y_YAHOO_FVX,4.0929999351501465,yahoo_query_or_equivalent_authorized_market_data_source,2026-06-25T04:29:09.293391Z
2023-07-24,US_5Y_YAHOO_FVX,4.126999855041504,yahoo_query_or_equivalent_authorized_market_data_source,2026-06-25T04:29:09.293391Z
2023-07-25,US_5Y_YAHOO_FVX,4.192999839782715,yahoo_query_or_equivalent_authorized_market_data_source,2026-06-25T04:29:09.293391Z
2023-07-26,US_5Y_YAHOO_FVX,4.083000183105469,yahoo_query_or_equivalent_authorized_market_data_source,2026-06-25T04:29:09.293391Z
2023-07-27,US_5Y_YAHOO_FVX,4.250999927520752,yahoo_query_or_equivalent_authorized_market_data_source,2026-06-25T04:29:09.293391Z
2023-07-28,US_5Y_YAHOO_FVX,4.195000171661377,yahoo_query_or_equivalent_authorized_market_data_source,2026-06-25T04:29:09.293391Z
2023-07-31,US_5Y_YAHOO_FVX,4.178999900817871,yahoo_query_or_equivalent_authorized_market_data_source,2026-06-25T04:29:09.293391Z
2023-08-01,US_5Y_YAHOO_FVX,4.249000072479248,yahoo_query_or_equivalent_authorized_market_data_source,2026-06-25T04:29:09.293391Z
2023-08-02,US_5Y_YAHOO_FVX,4.241000175476074,yahoo_query_or_equivalent_authorized_market_data_source,2026-06-25T04:29:09.293391Z
2023-08-03,US_5Y_YAHOO_FVX,4.301000118255615,yahoo_query_or_equivalent_authorized_market_data_source,2026-06-25T04:29:09.293391Z
2023-08-04,US_5Y_YAHOO_FVX,4.163000106811523,yahoo_query_or_equivalent_authorized_market_data_source,2026-06-25T04:29:09.293391Z
2023-08-07,US_5Y_YAHOO_FVX,4.151000022888184,yahoo_query_or_equivalent_authorized_market_data_source,2026-06-25T04:29:09.293391Z
2023-08-08,US_5Y_YAHOO_FVX,4.11299991607666,yahoo_query_or_equivalent_authorized_market_data_source,2026-06-25T04:29:09.293391Z
2023-08-09,US_5Y_YAHOO_FVX,4.127999782562256,yahoo_query_or_equivalent_authorized_market_data_source,2026-06-25T04:29:09.293391Z
2023-08-10,US_5Y_YAHOO_FVX,4.202000141143799,yahoo_query_or_equivalent_authorized_market_data_source,2026-06-25T04:29:09.293391Z
2023-08-11,US_5Y_YAHOO_FVX,4.308000087738037,yahoo_query_or_equivalent_authorized_market_data_source,2026-06-25T04:29:09.293391Z
2023-08-14,US_5Y_YAHOO_FVX,4.355999946594238,yahoo_query_or_equivalent_authorized_market_data_source,2026-06-25T04:29:09.293391Z
2023-08-15,US_5Y_YAHOO_FVX,4.380000114440918,yahoo_query_or_equivalent_authorized_market_data_source,2026-06-25T04:29:09.293391Z
2023-08-16,US_5Y_YAHOO_FVX,4.4079999923706055,yahoo_query_or_equivalent_authorized_market_data_source,2026-06-25T04:29:09.293391Z
2023-08-17,US_5Y_YAHOO_FVX,4.439000129699707,yahoo_query_or_equivalent_authorized_market_data_source,2026-06-25T04:29:09.293391Z
2023-08-18,US_5Y_YAHOO_FVX,4.381999969482422,yahoo_query_or_equivalent_authorized_market_data_source,2026-06-25T04:29:09.293391Z
2023-08-21,US_5Y_YAHOO_FVX,4.459000110626221,yahoo_query_or_equivalent_authorized_market_data_source,2026-06-25T04:29:09.293391Z
2023-08-22,US_5Y_YAHOO_FVX,4.479000091552734,yahoo_query_or_equivalent_authorized_market_data_source,2026-06-25T04:29:09.293391Z
2023-08-23,US_5Y_YAHOO_FVX,4.361000061035156,yahoo_query_or_equivalent_authorized_market_data_source,2026-06-25T04:29:09.293391Z
2023-08-24,US_5Y_YAHOO_FVX,4.4039998054504395,yahoo_query_or_equivalent_authorized_market_data_source,2026-06-25T04:29:09.293391Z
2023-08-25,US_5Y_YAHOO_FVX,4.433000087738037,yahoo_query_or_equivalent_authorized_market_data_source,2026-06-25T04:29:09.293391Z
2023-08-28,US_5Y_YAHOO_FVX,4.4120001792907715,yahoo_query_or_equivalent_authorized_market_data_source,2026-06-25T04:29:09.293391Z
2023-08-29,US_5Y_YAHOO_FVX,4.2769999504089355,yahoo_query_or_equivalent_authorized_market_data_source,2026-06-25T04:29:09.293391Z
2023-08-30,US_5Y_YAHOO_FVX,4.2729997634887695,yahoo_query_or_equivalent_authorized_market_data_source,2026-06-25T04:29:09.293391Z
2023-08-31,US_5Y_YAHOO_FVX,4.24399995803833,yahoo_query_or_equivalent_authorized_market_data_source,2026-06-25T04:29:09.293391Z
2023-09-01,US_5Y_YAHOO_FVX,4.290999889373779,yahoo_query_or_equivalent_authorized_market_data_source,2026-06-25T04:29:09.293391Z
2023-09-05,US_5Y_YAHOO_FVX,4.383999824523926,yahoo_query_or_equivalent_authorized_market_data_source,2026-06-25T04:29:09.293391Z
2023-09-06,US_5Y_YAHOO_FVX,4.438000202178955,yahoo_query_or_equivalent_authorized_market_data_source,2026-06-25T04:29:09.293391Z
2023-09-07,US_5Y_YAHOO_FVX,4.380000114440918,yahoo_query_or_equivalent_authorized_market_data_source,2026-06-25T04:29:09.293391Z
2023-09-08,US_5Y_YAHOO_FVX,4.395999908447266,yahoo_query_or_equivalent_authorized_market_data_source,2026-06-25T04:29:09.293391Z
2023-09-11,US_5Y_YAHOO_FVX,4.414000034332275,yahoo_query_or_equivalent_authorized_market_data_source,2026-06-25T04:29:09.293391Z
2023-09-12,US_5Y_YAHOO_FVX,4.409999847412109,yahoo_query_or_equivalent_authorized_market_data_source,2026-06-25T04:29:09.293391Z
2023-09-13,US_5Y_YAHOO_FVX,4.390999794006348,yahoo_query_or_equivalent_authorized_market_data_source,2026-06-25T04:29:09.293391Z
2023-09-14,US_5Y_YAHOO_FVX,4.419000148773193,yahoo_query_or_equivalent_authorized_market_data_source,2026-06-25T04:29:09.293391Z
2023-09-15,US_5Y_YAHOO_FVX,4.453000068664551,yahoo_query_or_equivalent_authorized_market_data_source,2026-06-25T04:29:09.293391Z
2023-09-18,US_5Y_YAHOO_FVX,4.461999893188477,yahoo_query_or_equivalent_authorized_market_data_source,2026-06-25T04:29:09.293391Z
2023-09-19,US_5Y_YAHOO_FVX,4.520999908447266,yahoo_query_or_equivalent_authorized_market_data_source,2026-06-25T04:29:09.293391Z
2023-09-20,US_5Y_YAHOO_FVX,4.514999866485596,yahoo_query_or_equivalent_authorized_market_data_source,2026-06-25T04:29:09.293391Z
2023-09-21,US_5Y_YAHOO_FVX,4.616000175476074,yahoo_query_or_equivalent_authorized_market_data_source,2026-06-25T04:29:09.293391Z
2023-09-22,US_5Y_YAHOO_FVX,4.568999767303467,yahoo_query_or_equivalent_authorized_market_data_source,2026-06-25T04:29:09.293391Z
2023-09-25,US_5Y_YAHOO_FVX,4.619999885559082,yahoo_query_or_equivalent_authorized_market_data_source,2026-06-25T04:29:09.293391Z
2023-09-26,US_5Y_YAHOO_FVX,4.625,yahoo_query_or_equivalent_authorized_market_data_source,2026-06-25T04:29:09.293391Z
2023-09-27,US_5Y_YAHOO_FVX,4.703000068664551,yahoo_query_or_equivalent_authorized_market_data_source,2026-06-25T04:29:09.293391Z
2023-09-28,US_5Y_YAHOO_FVX,4.64300012588501,yahoo_query_or_equivalent_authorized_market_data_source,2026-06-25T04:29:09.293391Z
2023-09-29,US_5Y_YAHOO_FVX,4.605999946594238,yahoo_query_or_equivalent_authorized_market_data_source,2026-06-25T04:29:09.293391Z
2023-10-02,US_5Y_YAHOO_FVX,4.7170000076293945,yahoo_query_or_equivalent_authorized_market_data_source,2026-06-25T04:29:09.293391Z
2023-10-03,US_5Y_YAHOO_FVX,4.801000118255615,yahoo_query_or_equivalent_authorized_market_data_source,2026-06-25T04:29:09.293391Z
2023-10-04,US_5Y_YAHOO_FVX,4.718999862670898,yahoo_query_or_equivalent_authorized_market_data_source,2026-06-25T04:29:09.293391Z
2023-10-05,US_5Y_YAHOO_FVX,4.683000087738037,yahoo_query_or_equivalent_authorized_market_data_source,2026-06-25T04:29:09.293391Z
2023-10-06,US_5Y_YAHOO_FVX,4.748000144958496,yahoo_query_or_equivalent_authorized_market_data_source,2026-06-25T04:29:09.293391Z
2023-10-09,US_5Y_YAHOO_FVX,4.755000114440918,yahoo_query_or_equivalent_authorized_market_data_source,2026-06-25T04:29:09.293391Z
2023-10-10,US_5Y_YAHOO_FVX,4.61899995803833,yahoo_query_or_equivalent_authorized_market_data_source,2026-06-25T04:29:09.293391Z
2023-10-11,US_5Y_YAHOO_FVX,4.605000019073486,yahoo_query_or_equivalent_authorized_market_data_source,2026-06-25T04:29:09.293391Z
2023-10-12,US_5Y_YAHOO_FVX,4.701000213623047,yahoo_query_or_equivalent_authorized_market_data_source,2026-06-25T04:29:09.293391Z
2023-10-13,US_5Y_YAHOO_FVX,4.644000053405762,yahoo_query_or_equivalent_authorized_market_data_source,2026-06-25T04:29:09.293391Z
2023-10-16,US_5Y_YAHOO_FVX,4.7170000076293945,yahoo_query_or_equivalent_authorized_market_data_source,2026-06-25T04:29:09.293391Z
2023-10-17,US_5Y_YAHOO_FVX,4.872000217437744,yahoo_query_or_equivalent_authorized_market_data_source,2026-06-25T04:29:09.293391Z
2023-10-18,US_5Y_YAHOO_FVX,4.925000190734863,yahoo_query_or_equivalent_authorized_market_data_source,2026-06-25T04:29:09.293391Z
2023-10-19,US_5Y_YAHOO_FVX,4.960999965667725,yahoo_query_or_equivalent_authorized_market_data_source,2026-06-25T04:29:09.293391Z
2023-10-20,US_5Y_YAHOO_FVX,4.861999988555908,yahoo_query_or_equivalent_authorized_market_data_source,2026-06-25T04:29:09.293391Z
2023-10-23,US_5Y_YAHOO_FVX,4.793000221252441,yahoo_query_or_equivalent_authorized_market_data_source,2026-06-25T04:29:09.293391Z
2023-10-24,US_5Y_YAHOO_FVX,4.823999881744385,yahoo_query_or_equivalent_authorized_market_data_source,2026-06-25T04:29:09.293391Z
2023-10-25,US_5Y_YAHOO_FVX,4.918000221252441,yahoo_query_or_equivalent_authorized_market_data_source,2026-06-25T04:29:09.293391Z
2023-10-26,US_5Y_YAHOO_FVX,4.796999931335449,yahoo_query_or_equivalent_authorized_market_data_source,2026-06-25T04:29:09.293391Z
2023-10-27,US_5Y_YAHOO_FVX,4.769999980926514,yahoo_query_or_equivalent_authorized_market_data_source,2026-06-25T04:29:09.293391Z
2023-10-30,US_5Y_YAHOO_FVX,4.803999900817871,yahoo_query_or_equivalent_authorized_market_data_source,2026-06-25T04:29:09.293391Z
2023-10-31,US_5Y_YAHOO_FVX,4.815999984741211,yahoo_query_or_equivalent_authorized_market_data_source,2026-06-25T04:29:09.293391Z
2023-11-01,US_5Y_YAHOO_FVX,4.704999923706055,yahoo_query_or_equivalent_authorized_market_data_source,2026-06-25T04:29:09.293391Z
2023-11-02,US_5Y_YAHOO_FVX,4.636000156402588,yahoo_query_or_equivalent_authorized_market_data_source,2026-06-25T04:29:09.293391Z
2023-11-03,US_5Y_YAHOO_FVX,4.48799991607666,yahoo_query_or_equivalent_authorized_market_data_source,2026-06-25T04:29:09.293391Z
2023-11-06,US_5Y_YAHOO_FVX,4.609000205993652,yahoo_query_or_equivalent_authorized_market_data_source,2026-06-25T04:29:09.293391Z
2023-11-07,US_5Y_YAHOO_FVX,4.538000106811523,yahoo_query_or_equivalent_authorized_market_data_source,2026-06-25T04:29:09.293391Z
2023-11-08,US_5Y_YAHOO_FVX,4.521999835968018,yahoo_query_or_equivalent_authorized_market_data_source,2026-06-25T04:29:09.293391Z
2023-11-09,US_5Y_YAHOO_FVX,4.639999866485596,yahoo_query_or_equivalent_authorized_market_data_source,2026-06-25T04:29:09.293391Z
2023-11-10,US_5Y_YAHOO_FVX,4.665999889373779,yahoo_query_or_equivalent_authorized_market_data_source,2026-06-25T04:29:09.293391Z
2023-11-13,US_5Y_YAHOO_FVX,4.663000106811523,yahoo_query_or_equivalent_authorized_market_data_source,2026-06-25T04:29:09.293391Z
2023-11-14,US_5Y_YAHOO_FVX,4.421000003814697,yahoo_query_or_equivalent_authorized_market_data_source,2026-06-25T04:29:09.293391Z
2023-11-15,US_5Y_YAHOO_FVX,4.526000022888184,yahoo_query_or_equivalent_authorized_market_data_source,2026-06-25T04:29:09.293391Z
2023-11-16,US_5Y_YAHOO_FVX,4.427999973297119,yahoo_query_or_equivalent_authorized_market_data_source,2026-06-25T04:29:09.293391Z
2023-11-17,US_5Y_YAHOO_FVX,4.454999923706055,yahoo_query_or_equivalent_authorized_market_data_source,2026-06-25T04:29:09.293391Z
2023-11-20,US_5Y_YAHOO_FVX,4.440999984741211,yahoo_query_or_equivalent_authorized_market_data_source,2026-06-25T04:29:09.293391Z
2023-11-21,US_5Y_YAHOO_FVX,4.419000148773193,yahoo_query_or_equivalent_authorized_market_data_source,2026-06-25T04:29:09.293391Z
2023-11-22,US_5Y_YAHOO_FVX,4.440000057220459,yahoo_query_or_equivalent_authorized_market_data_source,2026-06-25T04:29:09.293391Z
2023-11-24,US_5Y_YAHOO_FVX,4.492000102996826,yahoo_query_or_equivalent_authorized_market_data_source,2026-06-25T04:29:09.293391Z
2023-11-27,US_5Y_YAHOO_FVX,4.413000106811523,yahoo_query_or_equivalent_authorized_market_data_source,2026-06-25T04:29:09.293391Z
2023-11-28,US_5Y_YAHOO_FVX,4.285999774932861,yahoo_query_or_equivalent_authorized_market_data_source,2026-06-25T04:29:09.293391Z
2023-11-29,US_5Y_YAHOO_FVX,4.218999862670898,yahoo_query_or_equivalent_authorized_market_data_source,2026-06-25T04:29:09.293391Z
2023-11-30,US_5Y_YAHOO_FVX,4.297999858856201,yahoo_query_or_equivalent_authorized_market_data_source,2026-06-25T04:29:09.293391Z
2023-12-01,US_5Y_YAHOO_FVX,4.156000137329102,yahoo_query_or_equivalent_authorized_market_data_source,2026-06-25T04:29:09.293391Z
2023-12-04,US_5Y_YAHOO_FVX,4.23799991607666,yahoo_query_or_equivalent_authorized_market_data_source,2026-06-25T04:29:09.293391Z
2023-12-05,US_5Y_YAHOO_FVX,4.13700008392334,yahoo_query_or_equivalent_authorized_market_data_source,2026-06-25T04:29:09.293391Z
2023-12-06,US_5Y_YAHOO_FVX,4.120999813079834,yahoo_query_or_equivalent_authorized_market_data_source,2026-06-25T04:29:09.293391Z
2023-12-07,US_5Y_YAHOO_FVX,4.110000133514404,yahoo_query_or_equivalent_authorized_market_data_source,2026-06-25T04:29:09.293391Z
2023-12-08,US_5Y_YAHOO_FVX,4.255000114440918,yahoo_query_or_equivalent_authorized_market_data_source,2026-06-25T04:29:09.293391Z
2023-12-11,US_5Y_YAHOO_FVX,4.250999927520752,yahoo_query_or_equivalent_authorized_market_data_source,2026-06-25T04:29:09.293391Z
2023-12-12,US_5Y_YAHOO_FVX,4.2270002365112305,yahoo_query_or_equivalent_authorized_market_data_source,2026-06-25T04:29:09.293391Z
2023-12-13,US_5Y_YAHOO_FVX,4.002999782562256,yahoo_query_or_equivalent_authorized_market_data_source,2026-06-25T04:29:09.293391Z
2023-12-14,US_5Y_YAHOO_FVX,3.9100000858306885,yahoo_query_or_equivalent_authorized_market_data_source,2026-06-25T04:29:09.293391Z
2023-12-15,US_5Y_YAHOO_FVX,3.930000066757202,yahoo_query_or_equivalent_authorized_market_data_source,2026-06-25T04:29:09.293391Z
2023-12-18,US_5Y_YAHOO_FVX,3.947999954223633,yahoo_query_or_equivalent_authorized_market_data_source,2026-06-25T04:29:09.293391Z
2023-12-19,US_5Y_YAHOO_FVX,3.933000087738037,yahoo_query_or_equivalent_authorized_market_data_source,2026-06-25T04:29:09.293391Z
2023-12-20,US_5Y_YAHOO_FVX,3.874000072479248,yahoo_query_or_equivalent_authorized_market_data_source,2026-06-25T04:29:09.293391Z
2023-12-21,US_5Y_YAHOO_FVX,3.881999969482422,yahoo_query_or_equivalent_authorized_market_data_source,2026-06-25T04:29:09.293391Z
2023-12-22,US_5Y_YAHOO_FVX,3.878999948501587,yahoo_query_or_equivalent_authorized_market_data_source,2026-06-25T04:29:09.293391Z
2023-12-26,US_5Y_YAHOO_FVX,3.875,yahoo_query_or_equivalent_authorized_market_data_source,2026-06-25T04:29:09.293391Z
2023-12-27,US_5Y_YAHOO_FVX,3.7950000762939453,yahoo_query_or_equivalent_authorized_market_data_source,2026-06-25T04:29:09.293391Z
2023-12-28,US_5Y_YAHOO_FVX,3.8469998836517334,yahoo_query_or_equivalent_authorized_market_data_source,2026-06-25T04:29:09.293391Z
2023-12-29,US_5Y_YAHOO_FVX,3.8399999141693115,yahoo_query_or_equivalent_authorized_market_data_source,2026-06-25T04:29:09.293391Z
2024-01-02,US_5Y_YAHOO_FVX,3.9260001182556152,yahoo_query_or_equivalent_authorized_market_data_source,2026-06-25T04:29:09.293391Z
2024-01-03,US_5Y_YAHOO_FVX,3.8910000324249268,yahoo_query_or_equivalent_authorized_market_data_source,2026-06-25T04:29:09.293391Z
2024-01-04,US_5Y_YAHOO_FVX,3.9730000495910645,yahoo_query_or_equivalent_authorized_market_data_source,2026-06-25T04:29:09.293391Z
2024-01-05,US_5Y_YAHOO_FVX,4.007999897003174,yahoo_query_or_equivalent_authorized_market_data_source,2026-06-25T04:29:09.293391Z
2024-01-08,US_5Y_YAHOO_FVX,3.9560000896453857,yahoo_query_or_equivalent_authorized_market_data_source,2026-06-25T04:29:09.293391Z
2024-01-09,US_5Y_YAHOO_FVX,3.9790000915527344,yahoo_query_or_equivalent_authorized_market_data_source,2026-06-25T04:29:09.293391Z
2024-01-10,US_5Y_YAHOO_FVX,3.9809999465942383,yahoo_query_or_equivalent_authorized_market_data_source,2026-06-25T04:29:09.293391Z
2024-01-11,US_5Y_YAHOO_FVX,3.8929998874664307,yahoo_query_or_equivalent_authorized_market_data_source,2026-06-25T04:29:09.293391Z
2024-01-12,US_5Y_YAHOO_FVX,3.8320000171661377,yahoo_query_or_equivalent_authorized_market_data_source,2026-06-25T04:29:09.293391Z
2024-01-16,US_5Y_YAHOO_FVX,3.944000005722046,yahoo_query_or_equivalent_authorized_market_data_source,2026-06-25T04:29:09.293391Z
2024-01-17,US_5Y_YAHOO_FVX,4.025000095367432,yahoo_query_or_equivalent_authorized_market_data_source,2026-06-25T04:29:09.293391Z
2024-01-18,US_5Y_YAHOO_FVX,4.048999786376953,yahoo_query_or_equivalent_authorized_market_data_source,2026-06-25T04:29:09.293391Z
2024-01-19,US_5Y_YAHOO_FVX,4.072000026702881,yahoo_query_or_equivalent_authorized_market_data_source,2026-06-25T04:29:09.293391Z
2024-01-22,US_5Y_YAHOO_FVX,4.017000198364258,yahoo_query_or_equivalent_authorized_market_data_source,2026-06-25T04:29:09.293391Z
2024-01-23,US_5Y_YAHOO_FVX,4.051000118255615,yahoo_query_or_equivalent_authorized_market_data_source,2026-06-25T04:29:09.293391Z
2024-01-24,US_5Y_YAHOO_FVX,4.083000183105469,yahoo_query_or_equivalent_authorized_market_data_source,2026-06-25T04:29:09.293391Z
2024-01-25,US_5Y_YAHOO_FVX,4.017000198364258,yahoo_query_or_equivalent_authorized_market_data_source,2026-06-25T04:29:09.293391Z
2024-01-26,US_5Y_YAHOO_FVX,4.060999870300293,yahoo_query_or_equivalent_authorized_market_data_source,2026-06-25T04:29:09.293391Z
2024-01-29,US_5Y_YAHOO_FVX,3.993000030517578,yahoo_query_or_equivalent_authorized_market_data_source,2026-06-25T04:29:09.293391Z
2024-01-30,US_5Y_YAHOO_FVX,3.996999979019165,yahoo_query_or_equivalent_authorized_market_data_source,2026-06-25T04:29:09.293391Z
2024-01-31,US_5Y_YAHOO_FVX,3.881999969482422,yahoo_query_or_equivalent_authorized_market_data_source,2026-06-25T04:29:09.293391Z
2024-02-01,US_5Y_YAHOO_FVX,3.7990000247955322,yahoo_query_or_equivalent_authorized_market_data_source,2026-06-25T04:29:09.293391Z
2024-02-02,US_5Y_YAHOO_FVX,3.993000030517578,yahoo_query_or_equivalent_authorized_market_data_source,2026-06-25T04:29:09.293391Z
2024-02-05,US_5Y_YAHOO_FVX,4.120999813079834,yahoo_query_or_equivalent_authorized_market_data_source,2026-06-25T04:29:09.293391Z
2024-02-06,US_5Y_YAHOO_FVX,4.041999816894531,yahoo_query_or_equivalent_authorized_market_data_source,2026-06-25T04:29:09.293391Z
2024-02-07,US_5Y_YAHOO_FVX,4.060999870300293,yahoo_query_or_equivalent_authorized_market_data_source,2026-06-25T04:29:09.293391Z
2024-02-08,US_5Y_YAHOO_FVX,4.124000072479248,yahoo_query_or_equivalent_authorized_market_data_source,2026-06-25T04:29:09.293391Z
2024-02-09,US_5Y_YAHOO_FVX,4.151000022888184,yahoo_query_or_equivalent_authorized_market_data_source,2026-06-25T04:29:09.293391Z
2024-02-12,US_5Y_YAHOO_FVX,4.127999782562256,yahoo_query_or_equivalent_authorized_market_data_source,2026-06-25T04:29:09.293391Z
2024-02-13,US_5Y_YAHOO_FVX,4.317999839782715,yahoo_query_or_equivalent_authorized_market_data_source,2026-06-25T04:29:09.293391Z
2024-02-14,US_5Y_YAHOO_FVX,4.244999885559082,yahoo_query_or_equivalent_authorized_market_data_source,2026-06-25T04:29:09.293391Z
2024-02-15,US_5Y_YAHOO_FVX,4.2170000076293945,yahoo_query_or_equivalent_authorized_market_data_source,2026-06-25T04:29:09.293391Z
2024-02-16,US_5Y_YAHOO_FVX,4.288000106811523,yahoo_query_or_equivalent_authorized_market_data_source,2026-06-25T04:29:09.293391Z
2024-02-20,US_5Y_YAHOO_FVX,4.250999927520752,yahoo_query_or_equivalent_authorized_market_data_source,2026-06-25T04:29:09.293391Z
2024-02-21,US_5Y_YAHOO_FVX,4.302999973297119,yahoo_query_or_equivalent_authorized_market_data_source,2026-06-25T04:29:09.293391Z
2024-02-22,US_5Y_YAHOO_FVX,4.330999851226807,yahoo_query_or_equivalent_authorized_market_data_source,2026-06-25T04:29:09.293391Z
2024-02-23,US_5Y_YAHOO_FVX,4.284999847412109,yahoo_query_or_equivalent_authorized_market_data_source,2026-06-25T04:29:09.293391Z
2024-02-26,US_5Y_YAHOO_FVX,4.327000141143799,yahoo_query_or_equivalent_authorized_market_data_source,2026-06-25T04:29:09.293391Z
2024-02-27,US_5Y_YAHOO_FVX,4.322000026702881,yahoo_query_or_equivalent_authorized_market_data_source,2026-06-25T04:29:09.293391Z
2024-02-28,US_5Y_YAHOO_FVX,4.2729997634887695,yahoo_query_or_equivalent_authorized_market_data_source,2026-06-25T04:29:09.293391Z
2024-02-29,US_5Y_YAHOO_FVX,4.26200008392334,yahoo_query_or_equivalent_authorized_market_data_source,2026-06-25T04:29:09.293391Z
2024-03-01,US_5Y_YAHOO_FVX,4.158999919891357,yahoo_query_or_equivalent_authorized_market_data_source,2026-06-25T04:29:09.293391Z
2024-03-04,US_5Y_YAHOO_FVX,4.210000038146973,yahoo_query_or_equivalent_authorized_market_data_source,2026-06-25T04:29:09.293391Z
2024-03-05,US_5Y_YAHOO_FVX,4.138000011444092,yahoo_query_or_equivalent_authorized_market_data_source,2026-06-25T04:29:09.293391Z
2024-03-06,US_5Y_YAHOO_FVX,4.117000102996826,yahoo_query_or_equivalent_authorized_market_data_source,2026-06-25T04:29:09.293391Z
2024-03-07,US_5Y_YAHOO_FVX,4.084000110626221,yahoo_query_or_equivalent_authorized_market_data_source,2026-06-25T04:29:09.293391Z
2024-03-08,US_5Y_YAHOO_FVX,4.061999797821045,yahoo_query_or_equivalent_authorized_market_data_source,2026-06-25T04:29:09.293391Z
2024-03-11,US_5Y_YAHOO_FVX,4.0879998207092285,yahoo_query_or_equivalent_authorized_market_data_source,2026-06-25T04:29:09.293391Z
2024-03-12,US_5Y_YAHOO_FVX,4.15500020980835,yahoo_query_or_equivalent_authorized_market_data_source,2026-06-25T04:29:09.293391Z
2024-03-13,US_5Y_YAHOO_FVX,4.185999870300293,yahoo_query_or_equivalent_authorized_market_data_source,2026-06-25T04:29:09.293391Z
2024-03-14,US_5Y_YAHOO_FVX,4.296000003814697,yahoo_query_or_equivalent_authorized_market_data_source,2026-06-25T04:29:09.293391Z
2024-03-15,US_5Y_YAHOO_FVX,4.322000026702881,yahoo_query_or_equivalent_authorized_market_data_source,2026-06-25T04:29:09.293391Z
2024-03-18,US_5Y_YAHOO_FVX,4.355999946594238,yahoo_query_or_equivalent_authorized_market_data_source,2026-06-25T04:29:09.293391Z
2024-03-19,US_5Y_YAHOO_FVX,4.302999973297119,yahoo_query_or_equivalent_authorized_market_data_source,2026-06-25T04:29:09.293391Z
2024-03-20,US_5Y_YAHOO_FVX,4.242000102996826,yahoo_query_or_equivalent_authorized_market_data_source,2026-06-25T04:29:09.293391Z
2024-03-21,US_5Y_YAHOO_FVX,4.252999782562256,yahoo_query_or_equivalent_authorized_market_data_source,2026-06-25T04:29:09.293391Z
2024-03-22,US_5Y_YAHOO_FVX,4.199999809265137,yahoo_query_or_equivalent_authorized_market_data_source,2026-06-25T04:29:09.293391Z
2024-03-25,US_5Y_YAHOO_FVX,4.232999801635742,yahoo_query_or_equivalent_authorized_market_data_source,2026-06-25T04:29:09.293391Z
2024-03-26,US_5Y_YAHOO_FVX,4.224999904632568,yahoo_query_or_equivalent_authorized_market_data_source,2026-06-25T04:29:09.293391Z
2024-03-27,US_5Y_YAHOO_FVX,4.188000202178955,yahoo_query_or_equivalent_authorized_market_data_source,2026-06-25T04:29:09.293391Z
2024-03-28,US_5Y_YAHOO_FVX,4.21999979019165,yahoo_query_or_equivalent_authorized_market_data_source,2026-06-25T04:29:09.293391Z
2024-04-01,US_5Y_YAHOO_FVX,4.3379998207092285,yahoo_query_or_equivalent_authorized_market_data_source,2026-06-25T04:29:09.293391Z
2024-04-02,US_5Y_YAHOO_FVX,4.354000091552734,yahoo_query_or_equivalent_authorized_market_data_source,2026-06-25T04:29:09.293391Z
2024-04-03,US_5Y_YAHOO_FVX,4.3379998207092285,yahoo_query_or_equivalent_authorized_market_data_source,2026-06-25T04:29:09.293391Z
2024-04-04,US_5Y_YAHOO_FVX,4.291999816894531,yahoo_query_or_equivalent_authorized_market_data_source,2026-06-25T04:29:09.293391Z
2024-04-05,US_5Y_YAHOO_FVX,4.368000030517578,yahoo_query_or_equivalent_authorized_market_data_source,2026-06-25T04:29:09.293391Z
2024-04-08,US_5Y_YAHOO_FVX,4.434000015258789,yahoo_query_or_equivalent_authorized_market_data_source,2026-06-25T04:29:09.293391Z
2024-04-09,US_5Y_YAHOO_FVX,4.376999855041504,yahoo_query_or_equivalent_authorized_market_data_source,2026-06-25T04:29:09.293391Z
2024-04-10,US_5Y_YAHOO_FVX,4.614999771118164,yahoo_query_or_equivalent_authorized_market_data_source,2026-06-25T04:29:09.293391Z
2024-04-11,US_5Y_YAHOO_FVX,4.623000144958496,yahoo_query_or_equivalent_authorized_market_data_source,2026-06-25T04:29:09.293391Z
2024-04-12,US_5Y_YAHOO_FVX,4.5329999923706055,yahoo_query_or_equivalent_authorized_market_data_source,2026-06-25T04:29:09.293391Z
2024-04-15,US_5Y_YAHOO_FVX,4.644999980926514,yahoo_query_or_equivalent_authorized_market_data_source,2026-06-25T04:29:09.293391Z
2024-04-16,US_5Y_YAHOO_FVX,4.682000160217285,yahoo_query_or_equivalent_authorized_market_data_source,2026-06-25T04:29:09.293391Z
2024-04-17,US_5Y_YAHOO_FVX,4.617000102996826,yahoo_query_or_equivalent_authorized_market_data_source,2026-06-25T04:29:09.293391Z
2024-04-18,US_5Y_YAHOO_FVX,4.685999870300293,yahoo_query_or_equivalent_authorized_market_data_source,2026-06-25T04:29:09.293391Z
2024-04-19,US_5Y_YAHOO_FVX,4.6570000648498535,yahoo_query_or_equivalent_authorized_market_data_source,2026-06-25T04:29:09.293391Z
2024-04-22,US_5Y_YAHOO_FVX,4.660999774932861,yahoo_query_or_equivalent_authorized_market_data_source,2026-06-25T04:29:09.293391Z
2024-04-23,US_5Y_YAHOO_FVX,4.622000217437744,yahoo_query_or_equivalent_authorized_market_data_source,2026-06-25T04:29:09.293391Z
2024-04-24,US_5Y_YAHOO_FVX,4.666999816894531,yahoo_query_or_equivalent_authorized_market_data_source,2026-06-25T04:29:09.293391Z
2024-04-25,US_5Y_YAHOO_FVX,4.7170000076293945,yahoo_query_or_equivalent_authorized_market_data_source,2026-06-25T04:29:09.293391Z
2024-04-26,US_5Y_YAHOO_FVX,4.691999912261963,yahoo_query_or_equivalent_authorized_market_data_source,2026-06-25T04:29:09.293391Z
2024-04-29,US_5Y_YAHOO_FVX,4.638999938964844,yahoo_query_or_equivalent_authorized_market_data_source,2026-06-25T04:29:09.293391Z
2024-04-30,US_5Y_YAHOO_FVX,4.7230000495910645,yahoo_query_or_equivalent_authorized_market_data_source,2026-06-25T04:29:09.293391Z
2024-05-01,US_5Y_YAHOO_FVX,4.613999843597412,yahoo_query_or_equivalent_authorized_market_data_source,2026-06-25T04:29:09.293391Z
2024-05-02,US_5Y_YAHOO_FVX,4.566999912261963,yahoo_query_or_equivalent_authorized_market_data_source,2026-06-25T04:29:09.293391Z
2024-05-03,US_5Y_YAHOO_FVX,4.48199987411499,yahoo_query_or_equivalent_authorized_market_data_source,2026-06-25T04:29:09.293391Z
2024-05-06,US_5Y_YAHOO_FVX,4.482999801635742,yahoo_query_or_equivalent_authorized_market_data_source,2026-06-25T04:29:09.293391Z
2024-05-07,US_5Y_YAHOO_FVX,4.4710001945495605,yahoo_query_or_equivalent_authorized_market_data_source,2026-06-25T04:29:09.293391Z
2024-05-08,US_5Y_YAHOO_FVX,4.500999927520752,yahoo_query_or_equivalent_authorized_market_data_source,2026-06-25T04:29:09.293391Z
2024-05-09,US_5Y_YAHOO_FVX,4.460000038146973,yahoo_query_or_equivalent_authorized_market_data_source,2026-06-25T04:29:09.293391Z
2024-05-10,US_5Y_YAHOO_FVX,4.51800012588501,yahoo_query_or_equivalent_authorized_market_data_source,2026-06-25T04:29:09.293391Z
2024-05-13,US_5Y_YAHOO_FVX,4.499000072479248,yahoo_query_or_equivalent_authorized_market_data_source,2026-06-25T04:29:09.293391Z
2024-05-14,US_5Y_YAHOO_FVX,4.458000183105469,yahoo_query_or_equivalent_authorized_market_data_source,2026-06-25T04:29:09.293391Z
2024-05-15,US_5Y_YAHOO_FVX,4.355999946594238,yahoo_query_or_equivalent_authorized_market_data_source,2026-06-25T04:29:09.293391Z
2024-05-16,US_5Y_YAHOO_FVX,4.39900016784668,yahoo_query_or_equivalent_authorized_market_data_source,2026-06-25T04:29:09.293391Z
2024-05-17,US_5Y_YAHOO_FVX,4.440999984741211,yahoo_query_or_equivalent_authorized_market_data_source,2026-06-25T04:29:09.293391Z
2024-05-20,US_5Y_YAHOO_FVX,4.456999778747559,yahoo_query_or_equivalent_authorized_market_data_source,2026-06-25T04:29:09.293391Z
2024-05-21,US_5Y_YAHOO_FVX,4.435999870300293,yahoo_query_or_equivalent_authorized_market_data_source,2026-06-25T04:29:09.293391Z
2024-05-22,US_5Y_YAHOO_FVX,4.4730000495910645,yahoo_query_or_equivalent_authorized_market_data_source,2026-06-25T04:29:09.293391Z
2024-05-23,US_5Y_YAHOO_FVX,4.526000022888184,yahoo_query_or_equivalent_authorized_market_data_source,2026-06-25T04:29:09.293391Z
2024-05-24,US_5Y_YAHOO_FVX,4.5279998779296875,yahoo_query_or_equivalent_authorized_market_data_source,2026-06-25T04:29:09.293391Z
2024-05-28,US_5Y_YAHOO_FVX,4.5879998207092285,yahoo_query_or_equivalent_authorized_market_data_source,2026-06-25T04:29:09.293391Z
2024-05-29,US_5Y_YAHOO_FVX,4.642000198364258,yahoo_query_or_equivalent_authorized_market_data_source,2026-06-25T04:29:09.293391Z
2024-05-30,US_5Y_YAHOO_FVX,4.572000026702881,yahoo_query_or_equivalent_authorized_market_data_source,2026-06-25T04:29:09.293391Z
2024-05-31,US_5Y_YAHOO_FVX,4.5279998779296875,yahoo_query_or_equivalent_authorized_market_data_source,2026-06-25T04:29:09.293391Z
2024-06-03,US_5Y_YAHOO_FVX,4.416999816894531,yahoo_query_or_equivalent_authorized_market_data_source,2026-06-25T04:29:09.293391Z
2024-06-04,US_5Y_YAHOO_FVX,4.3520002365112305,yahoo_query_or_equivalent_authorized_market_data_source,2026-06-25T04:29:09.293391Z
2024-06-05,US_5Y_YAHOO_FVX,4.306000232696533,yahoo_query_or_equivalent_authorized_market_data_source,2026-06-25T04:29:09.293391Z
2024-06-06,US_5Y_YAHOO_FVX,4.291999816894531,yahoo_query_or_equivalent_authorized_market_data_source,2026-06-25T04:29:09.293391Z
2024-06-07,US_5Y_YAHOO_FVX,4.455999851226807,yahoo_query_or_equivalent_authorized_market_data_source,2026-06-25T04:29:09.293391Z
2024-06-10,US_5Y_YAHOO_FVX,4.484000205993652,yahoo_query_or_equivalent_authorized_market_data_source,2026-06-25T04:29:09.293391Z
2024-06-11,US_5Y_YAHOO_FVX,4.418000221252441,yahoo_query_or_equivalent_authorized_market_data_source,2026-06-25T04:29:09.293391Z
2024-06-12,US_5Y_YAHOO_FVX,4.302000045776367,yahoo_query_or_equivalent_authorized_market_data_source,2026-06-25T04:29:09.293391Z
2024-06-13,US_5Y_YAHOO_FVX,4.234000205993652,yahoo_query_or_equivalent_authorized_market_data_source,2026-06-25T04:29:09.293391Z
2024-06-14,US_5Y_YAHOO_FVX,4.22599983215332,yahoo_query_or_equivalent_authorized_market_data_source,2026-06-25T04:29:09.293391Z
2024-06-17,US_5Y_YAHOO_FVX,4.300000190734863,yahoo_query_or_equivalent_authorized_market_data_source,2026-06-25T04:29:09.293391Z
2024-06-18,US_5Y_YAHOO_FVX,4.234000205993652,yahoo_query_or_equivalent_authorized_market_data_source,2026-06-25T04:29:09.293391Z
2024-06-20,US_5Y_YAHOO_FVX,4.265999794006348,yahoo_query_or_equivalent_authorized_market_data_source,2026-06-25T04:29:09.293391Z
2024-06-21,US_5Y_YAHOO_FVX,4.270999908447266,yahoo_query_or_equivalent_authorized_market_data_source,2026-06-25T04:29:09.293391Z
2024-06-24,US_5Y_YAHOO_FVX,4.270999908447266,yahoo_query_or_equivalent_authorized_market_data_source,2026-06-25T04:29:09.293391Z
2024-06-25,US_5Y_YAHOO_FVX,4.263000011444092,yahoo_query_or_equivalent_authorized_market_data_source,2026-06-25T04:29:09.293391Z
2024-06-26,US_5Y_YAHOO_FVX,4.335999965667725,yahoo_query_or_equivalent_authorized_market_data_source,2026-06-25T04:29:09.293391Z
2024-06-27,US_5Y_YAHOO_FVX,4.301000118255615,yahoo_query_or_equivalent_authorized_market_data_source,2026-06-25T04:29:09.293391Z
2024-06-28,US_5Y_YAHOO_FVX,4.328999996185303,yahoo_query_or_equivalent_authorized_market_data_source,2026-06-25T04:29:09.293391Z
2024-07-01,US_5Y_YAHOO_FVX,4.440000057220459,yahoo_query_or_equivalent_authorized_market_data_source,2026-06-25T04:29:09.293391Z
2024-07-02,US_5Y_YAHOO_FVX,4.395999908447266,yahoo_query_or_equivalent_authorized_market_data_source,2026-06-25T04:29:09.293391Z
2024-07-03,US_5Y_YAHOO_FVX,4.322000026702881,yahoo_query_or_equivalent_authorized_market_data_source,2026-06-25T04:29:09.293391Z
2024-07-05,US_5Y_YAHOO_FVX,4.2179999351501465,yahoo_query_or_equivalent_authorized_market_data_source,2026-06-25T04:29:09.293391Z
2024-07-08,US_5Y_YAHOO_FVX,4.224999904632568,yahoo_query_or_equivalent_authorized_market_data_source,2026-06-25T04:29:09.293391Z
2024-07-09,US_5Y_YAHOO_FVX,4.248000144958496,yahoo_query_or_equivalent_authorized_market_data_source,2026-06-25T04:29:09.293391Z
2024-07-10,US_5Y_YAHOO_FVX,4.238999843597412,yahoo_query_or_equivalent_authorized_market_data_source,2026-06-25T04:29:09.293391Z
2024-07-11,US_5Y_YAHOO_FVX,4.123000144958496,yahoo_query_or_equivalent_authorized_market_data_source,2026-06-25T04:29:09.293391Z
2024-07-12,US_5Y_YAHOO_FVX,4.111000061035156,yahoo_query_or_equivalent_authorized_market_data_source,2026-06-25T04:29:09.293391Z
2024-07-15,US_5Y_YAHOO_FVX,4.131999969482422,yahoo_query_or_equivalent_authorized_market_data_source,2026-06-25T04:29:09.293391Z
2024-07-16,US_5Y_YAHOO_FVX,4.090000152587891,yahoo_query_or_equivalent_authorized_market_data_source,2026-06-25T04:29:09.293391Z
2024-07-17,US_5Y_YAHOO_FVX,4.072000026702881,yahoo_query_or_equivalent_authorized_market_data_source,2026-06-25T04:29:09.293391Z
2024-07-18,US_5Y_YAHOO_FVX,4.105000019073486,yahoo_query_or_equivalent_authorized_market_data_source,2026-06-25T04:29:09.293391Z
2024-07-19,US_5Y_YAHOO_FVX,4.163000106811523,yahoo_query_or_equivalent_authorized_market_data_source,2026-06-25T04:29:09.293391Z
2024-07-22,US_5Y_YAHOO_FVX,4.178999900817871,yahoo_query_or_equivalent_authorized_market_data_source,2026-06-25T04:29:09.293391Z
2024-07-23,US_5Y_YAHOO_FVX,4.150000095367432,yahoo_query_or_equivalent_authorized_market_data_source,2026-06-25T04:29:09.293391Z
2024-07-24,US_5Y_YAHOO_FVX,4.160999774932861,yahoo_query_or_equivalent_authorized_market_data_source,2026-06-25T04:29:09.293391Z
2024-07-25,US_5Y_YAHOO_FVX,4.146999835968018,yahoo_query_or_equivalent_authorized_market_data_source,2026-06-25T04:29:09.293391Z
2024-07-26,US_5Y_YAHOO_FVX,4.081999778747559,yahoo_query_or_equivalent_authorized_market_data_source,2026-06-25T04:29:09.293391Z
2024-07-29,US_5Y_YAHOO_FVX,4.067999839782715,yahoo_query_or_equivalent_authorized_market_data_source,2026-06-25T04:29:09.293391Z
2024-07-30,US_5Y_YAHOO_FVX,4.0370001792907715,yahoo_query_or_equivalent_authorized_market_data_source,2026-06-25T04:29:09.293391Z
2024-07-31,US_5Y_YAHOO_FVX,4.0,yahoo_query_or_equivalent_authorized_market_data_source,2026-06-25T04:29:09.293391Z
2024-08-01,US_5Y_YAHOO_FVX,3.8420000076293945,yahoo_query_or_equivalent_authorized_market_data_source,2026-06-25T04:29:09.293391Z
2024-08-02,US_5Y_YAHOO_FVX,3.615000009536743,yahoo_query_or_equivalent_authorized_market_data_source,2026-06-25T04:29:09.293391Z
2024-08-05,US_5Y_YAHOO_FVX,3.628000020980835,yahoo_query_or_equivalent_authorized_market_data_source,2026-06-25T04:29:09.293391Z
2024-08-06,US_5Y_YAHOO_FVX,3.7300000190734863,yahoo_query_or_equivalent_authorized_market_data_source,2026-06-25T04:29:09.293391Z
2024-08-07,US_5Y_YAHOO_FVX,3.7950000762939453,yahoo_query_or_equivalent_authorized_market_data_source,2026-06-25T04:29:09.293391Z
2024-08-08,US_5Y_YAHOO_FVX,3.8329999446868896,yahoo_query_or_equivalent_authorized_market_data_source,2026-06-25T04:29:09.293391Z
2024-08-09,US_5Y_YAHOO_FVX,3.7960000038146973,yahoo_query_or_equivalent_authorized_market_data_source,2026-06-25T04:29:09.293391Z
2024-08-12,US_5Y_YAHOO_FVX,3.749000072479248,yahoo_query_or_equivalent_authorized_market_data_source,2026-06-25T04:29:09.293391Z
2024-08-13,US_5Y_YAHOO_FVX,3.681999921798706,yahoo_query_or_equivalent_authorized_market_data_source,2026-06-25T04:29:09.293391Z
2024-08-14,US_5Y_YAHOO_FVX,3.6659998893737793,yahoo_query_or_equivalent_authorized_market_data_source,2026-06-25T04:29:09.293391Z
2024-08-15,US_5Y_YAHOO_FVX,3.7990000247955322,yahoo_query_or_equivalent_authorized_market_data_source,2026-06-25T04:29:09.293391Z
2024-08-16,US_5Y_YAHOO_FVX,3.7679998874664307,yahoo_query_or_equivalent_authorized_market_data_source,2026-06-25T04:29:09.293391Z
2024-08-19,US_5Y_YAHOO_FVX,3.759000062942505,yahoo_query_or_equivalent_authorized_market_data_source,2026-06-25T04:29:09.293391Z
2024-08-20,US_5Y_YAHOO_FVX,3.700000047683716,yahoo_query_or_equivalent_authorized_market_data_source,2026-06-25T04:29:09.293391Z
2024-08-21,US_5Y_YAHOO_FVX,3.6389999389648438,yahoo_query_or_equivalent_authorized_market_data_source,2026-06-25T04:29:09.293391Z
2024-08-22,US_5Y_YAHOO_FVX,3.7269999980926514,yahoo_query_or_equivalent_authorized_market_data_source,2026-06-25T04:29:09.293391Z
2024-08-23,US_5Y_YAHOO_FVX,3.6500000953674316,yahoo_query_or_equivalent_authorized_market_data_source,2026-06-25T04:29:09.293391Z
2024-08-26,US_5Y_YAHOO_FVX,3.6640000343322754,yahoo_query_or_equivalent_authorized_market_data_source,2026-06-25T04:29:09.293391Z
2024-08-27,US_5Y_YAHOO_FVX,3.6570000648498535,yahoo_query_or_equivalent_authorized_market_data_source,2026-06-25T04:29:09.293391Z
2024-08-28,US_5Y_YAHOO_FVX,3.6649999618530273,yahoo_query_or_equivalent_authorized_market_data_source,2026-06-25T04:29:09.293391Z
2024-08-29,US_5Y_YAHOO_FVX,3.6679999828338623,yahoo_query_or_equivalent_authorized_market_data_source,2026-06-25T04:29:09.293391Z
2024-08-30,US_5Y_YAHOO_FVX,3.7149999141693115,yahoo_query_or_equivalent_authorized_market_data_source,2026-06-25T04:29:09.293391Z
2024-09-03,US_5Y_YAHOO_FVX,3.6559998989105225,yahoo_query_or_equivalent_authorized_market_data_source,2026-06-25T04:29:09.293391Z
2024-09-04,US_5Y_YAHOO_FVX,3.565999984741211,yahoo_query_or_equivalent_authorized_market_data_source,2026-06-25T04:29:09.293391Z
2024-09-05,US_5Y_YAHOO_FVX,3.5399999618530273,yahoo_query_or_equivalent_authorized_market_data_source,2026-06-25T04:29:09.293391Z
2024-09-06,US_5Y_YAHOO_FVX,3.489000082015991,yahoo_query_or_equivalent_authorized_market_data_source,2026-06-25T04:29:09.293391Z
2024-09-09,US_5Y_YAHOO_FVX,3.486999988555908,yahoo_query_or_equivalent_authorized_market_data_source,2026-06-25T04:29:09.293391Z
2024-09-10,US_5Y_YAHOO_FVX,3.427999973297119,yahoo_query_or_equivalent_authorized_market_data_source,2026-06-25T04:29:09.293391Z
2024-09-11,US_5Y_YAHOO_FVX,3.447000026702881,yahoo_query_or_equivalent_authorized_market_data_source,2026-06-25T04:29:09.293391Z
2024-09-12,US_5Y_YAHOO_FVX,3.4660000801086426,yahoo_query_or_equivalent_authorized_market_data_source,2026-06-25T04:29:09.293391Z
2024-09-13,US_5Y_YAHOO_FVX,3.4240000247955322,yahoo_query_or_equivalent_authorized_market_data_source,2026-06-25T04:29:09.293391Z
2024-09-16,US_5Y_YAHOO_FVX,3.4049999713897705,yahoo_query_or_equivalent_authorized_market_data_source,2026-06-25T04:29:09.293391Z
2024-09-17,US_5Y_YAHOO_FVX,3.433000087738037,yahoo_query_or_equivalent_authorized_market_data_source,2026-06-25T04:29:09.293391Z
2024-09-18,US_5Y_YAHOO_FVX,3.4649999141693115,yahoo_query_or_equivalent_authorized_market_data_source,2026-06-25T04:29:09.293391Z
2024-09-19,US_5Y_YAHOO_FVX,3.503000020980835,yahoo_query_or_equivalent_authorized_market_data_source,2026-06-25T04:29:09.293391Z
2024-09-20,US_5Y_YAHOO_FVX,3.4839999675750732,yahoo_query_or_equivalent_authorized_market_data_source,2026-06-25T04:29:09.293391Z
2024-09-23,US_5Y_YAHOO_FVX,3.496000051498413,yahoo_query_or_equivalent_authorized_market_data_source,2026-06-25T04:29:09.293391Z
2024-09-24,US_5Y_YAHOO_FVX,3.4790000915527344,yahoo_query_or_equivalent_authorized_market_data_source,2026-06-25T04:29:09.293391Z
2024-09-25,US_5Y_YAHOO_FVX,3.5179998874664307,yahoo_query_or_equivalent_authorized_market_data_source,2026-06-25T04:29:09.293391Z
2024-09-26,US_5Y_YAHOO_FVX,3.559000015258789,yahoo_query_or_equivalent_authorized_market_data_source,2026-06-25T04:29:09.293391Z
2024-09-27,US_5Y_YAHOO_FVX,3.503000020980835,yahoo_query_or_equivalent_authorized_market_data_source,2026-06-25T04:29:09.293391Z
2024-09-30,US_5Y_YAHOO_FVX,3.5769999027252197,yahoo_query_or_equivalent_authorized_market_data_source,2026-06-25T04:29:09.293391Z
2024-10-01,US_5Y_YAHOO_FVX,3.5209999084472656,yahoo_query_or_equivalent_authorized_market_data_source,2026-06-25T04:29:09.293391Z
2024-10-02,US_5Y_YAHOO_FVX,3.552999973297119,yahoo_query_or_equivalent_authorized_market_data_source,2026-06-25T04:29:09.293391Z
2024-10-03,US_5Y_YAHOO_FVX,3.634999990463257,yahoo_query_or_equivalent_authorized_market_data_source,2026-06-25T04:29:09.293391Z
2024-10-04,US_5Y_YAHOO_FVX,3.812999963760376,yahoo_query_or_equivalent_authorized_market_data_source,2026-06-25T04:29:09.293391Z
2024-10-07,US_5Y_YAHOO_FVX,3.86899995803833,yahoo_query_or_equivalent_authorized_market_data_source,2026-06-25T04:29:09.293391Z
2024-10-08,US_5Y_YAHOO_FVX,3.864000082015991,yahoo_query_or_equivalent_authorized_market_data_source,2026-06-25T04:29:09.293391Z
2024-10-09,US_5Y_YAHOO_FVX,3.9079999923706055,yahoo_query_or_equivalent_authorized_market_data_source,2026-06-25T04:29:09.293391Z
2024-10-10,US_5Y_YAHOO_FVX,3.9189999103546143,yahoo_query_or_equivalent_authorized_market_data_source,2026-06-25T04:29:09.293391Z
2024-10-11,US_5Y_YAHOO_FVX,3.878999948501587,yahoo_query_or_equivalent_authorized_market_data_source,2026-06-25T04:29:09.293391Z
2024-10-14,US_5Y_YAHOO_FVX,3.9000000953674316,yahoo_query_or_equivalent_authorized_market_data_source,2026-06-25T04:29:09.293391Z
2024-10-15,US_5Y_YAHOO_FVX,3.859999895095825,yahoo_query_or_equivalent_authorized_market_data_source,2026-06-25T04:29:09.293391Z
2024-10-16,US_5Y_YAHOO_FVX,3.8420000076293945,yahoo_query_or_equivalent_authorized_market_data_source,2026-06-25T04:29:09.293391Z
2024-10-17,US_5Y_YAHOO_FVX,3.9089999198913574,yahoo_query_or_equivalent_authorized_market_data_source,2026-06-25T04:29:09.293391Z
2024-10-18,US_5Y_YAHOO_FVX,3.875999927520752,yahoo_query_or_equivalent_authorized_market_data_source,2026-06-25T04:29:09.293391Z
2024-10-21,US_5Y_YAHOO_FVX,3.9760000705718994,yahoo_query_or_equivalent_authorized_market_data_source,2026-06-25T04:29:09.293391Z
2024-10-22,US_5Y_YAHOO_FVX,4.005000114440918,yahoo_query_or_equivalent_authorized_market_data_source,2026-06-25T04:29:09.293391Z
2024-10-23,US_5Y_YAHOO_FVX,4.057000160217285,yahoo_query_or_equivalent_authorized_market_data_source,2026-06-25T04:29:09.293391Z
2024-10-24,US_5Y_YAHOO_FVX,4.019000053405762,yahoo_query_or_equivalent_authorized_market_data_source,2026-06-25T04:29:09.293391Z
2024-10-25,US_5Y_YAHOO_FVX,4.051000118255615,yahoo_query_or_equivalent_authorized_market_data_source,2026-06-25T04:29:09.293391Z
2024-10-28,US_5Y_YAHOO_FVX,4.107999801635742,yahoo_query_or_equivalent_authorized_market_data_source,2026-06-25T04:29:09.293391Z
2024-10-29,US_5Y_YAHOO_FVX,4.104000091552734,yahoo_query_or_equivalent_authorized_market_data_source,2026-06-25T04:29:09.293391Z
2024-10-30,US_5Y_YAHOO_FVX,4.126999855041504,yahoo_query_or_equivalent_authorized_market_data_source,2026-06-25T04:29:09.293391Z
2024-10-31,US_5Y_YAHOO_FVX,4.15500020980835,yahoo_query_or_equivalent_authorized_market_data_source,2026-06-25T04:29:09.293391Z
2024-11-01,US_5Y_YAHOO_FVX,4.209000110626221,yahoo_query_or_equivalent_authorized_market_data_source,2026-06-25T04:29:09.293391Z
2024-11-04,US_5Y_YAHOO_FVX,4.166999816894531,yahoo_query_or_equivalent_authorized_market_data_source,2026-06-25T04:29:09.293391Z
2024-11-05,US_5Y_YAHOO_FVX,4.171999931335449,yahoo_query_or_equivalent_authorized_market_data_source,2026-06-25T04:29:09.293391Z
2024-11-06,US_5Y_YAHOO_FVX,4.271999835968018,yahoo_query_or_equivalent_authorized_market_data_source,2026-06-25T04:29:09.293391Z
2024-11-07,US_5Y_YAHOO_FVX,4.191999912261963,yahoo_query_or_equivalent_authorized_market_data_source,2026-06-25T04:29:09.293391Z
2024-11-08,US_5Y_YAHOO_FVX,4.191999912261963,yahoo_query_or_equivalent_authorized_market_data_source,2026-06-25T04:29:09.293391Z
2024-11-11,US_5Y_YAHOO_FVX,4.195000171661377,yahoo_query_or_equivalent_authorized_market_data_source,2026-06-25T04:29:09.293391Z
2024-11-12,US_5Y_YAHOO_FVX,4.314000129699707,yahoo_query_or_equivalent_authorized_market_data_source,2026-06-25T04:29:09.293391Z
2024-11-13,US_5Y_YAHOO_FVX,4.301000118255615,yahoo_query_or_equivalent_authorized_market_data_source,2026-06-25T04:29:09.293391Z
2024-11-14,US_5Y_YAHOO_FVX,4.291999816894531,yahoo_query_or_equivalent_authorized_market_data_source,2026-06-25T04:29:09.293391Z
2024-11-15,US_5Y_YAHOO_FVX,4.297999858856201,yahoo_query_or_equivalent_authorized_market_data_source,2026-06-25T04:29:09.293391Z
2024-11-18,US_5Y_YAHOO_FVX,4.2769999504089355,yahoo_query_or_equivalent_authorized_market_data_source,2026-06-25T04:29:09.293391Z
2024-11-19,US_5Y_YAHOO_FVX,4.245999813079834,yahoo_query_or_equivalent_authorized_market_data_source,2026-06-25T04:29:09.293391Z
2024-11-20,US_5Y_YAHOO_FVX,4.275000095367432,yahoo_query_or_equivalent_authorized_market_data_source,2026-06-25T04:29:09.293391Z
2024-11-21,US_5Y_YAHOO_FVX,4.304999828338623,yahoo_query_or_equivalent_authorized_market_data_source,2026-06-25T04:29:09.293391Z
2024-11-22,US_5Y_YAHOO_FVX,4.297999858856201,yahoo_query_or_equivalent_authorized_market_data_source,2026-06-25T04:29:09.293391Z
2024-11-25,US_5Y_YAHOO_FVX,4.171999931335449,yahoo_query_or_equivalent_authorized_market_data_source,2026-06-25T04:29:09.293391Z
2024-11-26,US_5Y_YAHOO_FVX,4.190000057220459,yahoo_query_or_equivalent_authorized_market_data_source,2026-06-25T04:29:09.293391Z
2024-11-27,US_5Y_YAHOO_FVX,4.11299991607666,yahoo_query_or_equivalent_authorized_market_data_source,2026-06-25T04:29:09.293391Z
2024-11-29,US_5Y_YAHOO_FVX,4.054999828338623,yahoo_query_or_equivalent_authorized_market_data_source,2026-06-25T04:29:09.293391Z
2024-12-02,US_5Y_YAHOO_FVX,4.09499979019165,yahoo_query_or_equivalent_authorized_market_data_source,2026-06-25T04:29:09.293391Z
2024-12-03,US_5Y_YAHOO_FVX,4.105999946594238,yahoo_query_or_equivalent_authorized_market_data_source,2026-06-25T04:29:09.293391Z
2024-12-04,US_5Y_YAHOO_FVX,4.061999797821045,yahoo_query_or_equivalent_authorized_market_data_source,2026-06-25T04:29:09.293391Z
2024-12-05,US_5Y_YAHOO_FVX,4.076000213623047,yahoo_query_or_equivalent_authorized_market_data_source,2026-06-25T04:29:09.293391Z
2024-12-06,US_5Y_YAHOO_FVX,4.033999919891357,yahoo_query_or_equivalent_authorized_market_data_source,2026-06-25T04:29:09.293391Z
2024-12-09,US_5Y_YAHOO_FVX,4.072000026702881,yahoo_query_or_equivalent_authorized_market_data_source,2026-06-25T04:29:09.293391Z
2024-12-10,US_5Y_YAHOO_FVX,4.0970001220703125,yahoo_query_or_equivalent_authorized_market_data_source,2026-06-25T04:29:09.293391Z
2024-12-11,US_5Y_YAHOO_FVX,4.133999824523926,yahoo_query_or_equivalent_authorized_market_data_source,2026-06-25T04:29:09.293391Z
2024-12-12,US_5Y_YAHOO_FVX,4.176000118255615,yahoo_query_or_equivalent_authorized_market_data_source,2026-06-25T04:29:09.293391Z
2024-12-13,US_5Y_YAHOO_FVX,4.248000144958496,yahoo_query_or_equivalent_authorized_market_data_source,2026-06-25T04:29:09.293391Z
2024-12-16,US_5Y_YAHOO_FVX,4.254000186920166,yahoo_query_or_equivalent_authorized_market_data_source,2026-06-25T04:29:09.293391Z
2024-12-17,US_5Y_YAHOO_FVX,4.248000144958496,yahoo_query_or_equivalent_authorized_market_data_source,2026-06-25T04:29:09.293391Z
2024-12-18,US_5Y_YAHOO_FVX,4.380000114440918,yahoo_query_or_equivalent_authorized_market_data_source,2026-06-25T04:29:09.293391Z
2024-12-19,US_5Y_YAHOO_FVX,4.425000190734863,yahoo_query_or_equivalent_authorized_market_data_source,2026-06-25T04:29:09.293391Z
2024-12-20,US_5Y_YAHOO_FVX,4.380000114440918,yahoo_query_or_equivalent_authorized_market_data_source,2026-06-25T04:29:09.293391Z
2024-12-23,US_5Y_YAHOO_FVX,4.445000171661377,yahoo_query_or_equivalent_authorized_market_data_source,2026-06-25T04:29:09.293391Z
2024-12-24,US_5Y_YAHOO_FVX,4.438000202178955,yahoo_query_or_equivalent_authorized_market_data_source,2026-06-25T04:29:09.293391Z
2024-12-26,US_5Y_YAHOO_FVX,4.433000087738037,yahoo_query_or_equivalent_authorized_market_data_source,2026-06-25T04:29:09.293391Z
2024-12-27,US_5Y_YAHOO_FVX,4.455999851226807,yahoo_query_or_equivalent_authorized_market_data_source,2026-06-25T04:29:09.293391Z
2024-12-30,US_5Y_YAHOO_FVX,4.369999885559082,yahoo_query_or_equivalent_authorized_market_data_source,2026-06-25T04:29:09.293391Z
2024-12-31,US_5Y_YAHOO_FVX,4.380000114440918,yahoo_query_or_equivalent_authorized_market_data_source,2026-06-25T04:29:09.293391Z
2025-01-02,US_5Y_YAHOO_FVX,4.380000114440918,yahoo_query_or_equivalent_authorized_market_data_source,2026-06-25T04:29:09.293391Z
2025-01-03,US_5Y_YAHOO_FVX,4.409999847412109,yahoo_query_or_equivalent_authorized_market_data_source,2026-06-25T04:29:09.293391Z
2025-01-06,US_5Y_YAHOO_FVX,4.421999931335449,yahoo_query_or_equivalent_authorized_market_data_source,2026-06-25T04:29:09.293391Z
2025-01-07,US_5Y_YAHOO_FVX,4.465000152587891,yahoo_query_or_equivalent_authorized_market_data_source,2026-06-25T04:29:09.293391Z
2025-01-08,US_5Y_YAHOO_FVX,4.4670000076293945,yahoo_query_or_equivalent_authorized_market_data_source,2026-06-25T04:29:09.293391Z
2025-01-10,US_5Y_YAHOO_FVX,4.5929999351501465,yahoo_query_or_equivalent_authorized_market_data_source,2026-06-25T04:29:09.293391Z
2025-01-13,US_5Y_YAHOO_FVX,4.617000102996826,yahoo_query_or_equivalent_authorized_market_data_source,2026-06-25T04:29:09.293391Z
2025-01-14,US_5Y_YAHOO_FVX,4.590000152587891,yahoo_query_or_equivalent_authorized_market_data_source,2026-06-25T04:29:09.293391Z
2025-01-15,US_5Y_YAHOO_FVX,4.443999767303467,yahoo_query_or_equivalent_authorized_market_data_source,2026-06-25T04:29:09.293391Z
2025-01-16,US_5Y_YAHOO_FVX,4.395999908447266,yahoo_query_or_equivalent_authorized_market_data_source,2026-06-25T04:29:09.293391Z
2025-01-17,US_5Y_YAHOO_FVX,4.414000034332275,yahoo_query_or_equivalent_authorized_market_data_source,2026-06-25T04:29:09.293391Z
2025-01-21,US_5Y_YAHOO_FVX,4.396999835968018,yahoo_query_or_equivalent_authorized_market_data_source,2026-06-25T04:29:09.293391Z
2025-01-22,US_5Y_YAHOO_FVX,4.426000118255615,yahoo_query_or_equivalent_authorized_market_data_source,2026-06-25T04:29:09.293391Z
2025-01-23,US_5Y_YAHOO_FVX,4.441999912261963,yahoo_query_or_equivalent_authorized_market_data_source,2026-06-25T04:29:09.293391Z
2025-01-24,US_5Y_YAHOO_FVX,4.427999973297119,yahoo_query_or_equivalent_authorized_market_data_source,2026-06-25T04:29:09.293391Z
2025-01-27,US_5Y_YAHOO_FVX,4.326000213623047,yahoo_query_or_equivalent_authorized_market_data_source,2026-06-25T04:29:09.293391Z
2025-01-28,US_5Y_YAHOO_FVX,4.34499979019165,yahoo_query_or_equivalent_authorized_market_data_source,2026-06-25T04:29:09.293391Z
2025-01-29,US_5Y_YAHOO_FVX,4.35699987411499,yahoo_query_or_equivalent_authorized_market_data_source,2026-06-25T04:29:09.293391Z
2025-01-30,US_5Y_YAHOO_FVX,4.310999870300293,yahoo_query_or_equivalent_authorized_market_data_source,2026-06-25T04:29:09.293391Z
2025-01-31,US_5Y_YAHOO_FVX,4.363999843597412,yahoo_query_or_equivalent_authorized_market_data_source,2026-06-25T04:29:09.293391Z
2025-02-03,US_5Y_YAHOO_FVX,4.35699987411499,yahoo_query_or_equivalent_authorized_market_data_source,2026-06-25T04:29:09.293391Z
2025-02-04,US_5Y_YAHOO_FVX,4.317999839782715,yahoo_query_or_equivalent_authorized_market_data_source,2026-06-25T04:29:09.293391Z
2025-02-05,US_5Y_YAHOO_FVX,4.243000030517578,yahoo_query_or_equivalent_authorized_market_data_source,2026-06-25T04:29:09.293391Z
2025-02-06,US_5Y_YAHOO_FVX,4.2729997634887695,yahoo_query_or_equivalent_authorized_market_data_source,2026-06-25T04:29:09.293391Z
2025-02-07,US_5Y_YAHOO_FVX,4.334000110626221,yahoo_query_or_equivalent_authorized_market_data_source,2026-06-25T04:29:09.293391Z
2025-02-10,US_5Y_YAHOO_FVX,4.333000183105469,yahoo_query_or_equivalent_authorized_market_data_source,2026-06-25T04:29:09.293391Z
2025-02-11,US_5Y_YAHOO_FVX,4.369999885559082,yahoo_query_or_equivalent_authorized_market_data_source,2026-06-25T04:29:09.293391Z
2025-02-12,US_5Y_YAHOO_FVX,4.484000205993652,yahoo_query_or_equivalent_authorized_market_data_source,2026-06-25T04:29:09.293391Z
2025-02-13,US_5Y_YAHOO_FVX,4.386000156402588,yahoo_query_or_equivalent_authorized_market_data_source,2026-06-25T04:29:09.293391Z
2025-02-14,US_5Y_YAHOO_FVX,4.323999881744385,yahoo_query_or_equivalent_authorized_market_data_source,2026-06-25T04:29:09.293391Z
2025-02-18,US_5Y_YAHOO_FVX,4.39300012588501,yahoo_query_or_equivalent_authorized_market_data_source,2026-06-25T04:29:09.293391Z
2025-02-19,US_5Y_YAHOO_FVX,4.369999885559082,yahoo_query_or_equivalent_authorized_market_data_source,2026-06-25T04:29:09.293391Z
2025-02-20,US_5Y_YAHOO_FVX,4.3420000076293945,yahoo_query_or_equivalent_authorized_market_data_source,2026-06-25T04:29:09.293391Z
2025-02-21,US_5Y_YAHOO_FVX,4.257999897003174,yahoo_query_or_equivalent_authorized_market_data_source,2026-06-25T04:29:09.293391Z
2025-02-24,US_5Y_YAHOO_FVX,4.230000019073486,yahoo_query_or_equivalent_authorized_market_data_source,2026-06-25T04:29:09.293391Z
2025-02-25,US_5Y_YAHOO_FVX,4.132999897003174,yahoo_query_or_equivalent_authorized_market_data_source,2026-06-25T04:29:09.293391Z
2025-02-26,US_5Y_YAHOO_FVX,4.077000141143799,yahoo_query_or_equivalent_authorized_market_data_source,2026-06-25T04:29:09.293391Z
2025-02-27,US_5Y_YAHOO_FVX,4.103000164031982,yahoo_query_or_equivalent_authorized_market_data_source,2026-06-25T04:29:09.293391Z
2025-02-28,US_5Y_YAHOO_FVX,4.0279998779296875,yahoo_query_or_equivalent_authorized_market_data_source,2026-06-25T04:29:09.293391Z
2025-03-03,US_5Y_YAHOO_FVX,3.990999937057495,yahoo_query_or_equivalent_authorized_market_data_source,2026-06-25T04:29:09.293391Z
2025-03-04,US_5Y_YAHOO_FVX,4.002999782562256,yahoo_query_or_equivalent_authorized_market_data_source,2026-06-25T04:29:09.293391Z
2025-03-05,US_5Y_YAHOO_FVX,4.056000232696533,yahoo_query_or_equivalent_authorized_market_data_source,2026-06-25T04:29:09.293391Z
2025-03-06,US_5Y_YAHOO_FVX,4.060999870300293,yahoo_query_or_equivalent_authorized_market_data_source,2026-06-25T04:29:09.293391Z
2025-03-07,US_5Y_YAHOO_FVX,4.0929999351501465,yahoo_query_or_equivalent_authorized_market_data_source,2026-06-25T04:29:09.293391Z
2025-03-10,US_5Y_YAHOO_FVX,3.9739999771118164,yahoo_query_or_equivalent_authorized_market_data_source,2026-06-25T04:29:09.293391Z
2025-03-11,US_5Y_YAHOO_FVX,4.041999816894531,yahoo_query_or_equivalent_authorized_market_data_source,2026-06-25T04:29:09.293391Z
2025-03-12,US_5Y_YAHOO_FVX,4.078999996185303,yahoo_query_or_equivalent_authorized_market_data_source,2026-06-25T04:29:09.293391Z
2025-03-13,US_5Y_YAHOO_FVX,4.0279998779296875,yahoo_query_or_equivalent_authorized_market_data_source,2026-06-25T04:29:09.293391Z
2025-03-14,US_5Y_YAHOO_FVX,4.081999778747559,yahoo_query_or_equivalent_authorized_market_data_source,2026-06-25T04:29:09.293391Z
2025-03-17,US_5Y_YAHOO_FVX,4.0980000495910645,yahoo_query_or_equivalent_authorized_market_data_source,2026-06-25T04:29:09.293391Z
2025-03-18,US_5Y_YAHOO_FVX,4.070000171661377,yahoo_query_or_equivalent_authorized_market_data_source,2026-06-25T04:29:09.293391Z
2025-03-19,US_5Y_YAHOO_FVX,4.03000020980835,yahoo_query_or_equivalent_authorized_market_data_source,2026-06-25T04:29:09.293391Z
2025-03-20,US_5Y_YAHOO_FVX,4.006999969482422,yahoo_query_or_equivalent_authorized_market_data_source,2026-06-25T04:29:09.293391Z
2025-03-21,US_5Y_YAHOO_FVX,4.007999897003174,yahoo_query_or_equivalent_authorized_market_data_source,2026-06-25T04:29:09.293391Z
2025-03-24,US_5Y_YAHOO_FVX,4.0970001220703125,yahoo_query_or_equivalent_authorized_market_data_source,2026-06-25T04:29:09.293391Z
2025-03-25,US_5Y_YAHOO_FVX,4.058000087738037,yahoo_query_or_equivalent_authorized_market_data_source,2026-06-25T04:29:09.293391Z
2025-03-26,US_5Y_YAHOO_FVX,4.083000183105469,yahoo_query_or_equivalent_authorized_market_data_source,2026-06-25T04:29:09.293391Z
2025-03-27,US_5Y_YAHOO_FVX,4.0980000495910645,yahoo_query_or_equivalent_authorized_market_data_source,2026-06-25T04:29:09.293391Z
2025-03-28,US_5Y_YAHOO_FVX,3.9809999465942383,yahoo_query_or_equivalent_authorized_market_data_source,2026-06-25T04:29:09.293391Z
2025-03-31,US_5Y_YAHOO_FVX,3.9830000400543213,yahoo_query_or_equivalent_authorized_market_data_source,2026-06-25T04:29:09.293391Z
2025-04-01,US_5Y_YAHOO_FVX,3.9100000858306885,yahoo_query_or_equivalent_authorized_market_data_source,2026-06-25T04:29:09.293391Z
2025-04-02,US_5Y_YAHOO_FVX,3.9509999752044678,yahoo_query_or_equivalent_authorized_market_data_source,2026-06-25T04:29:09.293391Z
2025-04-03,US_5Y_YAHOO_FVX,3.760999917984009,yahoo_query_or_equivalent_authorized_market_data_source,2026-06-25T04:29:09.293391Z
2025-04-04,US_5Y_YAHOO_FVX,3.7090001106262207,yahoo_query_or_equivalent_authorized_market_data_source,2026-06-25T04:29:09.293391Z
2025-04-07,US_5Y_YAHOO_FVX,3.8399999141693115,yahoo_query_or_equivalent_authorized_market_data_source,2026-06-25T04:29:09.293391Z
2025-04-08,US_5Y_YAHOO_FVX,3.9140000343322754,yahoo_query_or_equivalent_authorized_market_data_source,2026-06-25T04:29:09.293391Z
2025-04-09,US_5Y_YAHOO_FVX,4.10099983215332,yahoo_query_or_equivalent_authorized_market_data_source,2026-06-25T04:29:09.293391Z
2025-04-10,US_5Y_YAHOO_FVX,4.038000106811523,yahoo_query_or_equivalent_authorized_market_data_source,2026-06-25T04:29:09.293391Z
2025-04-11,US_5Y_YAHOO_FVX,4.159999847412109,yahoo_query_or_equivalent_authorized_market_data_source,2026-06-25T04:29:09.293391Z
2025-04-14,US_5Y_YAHOO_FVX,3.997999906539917,yahoo_query_or_equivalent_authorized_market_data_source,2026-06-25T04:29:09.293391Z
2025-04-15,US_5Y_YAHOO_FVX,3.9630000591278076,yahoo_query_or_equivalent_authorized_market_data_source,2026-06-25T04:29:09.293391Z
2025-04-16,US_5Y_YAHOO_FVX,3.9089999198913574,yahoo_query_or_equivalent_authorized_market_data_source,2026-06-25T04:29:09.293391Z
2025-04-17,US_5Y_YAHOO_FVX,3.941999912261963,yahoo_query_or_equivalent_authorized_market_data_source,2026-06-25T04:29:09.293391Z
2025-04-21,US_5Y_YAHOO_FVX,3.9590001106262207,yahoo_query_or_equivalent_authorized_market_data_source,2026-06-25T04:29:09.293391Z
2025-04-22,US_5Y_YAHOO_FVX,3.9769999980926514,yahoo_query_or_equivalent_authorized_market_data_source,2026-06-25T04:29:09.293391Z
2025-04-23,US_5Y_YAHOO_FVX,4.013999938964844,yahoo_query_or_equivalent_authorized_market_data_source,2026-06-25T04:29:09.293391Z
2025-04-24,US_5Y_YAHOO_FVX,3.927000045776367,yahoo_query_or_equivalent_authorized_market_data_source,2026-06-25T04:29:09.293391Z
2025-04-25,US_5Y_YAHOO_FVX,3.884000062942505,yahoo_query_or_equivalent_authorized_market_data_source,2026-06-25T04:29:09.293391Z
2025-04-28,US_5Y_YAHOO_FVX,3.815999984741211,yahoo_query_or_equivalent_authorized_market_data_source,2026-06-25T04:29:09.293391Z
2025-04-29,US_5Y_YAHOO_FVX,3.7750000953674316,yahoo_query_or_equivalent_authorized_market_data_source,2026-06-25T04:29:09.293391Z
2025-04-30,US_5Y_YAHOO_FVX,3.752000093460083,yahoo_query_or_equivalent_authorized_market_data_source,2026-06-25T04:29:09.293391Z
2025-05-01,US_5Y_YAHOO_FVX,3.811000108718872,yahoo_query_or_equivalent_authorized_market_data_source,2026-06-25T04:29:09.293391Z
2025-05-02,US_5Y_YAHOO_FVX,3.931999921798706,yahoo_query_or_equivalent_authorized_market_data_source,2026-06-25T04:29:09.293391Z
2025-05-05,US_5Y_YAHOO_FVX,3.943000078201294,yahoo_query_or_equivalent_authorized_market_data_source,2026-06-25T04:29:09.293391Z
2025-05-06,US_5Y_YAHOO_FVX,3.8980000019073486,yahoo_query_or_equivalent_authorized_market_data_source,2026-06-25T04:29:09.293391Z
2025-05-07,US_5Y_YAHOO_FVX,3.872999906539917,yahoo_query_or_equivalent_authorized_market_data_source,2026-06-25T04:29:09.293391Z
2025-05-08,US_5Y_YAHOO_FVX,3.99399995803833,yahoo_query_or_equivalent_authorized_market_data_source,2026-06-25T04:29:09.293391Z
2025-05-09,US_5Y_YAHOO_FVX,3.986999988555908,yahoo_query_or_equivalent_authorized_market_data_source,2026-06-25T04:29:09.293391Z
2025-05-12,US_5Y_YAHOO_FVX,4.10099983215332,yahoo_query_or_equivalent_authorized_market_data_source,2026-06-25T04:29:09.293391Z
2025-05-13,US_5Y_YAHOO_FVX,4.120999813079834,yahoo_query_or_equivalent_authorized_market_data_source,2026-06-25T04:29:09.293391Z
2025-05-14,US_5Y_YAHOO_FVX,4.1620001792907715,yahoo_query_or_equivalent_authorized_market_data_source,2026-06-25T04:29:09.293391Z
2025-05-15,US_5Y_YAHOO_FVX,4.072999954223633,yahoo_query_or_equivalent_authorized_market_data_source,2026-06-25T04:29:09.293391Z
2025-05-16,US_5Y_YAHOO_FVX,4.064000129699707,yahoo_query_or_equivalent_authorized_market_data_source,2026-06-25T04:29:09.293391Z
2025-05-19,US_5Y_YAHOO_FVX,4.080999851226807,yahoo_query_or_equivalent_authorized_market_data_source,2026-06-25T04:29:09.293391Z
2025-05-20,US_5Y_YAHOO_FVX,4.066999912261963,yahoo_query_or_equivalent_authorized_market_data_source,2026-06-25T04:29:09.293391Z
2025-05-21,US_5Y_YAHOO_FVX,4.1570000648498535,yahoo_query_or_equivalent_authorized_market_data_source,2026-06-25T04:29:09.293391Z
2025-05-22,US_5Y_YAHOO_FVX,4.11299991607666,yahoo_query_or_equivalent_authorized_market_data_source,2026-06-25T04:29:09.293391Z
2025-05-23,US_5Y_YAHOO_FVX,4.078000068664551,yahoo_query_or_equivalent_authorized_market_data_source,2026-06-25T04:29:09.293391Z
2025-05-27,US_5Y_YAHOO_FVX,4.0229997634887695,yahoo_query_or_equivalent_authorized_market_data_source,2026-06-25T04:29:09.293391Z
2025-05-28,US_5Y_YAHOO_FVX,4.065000057220459,yahoo_query_or_equivalent_authorized_market_data_source,2026-06-25T04:29:09.293391Z
2025-05-29,US_5Y_YAHOO_FVX,3.997999906539917,yahoo_query_or_equivalent_authorized_market_data_source,2026-06-25T04:29:09.293391Z
2025-05-30,US_5Y_YAHOO_FVX,3.9790000915527344,yahoo_query_or_equivalent_authorized_market_data_source,2026-06-25T04:29:09.293391Z
2025-06-02,US_5Y_YAHOO_FVX,4.017000198364258,yahoo_query_or_equivalent_authorized_market_data_source,2026-06-25T04:29:09.293391Z
2025-06-03,US_5Y_YAHOO_FVX,4.0279998779296875,yahoo_query_or_equivalent_authorized_market_data_source,2026-06-25T04:29:09.293391Z
2025-06-04,US_5Y_YAHOO_FVX,3.931999921798706,yahoo_query_or_equivalent_authorized_market_data_source,2026-06-25T04:29:09.293391Z
2025-06-05,US_5Y_YAHOO_FVX,3.989000082015991,yahoo_query_or_equivalent_authorized_market_data_source,2026-06-25T04:29:09.293391Z
2025-06-06,US_5Y_YAHOO_FVX,4.125999927520752,yahoo_query_or_equivalent_authorized_market_data_source,2026-06-25T04:29:09.293391Z
2025-06-09,US_5Y_YAHOO_FVX,4.085999965667725,yahoo_query_or_equivalent_authorized_market_data_source,2026-06-25T04:29:09.293391Z
2025-06-10,US_5Y_YAHOO_FVX,4.084000110626221,yahoo_query_or_equivalent_authorized_market_data_source,2026-06-25T04:29:09.293391Z
2025-06-11,US_5Y_YAHOO_FVX,4.008999824523926,yahoo_query_or_equivalent_authorized_market_data_source,2026-06-25T04:29:09.293391Z
2025-06-12,US_5Y_YAHOO_FVX,3.9600000381469727,yahoo_query_or_equivalent_authorized_market_data_source,2026-06-25T04:29:09.293391Z
2025-06-13,US_5Y_YAHOO_FVX,4.02400016784668,yahoo_query_or_equivalent_authorized_market_data_source,2026-06-25T04:29:09.293391Z
2025-06-16,US_5Y_YAHOO_FVX,4.034999847412109,yahoo_query_or_equivalent_authorized_market_data_source,2026-06-25T04:29:09.293391Z
2025-06-17,US_5Y_YAHOO_FVX,3.989000082015991,yahoo_query_or_equivalent_authorized_market_data_source,2026-06-25T04:29:09.293391Z
2025-06-18,US_5Y_YAHOO_FVX,3.993000030517578,yahoo_query_or_equivalent_authorized_market_data_source,2026-06-25T04:29:09.293391Z
2025-06-20,US_5Y_YAHOO_FVX,3.9609999656677246,yahoo_query_or_equivalent_authorized_market_data_source,2026-06-25T04:29:09.293391Z
2025-06-23,US_5Y_YAHOO_FVX,3.884000062942505,yahoo_query_or_equivalent_authorized_market_data_source,2026-06-25T04:29:09.293391Z
2025-06-24,US_5Y_YAHOO_FVX,3.8559999465942383,yahoo_query_or_equivalent_authorized_market_data_source,2026-06-25T04:29:09.293391Z
2025-06-25,US_5Y_YAHOO_FVX,3.8469998836517334,yahoo_query_or_equivalent_authorized_market_data_source,2026-06-25T04:29:09.293391Z
2025-06-26,US_5Y_YAHOO_FVX,3.7990000247955322,yahoo_query_or_equivalent_authorized_market_data_source,2026-06-25T04:29:09.293391Z
2025-06-27,US_5Y_YAHOO_FVX,3.828000068664551,yahoo_query_or_equivalent_authorized_market_data_source,2026-06-25T04:29:09.293391Z
2025-06-30,US_5Y_YAHOO_FVX,3.7950000762939453,yahoo_query_or_equivalent_authorized_market_data_source,2026-06-25T04:29:09.293391Z
2025-07-01,US_5Y_YAHOO_FVX,3.8420000076293945,yahoo_query_or_equivalent_authorized_market_data_source,2026-06-25T04:29:09.293391Z
2025-07-02,US_5Y_YAHOO_FVX,3.869999885559082,yahoo_query_or_equivalent_authorized_market_data_source,2026-06-25T04:29:09.293391Z
2025-07-03,US_5Y_YAHOO_FVX,3.938999891281128,yahoo_query_or_equivalent_authorized_market_data_source,2026-06-25T04:29:09.293391Z
2025-07-07,US_5Y_YAHOO_FVX,3.9660000801086426,yahoo_query_or_equivalent_authorized_market_data_source,2026-06-25T04:29:09.293391Z
2025-07-08,US_5Y_YAHOO_FVX,3.984999895095825,yahoo_query_or_equivalent_authorized_market_data_source,2026-06-25T04:29:09.293391Z
2025-07-09,US_5Y_YAHOO_FVX,3.9200000762939453,yahoo_query_or_equivalent_authorized_market_data_source,2026-06-25T04:29:09.293391Z
2025-07-10,US_5Y_YAHOO_FVX,3.930999994277954,yahoo_query_or_equivalent_authorized_market_data_source,2026-06-25T04:29:09.293391Z
2025-07-11,US_5Y_YAHOO_FVX,3.992000102996826,yahoo_query_or_equivalent_authorized_market_data_source,2026-06-25T04:29:09.293391Z
2025-07-14,US_5Y_YAHOO_FVX,3.984999895095825,yahoo_query_or_equivalent_authorized_market_data_source,2026-06-25T04:29:09.293391Z
2025-07-15,US_5Y_YAHOO_FVX,4.050000190734863,yahoo_query_or_equivalent_authorized_market_data_source,2026-06-25T04:29:09.293391Z
2025-07-16,US_5Y_YAHOO_FVX,3.984999895095825,yahoo_query_or_equivalent_authorized_market_data_source,2026-06-25T04:29:09.293391Z
2025-07-17,US_5Y_YAHOO_FVX,4.00600004196167,yahoo_query_or_equivalent_authorized_market_data_source,2026-06-25T04:29:09.293391Z
2025-07-18,US_5Y_YAHOO_FVX,3.9619998931884766,yahoo_query_or_equivalent_authorized_market_data_source,2026-06-25T04:29:09.293391Z
2025-07-21,US_5Y_YAHOO_FVX,3.9079999923706055,yahoo_query_or_equivalent_authorized_market_data_source,2026-06-25T04:29:09.293391Z
2025-07-22,US_5Y_YAHOO_FVX,3.875999927520752,yahoo_query_or_equivalent_authorized_market_data_source,2026-06-25T04:29:09.293391Z
2025-07-23,US_5Y_YAHOO_FVX,3.934000015258789,yahoo_query_or_equivalent_authorized_market_data_source,2026-06-25T04:29:09.293391Z
2025-07-24,US_5Y_YAHOO_FVX,3.9709999561309814,yahoo_query_or_equivalent_authorized_market_data_source,2026-06-25T04:29:09.293391Z
2025-07-25,US_5Y_YAHOO_FVX,3.9519999027252197,yahoo_query_or_equivalent_authorized_market_data_source,2026-06-25T04:29:09.293391Z
2025-07-28,US_5Y_YAHOO_FVX,3.9769999980926514,yahoo_query_or_equivalent_authorized_market_data_source,2026-06-25T04:29:09.293391Z
2025-07-29,US_5Y_YAHOO_FVX,3.9059998989105225,yahoo_query_or_equivalent_authorized_market_data_source,2026-06-25T04:29:09.293391Z
2025-07-30,US_5Y_YAHOO_FVX,3.9649999141693115,yahoo_query_or_equivalent_authorized_market_data_source,2026-06-25T04:29:09.293391Z
2025-07-31,US_5Y_YAHOO_FVX,3.9600000381469727,yahoo_query_or_equivalent_authorized_market_data_source,2026-06-25T04:29:09.293391Z
2025-08-01,US_5Y_YAHOO_FVX,3.7709999084472656,yahoo_query_or_equivalent_authorized_market_data_source,2026-06-25T04:29:09.293391Z
2025-08-04,US_5Y_YAHOO_FVX,3.743000030517578,yahoo_query_or_equivalent_authorized_market_data_source,2026-06-25T04:29:09.293391Z
2025-08-05,US_5Y_YAHOO_FVX,3.76200008392334,yahoo_query_or_equivalent_authorized_market_data_source,2026-06-25T04:29:09.293391Z
2025-08-06,US_5Y_YAHOO_FVX,3.7639999389648438,yahoo_query_or_equivalent_authorized_market_data_source,2026-06-25T04:29:09.293391Z
2025-08-07,US_5Y_YAHOO_FVX,3.7899999618530273,yahoo_query_or_equivalent_authorized_market_data_source,2026-06-25T04:29:09.293391Z
2025-08-08,US_5Y_YAHOO_FVX,3.8299999237060547,yahoo_query_or_equivalent_authorized_market_data_source,2026-06-25T04:29:09.293391Z
2025-08-11,US_5Y_YAHOO_FVX,3.822999954223633,yahoo_query_or_equivalent_authorized_market_data_source,2026-06-25T04:29:09.293391Z
2025-08-12,US_5Y_YAHOO_FVX,3.822000026702881,yahoo_query_or_equivalent_authorized_market_data_source,2026-06-25T04:29:09.293391Z
2025-08-13,US_5Y_YAHOO_FVX,3.7699999809265137,yahoo_query_or_equivalent_authorized_market_data_source,2026-06-25T04:29:09.293391Z
2025-08-14,US_5Y_YAHOO_FVX,3.821000099182129,yahoo_query_or_equivalent_authorized_market_data_source,2026-06-25T04:29:09.293391Z
2025-08-15,US_5Y_YAHOO_FVX,3.8450000286102295,yahoo_query_or_equivalent_authorized_market_data_source,2026-06-25T04:29:09.293391Z
2025-08-18,US_5Y_YAHOO_FVX,3.8550000190734863,yahoo_query_or_equivalent_authorized_market_data_source,2026-06-25T04:29:09.293391Z
2025-08-19,US_5Y_YAHOO_FVX,3.822000026702881,yahoo_query_or_equivalent_authorized_market_data_source,2026-06-25T04:29:09.293391Z
2025-08-20,US_5Y_YAHOO_FVX,3.809999942779541,yahoo_query_or_equivalent_authorized_market_data_source,2026-06-25T04:29:09.293391Z
2025-08-21,US_5Y_YAHOO_FVX,3.8570001125335693,yahoo_query_or_equivalent_authorized_market_data_source,2026-06-25T04:29:09.293391Z
2025-08-22,US_5Y_YAHOO_FVX,3.759000062942505,yahoo_query_or_equivalent_authorized_market_data_source,2026-06-25T04:29:09.293391Z
2025-08-25,US_5Y_YAHOO_FVX,3.7850000858306885,yahoo_query_or_equivalent_authorized_market_data_source,2026-06-25T04:29:09.293391Z
2025-08-26,US_5Y_YAHOO_FVX,3.740000009536743,yahoo_query_or_equivalent_authorized_market_data_source,2026-06-25T04:29:09.293391Z
2025-08-27,US_5Y_YAHOO_FVX,3.7049999237060547,yahoo_query_or_equivalent_authorized_market_data_source,2026-06-25T04:29:09.293391Z
2025-08-28,US_5Y_YAHOO_FVX,3.696000099182129,yahoo_query_or_equivalent_authorized_market_data_source,2026-06-25T04:29:09.293391Z
2025-08-29,US_5Y_YAHOO_FVX,3.6989998817443848,yahoo_query_or_equivalent_authorized_market_data_source,2026-06-25T04:29:09.293391Z
2025-09-02,US_5Y_YAHOO_FVX,3.743000030517578,yahoo_query_or_equivalent_authorized_market_data_source,2026-06-25T04:29:09.293391Z
2025-09-03,US_5Y_YAHOO_FVX,3.684999942779541,yahoo_query_or_equivalent_authorized_market_data_source,2026-06-25T04:29:09.293391Z
2025-09-04,US_5Y_YAHOO_FVX,3.6530001163482666,yahoo_query_or_equivalent_authorized_market_data_source,2026-06-25T04:29:09.293391Z
2025-09-05,US_5Y_YAHOO_FVX,3.5829999446868896,yahoo_query_or_equivalent_authorized_market_data_source,2026-06-25T04:29:09.293391Z
2025-09-08,US_5Y_YAHOO_FVX,3.569999933242798,yahoo_query_or_equivalent_authorized_market_data_source,2026-06-25T04:29:09.293391Z
2025-09-09,US_5Y_YAHOO_FVX,3.6010000705718994,yahoo_query_or_equivalent_authorized_market_data_source,2026-06-25T04:29:09.293391Z
2025-09-10,US_5Y_YAHOO_FVX,3.5820000171661377,yahoo_query_or_equivalent_authorized_market_data_source,2026-06-25T04:29:09.293391Z
2025-09-11,US_5Y_YAHOO_FVX,3.578000068664551,yahoo_query_or_equivalent_authorized_market_data_source,2026-06-25T04:29:09.293391Z
2025-09-12,US_5Y_YAHOO_FVX,3.625,yahoo_query_or_equivalent_authorized_market_data_source,2026-06-25T04:29:09.293391Z
2025-09-15,US_5Y_YAHOO_FVX,3.6019999980926514,yahoo_query_or_equivalent_authorized_market_data_source,2026-06-25T04:29:09.293391Z
2025-09-16,US_5Y_YAHOO_FVX,3.5829999446868896,yahoo_query_or_equivalent_authorized_market_data_source,2026-06-25T04:29:09.293391Z
2025-09-17,US_5Y_YAHOO_FVX,3.6489999294281006,yahoo_query_or_equivalent_authorized_market_data_source,2026-06-25T04:29:09.293391Z
2025-09-18,US_5Y_YAHOO_FVX,3.6630001068115234,yahoo_query_or_equivalent_authorized_market_data_source,2026-06-25T04:29:09.293391Z
2025-09-19,US_5Y_YAHOO_FVX,3.690999984741211,yahoo_query_or_equivalent_authorized_market_data_source,2026-06-25T04:29:09.293391Z
2025-09-22,US_5Y_YAHOO_FVX,3.696000099182129,yahoo_query_or_equivalent_authorized_market_data_source,2026-06-25T04:29:09.293391Z
2025-09-23,US_5Y_YAHOO_FVX,3.677000045776367,yahoo_query_or_equivalent_authorized_market_data_source,2026-06-25T04:29:09.293391Z
2025-09-24,US_5Y_YAHOO_FVX,3.7100000381469727,yahoo_query_or_equivalent_authorized_market_data_source,2026-06-25T04:29:09.293391Z
2025-09-25,US_5Y_YAHOO_FVX,3.7669999599456787,yahoo_query_or_equivalent_authorized_market_data_source,2026-06-25T04:29:09.293391Z
2025-09-26,US_5Y_YAHOO_FVX,3.7699999809265137,yahoo_query_or_equivalent_authorized_market_data_source,2026-06-25T04:29:09.293391Z
2025-09-29,US_5Y_YAHOO_FVX,3.740999937057495,yahoo_query_or_equivalent_authorized_market_data_source,2026-06-25T04:29:09.293391Z
2025-09-30,US_5Y_YAHOO_FVX,3.7320001125335693,yahoo_query_or_equivalent_authorized_market_data_source,2026-06-25T04:29:09.293391Z
2025-10-01,US_5Y_YAHOO_FVX,3.680000066757202,yahoo_query_or_equivalent_authorized_market_data_source,2026-06-25T04:29:09.293391Z
2025-10-02,US_5Y_YAHOO_FVX,3.6730000972747803,yahoo_query_or_equivalent_authorized_market_data_source,2026-06-25T04:29:09.293391Z
2025-10-03,US_5Y_YAHOO_FVX,3.7079999446868896,yahoo_query_or_equivalent_authorized_market_data_source,2026-06-25T04:29:09.293391Z
2025-10-06,US_5Y_YAHOO_FVX,3.744999885559082,yahoo_query_or_equivalent_authorized_market_data_source,2026-06-25T04:29:09.293391Z
2025-10-07,US_5Y_YAHOO_FVX,3.7060000896453857,yahoo_query_or_equivalent_authorized_market_data_source,2026-06-25T04:29:09.293391Z
2025-10-08,US_5Y_YAHOO_FVX,3.7200000286102295,yahoo_query_or_equivalent_authorized_market_data_source,2026-06-25T04:29:09.293391Z
2025-10-09,US_5Y_YAHOO_FVX,3.740999937057495,yahoo_query_or_equivalent_authorized_market_data_source,2026-06-25T04:29:09.293391Z
2025-10-10,US_5Y_YAHOO_FVX,3.6459999084472656,yahoo_query_or_equivalent_authorized_market_data_source,2026-06-25T04:29:09.293391Z
2025-10-13,US_5Y_YAHOO_FVX,3.6459999084472656,yahoo_query_or_equivalent_authorized_market_data_source,2026-06-25T04:29:09.293391Z
2025-10-14,US_5Y_YAHOO_FVX,3.6040000915527344,yahoo_query_or_equivalent_authorized_market_data_source,2026-06-25T04:29:09.293391Z
2025-10-15,US_5Y_YAHOO_FVX,3.630000114440918,yahoo_query_or_equivalent_authorized_market_data_source,2026-06-25T04:29:09.293391Z
2025-10-16,US_5Y_YAHOO_FVX,3.549999952316284,yahoo_query_or_equivalent_authorized_market_data_source,2026-06-25T04:29:09.293391Z
2025-10-17,US_5Y_YAHOO_FVX,3.5920000076293945,yahoo_query_or_equivalent_authorized_market_data_source,2026-06-25T04:29:09.293391Z
2025-10-20,US_5Y_YAHOO_FVX,3.578000068664551,yahoo_query_or_equivalent_authorized_market_data_source,2026-06-25T04:29:09.293391Z
2025-10-21,US_5Y_YAHOO_FVX,3.559999942779541,yahoo_query_or_equivalent_authorized_market_data_source,2026-06-25T04:29:09.293391Z
2025-10-22,US_5Y_YAHOO_FVX,3.552000045776367,yahoo_query_or_equivalent_authorized_market_data_source,2026-06-25T04:29:09.293391Z
2025-10-23,US_5Y_YAHOO_FVX,3.5969998836517334,yahoo_query_or_equivalent_authorized_market_data_source,2026-06-25T04:29:09.293391Z
2025-10-24,US_5Y_YAHOO_FVX,3.6019999980926514,yahoo_query_or_equivalent_authorized_market_data_source,2026-06-25T04:29:09.293391Z
2025-10-27,US_5Y_YAHOO_FVX,3.614000082015991,yahoo_query_or_equivalent_authorized_market_data_source,2026-06-25T04:29:09.293391Z
2025-10-28,US_5Y_YAHOO_FVX,3.61299991607666,yahoo_query_or_equivalent_authorized_market_data_source,2026-06-25T04:29:09.293391Z
2025-10-29,US_5Y_YAHOO_FVX,3.697000026702881,yahoo_query_or_equivalent_authorized_market_data_source,2026-06-25T04:29:09.293391Z
2025-10-30,US_5Y_YAHOO_FVX,3.7200000286102295,yahoo_query_or_equivalent_authorized_market_data_source,2026-06-25T04:29:09.293391Z
2025-10-31,US_5Y_YAHOO_FVX,3.7170000076293945,yahoo_query_or_equivalent_authorized_market_data_source,2026-06-25T04:29:09.293391Z
2025-11-03,US_5Y_YAHOO_FVX,3.7149999141693115,yahoo_query_or_equivalent_authorized_market_data_source,2026-06-25T04:29:09.293391Z
2025-11-04,US_5Y_YAHOO_FVX,3.7009999752044678,yahoo_query_or_equivalent_authorized_market_data_source,2026-06-25T04:29:09.293391Z
2025-11-05,US_5Y_YAHOO_FVX,3.765000104904175,yahoo_query_or_equivalent_authorized_market_data_source,2026-06-25T04:29:09.293391Z
2025-11-06,US_5Y_YAHOO_FVX,3.688999891281128,yahoo_query_or_equivalent_authorized_market_data_source,2026-06-25T04:29:09.293391Z
2025-11-07,US_5Y_YAHOO_FVX,3.680000066757202,yahoo_query_or_equivalent_authorized_market_data_source,2026-06-25T04:29:09.293391Z
2025-11-10,US_5Y_YAHOO_FVX,3.7100000381469727,yahoo_query_or_equivalent_authorized_market_data_source,2026-06-25T04:29:09.293391Z
2025-11-11,US_5Y_YAHOO_FVX,3.7190001010894775,yahoo_query_or_equivalent_authorized_market_data_source,2026-06-25T04:29:09.293391Z
2025-11-12,US_5Y_YAHOO_FVX,3.6679999828338623,yahoo_query_or_equivalent_authorized_market_data_source,2026-06-25T04:29:09.293391Z
2025-11-13,US_5Y_YAHOO_FVX,3.703000068664551,yahoo_query_or_equivalent_authorized_market_data_source,2026-06-25T04:29:09.293391Z
2025-11-14,US_5Y_YAHOO_FVX,3.734999895095825,yahoo_query_or_equivalent_authorized_market_data_source,2026-06-25T04:29:09.293391Z
2025-11-17,US_5Y_YAHOO_FVX,3.7209999561309814,yahoo_query_or_equivalent_authorized_market_data_source,2026-06-25T04:29:09.293391Z
2025-11-18,US_5Y_YAHOO_FVX,3.694000005722046,yahoo_query_or_equivalent_authorized_market_data_source,2026-06-25T04:29:09.293391Z
2025-11-19,US_5Y_YAHOO_FVX,3.7079999446868896,yahoo_query_or_equivalent_authorized_market_data_source,2026-06-25T04:29:09.293391Z
2025-11-20,US_5Y_YAHOO_FVX,3.6730000972747803,yahoo_query_or_equivalent_authorized_market_data_source,2026-06-25T04:29:09.293391Z
2025-11-21,US_5Y_YAHOO_FVX,3.618000030517578,yahoo_query_or_equivalent_authorized_market_data_source,2026-06-25T04:29:09.293391Z
2025-11-24,US_5Y_YAHOO_FVX,3.6050000190734863,yahoo_query_or_equivalent_authorized_market_data_source,2026-06-25T04:29:09.293391Z
2025-11-25,US_5Y_YAHOO_FVX,3.565000057220459,yahoo_query_or_equivalent_authorized_market_data_source,2026-06-25T04:29:09.293391Z
2025-11-26,US_5Y_YAHOO_FVX,3.572000026702881,yahoo_query_or_equivalent_authorized_market_data_source,2026-06-25T04:29:09.293391Z
2025-11-28,US_5Y_YAHOO_FVX,3.5999999046325684,yahoo_query_or_equivalent_authorized_market_data_source,2026-06-25T04:29:09.293391Z
2025-12-01,US_5Y_YAHOO_FVX,3.6730000972747803,yahoo_query_or_equivalent_authorized_market_data_source,2026-06-25T04:29:09.293391Z
2025-12-02,US_5Y_YAHOO_FVX,3.6589999198913574,yahoo_query_or_equivalent_authorized_market_data_source,2026-06-25T04:29:09.293391Z
2025-12-03,US_5Y_YAHOO_FVX,3.624000072479248,yahoo_query_or_equivalent_authorized_market_data_source,2026-06-25T04:29:09.293391Z
2025-12-04,US_5Y_YAHOO_FVX,3.681999921798706,yahoo_query_or_equivalent_authorized_market_data_source,2026-06-25T04:29:09.293391Z
2025-12-05,US_5Y_YAHOO_FVX,3.7149999141693115,yahoo_query_or_equivalent_authorized_market_data_source,2026-06-25T04:29:09.293391Z
2025-12-08,US_5Y_YAHOO_FVX,3.753000020980835,yahoo_query_or_equivalent_authorized_market_data_source,2026-06-25T04:29:09.293391Z
2025-12-09,US_5Y_YAHOO_FVX,3.7799999713897705,yahoo_query_or_equivalent_authorized_market_data_source,2026-06-25T04:29:09.293391Z
2025-12-10,US_5Y_YAHOO_FVX,3.756999969482422,yahoo_query_or_equivalent_authorized_market_data_source,2026-06-25T04:29:09.293391Z
2025-12-11,US_5Y_YAHOO_FVX,3.7149999141693115,yahoo_query_or_equivalent_authorized_market_data_source,2026-06-25T04:29:09.293391Z
2025-12-12,US_5Y_YAHOO_FVX,3.750999927520752,yahoo_query_or_equivalent_authorized_market_data_source,2026-06-25T04:29:09.293391Z
2025-12-15,US_5Y_YAHOO_FVX,3.7330000400543213,yahoo_query_or_equivalent_authorized_market_data_source,2026-06-25T04:29:09.293391Z
2025-12-16,US_5Y_YAHOO_FVX,3.693000078201294,yahoo_query_or_equivalent_authorized_market_data_source,2026-06-25T04:29:09.293391Z
2025-12-17,US_5Y_YAHOO_FVX,3.694999933242798,yahoo_query_or_equivalent_authorized_market_data_source,2026-06-25T04:29:09.293391Z
2025-12-18,US_5Y_YAHOO_FVX,3.6600000858306885,yahoo_query_or_equivalent_authorized_market_data_source,2026-06-25T04:29:09.293391Z
2025-12-19,US_5Y_YAHOO_FVX,3.693000078201294,yahoo_query_or_equivalent_authorized_market_data_source,2026-06-25T04:29:09.293391Z
2025-12-22,US_5Y_YAHOO_FVX,3.7179999351501465,yahoo_query_or_equivalent_authorized_market_data_source,2026-06-25T04:29:09.293391Z
2025-12-23,US_5Y_YAHOO_FVX,3.7339999675750732,yahoo_query_or_equivalent_authorized_market_data_source,2026-06-25T04:29:09.293391Z
2025-12-24,US_5Y_YAHOO_FVX,3.7170000076293945,yahoo_query_or_equivalent_authorized_market_data_source,2026-06-25T04:29:09.293391Z
2025-12-26,US_5Y_YAHOO_FVX,3.697000026702881,yahoo_query_or_equivalent_authorized_market_data_source,2026-06-25T04:29:09.293391Z
2025-12-29,US_5Y_YAHOO_FVX,3.677000045776367,yahoo_query_or_equivalent_authorized_market_data_source,2026-06-25T04:29:09.293391Z
2025-12-30,US_5Y_YAHOO_FVX,3.681999921798706,yahoo_query_or_equivalent_authorized_market_data_source,2026-06-25T04:29:09.293391Z
2025-12-31,US_5Y_YAHOO_FVX,3.7219998836517334,yahoo_query_or_equivalent_authorized_market_data_source,2026-06-25T04:29:09.293391Z
2026-01-02,US_5Y_YAHOO_FVX,3.739000082015991,yahoo_query_or_equivalent_authorized_market_data_source,2026-06-25T04:29:09.293391Z
2026-01-05,US_5Y_YAHOO_FVX,3.7100000381469727,yahoo_query_or_equivalent_authorized_market_data_source,2026-06-25T04:29:09.293391Z
2026-01-06,US_5Y_YAHOO_FVX,3.7200000286102295,yahoo_query_or_equivalent_authorized_market_data_source,2026-06-25T04:29:09.293391Z
2026-01-07,US_5Y_YAHOO_FVX,3.694000005722046,yahoo_query_or_equivalent_authorized_market_data_source,2026-06-25T04:29:09.293391Z
2026-01-08,US_5Y_YAHOO_FVX,3.7360000610351562,yahoo_query_or_equivalent_authorized_market_data_source,2026-06-25T04:29:09.293391Z
2026-01-09,US_5Y_YAHOO_FVX,3.756999969482422,yahoo_query_or_equivalent_authorized_market_data_source,2026-06-25T04:29:09.293391Z
2026-01-12,US_5Y_YAHOO_FVX,3.7669999599456787,yahoo_query_or_equivalent_authorized_market_data_source,2026-06-25T04:29:09.293391Z
2026-01-13,US_5Y_YAHOO_FVX,3.743000030517578,yahoo_query_or_equivalent_authorized_market_data_source,2026-06-25T04:29:09.293391Z
2026-01-14,US_5Y_YAHOO_FVX,3.7170000076293945,yahoo_query_or_equivalent_authorized_market_data_source,2026-06-25T04:29:09.293391Z
2026-01-15,US_5Y_YAHOO_FVX,3.76200008392334,yahoo_query_or_equivalent_authorized_market_data_source,2026-06-25T04:29:09.293391Z
2026-01-16,US_5Y_YAHOO_FVX,3.828000068664551,yahoo_query_or_equivalent_authorized_market_data_source,2026-06-25T04:29:09.293391Z
2026-01-20,US_5Y_YAHOO_FVX,3.8580000400543213,yahoo_query_or_equivalent_authorized_market_data_source,2026-06-25T04:29:09.293391Z
2026-01-21,US_5Y_YAHOO_FVX,3.8310000896453857,yahoo_query_or_equivalent_authorized_market_data_source,2026-06-25T04:29:09.293391Z
2026-01-22,US_5Y_YAHOO_FVX,3.8469998836517334,yahoo_query_or_equivalent_authorized_market_data_source,2026-06-25T04:29:09.293391Z
2026-01-23,US_5Y_YAHOO_FVX,3.8389999866485596,yahoo_query_or_equivalent_authorized_market_data_source,2026-06-25T04:29:09.293391Z
2026-01-26,US_5Y_YAHOO_FVX,3.818000078201294,yahoo_query_or_equivalent_authorized_market_data_source,2026-06-25T04:29:09.293391Z
2026-01-27,US_5Y_YAHOO_FVX,3.813999891281128,yahoo_query_or_equivalent_authorized_market_data_source,2026-06-25T04:29:09.293391Z
2026-01-28,US_5Y_YAHOO_FVX,3.8420000076293945,yahoo_query_or_equivalent_authorized_market_data_source,2026-06-25T04:29:09.293391Z
2026-01-29,US_5Y_YAHOO_FVX,3.805000066757202,yahoo_query_or_equivalent_authorized_market_data_source,2026-06-25T04:29:09.293391Z
2026-01-30,US_5Y_YAHOO_FVX,3.796999931335449,yahoo_query_or_equivalent_authorized_market_data_source,2026-06-25T04:29:09.293391Z
2026-02-02,US_5Y_YAHOO_FVX,3.8350000381469727,yahoo_query_or_equivalent_authorized_market_data_source,2026-06-25T04:29:09.293391Z
2026-02-03,US_5Y_YAHOO_FVX,3.8369998931884766,yahoo_query_or_equivalent_authorized_market_data_source,2026-06-25T04:29:09.293391Z
2026-02-04,US_5Y_YAHOO_FVX,3.8329999446868896,yahoo_query_or_equivalent_authorized_market_data_source,2026-06-25T04:29:09.293391Z
2026-02-05,US_5Y_YAHOO_FVX,3.75,yahoo_query_or_equivalent_authorized_market_data_source,2026-06-25T04:29:09.293391Z
2026-02-06,US_5Y_YAHOO_FVX,3.755000114440918,yahoo_query_or_equivalent_authorized_market_data_source,2026-06-25T04:29:09.293391Z
2026-02-09,US_5Y_YAHOO_FVX,3.740999937057495,yahoo_query_or_equivalent_authorized_market_data_source,2026-06-25T04:29:09.293391Z
2026-02-10,US_5Y_YAHOO_FVX,3.6989998817443848,yahoo_query_or_equivalent_authorized_market_data_source,2026-06-25T04:29:09.293391Z
2026-02-11,US_5Y_YAHOO_FVX,3.740999937057495,yahoo_query_or_equivalent_authorized_market_data_source,2026-06-25T04:29:09.293391Z
2026-02-12,US_5Y_YAHOO_FVX,3.6679999828338623,yahoo_query_or_equivalent_authorized_market_data_source,2026-06-25T04:29:09.293391Z
2026-02-13,US_5Y_YAHOO_FVX,3.6089999675750732,yahoo_query_or_equivalent_authorized_market_data_source,2026-06-25T04:29:09.293391Z
2026-02-17,US_5Y_YAHOO_FVX,3.621000051498413,yahoo_query_or_equivalent_authorized_market_data_source,2026-06-25T04:29:09.293391Z
2026-02-18,US_5Y_YAHOO_FVX,3.6449999809265137,yahoo_query_or_equivalent_authorized_market_data_source,2026-06-25T04:29:09.293391Z
2026-02-19,US_5Y_YAHOO_FVX,3.6470000743865967,yahoo_query_or_equivalent_authorized_market_data_source,2026-06-25T04:29:09.293391Z
2026-02-20,US_5Y_YAHOO_FVX,3.6500000953674316,yahoo_query_or_equivalent_authorized_market_data_source,2026-06-25T04:29:09.293391Z
2026-02-23,US_5Y_YAHOO_FVX,3.5820000171661377,yahoo_query_or_equivalent_authorized_market_data_source,2026-06-25T04:29:09.293391Z
2026-02-24,US_5Y_YAHOO_FVX,3.5980000495910645,yahoo_query_or_equivalent_authorized_market_data_source,2026-06-25T04:29:09.293391Z
2026-02-25,US_5Y_YAHOO_FVX,3.61899995803833,yahoo_query_or_equivalent_authorized_market_data_source,2026-06-25T04:29:09.293391Z
2026-02-26,US_5Y_YAHOO_FVX,3.5829999446868896,yahoo_query_or_equivalent_authorized_market_data_source,2026-06-25T04:29:09.293391Z
2026-02-27,US_5Y_YAHOO_FVX,3.51200008392334,yahoo_query_or_equivalent_authorized_market_data_source,2026-06-25T04:29:09.293391Z
2026-03-02,US_5Y_YAHOO_FVX,3.621000051498413,yahoo_query_or_equivalent_authorized_market_data_source,2026-06-25T04:29:09.293391Z
2026-03-03,US_5Y_YAHOO_FVX,3.63100004196167,yahoo_query_or_equivalent_authorized_market_data_source,2026-06-25T04:29:09.293391Z
2026-03-04,US_5Y_YAHOO_FVX,3.6679999828338623,yahoo_query_or_equivalent_authorized_market_data_source,2026-06-25T04:29:09.293391Z
2026-03-05,US_5Y_YAHOO_FVX,3.743000030517578,yahoo_query_or_equivalent_authorized_market_data_source,2026-06-25T04:29:09.293391Z
2026-03-06,US_5Y_YAHOO_FVX,3.7149999141693115,yahoo_query_or_equivalent_authorized_market_data_source,2026-06-25T04:29:09.293391Z
2026-03-09,US_5Y_YAHOO_FVX,3.7360000610351562,yahoo_query_or_equivalent_authorized_market_data_source,2026-06-25T04:29:09.293391Z
2026-03-10,US_5Y_YAHOO_FVX,3.7149999141693115,yahoo_query_or_equivalent_authorized_market_data_source,2026-06-25T04:29:09.293391Z
2026-03-11,US_5Y_YAHOO_FVX,3.7820000648498535,yahoo_query_or_equivalent_authorized_market_data_source,2026-06-25T04:29:09.293391Z
2026-03-12,US_5Y_YAHOO_FVX,3.884000062942505,yahoo_query_or_equivalent_authorized_market_data_source,2026-06-25T04:29:09.293391Z
2026-03-13,US_5Y_YAHOO_FVX,3.874000072479248,yahoo_query_or_equivalent_authorized_market_data_source,2026-06-25T04:29:09.293391Z
2026-03-16,US_5Y_YAHOO_FVX,3.802999973297119,yahoo_query_or_equivalent_authorized_market_data_source,2026-06-25T04:29:09.293391Z
2026-03-17,US_5Y_YAHOO_FVX,3.7860000133514404,yahoo_query_or_equivalent_authorized_market_data_source,2026-06-25T04:29:09.293391Z
2026-03-18,US_5Y_YAHOO_FVX,3.861999988555908,yahoo_query_or_equivalent_authorized_market_data_source,2026-06-25T04:29:09.293391Z
2026-03-19,US_5Y_YAHOO_FVX,3.9189999103546143,yahoo_query_or_equivalent_authorized_market_data_source,2026-06-25T04:29:09.293391Z
2026-03-20,US_5Y_YAHOO_FVX,4.01200008392334,yahoo_query_or_equivalent_authorized_market_data_source,2026-06-25T04:29:09.293391Z
2026-03-23,US_5Y_YAHOO_FVX,3.950000047683716,yahoo_query_or_equivalent_authorized_market_data_source,2026-06-25T04:29:09.293391Z
2026-03-24,US_5Y_YAHOO_FVX,4.03000020980835,yahoo_query_or_equivalent_authorized_market_data_source,2026-06-25T04:29:09.293391Z
2026-03-25,US_5Y_YAHOO_FVX,3.9700000286102295,yahoo_query_or_equivalent_authorized_market_data_source,2026-06-25T04:29:09.293391Z
2026-03-26,US_5Y_YAHOO_FVX,4.09499979019165,yahoo_query_or_equivalent_authorized_market_data_source,2026-06-25T04:29:09.293391Z
2026-03-27,US_5Y_YAHOO_FVX,4.070000171661377,yahoo_query_or_equivalent_authorized_market_data_source,2026-06-25T04:29:09.293391Z
2026-03-30,US_5Y_YAHOO_FVX,3.9790000915527344,yahoo_query_or_equivalent_authorized_market_data_source,2026-06-25T04:29:09.293391Z
2026-03-31,US_5Y_YAHOO_FVX,3.944999933242798,yahoo_query_or_equivalent_authorized_market_data_source,2026-06-25T04:29:09.293391Z
2026-04-01,US_5Y_YAHOO_FVX,3.9549999237060547,yahoo_query_or_equivalent_authorized_market_data_source,2026-06-25T04:29:09.293391Z
2026-04-02,US_5Y_YAHOO_FVX,3.947999954223633,yahoo_query_or_equivalent_authorized_market_data_source,2026-06-25T04:29:09.293391Z
2026-04-06,US_5Y_YAHOO_FVX,3.9809999465942383,yahoo_query_or_equivalent_authorized_market_data_source,2026-06-25T04:29:09.293391Z
2026-04-07,US_5Y_YAHOO_FVX,3.9760000705718994,yahoo_query_or_equivalent_authorized_market_data_source,2026-06-25T04:29:09.293391Z
2026-04-08,US_5Y_YAHOO_FVX,3.9200000762939453,yahoo_query_or_equivalent_authorized_market_data_source,2026-06-25T04:29:09.293391Z
2026-04-09,US_5Y_YAHOO_FVX,3.9149999618530273,yahoo_query_or_equivalent_authorized_market_data_source,2026-06-25T04:29:09.293391Z
2026-04-10,US_5Y_YAHOO_FVX,3.938999891281128,yahoo_query_or_equivalent_authorized_market_data_source,2026-06-25T04:29:09.293391Z
2026-04-13,US_5Y_YAHOO_FVX,3.9170000553131104,yahoo_query_or_equivalent_authorized_market_data_source,2026-06-25T04:29:09.293391Z
2026-04-14,US_5Y_YAHOO_FVX,3.871000051498413,yahoo_query_or_equivalent_authorized_market_data_source,2026-06-25T04:29:09.293391Z
2026-04-15,US_5Y_YAHOO_FVX,3.8959999084472656,yahoo_query_or_equivalent_authorized_market_data_source,2026-06-25T04:29:09.293391Z
2026-04-16,US_5Y_YAHOO_FVX,3.9130001068115234,yahoo_query_or_equivalent_authorized_market_data_source,2026-06-25T04:29:09.293391Z
2026-04-17,US_5Y_YAHOO_FVX,3.8380000591278076,yahoo_query_or_equivalent_authorized_market_data_source,2026-06-25T04:29:09.293391Z
2026-04-20,US_5Y_YAHOO_FVX,3.8499999046325684,yahoo_query_or_equivalent_authorized_market_data_source,2026-06-25T04:29:09.293391Z
2026-04-21,US_5Y_YAHOO_FVX,3.9079999923706055,yahoo_query_or_equivalent_authorized_market_data_source,2026-06-25T04:29:09.293391Z
2026-04-22,US_5Y_YAHOO_FVX,3.9149999618530273,yahoo_query_or_equivalent_authorized_market_data_source,2026-06-25T04:29:09.293391Z
2026-04-23,US_5Y_YAHOO_FVX,3.9519999027252197,yahoo_query_or_equivalent_authorized_market_data_source,2026-06-25T04:29:09.293391Z
2026-04-24,US_5Y_YAHOO_FVX,3.9200000762939453,yahoo_query_or_equivalent_authorized_market_data_source,2026-06-25T04:29:09.293391Z
2026-04-27,US_5Y_YAHOO_FVX,3.947000026702881,yahoo_query_or_equivalent_authorized_market_data_source,2026-06-25T04:29:09.293391Z
2026-04-28,US_5Y_YAHOO_FVX,3.9830000400543213,yahoo_query_or_equivalent_authorized_market_data_source,2026-06-25T04:29:09.293391Z
2026-04-29,US_5Y_YAHOO_FVX,4.065000057220459,yahoo_query_or_equivalent_authorized_market_data_source,2026-06-25T04:29:09.293391Z
2026-04-30,US_5Y_YAHOO_FVX,4.0229997634887695,yahoo_query_or_equivalent_authorized_market_data_source,2026-06-25T04:29:09.293391Z
2026-05-01,US_5Y_YAHOO_FVX,4.020999908447266,yahoo_query_or_equivalent_authorized_market_data_source,2026-06-25T04:29:09.293391Z
2026-05-04,US_5Y_YAHOO_FVX,4.0929999351501465,yahoo_query_or_equivalent_authorized_market_data_source,2026-06-25T04:29:09.293391Z
2026-05-05,US_5Y_YAHOO_FVX,4.072000026702881,yahoo_query_or_equivalent_authorized_market_data_source,2026-06-25T04:29:09.293391Z
2026-05-06,US_5Y_YAHOO_FVX,4.001999855041504,yahoo_query_or_equivalent_authorized_market_data_source,2026-06-25T04:29:09.293391Z
2026-05-07,US_5Y_YAHOO_FVX,4.044000148773193,yahoo_query_or_equivalent_authorized_market_data_source,2026-06-25T04:29:09.293391Z
2026-05-08,US_5Y_YAHOO_FVX,4.013000011444092,yahoo_query_or_equivalent_authorized_market_data_source,2026-06-25T04:29:09.293391Z
2026-05-11,US_5Y_YAHOO_FVX,4.067999839782715,yahoo_query_or_equivalent_authorized_market_data_source,2026-06-25T04:29:09.293391Z
2026-05-12,US_5Y_YAHOO_FVX,4.124000072479248,yahoo_query_or_equivalent_authorized_market_data_source,2026-06-25T04:29:09.293391Z
2026-05-13,US_5Y_YAHOO_FVX,4.130000114440918,yahoo_query_or_equivalent_authorized_market_data_source,2026-06-25T04:29:09.293391Z
2026-05-14,US_5Y_YAHOO_FVX,4.120999813079834,yahoo_query_or_equivalent_authorized_market_data_source,2026-06-25T04:29:09.293391Z
2026-05-15,US_5Y_YAHOO_FVX,4.257999897003174,yahoo_query_or_equivalent_authorized_market_data_source,2026-06-25T04:29:09.293391Z
2026-05-18,US_5Y_YAHOO_FVX,4.28000020980835,yahoo_query_or_equivalent_authorized_market_data_source,2026-06-25T04:29:09.293391Z
2026-05-19,US_5Y_YAHOO_FVX,4.329999923706055,yahoo_query_or_equivalent_authorized_market_data_source,2026-06-25T04:29:09.293391Z
2026-05-20,US_5Y_YAHOO_FVX,4.224999904632568,yahoo_query_or_equivalent_authorized_market_data_source,2026-06-25T04:29:09.293391Z
2026-05-21,US_5Y_YAHOO_FVX,4.256999969482422,yahoo_query_or_equivalent_authorized_market_data_source,2026-06-25T04:29:09.293391Z
2026-05-22,US_5Y_YAHOO_FVX,4.25600004196167,yahoo_query_or_equivalent_authorized_market_data_source,2026-06-25T04:29:09.293391Z
2026-05-26,US_5Y_YAHOO_FVX,4.183000087738037,yahoo_query_or_equivalent_authorized_market_data_source,2026-06-25T04:29:09.293391Z
2026-05-27,US_5Y_YAHOO_FVX,4.177000045776367,yahoo_query_or_equivalent_authorized_market_data_source,2026-06-25T04:29:09.293391Z
2026-05-28,US_5Y_YAHOO_FVX,4.159999847412109,yahoo_query_or_equivalent_authorized_market_data_source,2026-06-25T04:29:09.293391Z
2026-05-29,US_5Y_YAHOO_FVX,4.14900016784668,yahoo_query_or_equivalent_authorized_market_data_source,2026-06-25T04:29:09.293391Z
2026-06-01,US_5Y_YAHOO_FVX,4.185999870300293,yahoo_query_or_equivalent_authorized_market_data_source,2026-06-25T04:29:09.293391Z
2026-06-02,US_5Y_YAHOO_FVX,4.177000045776367,yahoo_query_or_equivalent_authorized_market_data_source,2026-06-25T04:29:09.293391Z
2026-06-03,US_5Y_YAHOO_FVX,4.214000225067139,yahoo_query_or_equivalent_authorized_market_data_source,2026-06-25T04:29:09.293391Z
2026-06-04,US_5Y_YAHOO_FVX,4.188000202178955,yahoo_query_or_equivalent_authorized_market_data_source,2026-06-25T04:29:09.293391Z
2026-06-05,US_5Y_YAHOO_FVX,4.28000020980835,yahoo_query_or_equivalent_authorized_market_data_source,2026-06-25T04:29:09.293391Z
2026-06-08,US_5Y_YAHOO_FVX,4.281000137329102,yahoo_query_or_equivalent_authorized_market_data_source,2026-06-25T04:29:09.293391Z
2026-06-09,US_5Y_YAHOO_FVX,4.252999782562256,yahoo_query_or_equivalent_authorized_market_data_source,2026-06-25T04:29:09.293391Z
2026-06-10,US_5Y_YAHOO_FVX,4.263999938964844,yahoo_query_or_equivalent_authorized_market_data_source,2026-06-25T04:29:09.293391Z
2026-06-11,US_5Y_YAHOO_FVX,4.190000057220459,yahoo_query_or_equivalent_authorized_market_data_source,2026-06-25T04:29:09.293391Z
2026-06-12,US_5Y_YAHOO_FVX,4.2129998207092285,yahoo_query_or_equivalent_authorized_market_data_source,2026-06-25T04:29:09.293391Z
2026-06-15,US_5Y_YAHOO_FVX,4.188000202178955,yahoo_query_or_equivalent_authorized_market_data_source,2026-06-25T04:29:09.293391Z
2026-06-16,US_5Y_YAHOO_FVX,4.151000022888184,yahoo_query_or_equivalent_authorized_market_data_source,2026-06-25T04:29:09.293391Z
2026-06-17,US_5Y_YAHOO_FVX,4.229000091552734,yahoo_query_or_equivalent_authorized_market_data_source,2026-06-25T04:29:09.293391Z
2026-06-18,US_5Y_YAHOO_FVX,4.224999904632568,yahoo_query_or_equivalent_authorized_market_data_source,2026-06-25T04:29:09.293391Z
2026-06-24,US_5Y_YAHOO_FVX,4.175999641418457,yahoo_query_or_equivalent_authorized_market_data_source,2026-06-25T04:29:09.293391Z
2018-01-02,US_10Y_YAHOO_TNX,2.4649999141693115,yahoo_query_or_equivalent_authorized_market_data_source,2026-06-25T04:29:13.400222Z
2018-01-03,US_10Y_YAHOO_TNX,2.447000026702881,yahoo_query_or_equivalent_authorized_market_data_source,2026-06-25T04:29:13.400222Z
2018-01-04,US_10Y_YAHOO_TNX,2.453000068664551,yahoo_query_or_equivalent_authorized_market_data_source,2026-06-25T04:29:13.400222Z
2018-01-05,US_10Y_YAHOO_TNX,2.4760000705718994,yahoo_query_or_equivalent_authorized_market_data_source,2026-06-25T04:29:13.400222Z
2018-01-08,US_10Y_YAHOO_TNX,2.4800000190734863,yahoo_query_or_equivalent_authorized_market_data_source,2026-06-25T04:29:13.400222Z
2018-01-09,US_10Y_YAHOO_TNX,2.5460000038146973,yahoo_query_or_equivalent_authorized_market_data_source,2026-06-25T04:29:13.400222Z
2018-01-10,US_10Y_YAHOO_TNX,2.549999952316284,yahoo_query_or_equivalent_authorized_market_data_source,2026-06-25T04:29:13.400222Z
2018-01-11,US_10Y_YAHOO_TNX,2.5309998989105225,yahoo_query_or_equivalent_authorized_market_data_source,2026-06-25T04:29:13.400222Z
2018-01-12,US_10Y_YAHOO_TNX,2.552000045776367,yahoo_query_or_equivalent_authorized_market_data_source,2026-06-25T04:29:13.400222Z
2018-01-16,US_10Y_YAHOO_TNX,2.5439999103546143,yahoo_query_or_equivalent_authorized_market_data_source,2026-06-25T04:29:13.400222Z
2018-01-17,US_10Y_YAHOO_TNX,2.578000068664551,yahoo_query_or_equivalent_authorized_market_data_source,2026-06-25T04:29:13.400222Z
2018-01-18,US_10Y_YAHOO_TNX,2.6110000610351562,yahoo_query_or_equivalent_authorized_market_data_source,2026-06-25T04:29:13.400222Z
2018-01-19,US_10Y_YAHOO_TNX,2.63700008392334,yahoo_query_or_equivalent_authorized_market_data_source,2026-06-25T04:29:13.400222Z
2018-01-22,US_10Y_YAHOO_TNX,2.6649999618530273,yahoo_query_or_equivalent_authorized_market_data_source,2026-06-25T04:29:13.400222Z
2018-01-23,US_10Y_YAHOO_TNX,2.624000072479248,yahoo_query_or_equivalent_authorized_market_data_source,2026-06-25T04:29:13.400222Z
2018-01-24,US_10Y_YAHOO_TNX,2.6540000438690186,yahoo_query_or_equivalent_authorized_market_data_source,2026-06-25T04:29:13.400222Z
2018-01-25,US_10Y_YAHOO_TNX,2.621000051498413,yahoo_query_or_equivalent_authorized_market_data_source,2026-06-25T04:29:13.400222Z
2018-01-26,US_10Y_YAHOO_TNX,2.6619999408721924,yahoo_query_or_equivalent_authorized_market_data_source,2026-06-25T04:29:13.400222Z
2018-01-29,US_10Y_YAHOO_TNX,2.6989998817443848,yahoo_query_or_equivalent_authorized_market_data_source,2026-06-25T04:29:13.400222Z
2018-01-30,US_10Y_YAHOO_TNX,2.7260000705718994,yahoo_query_or_equivalent_authorized_market_data_source,2026-06-25T04:29:13.400222Z
2018-01-31,US_10Y_YAHOO_TNX,2.7200000286102295,yahoo_query_or_equivalent_authorized_market_data_source,2026-06-25T04:29:13.400222Z
2018-02-01,US_10Y_YAHOO_TNX,2.7730000019073486,yahoo_query_or_equivalent_authorized_market_data_source,2026-06-25T04:29:13.400222Z
2018-02-02,US_10Y_YAHOO_TNX,2.8540000915527344,yahoo_query_or_equivalent_authorized_market_data_source,2026-06-25T04:29:13.400222Z
2018-02-05,US_10Y_YAHOO_TNX,2.7939999103546143,yahoo_query_or_equivalent_authorized_market_data_source,2026-06-25T04:29:13.400222Z
2018-02-06,US_10Y_YAHOO_TNX,2.7679998874664307,yahoo_query_or_equivalent_authorized_market_data_source,2026-06-25T04:29:13.400222Z
2018-02-07,US_10Y_YAHOO_TNX,2.8440001010894775,yahoo_query_or_equivalent_authorized_market_data_source,2026-06-25T04:29:13.400222Z
2018-02-08,US_10Y_YAHOO_TNX,2.8510000705718994,yahoo_query_or_equivalent_authorized_market_data_source,2026-06-25T04:29:13.400222Z
2018-02-09,US_10Y_YAHOO_TNX,2.8289999961853027,yahoo_query_or_equivalent_authorized_market_data_source,2026-06-25T04:29:13.400222Z
2018-02-12,US_10Y_YAHOO_TNX,2.8570001125335693,yahoo_query_or_equivalent_authorized_market_data_source,2026-06-25T04:29:13.400222Z
2018-02-13,US_10Y_YAHOO_TNX,2.8399999141693115,yahoo_query_or_equivalent_authorized_market_data_source,2026-06-25T04:29:13.400222Z
2018-02-14,US_10Y_YAHOO_TNX,2.9130001068115234,yahoo_query_or_equivalent_authorized_market_data_source,2026-06-25T04:29:13.400222Z
2018-02-15,US_10Y_YAHOO_TNX,2.8910000324249268,yahoo_query_or_equivalent_authorized_market_data_source,2026-06-25T04:29:13.400222Z
2018-02-16,US_10Y_YAHOO_TNX,2.877000093460083,yahoo_query_or_equivalent_authorized_market_data_source,2026-06-25T04:29:13.400222Z
2018-02-20,US_10Y_YAHOO_TNX,2.8929998874664307,yahoo_query_or_equivalent_authorized_market_data_source,2026-06-25T04:29:13.400222Z
2018-02-21,US_10Y_YAHOO_TNX,2.943000078201294,yahoo_query_or_equivalent_authorized_market_data_source,2026-06-25T04:29:13.400222Z
2018-02-22,US_10Y_YAHOO_TNX,2.9170000553131104,yahoo_query_or_equivalent_authorized_market_data_source,2026-06-25T04:29:13.400222Z
2018-02-23,US_10Y_YAHOO_TNX,2.871000051498413,yahoo_query_or_equivalent_authorized_market_data_source,2026-06-25T04:29:13.400222Z
2018-02-26,US_10Y_YAHOO_TNX,2.8589999675750732,yahoo_query_or_equivalent_authorized_market_data_source,2026-06-25T04:29:13.400222Z
2018-02-27,US_10Y_YAHOO_TNX,2.9079999923706055,yahoo_query_or_equivalent_authorized_market_data_source,2026-06-25T04:29:13.400222Z
2018-02-28,US_10Y_YAHOO_TNX,2.868000030517578,yahoo_query_or_equivalent_authorized_market_data_source,2026-06-25T04:29:13.400222Z
2018-03-01,US_10Y_YAHOO_TNX,2.803999900817871,yahoo_query_or_equivalent_authorized_market_data_source,2026-06-25T04:29:13.400222Z
2018-03-02,US_10Y_YAHOO_TNX,2.8570001125335693,yahoo_query_or_equivalent_authorized_market_data_source,2026-06-25T04:29:13.400222Z
2018-03-05,US_10Y_YAHOO_TNX,2.88100004196167,yahoo_query_or_equivalent_authorized_market_data_source,2026-06-25T04:29:13.400222Z
2018-03-06,US_10Y_YAHOO_TNX,2.877000093460083,yahoo_query_or_equivalent_authorized_market_data_source,2026-06-25T04:29:13.400222Z
2018-03-07,US_10Y_YAHOO_TNX,2.882999897003174,yahoo_query_or_equivalent_authorized_market_data_source,2026-06-25T04:29:13.400222Z
2018-03-08,US_10Y_YAHOO_TNX,2.865999937057495,yahoo_query_or_equivalent_authorized_market_data_source,2026-06-25T04:29:13.400222Z
2018-03-09,US_10Y_YAHOO_TNX,2.8940000534057617,yahoo_query_or_equivalent_authorized_market_data_source,2026-06-25T04:29:13.400222Z
2018-03-12,US_10Y_YAHOO_TNX,2.869999885559082,yahoo_query_or_equivalent_authorized_market_data_source,2026-06-25T04:29:13.400222Z
2018-03-13,US_10Y_YAHOO_TNX,2.8480000495910645,yahoo_query_or_equivalent_authorized_market_data_source,2026-06-25T04:29:13.400222Z
2018-03-14,US_10Y_YAHOO_TNX,2.816999912261963,yahoo_query_or_equivalent_authorized_market_data_source,2026-06-25T04:29:13.400222Z
2018-03-15,US_10Y_YAHOO_TNX,2.8259999752044678,yahoo_query_or_equivalent_authorized_market_data_source,2026-06-25T04:29:13.400222Z
2018-03-16,US_10Y_YAHOO_TNX,2.8480000495910645,yahoo_query_or_equivalent_authorized_market_data_source,2026-06-25T04:29:13.400222Z
2018-03-19,US_10Y_YAHOO_TNX,2.8450000286102295,yahoo_query_or_equivalent_authorized_market_data_source,2026-06-25T04:29:13.400222Z
2018-03-20,US_10Y_YAHOO_TNX,2.878999948501587,yahoo_query_or_equivalent_authorized_market_data_source,2026-06-25T04:29:13.400222Z
2018-03-21,US_10Y_YAHOO_TNX,2.9070000648498535,yahoo_query_or_equivalent_authorized_market_data_source,2026-06-25T04:29:13.400222Z
2018-03-22,US_10Y_YAHOO_TNX,2.8320000171661377,yahoo_query_or_equivalent_authorized_market_data_source,2026-06-25T04:29:13.400222Z
2018-03-23,US_10Y_YAHOO_TNX,2.8299999237060547,yahoo_query_or_equivalent_authorized_market_data_source,2026-06-25T04:29:13.400222Z
2018-03-26,US_10Y_YAHOO_TNX,2.8429999351501465,yahoo_query_or_equivalent_authorized_market_data_source,2026-06-25T04:29:13.400222Z
2018-03-27,US_10Y_YAHOO_TNX,2.7860000133514404,yahoo_query_or_equivalent_authorized_market_data_source,2026-06-25T04:29:13.400222Z
2018-03-28,US_10Y_YAHOO_TNX,2.7750000953674316,yahoo_query_or_equivalent_authorized_market_data_source,2026-06-25T04:29:13.400222Z
2018-03-29,US_10Y_YAHOO_TNX,2.740999937057495,yahoo_query_or_equivalent_authorized_market_data_source,2026-06-25T04:29:13.400222Z
2018-04-02,US_10Y_YAHOO_TNX,2.7320001125335693,yahoo_query_or_equivalent_authorized_market_data_source,2026-06-25T04:29:13.400222Z
2018-04-03,US_10Y_YAHOO_TNX,2.7839999198913574,yahoo_query_or_equivalent_authorized_market_data_source,2026-06-25T04:29:13.400222Z
2018-04-04,US_10Y_YAHOO_TNX,2.7880001068115234,yahoo_query_or_equivalent_authorized_market_data_source,2026-06-25T04:29:13.400222Z
2018-04-05,US_10Y_YAHOO_TNX,2.8320000171661377,yahoo_query_or_equivalent_authorized_market_data_source,2026-06-25T04:29:13.400222Z
2018-04-06,US_10Y_YAHOO_TNX,2.7750000953674316,yahoo_query_or_equivalent_authorized_market_data_source,2026-06-25T04:29:13.400222Z
2018-04-09,US_10Y_YAHOO_TNX,2.7860000133514404,yahoo_query_or_equivalent_authorized_market_data_source,2026-06-25T04:29:13.400222Z
2018-04-10,US_10Y_YAHOO_TNX,2.796999931335449,yahoo_query_or_equivalent_authorized_market_data_source,2026-06-25T04:29:13.400222Z
2018-04-11,US_10Y_YAHOO_TNX,2.7899999618530273,yahoo_query_or_equivalent_authorized_market_data_source,2026-06-25T04:29:13.400222Z
2018-04-12,US_10Y_YAHOO_TNX,2.8340001106262207,yahoo_query_or_equivalent_authorized_market_data_source,2026-06-25T04:29:13.400222Z
2018-04-13,US_10Y_YAHOO_TNX,2.8289999961853027,yahoo_query_or_equivalent_authorized_market_data_source,2026-06-25T04:29:13.400222Z
2018-04-16,US_10Y_YAHOO_TNX,2.8320000171661377,yahoo_query_or_equivalent_authorized_market_data_source,2026-06-25T04:29:13.400222Z
2018-04-17,US_10Y_YAHOO_TNX,2.813999891281128,yahoo_query_or_equivalent_authorized_market_data_source,2026-06-25T04:29:13.400222Z
2018-04-18,US_10Y_YAHOO_TNX,2.867000102996826,yahoo_query_or_equivalent_authorized_market_data_source,2026-06-25T04:29:13.400222Z
2018-04-19,US_10Y_YAHOO_TNX,2.9140000343322754,yahoo_query_or_equivalent_authorized_market_data_source,2026-06-25T04:29:13.400222Z
2018-04-20,US_10Y_YAHOO_TNX,2.9509999752044678,yahoo_query_or_equivalent_authorized_market_data_source,2026-06-25T04:29:13.400222Z
2018-04-23,US_10Y_YAHOO_TNX,2.9730000495910645,yahoo_query_or_equivalent_authorized_market_data_source,2026-06-25T04:29:13.400222Z
2018-04-24,US_10Y_YAHOO_TNX,2.9830000400543213,yahoo_query_or_equivalent_authorized_market_data_source,2026-06-25T04:29:13.400222Z
2018-04-25,US_10Y_YAHOO_TNX,3.0239999294281006,yahoo_query_or_equivalent_authorized_market_data_source,2026-06-25T04:29:13.400222Z
2018-04-26,US_10Y_YAHOO_TNX,2.990000009536743,yahoo_query_or_equivalent_authorized_market_data_source,2026-06-25T04:29:13.400222Z
2018-04-27,US_10Y_YAHOO_TNX,2.9570000171661377,yahoo_query_or_equivalent_authorized_market_data_source,2026-06-25T04:29:13.400222Z
2018-04-30,US_10Y_YAHOO_TNX,2.936000108718872,yahoo_query_or_equivalent_authorized_market_data_source,2026-06-25T04:29:13.400222Z
2018-05-01,US_10Y_YAHOO_TNX,2.9760000705718994,yahoo_query_or_equivalent_authorized_market_data_source,2026-06-25T04:29:13.400222Z
2018-05-02,US_10Y_YAHOO_TNX,2.9639999866485596,yahoo_query_or_equivalent_authorized_market_data_source,2026-06-25T04:29:13.400222Z
2018-05-03,US_10Y_YAHOO_TNX,2.946000099182129,yahoo_query_or_equivalent_authorized_market_data_source,2026-06-25T04:29:13.400222Z
2018-05-04,US_10Y_YAHOO_TNX,2.944000005722046,yahoo_query_or_equivalent_authorized_market_data_source,2026-06-25T04:29:13.400222Z
2018-05-07,US_10Y_YAHOO_TNX,2.950000047683716,yahoo_query_or_equivalent_authorized_market_data_source,2026-06-25T04:29:13.400222Z
2018-05-08,US_10Y_YAHOO_TNX,2.9690001010894775,yahoo_query_or_equivalent_authorized_market_data_source,2026-06-25T04:29:13.400222Z
2018-05-09,US_10Y_YAHOO_TNX,3.003999948501587,yahoo_query_or_equivalent_authorized_market_data_source,2026-06-25T04:29:13.400222Z
2018-05-10,US_10Y_YAHOO_TNX,2.9709999561309814,yahoo_query_or_equivalent_authorized_market_data_source,2026-06-25T04:29:13.400222Z
2018-05-11,US_10Y_YAHOO_TNX,2.9709999561309814,yahoo_query_or_equivalent_authorized_market_data_source,2026-06-25T04:29:13.400222Z
2018-05-14,US_10Y_YAHOO_TNX,2.994999885559082,yahoo_query_or_equivalent_authorized_market_data_source,2026-06-25T04:29:13.400222Z
2018-05-15,US_10Y_YAHOO_TNX,3.0799999237060547,yahoo_query_or_equivalent_authorized_market_data_source,2026-06-25T04:29:13.400222Z
2018-05-16,US_10Y_YAHOO_TNX,3.0950000286102295,yahoo_query_or_equivalent_authorized_market_data_source,2026-06-25T04:29:13.400222Z
2018-05-17,US_10Y_YAHOO_TNX,3.1089999675750732,yahoo_query_or_equivalent_authorized_market_data_source,2026-06-25T04:29:13.400222Z
2018-05-18,US_10Y_YAHOO_TNX,3.066999912261963,yahoo_query_or_equivalent_authorized_market_data_source,2026-06-25T04:29:13.400222Z
2018-05-21,US_10Y_YAHOO_TNX,3.065000057220459,yahoo_query_or_equivalent_authorized_market_data_source,2026-06-25T04:29:13.400222Z
2018-05-22,US_10Y_YAHOO_TNX,3.065000057220459,yahoo_query_or_equivalent_authorized_market_data_source,2026-06-25T04:29:13.400222Z
2018-05-23,US_10Y_YAHOO_TNX,3.003000020980835,yahoo_query_or_equivalent_authorized_market_data_source,2026-06-25T04:29:13.400222Z
2018-05-24,US_10Y_YAHOO_TNX,2.9809999465942383,yahoo_query_or_equivalent_authorized_market_data_source,2026-06-25T04:29:13.400222Z
2018-05-25,US_10Y_YAHOO_TNX,2.930999994277954,yahoo_query_or_equivalent_authorized_market_data_source,2026-06-25T04:29:13.400222Z
2018-05-29,US_10Y_YAHOO_TNX,2.7679998874664307,yahoo_query_or_equivalent_authorized_market_data_source,2026-06-25T04:29:13.400222Z
2018-05-30,US_10Y_YAHOO_TNX,2.8420000076293945,yahoo_query_or_equivalent_authorized_market_data_source,2026-06-25T04:29:13.400222Z
2018-05-31,US_10Y_YAHOO_TNX,2.822000026702881,yahoo_query_or_equivalent_authorized_market_data_source,2026-06-25T04:29:13.400222Z
2018-06-01,US_10Y_YAHOO_TNX,2.8949999809265137,yahoo_query_or_equivalent_authorized_market_data_source,2026-06-25T04:29:13.400222Z
2018-06-04,US_10Y_YAHOO_TNX,2.937000036239624,yahoo_query_or_equivalent_authorized_market_data_source,2026-06-25T04:29:13.400222Z
2018-06-05,US_10Y_YAHOO_TNX,2.9189999103546143,yahoo_query_or_equivalent_authorized_market_data_source,2026-06-25T04:29:13.400222Z
2018-06-06,US_10Y_YAHOO_TNX,2.9749999046325684,yahoo_query_or_equivalent_authorized_market_data_source,2026-06-25T04:29:13.400222Z
2018-06-07,US_10Y_YAHOO_TNX,2.933000087738037,yahoo_query_or_equivalent_authorized_market_data_source,2026-06-25T04:29:13.400222Z
2018-06-08,US_10Y_YAHOO_TNX,2.937000036239624,yahoo_query_or_equivalent_authorized_market_data_source,2026-06-25T04:29:13.400222Z
2018-06-11,US_10Y_YAHOO_TNX,2.9570000171661377,yahoo_query_or_equivalent_authorized_market_data_source,2026-06-25T04:29:13.400222Z
2018-06-12,US_10Y_YAHOO_TNX,2.9570000171661377,yahoo_query_or_equivalent_authorized_market_data_source,2026-06-25T04:29:13.400222Z
2018-06-13,US_10Y_YAHOO_TNX,2.9769999980926514,yahoo_query_or_equivalent_authorized_market_data_source,2026-06-25T04:29:13.400222Z
2018-06-14,US_10Y_YAHOO_TNX,2.946000099182129,yahoo_query_or_equivalent_authorized_market_data_source,2026-06-25T04:29:13.400222Z
2018-06-15,US_10Y_YAHOO_TNX,2.9240000247955322,yahoo_query_or_equivalent_authorized_market_data_source,2026-06-25T04:29:13.400222Z
2018-06-18,US_10Y_YAHOO_TNX,2.9260001182556152,yahoo_query_or_equivalent_authorized_market_data_source,2026-06-25T04:29:13.400222Z
2018-06-19,US_10Y_YAHOO_TNX,2.8929998874664307,yahoo_query_or_equivalent_authorized_market_data_source,2026-06-25T04:29:13.400222Z
2018-06-20,US_10Y_YAHOO_TNX,2.927999973297119,yahoo_query_or_equivalent_authorized_market_data_source,2026-06-25T04:29:13.400222Z
2018-06-21,US_10Y_YAHOO_TNX,2.8970000743865967,yahoo_query_or_equivalent_authorized_market_data_source,2026-06-25T04:29:13.400222Z
2018-06-22,US_10Y_YAHOO_TNX,2.9000000953674316,yahoo_query_or_equivalent_authorized_market_data_source,2026-06-25T04:29:13.400222Z
2018-06-25,US_10Y_YAHOO_TNX,2.875,yahoo_query_or_equivalent_authorized_market_data_source,2026-06-25T04:29:13.400222Z
2018-06-26,US_10Y_YAHOO_TNX,2.880000114440918,yahoo_query_or_equivalent_authorized_market_data_source,2026-06-25T04:29:13.400222Z
2018-06-27,US_10Y_YAHOO_TNX,2.8269999027252197,yahoo_query_or_equivalent_authorized_market_data_source,2026-06-25T04:29:13.400222Z
2018-06-28,US_10Y_YAHOO_TNX,2.8469998836517334,yahoo_query_or_equivalent_authorized_market_data_source,2026-06-25T04:29:13.400222Z
2018-06-29,US_10Y_YAHOO_TNX,2.8489999771118164,yahoo_query_or_equivalent_authorized_market_data_source,2026-06-25T04:29:13.400222Z
2018-07-02,US_10Y_YAHOO_TNX,2.865999937057495,yahoo_query_or_equivalent_authorized_market_data_source,2026-06-25T04:29:13.400222Z
2018-07-03,US_10Y_YAHOO_TNX,2.8380000591278076,yahoo_query_or_equivalent_authorized_market_data_source,2026-06-25T04:29:13.400222Z
2018-07-05,US_10Y_YAHOO_TNX,2.8399999141693115,yahoo_query_or_equivalent_authorized_market_data_source,2026-06-25T04:29:13.400222Z
2018-07-06,US_10Y_YAHOO_TNX,2.8310000896453857,yahoo_query_or_equivalent_authorized_market_data_source,2026-06-25T04:29:13.400222Z
2018-07-09,US_10Y_YAHOO_TNX,2.859999895095825,yahoo_query_or_equivalent_authorized_market_data_source,2026-06-25T04:29:13.400222Z
2018-07-10,US_10Y_YAHOO_TNX,2.872999906539917,yahoo_query_or_equivalent_authorized_market_data_source,2026-06-25T04:29:13.400222Z
2018-07-11,US_10Y_YAHOO_TNX,2.8420000076293945,yahoo_query_or_equivalent_authorized_market_data_source,2026-06-25T04:29:13.400222Z
2018-07-12,US_10Y_YAHOO_TNX,2.8529999256134033,yahoo_query_or_equivalent_authorized_market_data_source,2026-06-25T04:29:13.400222Z
2018-07-13,US_10Y_YAHOO_TNX,2.8310000896453857,yahoo_query_or_equivalent_authorized_market_data_source,2026-06-25T04:29:13.400222Z
2018-07-16,US_10Y_YAHOO_TNX,2.8580000400543213,yahoo_query_or_equivalent_authorized_market_data_source,2026-06-25T04:29:13.400222Z
2018-07-17,US_10Y_YAHOO_TNX,2.864000082015991,yahoo_query_or_equivalent_authorized_market_data_source,2026-06-25T04:29:13.400222Z
2018-07-18,US_10Y_YAHOO_TNX,2.875,yahoo_query_or_equivalent_authorized_market_data_source,2026-06-25T04:29:13.400222Z
2018-07-19,US_10Y_YAHOO_TNX,2.8469998836517334,yahoo_query_or_equivalent_authorized_market_data_source,2026-06-25T04:29:13.400222Z
2018-07-20,US_10Y_YAHOO_TNX,2.8949999809265137,yahoo_query_or_equivalent_authorized_market_data_source,2026-06-25T04:29:13.400222Z
2018-07-23,US_10Y_YAHOO_TNX,2.9649999141693115,yahoo_query_or_equivalent_authorized_market_data_source,2026-06-25T04:29:13.400222Z
2018-07-24,US_10Y_YAHOO_TNX,2.9489998817443848,yahoo_query_or_equivalent_authorized_market_data_source,2026-06-25T04:29:13.400222Z
2018-07-25,US_10Y_YAHOO_TNX,2.936000108718872,yahoo_query_or_equivalent_authorized_market_data_source,2026-06-25T04:29:13.400222Z
2018-07-26,US_10Y_YAHOO_TNX,2.9749999046325684,yahoo_query_or_equivalent_authorized_market_data_source,2026-06-25T04:29:13.400222Z
2018-07-27,US_10Y_YAHOO_TNX,2.9600000381469727,yahoo_query_or_equivalent_authorized_market_data_source,2026-06-25T04:29:13.400222Z
2018-07-30,US_10Y_YAHOO_TNX,2.9749999046325684,yahoo_query_or_equivalent_authorized_market_data_source,2026-06-25T04:29:13.400222Z
2018-07-31,US_10Y_YAHOO_TNX,2.9639999866485596,yahoo_query_or_equivalent_authorized_market_data_source,2026-06-25T04:29:13.400222Z
2018-08-01,US_10Y_YAHOO_TNX,3.003000020980835,yahoo_query_or_equivalent_authorized_market_data_source,2026-06-25T04:29:13.400222Z
2018-08-02,US_10Y_YAHOO_TNX,2.9860000610351562,yahoo_query_or_equivalent_authorized_market_data_source,2026-06-25T04:29:13.400222Z
2018-08-03,US_10Y_YAHOO_TNX,2.953000068664551,yahoo_query_or_equivalent_authorized_market_data_source,2026-06-25T04:29:13.400222Z
2018-08-06,US_10Y_YAHOO_TNX,2.937999963760376,yahoo_query_or_equivalent_authorized_market_data_source,2026-06-25T04:29:13.400222Z
2018-08-07,US_10Y_YAHOO_TNX,2.9730000495910645,yahoo_query_or_equivalent_authorized_market_data_source,2026-06-25T04:29:13.400222Z
2018-08-08,US_10Y_YAHOO_TNX,2.9709999561309814,yahoo_query_or_equivalent_authorized_market_data_source,2026-06-25T04:29:13.400222Z
2018-08-09,US_10Y_YAHOO_TNX,2.934999942779541,yahoo_query_or_equivalent_authorized_market_data_source,2026-06-25T04:29:13.400222Z
2018-08-10,US_10Y_YAHOO_TNX,2.8570001125335693,yahoo_query_or_equivalent_authorized_market_data_source,2026-06-25T04:29:13.400222Z
2018-08-13,US_10Y_YAHOO_TNX,2.877000093460083,yahoo_query_or_equivalent_authorized_market_data_source,2026-06-25T04:29:13.400222Z
2018-08-14,US_10Y_YAHOO_TNX,2.8949999809265137,yahoo_query_or_equivalent_authorized_market_data_source,2026-06-25T04:29:13.400222Z
2018-08-15,US_10Y_YAHOO_TNX,2.8519999980926514,yahoo_query_or_equivalent_authorized_market_data_source,2026-06-25T04:29:13.400222Z
2018-08-16,US_10Y_YAHOO_TNX,2.871000051498413,yahoo_query_or_equivalent_authorized_market_data_source,2026-06-25T04:29:13.400222Z
2018-08-17,US_10Y_YAHOO_TNX,2.872999906539917,yahoo_query_or_equivalent_authorized_market_data_source,2026-06-25T04:29:13.400222Z
2018-08-20,US_10Y_YAHOO_TNX,2.822999954223633,yahoo_query_or_equivalent_authorized_market_data_source,2026-06-25T04:29:13.400222Z
2018-08-21,US_10Y_YAHOO_TNX,2.8440001010894775,yahoo_query_or_equivalent_authorized_market_data_source,2026-06-25T04:29:13.400222Z
2018-08-22,US_10Y_YAHOO_TNX,2.822999954223633,yahoo_query_or_equivalent_authorized_market_data_source,2026-06-25T04:29:13.400222Z
2018-08-23,US_10Y_YAHOO_TNX,2.821000099182129,yahoo_query_or_equivalent_authorized_market_data_source,2026-06-25T04:29:13.400222Z
2018-08-24,US_10Y_YAHOO_TNX,2.8259999752044678,yahoo_query_or_equivalent_authorized_market_data_source,2026-06-25T04:29:13.400222Z
2018-08-27,US_10Y_YAHOO_TNX,2.8480000495910645,yahoo_query_or_equivalent_authorized_market_data_source,2026-06-25T04:29:13.400222Z
2018-08-28,US_10Y_YAHOO_TNX,2.884000062942505,yahoo_query_or_equivalent_authorized_market_data_source,2026-06-25T04:29:13.400222Z
2018-08-29,US_10Y_YAHOO_TNX,2.884000062942505,yahoo_query_or_equivalent_authorized_market_data_source,2026-06-25T04:29:13.400222Z
2018-08-30,US_10Y_YAHOO_TNX,2.859999895095825,yahoo_query_or_equivalent_authorized_market_data_source,2026-06-25T04:29:13.400222Z
2018-08-31,US_10Y_YAHOO_TNX,2.8529999256134033,yahoo_query_or_equivalent_authorized_market_data_source,2026-06-25T04:29:13.400222Z
2018-09-04,US_10Y_YAHOO_TNX,2.9019999504089355,yahoo_query_or_equivalent_authorized_market_data_source,2026-06-25T04:29:13.400222Z
2018-09-05,US_10Y_YAHOO_TNX,2.9019999504089355,yahoo_query_or_equivalent_authorized_market_data_source,2026-06-25T04:29:13.400222Z
2018-09-06,US_10Y_YAHOO_TNX,2.878999948501587,yahoo_query_or_equivalent_authorized_market_data_source,2026-06-25T04:29:13.400222Z
2018-09-07,US_10Y_YAHOO_TNX,2.941999912261963,yahoo_query_or_equivalent_authorized_market_data_source,2026-06-25T04:29:13.400222Z
2018-09-10,US_10Y_YAHOO_TNX,2.937000036239624,yahoo_query_or_equivalent_authorized_market_data_source,2026-06-25T04:29:13.400222Z
2018-09-11,US_10Y_YAHOO_TNX,2.9769999980926514,yahoo_query_or_equivalent_authorized_market_data_source,2026-06-25T04:29:13.400222Z
2018-09-12,US_10Y_YAHOO_TNX,2.9630000591278076,yahoo_query_or_equivalent_authorized_market_data_source,2026-06-25T04:29:13.400222Z
2018-09-13,US_10Y_YAHOO_TNX,2.9630000591278076,yahoo_query_or_equivalent_authorized_market_data_source,2026-06-25T04:29:13.400222Z
2018-09-14,US_10Y_YAHOO_TNX,2.99399995803833,yahoo_query_or_equivalent_authorized_market_data_source,2026-06-25T04:29:13.400222Z
2018-09-17,US_10Y_YAHOO_TNX,3.000999927520752,yahoo_query_or_equivalent_authorized_market_data_source,2026-06-25T04:29:13.400222Z
2018-09-18,US_10Y_YAHOO_TNX,3.0480000972747803,yahoo_query_or_equivalent_authorized_market_data_source,2026-06-25T04:29:13.400222Z
2018-09-19,US_10Y_YAHOO_TNX,3.0829999446868896,yahoo_query_or_equivalent_authorized_market_data_source,2026-06-25T04:29:13.400222Z
2018-09-20,US_10Y_YAHOO_TNX,3.078000068664551,yahoo_query_or_equivalent_authorized_market_data_source,2026-06-25T04:29:13.400222Z
2018-09-21,US_10Y_YAHOO_TNX,3.068000078201294,yahoo_query_or_equivalent_authorized_market_data_source,2026-06-25T04:29:13.400222Z
2018-09-24,US_10Y_YAHOO_TNX,3.078000068664551,yahoo_query_or_equivalent_authorized_market_data_source,2026-06-25T04:29:13.400222Z
2018-09-25,US_10Y_YAHOO_TNX,3.1019999980926514,yahoo_query_or_equivalent_authorized_market_data_source,2026-06-25T04:29:13.400222Z
2018-09-26,US_10Y_YAHOO_TNX,3.061000108718872,yahoo_query_or_equivalent_authorized_market_data_source,2026-06-25T04:29:13.400222Z
2018-09-27,US_10Y_YAHOO_TNX,3.055999994277954,yahoo_query_or_equivalent_authorized_market_data_source,2026-06-25T04:29:13.400222Z
2018-09-28,US_10Y_YAHOO_TNX,3.055999994277954,yahoo_query_or_equivalent_authorized_market_data_source,2026-06-25T04:29:13.400222Z
2018-10-01,US_10Y_YAHOO_TNX,3.0799999237060547,yahoo_query_or_equivalent_authorized_market_data_source,2026-06-25T04:29:13.400222Z
2018-10-02,US_10Y_YAHOO_TNX,3.055999994277954,yahoo_query_or_equivalent_authorized_market_data_source,2026-06-25T04:29:13.400222Z
2018-10-03,US_10Y_YAHOO_TNX,3.1610000133514404,yahoo_query_or_equivalent_authorized_market_data_source,2026-06-25T04:29:13.400222Z
2018-10-04,US_10Y_YAHOO_TNX,3.197000026702881,yahoo_query_or_equivalent_authorized_market_data_source,2026-06-25T04:29:13.400222Z
2018-10-05,US_10Y_YAHOO_TNX,3.2249999046325684,yahoo_query_or_equivalent_authorized_market_data_source,2026-06-25T04:29:13.400222Z
2018-10-08,US_10Y_YAHOO_TNX,3.2330000400543213,yahoo_query_or_equivalent_authorized_market_data_source,2026-06-25T04:29:13.400222Z
2018-10-09,US_10Y_YAHOO_TNX,3.2079999446868896,yahoo_query_or_equivalent_authorized_market_data_source,2026-06-25T04:29:13.400222Z
2018-10-10,US_10Y_YAHOO_TNX,3.2249999046325684,yahoo_query_or_equivalent_authorized_market_data_source,2026-06-25T04:29:13.400222Z
2018-10-11,US_10Y_YAHOO_TNX,3.132999897003174,yahoo_query_or_equivalent_authorized_market_data_source,2026-06-25T04:29:13.400222Z
2018-10-12,US_10Y_YAHOO_TNX,3.1410000324249268,yahoo_query_or_equivalent_authorized_market_data_source,2026-06-25T04:29:13.400222Z
2018-10-15,US_10Y_YAHOO_TNX,3.1630001068115234,yahoo_query_or_equivalent_authorized_market_data_source,2026-06-25T04:29:13.400222Z
2018-10-16,US_10Y_YAHOO_TNX,3.1559998989105225,yahoo_query_or_equivalent_authorized_market_data_source,2026-06-25T04:29:13.400222Z
2018-10-17,US_10Y_YAHOO_TNX,3.178999900817871,yahoo_query_or_equivalent_authorized_market_data_source,2026-06-25T04:29:13.400222Z
2018-10-18,US_10Y_YAHOO_TNX,3.174999952316284,yahoo_query_or_equivalent_authorized_market_data_source,2026-06-25T04:29:13.400222Z
2018-10-19,US_10Y_YAHOO_TNX,3.197999954223633,yahoo_query_or_equivalent_authorized_market_data_source,2026-06-25T04:29:13.400222Z
2018-10-22,US_10Y_YAHOO_TNX,3.196000099182129,yahoo_query_or_equivalent_authorized_market_data_source,2026-06-25T04:29:13.400222Z
2018-10-23,US_10Y_YAHOO_TNX,3.1659998893737793,yahoo_query_or_equivalent_authorized_market_data_source,2026-06-25T04:29:13.400222Z
2018-10-24,US_10Y_YAHOO_TNX,3.124000072479248,yahoo_query_or_equivalent_authorized_market_data_source,2026-06-25T04:29:13.400222Z
2018-10-25,US_10Y_YAHOO_TNX,3.135999917984009,yahoo_query_or_equivalent_authorized_market_data_source,2026-06-25T04:29:13.400222Z
2018-10-26,US_10Y_YAHOO_TNX,3.0769999027252197,yahoo_query_or_equivalent_authorized_market_data_source,2026-06-25T04:29:13.400222Z
2018-10-29,US_10Y_YAHOO_TNX,3.0869998931884766,yahoo_query_or_equivalent_authorized_market_data_source,2026-06-25T04:29:13.400222Z
2018-10-30,US_10Y_YAHOO_TNX,3.109999895095825,yahoo_query_or_equivalent_authorized_market_data_source,2026-06-25T04:29:13.400222Z
2018-10-31,US_10Y_YAHOO_TNX,3.1589999198913574,yahoo_query_or_equivalent_authorized_market_data_source,2026-06-25T04:29:13.400222Z
2018-11-01,US_10Y_YAHOO_TNX,3.1440000534057617,yahoo_query_or_equivalent_authorized_market_data_source,2026-06-25T04:29:13.400222Z
2018-11-02,US_10Y_YAHOO_TNX,3.2139999866485596,yahoo_query_or_equivalent_authorized_market_data_source,2026-06-25T04:29:13.400222Z
2018-11-05,US_10Y_YAHOO_TNX,3.2009999752044678,yahoo_query_or_equivalent_authorized_market_data_source,2026-06-25T04:29:13.400222Z
2018-11-06,US_10Y_YAHOO_TNX,3.2139999866485596,yahoo_query_or_equivalent_authorized_market_data_source,2026-06-25T04:29:13.400222Z
2018-11-07,US_10Y_YAHOO_TNX,3.2130000591278076,yahoo_query_or_equivalent_authorized_market_data_source,2026-06-25T04:29:13.400222Z
2018-11-08,US_10Y_YAHOO_TNX,3.2339999675750732,yahoo_query_or_equivalent_authorized_market_data_source,2026-06-25T04:29:13.400222Z
2018-11-09,US_10Y_YAHOO_TNX,3.188999891281128,yahoo_query_or_equivalent_authorized_market_data_source,2026-06-25T04:29:13.400222Z
2018-11-12,US_10Y_YAHOO_TNX,3.186000108718872,yahoo_query_or_equivalent_authorized_market_data_source,2026-06-25T04:29:13.400222Z
2018-11-13,US_10Y_YAHOO_TNX,3.1449999809265137,yahoo_query_or_equivalent_authorized_market_data_source,2026-06-25T04:29:13.400222Z
2018-11-14,US_10Y_YAHOO_TNX,3.119999885559082,yahoo_query_or_equivalent_authorized_market_data_source,2026-06-25T04:29:13.400222Z
2018-11-15,US_10Y_YAHOO_TNX,3.118000030517578,yahoo_query_or_equivalent_authorized_market_data_source,2026-06-25T04:29:13.400222Z
2018-11-16,US_10Y_YAHOO_TNX,3.0739998817443848,yahoo_query_or_equivalent_authorized_market_data_source,2026-06-25T04:29:13.400222Z
2018-11-19,US_10Y_YAHOO_TNX,3.056999921798706,yahoo_query_or_equivalent_authorized_market_data_source,2026-06-25T04:29:13.400222Z
2018-11-20,US_10Y_YAHOO_TNX,3.0480000972747803,yahoo_query_or_equivalent_authorized_market_data_source,2026-06-25T04:29:13.400222Z
2018-11-21,US_10Y_YAHOO_TNX,3.061000108718872,yahoo_query_or_equivalent_authorized_market_data_source,2026-06-25T04:29:13.400222Z
2018-11-23,US_10Y_YAHOO_TNX,3.053999900817871,yahoo_query_or_equivalent_authorized_market_data_source,2026-06-25T04:29:13.400222Z
2018-11-26,US_10Y_YAHOO_TNX,3.072000026702881,yahoo_query_or_equivalent_authorized_market_data_source,2026-06-25T04:29:13.400222Z
2018-11-27,US_10Y_YAHOO_TNX,3.055000066757202,yahoo_query_or_equivalent_authorized_market_data_source,2026-06-25T04:29:13.400222Z
2018-11-28,US_10Y_YAHOO_TNX,3.0439999103546143,yahoo_query_or_equivalent_authorized_market_data_source,2026-06-25T04:29:13.400222Z
2018-11-29,US_10Y_YAHOO_TNX,3.0350000858306885,yahoo_query_or_equivalent_authorized_market_data_source,2026-06-25T04:29:13.400222Z
2018-11-30,US_10Y_YAHOO_TNX,3.013000011444092,yahoo_query_or_equivalent_authorized_market_data_source,2026-06-25T04:29:13.400222Z
2018-12-03,US_10Y_YAHOO_TNX,2.992000102996826,yahoo_query_or_equivalent_authorized_market_data_source,2026-06-25T04:29:13.400222Z
2018-12-04,US_10Y_YAHOO_TNX,2.9240000247955322,yahoo_query_or_equivalent_authorized_market_data_source,2026-06-25T04:29:13.400222Z
2018-12-06,US_10Y_YAHOO_TNX,2.875999927520752,yahoo_query_or_equivalent_authorized_market_data_source,2026-06-25T04:29:13.400222Z
2018-12-07,US_10Y_YAHOO_TNX,2.8499999046325684,yahoo_query_or_equivalent_authorized_market_data_source,2026-06-25T04:29:13.400222Z
2018-12-10,US_10Y_YAHOO_TNX,2.8559999465942383,yahoo_query_or_equivalent_authorized_market_data_source,2026-06-25T04:29:13.400222Z
2018-12-11,US_10Y_YAHOO_TNX,2.878999948501587,yahoo_query_or_equivalent_authorized_market_data_source,2026-06-25T04:29:13.400222Z
2018-12-12,US_10Y_YAHOO_TNX,2.9059998989105225,yahoo_query_or_equivalent_authorized_market_data_source,2026-06-25T04:29:13.400222Z
2018-12-13,US_10Y_YAHOO_TNX,2.9110000133514404,yahoo_query_or_equivalent_authorized_market_data_source,2026-06-25T04:29:13.400222Z
2018-12-14,US_10Y_YAHOO_TNX,2.8910000324249268,yahoo_query_or_equivalent_authorized_market_data_source,2026-06-25T04:29:13.400222Z
2018-12-17,US_10Y_YAHOO_TNX,2.8570001125335693,yahoo_query_or_equivalent_authorized_market_data_source,2026-06-25T04:29:13.400222Z
2018-12-18,US_10Y_YAHOO_TNX,2.825000047683716,yahoo_query_or_equivalent_authorized_market_data_source,2026-06-25T04:29:13.400222Z
2018-12-19,US_10Y_YAHOO_TNX,2.7780001163482666,yahoo_query_or_equivalent_authorized_market_data_source,2026-06-25T04:29:13.400222Z
2018-12-20,US_10Y_YAHOO_TNX,2.7890000343322754,yahoo_query_or_equivalent_authorized_market_data_source,2026-06-25T04:29:13.400222Z
2018-12-21,US_10Y_YAHOO_TNX,2.7920000553131104,yahoo_query_or_equivalent_authorized_market_data_source,2026-06-25T04:29:13.400222Z
2018-12-24,US_10Y_YAHOO_TNX,2.749000072479248,yahoo_query_or_equivalent_authorized_market_data_source,2026-06-25T04:29:13.400222Z
2018-12-26,US_10Y_YAHOO_TNX,2.796999931335449,yahoo_query_or_equivalent_authorized_market_data_source,2026-06-25T04:29:13.400222Z
2018-12-27,US_10Y_YAHOO_TNX,2.743000030517578,yahoo_query_or_equivalent_authorized_market_data_source,2026-06-25T04:29:13.400222Z
2018-12-28,US_10Y_YAHOO_TNX,2.7360000610351562,yahoo_query_or_equivalent_authorized_market_data_source,2026-06-25T04:29:13.400222Z
2018-12-31,US_10Y_YAHOO_TNX,2.686000108718872,yahoo_query_or_equivalent_authorized_market_data_source,2026-06-25T04:29:13.400222Z
2019-01-02,US_10Y_YAHOO_TNX,2.6610000133514404,yahoo_query_or_equivalent_authorized_market_data_source,2026-06-25T04:29:13.400222Z
2019-01-03,US_10Y_YAHOO_TNX,2.553999900817871,yahoo_query_or_equivalent_authorized_market_data_source,2026-06-25T04:29:13.400222Z
2019-01-04,US_10Y_YAHOO_TNX,2.6589999198913574,yahoo_query_or_equivalent_authorized_market_data_source,2026-06-25T04:29:13.400222Z
2019-01-07,US_10Y_YAHOO_TNX,2.681999921798706,yahoo_query_or_equivalent_authorized_market_data_source,2026-06-25T04:29:13.400222Z
2019-01-08,US_10Y_YAHOO_TNX,2.7160000801086426,yahoo_query_or_equivalent_authorized_market_data_source,2026-06-25T04:29:13.400222Z
2019-01-09,US_10Y_YAHOO_TNX,2.7279999256134033,yahoo_query_or_equivalent_authorized_market_data_source,2026-06-25T04:29:13.400222Z
2019-01-10,US_10Y_YAHOO_TNX,2.7309999465942383,yahoo_query_or_equivalent_authorized_market_data_source,2026-06-25T04:29:13.400222Z
2019-01-11,US_10Y_YAHOO_TNX,2.7009999752044678,yahoo_query_or_equivalent_authorized_market_data_source,2026-06-25T04:29:13.400222Z
2019-01-14,US_10Y_YAHOO_TNX,2.7100000381469727,yahoo_query_or_equivalent_authorized_market_data_source,2026-06-25T04:29:13.400222Z
2019-01-15,US_10Y_YAHOO_TNX,2.7109999656677246,yahoo_query_or_equivalent_authorized_market_data_source,2026-06-25T04:29:13.400222Z
2019-01-16,US_10Y_YAHOO_TNX,2.7309999465942383,yahoo_query_or_equivalent_authorized_market_data_source,2026-06-25T04:29:13.400222Z
2019-01-17,US_10Y_YAHOO_TNX,2.749000072479248,yahoo_query_or_equivalent_authorized_market_data_source,2026-06-25T04:29:13.400222Z
2019-01-18,US_10Y_YAHOO_TNX,2.7839999198913574,yahoo_query_or_equivalent_authorized_market_data_source,2026-06-25T04:29:13.400222Z
2019-01-22,US_10Y_YAHOO_TNX,2.7300000190734863,yahoo_query_or_equivalent_authorized_market_data_source,2026-06-25T04:29:13.400222Z
2019-01-23,US_10Y_YAHOO_TNX,2.755000114440918,yahoo_query_or_equivalent_authorized_market_data_source,2026-06-25T04:29:13.400222Z
2019-01-24,US_10Y_YAHOO_TNX,2.7119998931884766,yahoo_query_or_equivalent_authorized_market_data_source,2026-06-25T04:29:13.400222Z
2019-01-25,US_10Y_YAHOO_TNX,2.753000020980835,yahoo_query_or_equivalent_authorized_market_data_source,2026-06-25T04:29:13.400222Z
2019-01-28,US_10Y_YAHOO_TNX,2.74399995803833,yahoo_query_or_equivalent_authorized_market_data_source,2026-06-25T04:29:13.400222Z
2019-01-29,US_10Y_YAHOO_TNX,2.7119998931884766,yahoo_query_or_equivalent_authorized_market_data_source,2026-06-25T04:29:13.400222Z
2019-01-30,US_10Y_YAHOO_TNX,2.694999933242798,yahoo_query_or_equivalent_authorized_market_data_source,2026-06-25T04:29:13.400222Z
2019-01-31,US_10Y_YAHOO_TNX,2.634999990463257,yahoo_query_or_equivalent_authorized_market_data_source,2026-06-25T04:29:13.400222Z
2019-02-01,US_10Y_YAHOO_TNX,2.690999984741211,yahoo_query_or_equivalent_authorized_market_data_source,2026-06-25T04:29:13.400222Z
2019-02-04,US_10Y_YAHOO_TNX,2.7239999771118164,yahoo_query_or_equivalent_authorized_market_data_source,2026-06-25T04:29:13.400222Z
2019-02-05,US_10Y_YAHOO_TNX,2.7019999027252197,yahoo_query_or_equivalent_authorized_market_data_source,2026-06-25T04:29:13.400222Z
2019-02-06,US_10Y_YAHOO_TNX,2.7019999027252197,yahoo_query_or_equivalent_authorized_market_data_source,2026-06-25T04:29:13.400222Z
2019-02-07,US_10Y_YAHOO_TNX,2.6519999504089355,yahoo_query_or_equivalent_authorized_market_data_source,2026-06-25T04:29:13.400222Z
2019-02-08,US_10Y_YAHOO_TNX,2.631999969482422,yahoo_query_or_equivalent_authorized_market_data_source,2026-06-25T04:29:13.400222Z
2019-02-11,US_10Y_YAHOO_TNX,2.6610000133514404,yahoo_query_or_equivalent_authorized_market_data_source,2026-06-25T04:29:13.400222Z
2019-02-12,US_10Y_YAHOO_TNX,2.684000015258789,yahoo_query_or_equivalent_authorized_market_data_source,2026-06-25T04:29:13.400222Z
2019-02-13,US_10Y_YAHOO_TNX,2.7079999446868896,yahoo_query_or_equivalent_authorized_market_data_source,2026-06-25T04:29:13.400222Z
2019-02-14,US_10Y_YAHOO_TNX,2.6570000648498535,yahoo_query_or_equivalent_authorized_market_data_source,2026-06-25T04:29:13.400222Z
2019-02-15,US_10Y_YAHOO_TNX,2.6659998893737793,yahoo_query_or_equivalent_authorized_market_data_source,2026-06-25T04:29:13.400222Z
2019-02-19,US_10Y_YAHOO_TNX,2.6470000743865967,yahoo_query_or_equivalent_authorized_market_data_source,2026-06-25T04:29:13.400222Z
2019-02-20,US_10Y_YAHOO_TNX,2.6540000438690186,yahoo_query_or_equivalent_authorized_market_data_source,2026-06-25T04:29:13.400222Z
2019-02-21,US_10Y_YAHOO_TNX,2.687999963760376,yahoo_query_or_equivalent_authorized_market_data_source,2026-06-25T04:29:13.400222Z
2019-02-22,US_10Y_YAHOO_TNX,2.6549999713897705,yahoo_query_or_equivalent_authorized_market_data_source,2026-06-25T04:29:13.400222Z
2019-02-25,US_10Y_YAHOO_TNX,2.6730000972747803,yahoo_query_or_equivalent_authorized_market_data_source,2026-06-25T04:29:13.400222Z
2019-02-26,US_10Y_YAHOO_TNX,2.635999917984009,yahoo_query_or_equivalent_authorized_market_data_source,2026-06-25T04:29:13.400222Z
2019-02-27,US_10Y_YAHOO_TNX,2.693000078201294,yahoo_query_or_equivalent_authorized_market_data_source,2026-06-25T04:29:13.400222Z
2019-02-28,US_10Y_YAHOO_TNX,2.7109999656677246,yahoo_query_or_equivalent_authorized_market_data_source,2026-06-25T04:29:13.400222Z
2019-03-01,US_10Y_YAHOO_TNX,2.755000114440918,yahoo_query_or_equivalent_authorized_market_data_source,2026-06-25T04:29:13.400222Z
2019-03-04,US_10Y_YAHOO_TNX,2.7219998836517334,yahoo_query_or_equivalent_authorized_market_data_source,2026-06-25T04:29:13.400222Z
2019-03-05,US_10Y_YAHOO_TNX,2.7219998836517334,yahoo_query_or_equivalent_authorized_market_data_source,2026-06-25T04:29:13.400222Z
2019-03-06,US_10Y_YAHOO_TNX,2.691999912261963,yahoo_query_or_equivalent_authorized_market_data_source,2026-06-25T04:29:13.400222Z
2019-03-07,US_10Y_YAHOO_TNX,2.635999917984009,yahoo_query_or_equivalent_authorized_market_data_source,2026-06-25T04:29:13.400222Z
2019-03-08,US_10Y_YAHOO_TNX,2.625,yahoo_query_or_equivalent_authorized_market_data_source,2026-06-25T04:29:13.400222Z
2019-03-11,US_10Y_YAHOO_TNX,2.6429998874664307,yahoo_query_or_equivalent_authorized_market_data_source,2026-06-25T04:29:13.400222Z
2019-03-12,US_10Y_YAHOO_TNX,2.6050000190734863,yahoo_query_or_equivalent_authorized_market_data_source,2026-06-25T04:29:13.400222Z
2019-03-13,US_10Y_YAHOO_TNX,2.6110000610351562,yahoo_query_or_equivalent_authorized_market_data_source,2026-06-25T04:29:13.400222Z
2019-03-14,US_10Y_YAHOO_TNX,2.630000114440918,yahoo_query_or_equivalent_authorized_market_data_source,2026-06-25T04:29:13.400222Z
2019-03-15,US_10Y_YAHOO_TNX,2.5929999351501465,yahoo_query_or_equivalent_authorized_market_data_source,2026-06-25T04:29:13.400222Z
2019-03-18,US_10Y_YAHOO_TNX,2.6019999980926514,yahoo_query_or_equivalent_authorized_market_data_source,2026-06-25T04:29:13.400222Z
2019-03-19,US_10Y_YAHOO_TNX,2.614000082015991,yahoo_query_or_equivalent_authorized_market_data_source,2026-06-25T04:29:13.400222Z
2019-03-20,US_10Y_YAHOO_TNX,2.5350000858306885,yahoo_query_or_equivalent_authorized_market_data_source,2026-06-25T04:29:13.400222Z
2019-03-21,US_10Y_YAHOO_TNX,2.5369999408721924,yahoo_query_or_equivalent_authorized_market_data_source,2026-06-25T04:29:13.400222Z
2019-03-22,US_10Y_YAHOO_TNX,2.4549999237060547,yahoo_query_or_equivalent_authorized_market_data_source,2026-06-25T04:29:13.400222Z
2019-03-25,US_10Y_YAHOO_TNX,2.4200000762939453,yahoo_query_or_equivalent_authorized_market_data_source,2026-06-25T04:29:13.400222Z
2019-03-26,US_10Y_YAHOO_TNX,2.4140000343322754,yahoo_query_or_equivalent_authorized_market_data_source,2026-06-25T04:29:13.400222Z
2019-03-27,US_10Y_YAHOO_TNX,2.374000072479248,yahoo_query_or_equivalent_authorized_market_data_source,2026-06-25T04:29:13.400222Z
2019-03-28,US_10Y_YAHOO_TNX,2.3889999389648438,yahoo_query_or_equivalent_authorized_market_data_source,2026-06-25T04:29:13.400222Z
2019-03-29,US_10Y_YAHOO_TNX,2.4140000343322754,yahoo_query_or_equivalent_authorized_market_data_source,2026-06-25T04:29:13.400222Z
2019-04-01,US_10Y_YAHOO_TNX,2.496999979019165,yahoo_query_or_equivalent_authorized_market_data_source,2026-06-25T04:29:13.400222Z
2019-04-02,US_10Y_YAHOO_TNX,2.4809999465942383,yahoo_query_or_equivalent_authorized_market_data_source,2026-06-25T04:29:13.400222Z
2019-04-03,US_10Y_YAHOO_TNX,2.5169999599456787,yahoo_query_or_equivalent_authorized_market_data_source,2026-06-25T04:29:13.400222Z
2019-04-04,US_10Y_YAHOO_TNX,2.51200008392334,yahoo_query_or_equivalent_authorized_market_data_source,2026-06-25T04:29:13.400222Z
2019-04-05,US_10Y_YAHOO_TNX,2.500999927520752,yahoo_query_or_equivalent_authorized_market_data_source,2026-06-25T04:29:13.400222Z
2019-04-08,US_10Y_YAHOO_TNX,2.5190000534057617,yahoo_query_or_equivalent_authorized_market_data_source,2026-06-25T04:29:13.400222Z
2019-04-09,US_10Y_YAHOO_TNX,2.499000072479248,yahoo_query_or_equivalent_authorized_market_data_source,2026-06-25T04:29:13.400222Z
2019-04-10,US_10Y_YAHOO_TNX,2.4769999980926514,yahoo_query_or_equivalent_authorized_market_data_source,2026-06-25T04:29:13.400222Z
2019-04-11,US_10Y_YAHOO_TNX,2.503999948501587,yahoo_query_or_equivalent_authorized_market_data_source,2026-06-25T04:29:13.400222Z
2019-04-12,US_10Y_YAHOO_TNX,2.559999942779541,yahoo_query_or_equivalent_authorized_market_data_source,2026-06-25T04:29:13.400222Z
2019-04-15,US_10Y_YAHOO_TNX,2.552999973297119,yahoo_query_or_equivalent_authorized_market_data_source,2026-06-25T04:29:13.400222Z
2019-04-16,US_10Y_YAHOO_TNX,2.5920000076293945,yahoo_query_or_equivalent_authorized_market_data_source,2026-06-25T04:29:13.400222Z
2019-04-17,US_10Y_YAHOO_TNX,2.5920000076293945,yahoo_query_or_equivalent_authorized_market_data_source,2026-06-25T04:29:13.400222Z
2019-04-18,US_10Y_YAHOO_TNX,2.559999942779541,yahoo_query_or_equivalent_authorized_market_data_source,2026-06-25T04:29:13.400222Z
2019-04-22,US_10Y_YAHOO_TNX,2.5899999141693115,yahoo_query_or_equivalent_authorized_market_data_source,2026-06-25T04:29:13.400222Z
2019-04-23,US_10Y_YAHOO_TNX,2.569999933242798,yahoo_query_or_equivalent_authorized_market_data_source,2026-06-25T04:29:13.400222Z
2019-04-24,US_10Y_YAHOO_TNX,2.5220000743865967,yahoo_query_or_equivalent_authorized_market_data_source,2026-06-25T04:29:13.400222Z
2019-04-25,US_10Y_YAHOO_TNX,2.5339999198913574,yahoo_query_or_equivalent_authorized_market_data_source,2026-06-25T04:29:13.400222Z
2019-04-26,US_10Y_YAHOO_TNX,2.505000114440918,yahoo_query_or_equivalent_authorized_market_data_source,2026-06-25T04:29:13.400222Z
2019-04-29,US_10Y_YAHOO_TNX,2.5360000133514404,yahoo_query_or_equivalent_authorized_market_data_source,2026-06-25T04:29:13.400222Z
2019-04-30,US_10Y_YAHOO_TNX,2.509000062942505,yahoo_query_or_equivalent_authorized_market_data_source,2026-06-25T04:29:13.400222Z
2019-05-01,US_10Y_YAHOO_TNX,2.510999917984009,yahoo_query_or_equivalent_authorized_market_data_source,2026-06-25T04:29:13.400222Z
2019-05-02,US_10Y_YAHOO_TNX,2.552000045776367,yahoo_query_or_equivalent_authorized_market_data_source,2026-06-25T04:29:13.400222Z
2019-05-03,US_10Y_YAHOO_TNX,2.5309998989105225,yahoo_query_or_equivalent_authorized_market_data_source,2026-06-25T04:29:13.400222Z
2019-05-06,US_10Y_YAHOO_TNX,2.5,yahoo_query_or_equivalent_authorized_market_data_source,2026-06-25T04:29:13.400222Z
2019-05-07,US_10Y_YAHOO_TNX,2.447999954223633,yahoo_query_or_equivalent_authorized_market_data_source,2026-06-25T04:29:13.400222Z
2019-05-08,US_10Y_YAHOO_TNX,2.4820001125335693,yahoo_query_or_equivalent_authorized_market_data_source,2026-06-25T04:29:13.400222Z
2019-05-09,US_10Y_YAHOO_TNX,2.4570000171661377,yahoo_query_or_equivalent_authorized_market_data_source,2026-06-25T04:29:13.400222Z
2019-05-10,US_10Y_YAHOO_TNX,2.4549999237060547,yahoo_query_or_equivalent_authorized_market_data_source,2026-06-25T04:29:13.400222Z
2019-05-13,US_10Y_YAHOO_TNX,2.4049999713897705,yahoo_query_or_equivalent_authorized_market_data_source,2026-06-25T04:29:13.400222Z
2019-05-14,US_10Y_YAHOO_TNX,2.4189999103546143,yahoo_query_or_equivalent_authorized_market_data_source,2026-06-25T04:29:13.400222Z
2019-05-15,US_10Y_YAHOO_TNX,2.378999948501587,yahoo_query_or_equivalent_authorized_market_data_source,2026-06-25T04:29:13.400222Z
2019-05-16,US_10Y_YAHOO_TNX,2.4049999713897705,yahoo_query_or_equivalent_authorized_market_data_source,2026-06-25T04:29:13.400222Z
2019-05-17,US_10Y_YAHOO_TNX,2.3929998874664307,yahoo_query_or_equivalent_authorized_market_data_source,2026-06-25T04:29:13.400222Z
2019-05-20,US_10Y_YAHOO_TNX,2.4159998893737793,yahoo_query_or_equivalent_authorized_market_data_source,2026-06-25T04:29:13.400222Z
2019-05-21,US_10Y_YAHOO_TNX,2.4260001182556152,yahoo_query_or_equivalent_authorized_market_data_source,2026-06-25T04:29:13.400222Z
2019-05-22,US_10Y_YAHOO_TNX,2.3929998874664307,yahoo_query_or_equivalent_authorized_market_data_source,2026-06-25T04:29:13.400222Z
2019-05-23,US_10Y_YAHOO_TNX,2.2960000038146973,yahoo_query_or_equivalent_authorized_market_data_source,2026-06-25T04:29:13.400222Z
2019-05-24,US_10Y_YAHOO_TNX,2.3239998817443848,yahoo_query_or_equivalent_authorized_market_data_source,2026-06-25T04:29:13.400222Z
2019-05-28,US_10Y_YAHOO_TNX,2.2679998874664307,yahoo_query_or_equivalent_authorized_market_data_source,2026-06-25T04:29:13.400222Z
2019-05-29,US_10Y_YAHOO_TNX,2.2360000610351562,yahoo_query_or_equivalent_authorized_market_data_source,2026-06-25T04:29:13.400222Z
2019-05-30,US_10Y_YAHOO_TNX,2.2269999980926514,yahoo_query_or_equivalent_authorized_market_data_source,2026-06-25T04:29:13.400222Z
2019-05-31,US_10Y_YAHOO_TNX,2.1419999599456787,yahoo_query_or_equivalent_authorized_market_data_source,2026-06-25T04:29:13.400222Z
2019-06-03,US_10Y_YAHOO_TNX,2.0810000896453857,yahoo_query_or_equivalent_authorized_market_data_source,2026-06-25T04:29:13.400222Z
2019-06-04,US_10Y_YAHOO_TNX,2.11899995803833,yahoo_query_or_equivalent_authorized_market_data_source,2026-06-25T04:29:13.400222Z
2019-06-05,US_10Y_YAHOO_TNX,2.122999906539917,yahoo_query_or_equivalent_authorized_market_data_source,2026-06-25T04:29:13.400222Z
2019-06-06,US_10Y_YAHOO_TNX,2.124000072479248,yahoo_query_or_equivalent_authorized_market_data_source,2026-06-25T04:29:13.400222Z
2019-06-07,US_10Y_YAHOO_TNX,2.0840001106262207,yahoo_query_or_equivalent_authorized_market_data_source,2026-06-25T04:29:13.400222Z
2019-06-10,US_10Y_YAHOO_TNX,2.1429998874664307,yahoo_query_or_equivalent_authorized_market_data_source,2026-06-25T04:29:13.400222Z
2019-06-11,US_10Y_YAHOO_TNX,2.140000104904175,yahoo_query_or_equivalent_authorized_market_data_source,2026-06-25T04:29:13.400222Z
2019-06-12,US_10Y_YAHOO_TNX,2.127000093460083,yahoo_query_or_equivalent_authorized_market_data_source,2026-06-25T04:29:13.400222Z
2019-06-13,US_10Y_YAHOO_TNX,2.0910000801086426,yahoo_query_or_equivalent_authorized_market_data_source,2026-06-25T04:29:13.400222Z
2019-06-14,US_10Y_YAHOO_TNX,2.0929999351501465,yahoo_query_or_equivalent_authorized_market_data_source,2026-06-25T04:29:13.400222Z
2019-06-17,US_10Y_YAHOO_TNX,2.0859999656677246,yahoo_query_or_equivalent_authorized_market_data_source,2026-06-25T04:29:13.400222Z
2019-06-18,US_10Y_YAHOO_TNX,2.059999942779541,yahoo_query_or_equivalent_authorized_market_data_source,2026-06-25T04:29:13.400222Z
2019-06-19,US_10Y_YAHOO_TNX,2.0290000438690186,yahoo_query_or_equivalent_authorized_market_data_source,2026-06-25T04:29:13.400222Z
2019-06-20,US_10Y_YAHOO_TNX,2.000999927520752,yahoo_query_or_equivalent_authorized_market_data_source,2026-06-25T04:29:13.400222Z
2019-06-21,US_10Y_YAHOO_TNX,2.068000078201294,yahoo_query_or_equivalent_authorized_market_data_source,2026-06-25T04:29:13.400222Z
2019-06-24,US_10Y_YAHOO_TNX,2.0209999084472656,yahoo_query_or_equivalent_authorized_market_data_source,2026-06-25T04:29:13.400222Z
2019-06-25,US_10Y_YAHOO_TNX,1.99399995803833,yahoo_query_or_equivalent_authorized_market_data_source,2026-06-25T04:29:13.400222Z
2019-06-26,US_10Y_YAHOO_TNX,2.0490000247955322,yahoo_query_or_equivalent_authorized_market_data_source,2026-06-25T04:29:13.400222Z
2019-06-27,US_10Y_YAHOO_TNX,2.005000114440918,yahoo_query_or_equivalent_authorized_market_data_source,2026-06-25T04:29:13.400222Z
2019-06-28,US_10Y_YAHOO_TNX,2.0,yahoo_query_or_equivalent_authorized_market_data_source,2026-06-25T04:29:13.400222Z
2019-07-01,US_10Y_YAHOO_TNX,2.0339999198913574,yahoo_query_or_equivalent_authorized_market_data_source,2026-06-25T04:29:13.400222Z
2019-07-02,US_10Y_YAHOO_TNX,1.9759999513626099,yahoo_query_or_equivalent_authorized_market_data_source,2026-06-25T04:29:13.400222Z
2019-07-03,US_10Y_YAHOO_TNX,1.9529999494552612,yahoo_query_or_equivalent_authorized_market_data_source,2026-06-25T04:29:13.400222Z
2019-07-05,US_10Y_YAHOO_TNX,2.0480000972747803,yahoo_query_or_equivalent_authorized_market_data_source,2026-06-25T04:29:13.400222Z
2019-07-08,US_10Y_YAHOO_TNX,2.0339999198913574,yahoo_query_or_equivalent_authorized_market_data_source,2026-06-25T04:29:13.400222Z
2019-07-09,US_10Y_YAHOO_TNX,2.053999900817871,yahoo_query_or_equivalent_authorized_market_data_source,2026-06-25T04:29:13.400222Z
2019-07-10,US_10Y_YAHOO_TNX,2.061000108718872,yahoo_query_or_equivalent_authorized_market_data_source,2026-06-25T04:29:13.400222Z
2019-07-11,US_10Y_YAHOO_TNX,2.119999885559082,yahoo_query_or_equivalent_authorized_market_data_source,2026-06-25T04:29:13.400222Z
2019-07-12,US_10Y_YAHOO_TNX,2.1059999465942383,yahoo_query_or_equivalent_authorized_market_data_source,2026-06-25T04:29:13.400222Z
2019-07-15,US_10Y_YAHOO_TNX,2.0920000076293945,yahoo_query_or_equivalent_authorized_market_data_source,2026-06-25T04:29:13.400222Z
2019-07-16,US_10Y_YAHOO_TNX,2.121999979019165,yahoo_query_or_equivalent_authorized_market_data_source,2026-06-25T04:29:13.400222Z
2019-07-17,US_10Y_YAHOO_TNX,2.061000108718872,yahoo_query_or_equivalent_authorized_market_data_source,2026-06-25T04:29:13.400222Z
2019-07-18,US_10Y_YAHOO_TNX,2.0380001068115234,yahoo_query_or_equivalent_authorized_market_data_source,2026-06-25T04:29:13.400222Z
2019-07-19,US_10Y_YAHOO_TNX,2.0480000972747803,yahoo_query_or_equivalent_authorized_market_data_source,2026-06-25T04:29:13.400222Z
2019-07-22,US_10Y_YAHOO_TNX,2.0429999828338623,yahoo_query_or_equivalent_authorized_market_data_source,2026-06-25T04:29:13.400222Z
2019-07-23,US_10Y_YAHOO_TNX,2.0739998817443848,yahoo_query_or_equivalent_authorized_market_data_source,2026-06-25T04:29:13.400222Z
2019-07-24,US_10Y_YAHOO_TNX,2.049999952316284,yahoo_query_or_equivalent_authorized_market_data_source,2026-06-25T04:29:13.400222Z
2019-07-25,US_10Y_YAHOO_TNX,2.0739998817443848,yahoo_query_or_equivalent_authorized_market_data_source,2026-06-25T04:29:13.400222Z
2019-07-26,US_10Y_YAHOO_TNX,2.0810000896453857,yahoo_query_or_equivalent_authorized_market_data_source,2026-06-25T04:29:13.400222Z
2019-07-29,US_10Y_YAHOO_TNX,2.055000066757202,yahoo_query_or_equivalent_authorized_market_data_source,2026-06-25T04:29:13.400222Z
2019-07-30,US_10Y_YAHOO_TNX,2.061000108718872,yahoo_query_or_equivalent_authorized_market_data_source,2026-06-25T04:29:13.400222Z
2019-07-31,US_10Y_YAHOO_TNX,2.0209999084472656,yahoo_query_or_equivalent_authorized_market_data_source,2026-06-25T04:29:13.400222Z
2019-08-01,US_10Y_YAHOO_TNX,1.8940000534057617,yahoo_query_or_equivalent_authorized_market_data_source,2026-06-25T04:29:13.400222Z
2019-08-02,US_10Y_YAHOO_TNX,1.8550000190734863,yahoo_query_or_equivalent_authorized_market_data_source,2026-06-25T04:29:13.400222Z
2019-08-05,US_10Y_YAHOO_TNX,1.7350000143051147,yahoo_query_or_equivalent_authorized_market_data_source,2026-06-25T04:29:13.400222Z
2019-08-06,US_10Y_YAHOO_TNX,1.7389999628067017,yahoo_query_or_equivalent_authorized_market_data_source,2026-06-25T04:29:13.400222Z
2019-08-07,US_10Y_YAHOO_TNX,1.684000015258789,yahoo_query_or_equivalent_authorized_market_data_source,2026-06-25T04:29:13.400222Z
2019-08-08,US_10Y_YAHOO_TNX,1.715999960899353,yahoo_query_or_equivalent_authorized_market_data_source,2026-06-25T04:29:13.400222Z
2019-08-09,US_10Y_YAHOO_TNX,1.7339999675750732,yahoo_query_or_equivalent_authorized_market_data_source,2026-06-25T04:29:13.400222Z
2019-08-12,US_10Y_YAHOO_TNX,1.6390000581741333,yahoo_query_or_equivalent_authorized_market_data_source,2026-06-25T04:29:13.400222Z
2019-08-13,US_10Y_YAHOO_TNX,1.6799999475479126,yahoo_query_or_equivalent_authorized_market_data_source,2026-06-25T04:29:13.400222Z
2019-08-14,US_10Y_YAHOO_TNX,1.5809999704360962,yahoo_query_or_equivalent_authorized_market_data_source,2026-06-25T04:29:13.400222Z
2019-08-15,US_10Y_YAHOO_TNX,1.5290000438690186,yahoo_query_or_equivalent_authorized_market_data_source,2026-06-25T04:29:13.400222Z
2019-08-16,US_10Y_YAHOO_TNX,1.5390000343322754,yahoo_query_or_equivalent_authorized_market_data_source,2026-06-25T04:29:13.400222Z
2019-08-19,US_10Y_YAHOO_TNX,1.5980000495910645,yahoo_query_or_equivalent_authorized_market_data_source,2026-06-25T04:29:13.400222Z
2019-08-20,US_10Y_YAHOO_TNX,1.5609999895095825,yahoo_query_or_equivalent_authorized_market_data_source,2026-06-25T04:29:13.400222Z
2019-08-21,US_10Y_YAHOO_TNX,1.5770000219345093,yahoo_query_or_equivalent_authorized_market_data_source,2026-06-25T04:29:13.400222Z
2019-08-22,US_10Y_YAHOO_TNX,1.6100000143051147,yahoo_query_or_equivalent_authorized_market_data_source,2026-06-25T04:29:13.400222Z
2019-08-23,US_10Y_YAHOO_TNX,1.527999997138977,yahoo_query_or_equivalent_authorized_market_data_source,2026-06-25T04:29:13.400222Z
2019-08-26,US_10Y_YAHOO_TNX,1.5449999570846558,yahoo_query_or_equivalent_authorized_market_data_source,2026-06-25T04:29:13.400222Z
2019-08-27,US_10Y_YAHOO_TNX,1.4900000095367432,yahoo_query_or_equivalent_authorized_market_data_source,2026-06-25T04:29:13.400222Z
2019-08-28,US_10Y_YAHOO_TNX,1.465999960899353,yahoo_query_or_equivalent_authorized_market_data_source,2026-06-25T04:29:13.400222Z
2019-08-29,US_10Y_YAHOO_TNX,1.5160000324249268,yahoo_query_or_equivalent_authorized_market_data_source,2026-06-25T04:29:13.400222Z
2019-08-30,US_10Y_YAHOO_TNX,1.50600004196167,yahoo_query_or_equivalent_authorized_market_data_source,2026-06-25T04:29:13.400222Z
2019-09-03,US_10Y_YAHOO_TNX,1.465999960899353,yahoo_query_or_equivalent_authorized_market_data_source,2026-06-25T04:29:13.400222Z
2019-09-04,US_10Y_YAHOO_TNX,1.4589999914169312,yahoo_query_or_equivalent_authorized_market_data_source,2026-06-25T04:29:13.400222Z
2019-09-05,US_10Y_YAHOO_TNX,1.565000057220459,yahoo_query_or_equivalent_authorized_market_data_source,2026-06-25T04:29:13.400222Z
2019-09-06,US_10Y_YAHOO_TNX,1.5499999523162842,yahoo_query_or_equivalent_authorized_market_data_source,2026-06-25T04:29:13.400222Z
2019-09-09,US_10Y_YAHOO_TNX,1.621999979019165,yahoo_query_or_equivalent_authorized_market_data_source,2026-06-25T04:29:13.400222Z
2019-09-10,US_10Y_YAHOO_TNX,1.7020000219345093,yahoo_query_or_equivalent_authorized_market_data_source,2026-06-25T04:29:13.400222Z
2019-09-11,US_10Y_YAHOO_TNX,1.7330000400543213,yahoo_query_or_equivalent_authorized_market_data_source,2026-06-25T04:29:13.400222Z
2019-09-12,US_10Y_YAHOO_TNX,1.7910000085830688,yahoo_query_or_equivalent_authorized_market_data_source,2026-06-25T04:29:13.400222Z
2019-09-13,US_10Y_YAHOO_TNX,1.902999997138977,yahoo_query_or_equivalent_authorized_market_data_source,2026-06-25T04:29:13.400222Z
2019-09-16,US_10Y_YAHOO_TNX,1.840999960899353,yahoo_query_or_equivalent_authorized_market_data_source,2026-06-25T04:29:13.400222Z
2019-09-17,US_10Y_YAHOO_TNX,1.812000036239624,yahoo_query_or_equivalent_authorized_market_data_source,2026-06-25T04:29:13.400222Z
2019-09-18,US_10Y_YAHOO_TNX,1.7860000133514404,yahoo_query_or_equivalent_authorized_market_data_source,2026-06-25T04:29:13.400222Z
2019-09-19,US_10Y_YAHOO_TNX,1.7740000486373901,yahoo_query_or_equivalent_authorized_market_data_source,2026-06-25T04:29:13.400222Z
2019-09-20,US_10Y_YAHOO_TNX,1.7549999952316284,yahoo_query_or_equivalent_authorized_market_data_source,2026-06-25T04:29:13.400222Z
2019-09-23,US_10Y_YAHOO_TNX,1.7079999446868896,yahoo_query_or_equivalent_authorized_market_data_source,2026-06-25T04:29:13.400222Z
2019-09-24,US_10Y_YAHOO_TNX,1.6349999904632568,yahoo_query_or_equivalent_authorized_market_data_source,2026-06-25T04:29:13.400222Z
2019-09-25,US_10Y_YAHOO_TNX,1.7319999933242798,yahoo_query_or_equivalent_authorized_market_data_source,2026-06-25T04:29:13.400222Z
2019-09-26,US_10Y_YAHOO_TNX,1.684999942779541,yahoo_query_or_equivalent_authorized_market_data_source,2026-06-25T04:29:13.400222Z
2019-09-27,US_10Y_YAHOO_TNX,1.6749999523162842,yahoo_query_or_equivalent_authorized_market_data_source,2026-06-25T04:29:13.400222Z
2019-09-30,US_10Y_YAHOO_TNX,1.6749999523162842,yahoo_query_or_equivalent_authorized_market_data_source,2026-06-25T04:29:13.400222Z
2019-10-01,US_10Y_YAHOO_TNX,1.6440000534057617,yahoo_query_or_equivalent_authorized_market_data_source,2026-06-25T04:29:13.400222Z
2019-10-02,US_10Y_YAHOO_TNX,1.5959999561309814,yahoo_query_or_equivalent_authorized_market_data_source,2026-06-25T04:29:13.400222Z
2019-10-03,US_10Y_YAHOO_TNX,1.5360000133514404,yahoo_query_or_equivalent_authorized_market_data_source,2026-06-25T04:29:13.400222Z
2019-10-04,US_10Y_YAHOO_TNX,1.5149999856948853,yahoo_query_or_equivalent_authorized_market_data_source,2026-06-25T04:29:13.400222Z
2019-10-07,US_10Y_YAHOO_TNX,1.5529999732971191,yahoo_query_or_equivalent_authorized_market_data_source,2026-06-25T04:29:13.400222Z
2019-10-08,US_10Y_YAHOO_TNX,1.5369999408721924,yahoo_query_or_equivalent_authorized_market_data_source,2026-06-25T04:29:13.400222Z
2019-10-09,US_10Y_YAHOO_TNX,1.5889999866485596,yahoo_query_or_equivalent_authorized_market_data_source,2026-06-25T04:29:13.400222Z
2019-10-10,US_10Y_YAHOO_TNX,1.6579999923706055,yahoo_query_or_equivalent_authorized_market_data_source,2026-06-25T04:29:13.400222Z
2019-10-11,US_10Y_YAHOO_TNX,1.7519999742507935,yahoo_query_or_equivalent_authorized_market_data_source,2026-06-25T04:29:13.400222Z
2019-10-14,US_10Y_YAHOO_TNX,1.7330000400543213,yahoo_query_or_equivalent_authorized_market_data_source,2026-06-25T04:29:13.400222Z
2019-10-15,US_10Y_YAHOO_TNX,1.7710000276565552,yahoo_query_or_equivalent_authorized_market_data_source,2026-06-25T04:29:13.400222Z
2019-10-16,US_10Y_YAHOO_TNX,1.7480000257492065,yahoo_query_or_equivalent_authorized_market_data_source,2026-06-25T04:29:13.400222Z
2019-10-17,US_10Y_YAHOO_TNX,1.7569999694824219,yahoo_query_or_equivalent_authorized_market_data_source,2026-06-25T04:29:13.400222Z
2019-10-18,US_10Y_YAHOO_TNX,1.746999979019165,yahoo_query_or_equivalent_authorized_market_data_source,2026-06-25T04:29:13.400222Z
2019-10-21,US_10Y_YAHOO_TNX,1.7920000553131104,yahoo_query_or_equivalent_authorized_market_data_source,2026-06-25T04:29:13.400222Z
2019-10-22,US_10Y_YAHOO_TNX,1.7680000066757202,yahoo_query_or_equivalent_authorized_market_data_source,2026-06-25T04:29:13.400222Z
2019-10-23,US_10Y_YAHOO_TNX,1.7589999437332153,yahoo_query_or_equivalent_authorized_market_data_source,2026-06-25T04:29:13.400222Z
2019-10-24,US_10Y_YAHOO_TNX,1.7660000324249268,yahoo_query_or_equivalent_authorized_market_data_source,2026-06-25T04:29:13.400222Z
2019-10-25,US_10Y_YAHOO_TNX,1.8009999990463257,yahoo_query_or_equivalent_authorized_market_data_source,2026-06-25T04:29:13.400222Z
2019-10-28,US_10Y_YAHOO_TNX,1.8530000448226929,yahoo_query_or_equivalent_authorized_market_data_source,2026-06-25T04:29:13.400222Z
2019-10-29,US_10Y_YAHOO_TNX,1.8350000381469727,yahoo_query_or_equivalent_authorized_market_data_source,2026-06-25T04:29:13.400222Z
2019-10-30,US_10Y_YAHOO_TNX,1.7979999780654907,yahoo_query_or_equivalent_authorized_market_data_source,2026-06-25T04:29:13.400222Z
2019-10-31,US_10Y_YAHOO_TNX,1.690999984741211,yahoo_query_or_equivalent_authorized_market_data_source,2026-06-25T04:29:13.400222Z
2019-11-01,US_10Y_YAHOO_TNX,1.7280000448226929,yahoo_query_or_equivalent_authorized_market_data_source,2026-06-25T04:29:13.400222Z
2019-11-04,US_10Y_YAHOO_TNX,1.7860000133514404,yahoo_query_or_equivalent_authorized_market_data_source,2026-06-25T04:29:13.400222Z
2019-11-05,US_10Y_YAHOO_TNX,1.8660000562667847,yahoo_query_or_equivalent_authorized_market_data_source,2026-06-25T04:29:13.400222Z
2019-11-06,US_10Y_YAHOO_TNX,1.8140000104904175,yahoo_query_or_equivalent_authorized_market_data_source,2026-06-25T04:29:13.400222Z
2019-11-07,US_10Y_YAHOO_TNX,1.9259999990463257,yahoo_query_or_equivalent_authorized_market_data_source,2026-06-25T04:29:13.400222Z
2019-11-08,US_10Y_YAHOO_TNX,1.9329999685287476,yahoo_query_or_equivalent_authorized_market_data_source,2026-06-25T04:29:13.400222Z
2019-11-11,US_10Y_YAHOO_TNX,1.9429999589920044,yahoo_query_or_equivalent_authorized_market_data_source,2026-06-25T04:29:13.400222Z
2019-11-12,US_10Y_YAHOO_TNX,1.909000039100647,yahoo_query_or_equivalent_authorized_market_data_source,2026-06-25T04:29:13.400222Z
2019-11-13,US_10Y_YAHOO_TNX,1.8700000047683716,yahoo_query_or_equivalent_authorized_market_data_source,2026-06-25T04:29:13.400222Z
2019-11-14,US_10Y_YAHOO_TNX,1.815000057220459,yahoo_query_or_equivalent_authorized_market_data_source,2026-06-25T04:29:13.400222Z
2019-11-15,US_10Y_YAHOO_TNX,1.8339999914169312,yahoo_query_or_equivalent_authorized_market_data_source,2026-06-25T04:29:13.400222Z
2019-11-18,US_10Y_YAHOO_TNX,1.8079999685287476,yahoo_query_or_equivalent_authorized_market_data_source,2026-06-25T04:29:13.400222Z
2019-11-19,US_10Y_YAHOO_TNX,1.7860000133514404,yahoo_query_or_equivalent_authorized_market_data_source,2026-06-25T04:29:13.400222Z
2019-11-20,US_10Y_YAHOO_TNX,1.7380000352859497,yahoo_query_or_equivalent_authorized_market_data_source,2026-06-25T04:29:13.400222Z
2019-11-21,US_10Y_YAHOO_TNX,1.7719999551773071,yahoo_query_or_equivalent_authorized_market_data_source,2026-06-25T04:29:13.400222Z
2019-11-22,US_10Y_YAHOO_TNX,1.7740000486373901,yahoo_query_or_equivalent_authorized_market_data_source,2026-06-25T04:29:13.400222Z
2019-11-25,US_10Y_YAHOO_TNX,1.7640000581741333,yahoo_query_or_equivalent_authorized_market_data_source,2026-06-25T04:29:13.400222Z
2019-11-26,US_10Y_YAHOO_TNX,1.7400000095367432,yahoo_query_or_equivalent_authorized_market_data_source,2026-06-25T04:29:13.400222Z
2019-11-27,US_10Y_YAHOO_TNX,1.7669999599456787,yahoo_query_or_equivalent_authorized_market_data_source,2026-06-25T04:29:13.400222Z
2019-11-29,US_10Y_YAHOO_TNX,1.7760000228881836,yahoo_query_or_equivalent_authorized_market_data_source,2026-06-25T04:29:13.400222Z
2019-12-02,US_10Y_YAHOO_TNX,1.8359999656677246,yahoo_query_or_equivalent_authorized_market_data_source,2026-06-25T04:29:13.400222Z
2019-12-03,US_10Y_YAHOO_TNX,1.7089999914169312,yahoo_query_or_equivalent_authorized_market_data_source,2026-06-25T04:29:13.400222Z
2019-12-04,US_10Y_YAHOO_TNX,1.781000018119812,yahoo_query_or_equivalent_authorized_market_data_source,2026-06-25T04:29:13.400222Z
2019-12-05,US_10Y_YAHOO_TNX,1.7970000505447388,yahoo_query_or_equivalent_authorized_market_data_source,2026-06-25T04:29:13.400222Z
2019-12-06,US_10Y_YAHOO_TNX,1.8420000076293945,yahoo_query_or_equivalent_authorized_market_data_source,2026-06-25T04:29:13.400222Z
2019-12-09,US_10Y_YAHOO_TNX,1.8289999961853027,yahoo_query_or_equivalent_authorized_market_data_source,2026-06-25T04:29:13.400222Z
2019-12-10,US_10Y_YAHOO_TNX,1.8329999446868896,yahoo_query_or_equivalent_authorized_market_data_source,2026-06-25T04:29:13.400222Z
2019-12-11,US_10Y_YAHOO_TNX,1.7899999618530273,yahoo_query_or_equivalent_authorized_market_data_source,2026-06-25T04:29:13.400222Z
2019-12-12,US_10Y_YAHOO_TNX,1.8969999551773071,yahoo_query_or_equivalent_authorized_market_data_source,2026-06-25T04:29:13.400222Z
2019-12-13,US_10Y_YAHOO_TNX,1.819000005722046,yahoo_query_or_equivalent_authorized_market_data_source,2026-06-25T04:29:13.400222Z
2019-12-16,US_10Y_YAHOO_TNX,1.8919999599456787,yahoo_query_or_equivalent_authorized_market_data_source,2026-06-25T04:29:13.400222Z
2019-12-17,US_10Y_YAHOO_TNX,1.8890000581741333,yahoo_query_or_equivalent_authorized_market_data_source,2026-06-25T04:29:13.400222Z
2019-12-18,US_10Y_YAHOO_TNX,1.9240000247955322,yahoo_query_or_equivalent_authorized_market_data_source,2026-06-25T04:29:13.400222Z
2019-12-19,US_10Y_YAHOO_TNX,1.9079999923706055,yahoo_query_or_equivalent_authorized_market_data_source,2026-06-25T04:29:13.400222Z
2019-12-20,US_10Y_YAHOO_TNX,1.9170000553131104,yahoo_query_or_equivalent_authorized_market_data_source,2026-06-25T04:29:13.400222Z
2019-12-23,US_10Y_YAHOO_TNX,1.934999942779541,yahoo_query_or_equivalent_authorized_market_data_source,2026-06-25T04:29:13.400222Z
2019-12-24,US_10Y_YAHOO_TNX,1.909999966621399,yahoo_query_or_equivalent_authorized_market_data_source,2026-06-25T04:29:13.400222Z
2019-12-26,US_10Y_YAHOO_TNX,1.9049999713897705,yahoo_query_or_equivalent_authorized_market_data_source,2026-06-25T04:29:13.400222Z
2019-12-27,US_10Y_YAHOO_TNX,1.8739999532699585,yahoo_query_or_equivalent_authorized_market_data_source,2026-06-25T04:29:13.400222Z
2019-12-30,US_10Y_YAHOO_TNX,1.8949999809265137,yahoo_query_or_equivalent_authorized_market_data_source,2026-06-25T04:29:13.400222Z
2019-12-31,US_10Y_YAHOO_TNX,1.9190000295639038,yahoo_query_or_equivalent_authorized_market_data_source,2026-06-25T04:29:13.400222Z
2020-01-02,US_10Y_YAHOO_TNX,1.8819999694824219,yahoo_query_or_equivalent_authorized_market_data_source,2026-06-25T04:29:13.400222Z
2020-01-03,US_10Y_YAHOO_TNX,1.7879999876022339,yahoo_query_or_equivalent_authorized_market_data_source,2026-06-25T04:29:13.400222Z
2020-01-06,US_10Y_YAHOO_TNX,1.8109999895095825,yahoo_query_or_equivalent_authorized_market_data_source,2026-06-25T04:29:13.400222Z
2020-01-07,US_10Y_YAHOO_TNX,1.8270000219345093,yahoo_query_or_equivalent_authorized_market_data_source,2026-06-25T04:29:13.400222Z
2020-01-08,US_10Y_YAHOO_TNX,1.8739999532699585,yahoo_query_or_equivalent_authorized_market_data_source,2026-06-25T04:29:13.400222Z
2020-01-09,US_10Y_YAHOO_TNX,1.8580000400543213,yahoo_query_or_equivalent_authorized_market_data_source,2026-06-25T04:29:13.400222Z
2020-01-10,US_10Y_YAHOO_TNX,1.8250000476837158,yahoo_query_or_equivalent_authorized_market_data_source,2026-06-25T04:29:13.400222Z
2020-01-13,US_10Y_YAHOO_TNX,1.8480000495910645,yahoo_query_or_equivalent_authorized_market_data_source,2026-06-25T04:29:13.400222Z
2020-01-14,US_10Y_YAHOO_TNX,1.8179999589920044,yahoo_query_or_equivalent_authorized_market_data_source,2026-06-25T04:29:13.400222Z
2020-01-15,US_10Y_YAHOO_TNX,1.7879999876022339,yahoo_query_or_equivalent_authorized_market_data_source,2026-06-25T04:29:13.400222Z
2020-01-16,US_10Y_YAHOO_TNX,1.809000015258789,yahoo_query_or_equivalent_authorized_market_data_source,2026-06-25T04:29:13.400222Z
2020-01-17,US_10Y_YAHOO_TNX,1.8359999656677246,yahoo_query_or_equivalent_authorized_market_data_source,2026-06-25T04:29:13.400222Z
2020-01-21,US_10Y_YAHOO_TNX,1.7690000534057617,yahoo_query_or_equivalent_authorized_market_data_source,2026-06-25T04:29:13.400222Z
2020-01-22,US_10Y_YAHOO_TNX,1.7690000534057617,yahoo_query_or_equivalent_authorized_market_data_source,2026-06-25T04:29:13.400222Z
2020-01-23,US_10Y_YAHOO_TNX,1.7400000095367432,yahoo_query_or_equivalent_authorized_market_data_source,2026-06-25T04:29:13.400222Z
2020-01-24,US_10Y_YAHOO_TNX,1.680999994277954,yahoo_query_or_equivalent_authorized_market_data_source,2026-06-25T04:29:13.400222Z
2020-01-27,US_10Y_YAHOO_TNX,1.6050000190734863,yahoo_query_or_equivalent_authorized_market_data_source,2026-06-25T04:29:13.400222Z
2020-01-28,US_10Y_YAHOO_TNX,1.6410000324249268,yahoo_query_or_equivalent_authorized_market_data_source,2026-06-25T04:29:13.400222Z
2020-01-29,US_10Y_YAHOO_TNX,1.593999981880188,yahoo_query_or_equivalent_authorized_market_data_source,2026-06-25T04:29:13.400222Z
2020-01-30,US_10Y_YAHOO_TNX,1.5579999685287476,yahoo_query_or_equivalent_authorized_market_data_source,2026-06-25T04:29:13.400222Z
2020-01-31,US_10Y_YAHOO_TNX,1.5199999809265137,yahoo_query_or_equivalent_authorized_market_data_source,2026-06-25T04:29:13.400222Z
2020-02-03,US_10Y_YAHOO_TNX,1.5199999809265137,yahoo_query_or_equivalent_authorized_market_data_source,2026-06-25T04:29:13.400222Z
2020-02-04,US_10Y_YAHOO_TNX,1.6030000448226929,yahoo_query_or_equivalent_authorized_market_data_source,2026-06-25T04:29:13.400222Z
2020-02-05,US_10Y_YAHOO_TNX,1.6490000486373901,yahoo_query_or_equivalent_authorized_market_data_source,2026-06-25T04:29:13.400222Z
2020-02-06,US_10Y_YAHOO_TNX,1.6440000534057617,yahoo_query_or_equivalent_authorized_market_data_source,2026-06-25T04:29:13.400222Z
2020-02-07,US_10Y_YAHOO_TNX,1.5779999494552612,yahoo_query_or_equivalent_authorized_market_data_source,2026-06-25T04:29:13.400222Z
2020-02-10,US_10Y_YAHOO_TNX,1.5470000505447388,yahoo_query_or_equivalent_authorized_market_data_source,2026-06-25T04:29:13.400222Z
2020-02-11,US_10Y_YAHOO_TNX,1.590000033378601,yahoo_query_or_equivalent_authorized_market_data_source,2026-06-25T04:29:13.400222Z
2020-02-12,US_10Y_YAHOO_TNX,1.6299999952316284,yahoo_query_or_equivalent_authorized_market_data_source,2026-06-25T04:29:13.400222Z
2020-02-13,US_10Y_YAHOO_TNX,1.6169999837875366,yahoo_query_or_equivalent_authorized_market_data_source,2026-06-25T04:29:13.400222Z
2020-02-14,US_10Y_YAHOO_TNX,1.5880000591278076,yahoo_query_or_equivalent_authorized_market_data_source,2026-06-25T04:29:13.400222Z
2020-02-18,US_10Y_YAHOO_TNX,1.555999994277954,yahoo_query_or_equivalent_authorized_market_data_source,2026-06-25T04:29:13.400222Z
2020-02-19,US_10Y_YAHOO_TNX,1.5700000524520874,yahoo_query_or_equivalent_authorized_market_data_source,2026-06-25T04:29:13.400222Z
2020-02-20,US_10Y_YAHOO_TNX,1.524999976158142,yahoo_query_or_equivalent_authorized_market_data_source,2026-06-25T04:29:13.400222Z
2020-02-21,US_10Y_YAHOO_TNX,1.4709999561309814,yahoo_query_or_equivalent_authorized_market_data_source,2026-06-25T04:29:13.400222Z
2020-02-24,US_10Y_YAHOO_TNX,1.3769999742507935,yahoo_query_or_equivalent_authorized_market_data_source,2026-06-25T04:29:13.400222Z
2020-02-25,US_10Y_YAHOO_TNX,1.3300000429153442,yahoo_query_or_equivalent_authorized_market_data_source,2026-06-25T04:29:13.400222Z
2020-02-26,US_10Y_YAHOO_TNX,1.309999942779541,yahoo_query_or_equivalent_authorized_market_data_source,2026-06-25T04:29:13.400222Z
2020-02-27,US_10Y_YAHOO_TNX,1.2990000247955322,yahoo_query_or_equivalent_authorized_market_data_source,2026-06-25T04:29:13.400222Z
2020-02-28,US_10Y_YAHOO_TNX,1.1269999742507935,yahoo_query_or_equivalent_authorized_market_data_source,2026-06-25T04:29:13.400222Z
2020-03-02,US_10Y_YAHOO_TNX,1.0880000591278076,yahoo_query_or_equivalent_authorized_market_data_source,2026-06-25T04:29:13.400222Z
2020-03-03,US_10Y_YAHOO_TNX,1.0099999904632568,yahoo_query_or_equivalent_authorized_market_data_source,2026-06-25T04:29:13.400222Z
2020-03-04,US_10Y_YAHOO_TNX,0.9919999837875366,yahoo_query_or_equivalent_authorized_market_data_source,2026-06-25T04:29:13.400222Z
2020-03-05,US_10Y_YAHOO_TNX,0.9259999990463257,yahoo_query_or_equivalent_authorized_market_data_source,2026-06-25T04:29:13.400222Z
2020-03-06,US_10Y_YAHOO_TNX,0.7059999704360962,yahoo_query_or_equivalent_authorized_market_data_source,2026-06-25T04:29:13.400222Z
2020-03-09,US_10Y_YAHOO_TNX,0.49900001287460327,yahoo_query_or_equivalent_authorized_market_data_source,2026-06-25T04:29:13.400222Z
2020-03-10,US_10Y_YAHOO_TNX,0.7480000257492065,yahoo_query_or_equivalent_authorized_market_data_source,2026-06-25T04:29:13.400222Z
2020-03-11,US_10Y_YAHOO_TNX,0.8199999928474426,yahoo_query_or_equivalent_authorized_market_data_source,2026-06-25T04:29:13.400222Z
2020-03-12,US_10Y_YAHOO_TNX,0.8489999771118164,yahoo_query_or_equivalent_authorized_market_data_source,2026-06-25T04:29:13.400222Z
2020-03-13,US_10Y_YAHOO_TNX,0.9509999752044678,yahoo_query_or_equivalent_authorized_market_data_source,2026-06-25T04:29:13.400222Z
2020-03-16,US_10Y_YAHOO_TNX,0.7279999852180481,yahoo_query_or_equivalent_authorized_market_data_source,2026-06-25T04:29:13.400222Z
2020-03-17,US_10Y_YAHOO_TNX,0.996999979019165,yahoo_query_or_equivalent_authorized_market_data_source,2026-06-25T04:29:13.400222Z
2020-03-18,US_10Y_YAHOO_TNX,1.2660000324249268,yahoo_query_or_equivalent_authorized_market_data_source,2026-06-25T04:29:13.400222Z
2020-03-19,US_10Y_YAHOO_TNX,1.11899995803833,yahoo_query_or_equivalent_authorized_market_data_source,2026-06-25T04:29:13.400222Z
2020-03-20,US_10Y_YAHOO_TNX,0.9380000233650208,yahoo_query_or_equivalent_authorized_market_data_source,2026-06-25T04:29:13.400222Z
2020-03-23,US_10Y_YAHOO_TNX,0.7639999985694885,yahoo_query_or_equivalent_authorized_market_data_source,2026-06-25T04:29:13.400222Z
2020-03-24,US_10Y_YAHOO_TNX,0.8159999847412109,yahoo_query_or_equivalent_authorized_market_data_source,2026-06-25T04:29:13.400222Z
2020-03-25,US_10Y_YAHOO_TNX,0.8579999804496765,yahoo_query_or_equivalent_authorized_market_data_source,2026-06-25T04:29:13.400222Z
2020-03-26,US_10Y_YAHOO_TNX,0.8109999895095825,yahoo_query_or_equivalent_authorized_market_data_source,2026-06-25T04:29:13.400222Z
2020-03-27,US_10Y_YAHOO_TNX,0.7490000128746033,yahoo_query_or_equivalent_authorized_market_data_source,2026-06-25T04:29:13.400222Z
2020-03-30,US_10Y_YAHOO_TNX,0.6700000166893005,yahoo_query_or_equivalent_authorized_market_data_source,2026-06-25T04:29:13.400222Z
2020-03-31,US_10Y_YAHOO_TNX,0.6980000138282776,yahoo_query_or_equivalent_authorized_market_data_source,2026-06-25T04:29:13.400222Z
2020-04-01,US_10Y_YAHOO_TNX,0.6349999904632568,yahoo_query_or_equivalent_authorized_market_data_source,2026-06-25T04:29:13.400222Z
2020-04-02,US_10Y_YAHOO_TNX,0.6269999742507935,yahoo_query_or_equivalent_authorized_market_data_source,2026-06-25T04:29:13.400222Z
2020-04-03,US_10Y_YAHOO_TNX,0.5870000123977661,yahoo_query_or_equivalent_authorized_market_data_source,2026-06-25T04:29:13.400222Z
2020-04-06,US_10Y_YAHOO_TNX,0.6759999990463257,yahoo_query_or_equivalent_authorized_market_data_source,2026-06-25T04:29:13.400222Z
2020-04-07,US_10Y_YAHOO_TNX,0.7360000014305115,yahoo_query_or_equivalent_authorized_market_data_source,2026-06-25T04:29:13.400222Z
2020-04-08,US_10Y_YAHOO_TNX,0.7639999985694885,yahoo_query_or_equivalent_authorized_market_data_source,2026-06-25T04:29:13.400222Z
2020-04-09,US_10Y_YAHOO_TNX,0.7289999723434448,yahoo_query_or_equivalent_authorized_market_data_source,2026-06-25T04:29:13.400222Z
2020-04-13,US_10Y_YAHOO_TNX,0.7490000128746033,yahoo_query_or_equivalent_authorized_market_data_source,2026-06-25T04:29:13.400222Z
2020-04-14,US_10Y_YAHOO_TNX,0.7519999742507935,yahoo_query_or_equivalent_authorized_market_data_source,2026-06-25T04:29:13.400222Z
2020-04-15,US_10Y_YAHOO_TNX,0.6380000114440918,yahoo_query_or_equivalent_authorized_market_data_source,2026-06-25T04:29:13.400222Z
2020-04-16,US_10Y_YAHOO_TNX,0.609000027179718,yahoo_query_or_equivalent_authorized_market_data_source,2026-06-25T04:29:13.400222Z
2020-04-17,US_10Y_YAHOO_TNX,0.6539999842643738,yahoo_query_or_equivalent_authorized_market_data_source,2026-06-25T04:29:13.400222Z
2020-04-20,US_10Y_YAHOO_TNX,0.6259999871253967,yahoo_query_or_equivalent_authorized_market_data_source,2026-06-25T04:29:13.400222Z
2020-04-21,US_10Y_YAHOO_TNX,0.5709999799728394,yahoo_query_or_equivalent_authorized_market_data_source,2026-06-25T04:29:13.400222Z
2020-04-22,US_10Y_YAHOO_TNX,0.6190000176429749,yahoo_query_or_equivalent_authorized_market_data_source,2026-06-25T04:29:13.400222Z
2020-04-23,US_10Y_YAHOO_TNX,0.6129999756813049,yahoo_query_or_equivalent_authorized_market_data_source,2026-06-25T04:29:13.400222Z
2020-04-24,US_10Y_YAHOO_TNX,0.5960000157356262,yahoo_query_or_equivalent_authorized_market_data_source,2026-06-25T04:29:13.400222Z
2020-04-27,US_10Y_YAHOO_TNX,0.656000018119812,yahoo_query_or_equivalent_authorized_market_data_source,2026-06-25T04:29:13.400222Z
2020-04-28,US_10Y_YAHOO_TNX,0.6100000143051147,yahoo_query_or_equivalent_authorized_market_data_source,2026-06-25T04:29:13.400222Z
2020-04-29,US_10Y_YAHOO_TNX,0.6269999742507935,yahoo_query_or_equivalent_authorized_market_data_source,2026-06-25T04:29:13.400222Z
2020-04-30,US_10Y_YAHOO_TNX,0.621999979019165,yahoo_query_or_equivalent_authorized_market_data_source,2026-06-25T04:29:13.400222Z
2020-05-01,US_10Y_YAHOO_TNX,0.6420000195503235,yahoo_query_or_equivalent_authorized_market_data_source,2026-06-25T04:29:13.400222Z
2020-05-04,US_10Y_YAHOO_TNX,0.6370000243186951,yahoo_query_or_equivalent_authorized_market_data_source,2026-06-25T04:29:13.400222Z
2020-05-05,US_10Y_YAHOO_TNX,0.6570000052452087,yahoo_query_or_equivalent_authorized_market_data_source,2026-06-25T04:29:13.400222Z
2020-05-06,US_10Y_YAHOO_TNX,0.7110000252723694,yahoo_query_or_equivalent_authorized_market_data_source,2026-06-25T04:29:13.400222Z
2020-05-07,US_10Y_YAHOO_TNX,0.6309999823570251,yahoo_query_or_equivalent_authorized_market_data_source,2026-06-25T04:29:13.400222Z
2020-05-08,US_10Y_YAHOO_TNX,0.6819999814033508,yahoo_query_or_equivalent_authorized_market_data_source,2026-06-25T04:29:13.400222Z
2020-05-11,US_10Y_YAHOO_TNX,0.7260000109672546,yahoo_query_or_equivalent_authorized_market_data_source,2026-06-25T04:29:13.400222Z
2020-05-12,US_10Y_YAHOO_TNX,0.6779999732971191,yahoo_query_or_equivalent_authorized_market_data_source,2026-06-25T04:29:13.400222Z
2020-05-13,US_10Y_YAHOO_TNX,0.6489999890327454,yahoo_query_or_equivalent_authorized_market_data_source,2026-06-25T04:29:13.400222Z
2020-05-14,US_10Y_YAHOO_TNX,0.6190000176429749,yahoo_query_or_equivalent_authorized_market_data_source,2026-06-25T04:29:13.400222Z
2020-05-15,US_10Y_YAHOO_TNX,0.6399999856948853,yahoo_query_or_equivalent_authorized_market_data_source,2026-06-25T04:29:13.400222Z
2020-05-18,US_10Y_YAHOO_TNX,0.7440000176429749,yahoo_query_or_equivalent_authorized_market_data_source,2026-06-25T04:29:13.400222Z
2020-05-19,US_10Y_YAHOO_TNX,0.7110000252723694,yahoo_query_or_equivalent_authorized_market_data_source,2026-06-25T04:29:13.400222Z
2020-05-20,US_10Y_YAHOO_TNX,0.6800000071525574,yahoo_query_or_equivalent_authorized_market_data_source,2026-06-25T04:29:13.400222Z
2020-05-21,US_10Y_YAHOO_TNX,0.6769999861717224,yahoo_query_or_equivalent_authorized_market_data_source,2026-06-25T04:29:13.400222Z
2020-05-22,US_10Y_YAHOO_TNX,0.6570000052452087,yahoo_query_or_equivalent_authorized_market_data_source,2026-06-25T04:29:13.400222Z
2020-05-26,US_10Y_YAHOO_TNX,0.6980000138282776,yahoo_query_or_equivalent_authorized_market_data_source,2026-06-25T04:29:13.400222Z
2020-05-27,US_10Y_YAHOO_TNX,0.6800000071525574,yahoo_query_or_equivalent_authorized_market_data_source,2026-06-25T04:29:13.400222Z
2020-05-28,US_10Y_YAHOO_TNX,0.7049999833106995,yahoo_query_or_equivalent_authorized_market_data_source,2026-06-25T04:29:13.400222Z
2020-05-29,US_10Y_YAHOO_TNX,0.6480000019073486,yahoo_query_or_equivalent_authorized_market_data_source,2026-06-25T04:29:13.400222Z
2020-06-01,US_10Y_YAHOO_TNX,0.6620000004768372,yahoo_query_or_equivalent_authorized_market_data_source,2026-06-25T04:29:13.400222Z
2020-06-02,US_10Y_YAHOO_TNX,0.6800000071525574,yahoo_query_or_equivalent_authorized_market_data_source,2026-06-25T04:29:13.400222Z
2020-06-03,US_10Y_YAHOO_TNX,0.7609999775886536,yahoo_query_or_equivalent_authorized_market_data_source,2026-06-25T04:29:13.400222Z
2020-06-04,US_10Y_YAHOO_TNX,0.8199999928474426,yahoo_query_or_equivalent_authorized_market_data_source,2026-06-25T04:29:13.400222Z
2020-06-05,US_10Y_YAHOO_TNX,0.9039999842643738,yahoo_query_or_equivalent_authorized_market_data_source,2026-06-25T04:29:13.400222Z
2020-06-08,US_10Y_YAHOO_TNX,0.8840000033378601,yahoo_query_or_equivalent_authorized_market_data_source,2026-06-25T04:29:13.400222Z
2020-06-09,US_10Y_YAHOO_TNX,0.8289999961853027,yahoo_query_or_equivalent_authorized_market_data_source,2026-06-25T04:29:13.400222Z
2020-06-10,US_10Y_YAHOO_TNX,0.7480000257492065,yahoo_query_or_equivalent_authorized_market_data_source,2026-06-25T04:29:13.400222Z
2020-06-11,US_10Y_YAHOO_TNX,0.652999997138977,yahoo_query_or_equivalent_authorized_market_data_source,2026-06-25T04:29:13.400222Z
2020-06-12,US_10Y_YAHOO_TNX,0.6990000009536743,yahoo_query_or_equivalent_authorized_market_data_source,2026-06-25T04:29:13.400222Z
2020-06-15,US_10Y_YAHOO_TNX,0.7020000219345093,yahoo_query_or_equivalent_authorized_market_data_source,2026-06-25T04:29:13.400222Z
2020-06-16,US_10Y_YAHOO_TNX,0.7559999823570251,yahoo_query_or_equivalent_authorized_market_data_source,2026-06-25T04:29:13.400222Z
2020-06-17,US_10Y_YAHOO_TNX,0.7329999804496765,yahoo_query_or_equivalent_authorized_market_data_source,2026-06-25T04:29:13.400222Z
2020-06-18,US_10Y_YAHOO_TNX,0.6940000057220459,yahoo_query_or_equivalent_authorized_market_data_source,2026-06-25T04:29:13.400222Z
2020-06-19,US_10Y_YAHOO_TNX,0.6970000267028809,yahoo_query_or_equivalent_authorized_market_data_source,2026-06-25T04:29:13.400222Z
2020-06-22,US_10Y_YAHOO_TNX,0.7039999961853027,yahoo_query_or_equivalent_authorized_market_data_source,2026-06-25T04:29:13.400222Z
2020-06-23,US_10Y_YAHOO_TNX,0.7089999914169312,yahoo_query_or_equivalent_authorized_market_data_source,2026-06-25T04:29:13.400222Z
2020-06-24,US_10Y_YAHOO_TNX,0.6840000152587891,yahoo_query_or_equivalent_authorized_market_data_source,2026-06-25T04:29:13.400222Z
2020-06-25,US_10Y_YAHOO_TNX,0.6740000247955322,yahoo_query_or_equivalent_authorized_market_data_source,2026-06-25T04:29:13.400222Z
2020-06-26,US_10Y_YAHOO_TNX,0.6359999775886536,yahoo_query_or_equivalent_authorized_market_data_source,2026-06-25T04:29:13.400222Z
2020-06-29,US_10Y_YAHOO_TNX,0.6359999775886536,yahoo_query_or_equivalent_authorized_market_data_source,2026-06-25T04:29:13.400222Z
2020-06-30,US_10Y_YAHOO_TNX,0.652999997138977,yahoo_query_or_equivalent_authorized_market_data_source,2026-06-25T04:29:13.400222Z
2020-07-01,US_10Y_YAHOO_TNX,0.6819999814033508,yahoo_query_or_equivalent_authorized_market_data_source,2026-06-25T04:29:13.400222Z
2020-07-02,US_10Y_YAHOO_TNX,0.6690000295639038,yahoo_query_or_equivalent_authorized_market_data_source,2026-06-25T04:29:13.400222Z
2020-07-06,US_10Y_YAHOO_TNX,0.6840000152587891,yahoo_query_or_equivalent_authorized_market_data_source,2026-06-25T04:29:13.400222Z
2020-07-07,US_10Y_YAHOO_TNX,0.6499999761581421,yahoo_query_or_equivalent_authorized_market_data_source,2026-06-25T04:29:13.400222Z
2020-07-08,US_10Y_YAHOO_TNX,0.652999997138977,yahoo_query_or_equivalent_authorized_market_data_source,2026-06-25T04:29:13.400222Z
2020-07-09,US_10Y_YAHOO_TNX,0.6050000190734863,yahoo_query_or_equivalent_authorized_market_data_source,2026-06-25T04:29:13.400222Z
2020-07-10,US_10Y_YAHOO_TNX,0.6330000162124634,yahoo_query_or_equivalent_authorized_market_data_source,2026-06-25T04:29:13.400222Z
2020-07-13,US_10Y_YAHOO_TNX,0.6399999856948853,yahoo_query_or_equivalent_authorized_market_data_source,2026-06-25T04:29:13.400222Z
2020-07-14,US_10Y_YAHOO_TNX,0.6150000095367432,yahoo_query_or_equivalent_authorized_market_data_source,2026-06-25T04:29:13.400222Z
2020-07-15,US_10Y_YAHOO_TNX,0.6299999952316284,yahoo_query_or_equivalent_authorized_market_data_source,2026-06-25T04:29:13.400222Z
2020-07-16,US_10Y_YAHOO_TNX,0.6119999885559082,yahoo_query_or_equivalent_authorized_market_data_source,2026-06-25T04:29:13.400222Z
2020-07-17,US_10Y_YAHOO_TNX,0.628000020980835,yahoo_query_or_equivalent_authorized_market_data_source,2026-06-25T04:29:13.400222Z
2020-07-20,US_10Y_YAHOO_TNX,0.6200000047683716,yahoo_query_or_equivalent_authorized_market_data_source,2026-06-25T04:29:13.400222Z
2020-07-21,US_10Y_YAHOO_TNX,0.6069999933242798,yahoo_query_or_equivalent_authorized_market_data_source,2026-06-25T04:29:13.400222Z
2020-07-22,US_10Y_YAHOO_TNX,0.5950000286102295,yahoo_query_or_equivalent_authorized_market_data_source,2026-06-25T04:29:13.400222Z
2020-07-23,US_10Y_YAHOO_TNX,0.5820000171661377,yahoo_query_or_equivalent_authorized_market_data_source,2026-06-25T04:29:13.400222Z
2020-07-24,US_10Y_YAHOO_TNX,0.5889999866485596,yahoo_query_or_equivalent_authorized_market_data_source,2026-06-25T04:29:13.400222Z
2020-07-27,US_10Y_YAHOO_TNX,0.609000027179718,yahoo_query_or_equivalent_authorized_market_data_source,2026-06-25T04:29:13.400222Z
2020-07-28,US_10Y_YAHOO_TNX,0.5809999704360962,yahoo_query_or_equivalent_authorized_market_data_source,2026-06-25T04:29:13.400222Z
2020-07-29,US_10Y_YAHOO_TNX,0.5789999961853027,yahoo_query_or_equivalent_authorized_market_data_source,2026-06-25T04:29:13.400222Z
2020-07-30,US_10Y_YAHOO_TNX,0.5410000085830688,yahoo_query_or_equivalent_authorized_market_data_source,2026-06-25T04:29:13.400222Z
2020-07-31,US_10Y_YAHOO_TNX,0.5360000133514404,yahoo_query_or_equivalent_authorized_market_data_source,2026-06-25T04:29:13.400222Z
2020-08-03,US_10Y_YAHOO_TNX,0.5630000233650208,yahoo_query_or_equivalent_authorized_market_data_source,2026-06-25T04:29:13.400222Z
2020-08-04,US_10Y_YAHOO_TNX,0.5149999856948853,yahoo_query_or_equivalent_authorized_market_data_source,2026-06-25T04:29:13.400222Z
2020-08-05,US_10Y_YAHOO_TNX,0.5429999828338623,yahoo_query_or_equivalent_authorized_market_data_source,2026-06-25T04:29:13.400222Z
2020-08-06,US_10Y_YAHOO_TNX,0.5360000133514404,yahoo_query_or_equivalent_authorized_market_data_source,2026-06-25T04:29:13.400222Z
2020-08-07,US_10Y_YAHOO_TNX,0.5619999766349792,yahoo_query_or_equivalent_authorized_market_data_source,2026-06-25T04:29:13.400222Z
2020-08-10,US_10Y_YAHOO_TNX,0.5740000009536743,yahoo_query_or_equivalent_authorized_market_data_source,2026-06-25T04:29:13.400222Z
2020-08-11,US_10Y_YAHOO_TNX,0.6579999923706055,yahoo_query_or_equivalent_authorized_market_data_source,2026-06-25T04:29:13.400222Z
2020-08-12,US_10Y_YAHOO_TNX,0.6700000166893005,yahoo_query_or_equivalent_authorized_market_data_source,2026-06-25T04:29:13.400222Z
2020-08-13,US_10Y_YAHOO_TNX,0.7160000205039978,yahoo_query_or_equivalent_authorized_market_data_source,2026-06-25T04:29:13.400222Z
2020-08-14,US_10Y_YAHOO_TNX,0.7089999914169312,yahoo_query_or_equivalent_authorized_market_data_source,2026-06-25T04:29:13.400222Z
2020-08-17,US_10Y_YAHOO_TNX,0.6830000281333923,yahoo_query_or_equivalent_authorized_market_data_source,2026-06-25T04:29:13.400222Z
2020-08-18,US_10Y_YAHOO_TNX,0.6690000295639038,yahoo_query_or_equivalent_authorized_market_data_source,2026-06-25T04:29:13.400222Z
2020-08-19,US_10Y_YAHOO_TNX,0.675000011920929,yahoo_query_or_equivalent_authorized_market_data_source,2026-06-25T04:29:13.400222Z
2020-08-20,US_10Y_YAHOO_TNX,0.6439999938011169,yahoo_query_or_equivalent_authorized_market_data_source,2026-06-25T04:29:13.400222Z
2020-08-21,US_10Y_YAHOO_TNX,0.6399999856948853,yahoo_query_or_equivalent_authorized_market_data_source,2026-06-25T04:29:13.400222Z
2020-08-24,US_10Y_YAHOO_TNX,0.6460000276565552,yahoo_query_or_equivalent_authorized_market_data_source,2026-06-25T04:29:13.400222Z
2020-08-25,US_10Y_YAHOO_TNX,0.6819999814033508,yahoo_query_or_equivalent_authorized_market_data_source,2026-06-25T04:29:13.400222Z
2020-08-26,US_10Y_YAHOO_TNX,0.6869999766349792,yahoo_query_or_equivalent_authorized_market_data_source,2026-06-25T04:29:13.400222Z
2020-08-27,US_10Y_YAHOO_TNX,0.7459999918937683,yahoo_query_or_equivalent_authorized_market_data_source,2026-06-25T04:29:13.400222Z
2020-08-28,US_10Y_YAHOO_TNX,0.7289999723434448,yahoo_query_or_equivalent_authorized_market_data_source,2026-06-25T04:29:13.400222Z
2020-08-31,US_10Y_YAHOO_TNX,0.6930000185966492,yahoo_query_or_equivalent_authorized_market_data_source,2026-06-25T04:29:13.400222Z
2020-09-01,US_10Y_YAHOO_TNX,0.671999990940094,yahoo_query_or_equivalent_authorized_market_data_source,2026-06-25T04:29:13.400222Z
2020-09-02,US_10Y_YAHOO_TNX,0.6510000228881836,yahoo_query_or_equivalent_authorized_market_data_source,2026-06-25T04:29:13.400222Z
2020-09-03,US_10Y_YAHOO_TNX,0.621999979019165,yahoo_query_or_equivalent_authorized_market_data_source,2026-06-25T04:29:13.400222Z
2020-09-04,US_10Y_YAHOO_TNX,0.7210000157356262,yahoo_query_or_equivalent_authorized_market_data_source,2026-06-25T04:29:13.400222Z
2020-09-08,US_10Y_YAHOO_TNX,0.6840000152587891,yahoo_query_or_equivalent_authorized_market_data_source,2026-06-25T04:29:13.400222Z
2020-09-09,US_10Y_YAHOO_TNX,0.703000009059906,yahoo_query_or_equivalent_authorized_market_data_source,2026-06-25T04:29:13.400222Z
2020-09-10,US_10Y_YAHOO_TNX,0.6850000023841858,yahoo_query_or_equivalent_authorized_market_data_source,2026-06-25T04:29:13.400222Z
2020-09-11,US_10Y_YAHOO_TNX,0.6690000295639038,yahoo_query_or_equivalent_authorized_market_data_source,2026-06-25T04:29:13.400222Z
2020-09-14,US_10Y_YAHOO_TNX,0.6710000038146973,yahoo_query_or_equivalent_authorized_market_data_source,2026-06-25T04:29:13.400222Z
2020-09-15,US_10Y_YAHOO_TNX,0.6790000200271606,yahoo_query_or_equivalent_authorized_market_data_source,2026-06-25T04:29:13.400222Z
2020-09-16,US_10Y_YAHOO_TNX,0.6869999766349792,yahoo_query_or_equivalent_authorized_market_data_source,2026-06-25T04:29:13.400222Z
2020-09-17,US_10Y_YAHOO_TNX,0.6840000152587891,yahoo_query_or_equivalent_authorized_market_data_source,2026-06-25T04:29:13.400222Z
2020-09-18,US_10Y_YAHOO_TNX,0.6940000057220459,yahoo_query_or_equivalent_authorized_market_data_source,2026-06-25T04:29:13.400222Z
2020-09-21,US_10Y_YAHOO_TNX,0.6710000038146973,yahoo_query_or_equivalent_authorized_market_data_source,2026-06-25T04:29:13.400222Z
2020-09-22,US_10Y_YAHOO_TNX,0.6639999747276306,yahoo_query_or_equivalent_authorized_market_data_source,2026-06-25T04:29:13.400222Z
2020-09-23,US_10Y_YAHOO_TNX,0.6759999990463257,yahoo_query_or_equivalent_authorized_market_data_source,2026-06-25T04:29:13.400222Z
2020-09-24,US_10Y_YAHOO_TNX,0.6660000085830688,yahoo_query_or_equivalent_authorized_market_data_source,2026-06-25T04:29:13.400222Z
2020-09-25,US_10Y_YAHOO_TNX,0.6589999794960022,yahoo_query_or_equivalent_authorized_market_data_source,2026-06-25T04:29:13.400222Z
2020-09-28,US_10Y_YAHOO_TNX,0.6629999876022339,yahoo_query_or_equivalent_authorized_market_data_source,2026-06-25T04:29:13.400222Z
2020-09-29,US_10Y_YAHOO_TNX,0.6449999809265137,yahoo_query_or_equivalent_authorized_market_data_source,2026-06-25T04:29:13.400222Z
2020-09-30,US_10Y_YAHOO_TNX,0.6769999861717224,yahoo_query_or_equivalent_authorized_market_data_source,2026-06-25T04:29:13.400222Z
2020-10-01,US_10Y_YAHOO_TNX,0.6769999861717224,yahoo_query_or_equivalent_authorized_market_data_source,2026-06-25T04:29:13.400222Z
2020-10-02,US_10Y_YAHOO_TNX,0.6959999799728394,yahoo_query_or_equivalent_authorized_market_data_source,2026-06-25T04:29:13.400222Z
2020-10-05,US_10Y_YAHOO_TNX,0.7620000243186951,yahoo_query_or_equivalent_authorized_market_data_source,2026-06-25T04:29:13.400222Z
2020-10-06,US_10Y_YAHOO_TNX,0.7419999837875366,yahoo_query_or_equivalent_authorized_market_data_source,2026-06-25T04:29:13.400222Z
2020-10-07,US_10Y_YAHOO_TNX,0.7850000262260437,yahoo_query_or_equivalent_authorized_market_data_source,2026-06-25T04:29:13.400222Z
2020-10-08,US_10Y_YAHOO_TNX,0.7649999856948853,yahoo_query_or_equivalent_authorized_market_data_source,2026-06-25T04:29:13.400222Z
2020-10-09,US_10Y_YAHOO_TNX,0.7749999761581421,yahoo_query_or_equivalent_authorized_market_data_source,2026-06-25T04:29:13.400222Z
2020-10-12,US_10Y_YAHOO_TNX,0.7770000100135803,yahoo_query_or_equivalent_authorized_market_data_source,2026-06-25T04:29:13.400222Z
2020-10-13,US_10Y_YAHOO_TNX,0.7269999980926514,yahoo_query_or_equivalent_authorized_market_data_source,2026-06-25T04:29:13.400222Z
2020-10-14,US_10Y_YAHOO_TNX,0.722000002861023,yahoo_query_or_equivalent_authorized_market_data_source,2026-06-25T04:29:13.400222Z
2020-10-15,US_10Y_YAHOO_TNX,0.7310000061988831,yahoo_query_or_equivalent_authorized_market_data_source,2026-06-25T04:29:13.400222Z
2020-10-16,US_10Y_YAHOO_TNX,0.7440000176429749,yahoo_query_or_equivalent_authorized_market_data_source,2026-06-25T04:29:13.400222Z
2020-10-19,US_10Y_YAHOO_TNX,0.7609999775886536,yahoo_query_or_equivalent_authorized_market_data_source,2026-06-25T04:29:13.400222Z
2020-10-20,US_10Y_YAHOO_TNX,0.796999990940094,yahoo_query_or_equivalent_authorized_market_data_source,2026-06-25T04:29:13.400222Z
2020-10-21,US_10Y_YAHOO_TNX,0.8159999847412109,yahoo_query_or_equivalent_authorized_market_data_source,2026-06-25T04:29:13.400222Z
2020-10-22,US_10Y_YAHOO_TNX,0.8479999899864197,yahoo_query_or_equivalent_authorized_market_data_source,2026-06-25T04:29:13.400222Z
2020-10-23,US_10Y_YAHOO_TNX,0.8410000205039978,yahoo_query_or_equivalent_authorized_market_data_source,2026-06-25T04:29:13.400222Z
2020-10-26,US_10Y_YAHOO_TNX,0.8009999990463257,yahoo_query_or_equivalent_authorized_market_data_source,2026-06-25T04:29:13.400222Z
2020-10-27,US_10Y_YAHOO_TNX,0.777999997138977,yahoo_query_or_equivalent_authorized_market_data_source,2026-06-25T04:29:13.400222Z
2020-10-28,US_10Y_YAHOO_TNX,0.781000018119812,yahoo_query_or_equivalent_authorized_market_data_source,2026-06-25T04:29:13.400222Z
2020-10-29,US_10Y_YAHOO_TNX,0.8349999785423279,yahoo_query_or_equivalent_authorized_market_data_source,2026-06-25T04:29:13.400222Z
2020-10-30,US_10Y_YAHOO_TNX,0.8600000143051147,yahoo_query_or_equivalent_authorized_market_data_source,2026-06-25T04:29:13.400222Z
2020-11-02,US_10Y_YAHOO_TNX,0.8489999771118164,yahoo_query_or_equivalent_authorized_market_data_source,2026-06-25T04:29:13.400222Z
2020-11-03,US_10Y_YAHOO_TNX,0.8820000290870667,yahoo_query_or_equivalent_authorized_market_data_source,2026-06-25T04:29:13.400222Z
2020-11-04,US_10Y_YAHOO_TNX,0.7680000066757202,yahoo_query_or_equivalent_authorized_market_data_source,2026-06-25T04:29:13.400222Z
2020-11-05,US_10Y_YAHOO_TNX,0.7760000228881836,yahoo_query_or_equivalent_authorized_market_data_source,2026-06-25T04:29:13.400222Z
2020-11-06,US_10Y_YAHOO_TNX,0.8199999928474426,yahoo_query_or_equivalent_authorized_market_data_source,2026-06-25T04:29:13.400222Z
2020-11-09,US_10Y_YAHOO_TNX,0.9580000042915344,yahoo_query_or_equivalent_authorized_market_data_source,2026-06-25T04:29:13.400222Z
2020-11-10,US_10Y_YAHOO_TNX,0.972000002861023,yahoo_query_or_equivalent_authorized_market_data_source,2026-06-25T04:29:13.400222Z
2020-11-11,US_10Y_YAHOO_TNX,0.9580000042915344,yahoo_query_or_equivalent_authorized_market_data_source,2026-06-25T04:29:13.400222Z
2020-11-12,US_10Y_YAHOO_TNX,0.8849999904632568,yahoo_query_or_equivalent_authorized_market_data_source,2026-06-25T04:29:13.400222Z
2020-11-13,US_10Y_YAHOO_TNX,0.8930000066757202,yahoo_query_or_equivalent_authorized_market_data_source,2026-06-25T04:29:13.400222Z
2020-11-16,US_10Y_YAHOO_TNX,0.906000018119812,yahoo_query_or_equivalent_authorized_market_data_source,2026-06-25T04:29:13.400222Z
2020-11-17,US_10Y_YAHOO_TNX,0.871999979019165,yahoo_query_or_equivalent_authorized_market_data_source,2026-06-25T04:29:13.400222Z
2020-11-18,US_10Y_YAHOO_TNX,0.8820000290870667,yahoo_query_or_equivalent_authorized_market_data_source,2026-06-25T04:29:13.400222Z
2020-11-19,US_10Y_YAHOO_TNX,0.8539999723434448,yahoo_query_or_equivalent_authorized_market_data_source,2026-06-25T04:29:13.400222Z
2020-11-20,US_10Y_YAHOO_TNX,0.8289999961853027,yahoo_query_or_equivalent_authorized_market_data_source,2026-06-25T04:29:13.400222Z
2020-11-23,US_10Y_YAHOO_TNX,0.8569999933242798,yahoo_query_or_equivalent_authorized_market_data_source,2026-06-25T04:29:13.400222Z
2020-11-24,US_10Y_YAHOO_TNX,0.8820000290870667,yahoo_query_or_equivalent_authorized_market_data_source,2026-06-25T04:29:13.400222Z
2020-11-25,US_10Y_YAHOO_TNX,0.878000020980835,yahoo_query_or_equivalent_authorized_market_data_source,2026-06-25T04:29:13.400222Z
2020-11-27,US_10Y_YAHOO_TNX,0.8420000076293945,yahoo_query_or_equivalent_authorized_market_data_source,2026-06-25T04:29:13.400222Z
2020-11-30,US_10Y_YAHOO_TNX,0.843999981880188,yahoo_query_or_equivalent_authorized_market_data_source,2026-06-25T04:29:13.400222Z
2020-12-01,US_10Y_YAHOO_TNX,0.9340000152587891,yahoo_query_or_equivalent_authorized_market_data_source,2026-06-25T04:29:13.400222Z
2020-12-02,US_10Y_YAHOO_TNX,0.9480000138282776,yahoo_query_or_equivalent_authorized_market_data_source,2026-06-25T04:29:13.400222Z
2020-12-03,US_10Y_YAHOO_TNX,0.9200000166893005,yahoo_query_or_equivalent_authorized_market_data_source,2026-06-25T04:29:13.400222Z
2020-12-04,US_10Y_YAHOO_TNX,0.968999981880188,yahoo_query_or_equivalent_authorized_market_data_source,2026-06-25T04:29:13.400222Z
2020-12-07,US_10Y_YAHOO_TNX,0.9279999732971191,yahoo_query_or_equivalent_authorized_market_data_source,2026-06-25T04:29:13.400222Z
2020-12-08,US_10Y_YAHOO_TNX,0.9129999876022339,yahoo_query_or_equivalent_authorized_market_data_source,2026-06-25T04:29:13.400222Z
2020-12-09,US_10Y_YAHOO_TNX,0.9409999847412109,yahoo_query_or_equivalent_authorized_market_data_source,2026-06-25T04:29:13.400222Z
2020-12-10,US_10Y_YAHOO_TNX,0.9079999923706055,yahoo_query_or_equivalent_authorized_market_data_source,2026-06-25T04:29:13.400222Z
2020-12-11,US_10Y_YAHOO_TNX,0.8930000066757202,yahoo_query_or_equivalent_authorized_market_data_source,2026-06-25T04:29:13.400222Z
2020-12-14,US_10Y_YAHOO_TNX,0.8920000195503235,yahoo_query_or_equivalent_authorized_market_data_source,2026-06-25T04:29:13.400222Z
2020-12-15,US_10Y_YAHOO_TNX,0.9229999780654907,yahoo_query_or_equivalent_authorized_market_data_source,2026-06-25T04:29:13.400222Z
2020-12-16,US_10Y_YAHOO_TNX,0.9200000166893005,yahoo_query_or_equivalent_authorized_market_data_source,2026-06-25T04:29:13.400222Z
2020-12-17,US_10Y_YAHOO_TNX,0.9300000071525574,yahoo_query_or_equivalent_authorized_market_data_source,2026-06-25T04:29:13.400222Z
2020-12-18,US_10Y_YAHOO_TNX,0.9480000138282776,yahoo_query_or_equivalent_authorized_market_data_source,2026-06-25T04:29:13.400222Z
2020-12-21,US_10Y_YAHOO_TNX,0.9409999847412109,yahoo_query_or_equivalent_authorized_market_data_source,2026-06-25T04:29:13.400222Z
2020-12-22,US_10Y_YAHOO_TNX,0.9179999828338623,yahoo_query_or_equivalent_authorized_market_data_source,2026-06-25T04:29:13.400222Z
2020-12-23,US_10Y_YAHOO_TNX,0.9549999833106995,yahoo_query_or_equivalent_authorized_market_data_source,2026-06-25T04:29:13.400222Z
2020-12-24,US_10Y_YAHOO_TNX,0.9279999732971191,yahoo_query_or_equivalent_authorized_market_data_source,2026-06-25T04:29:13.400222Z
2020-12-28,US_10Y_YAHOO_TNX,0.9330000281333923,yahoo_query_or_equivalent_authorized_market_data_source,2026-06-25T04:29:13.400222Z
2020-12-29,US_10Y_YAHOO_TNX,0.9350000023841858,yahoo_query_or_equivalent_authorized_market_data_source,2026-06-25T04:29:13.400222Z
2020-12-30,US_10Y_YAHOO_TNX,0.9259999990463257,yahoo_query_or_equivalent_authorized_market_data_source,2026-06-25T04:29:13.400222Z
2020-12-31,US_10Y_YAHOO_TNX,0.9169999957084656,yahoo_query_or_equivalent_authorized_market_data_source,2026-06-25T04:29:13.400222Z
2021-01-04,US_10Y_YAHOO_TNX,0.9169999957084656,yahoo_query_or_equivalent_authorized_market_data_source,2026-06-25T04:29:13.400222Z
2021-01-05,US_10Y_YAHOO_TNX,0.9549999833106995,yahoo_query_or_equivalent_authorized_market_data_source,2026-06-25T04:29:13.400222Z
2021-01-06,US_10Y_YAHOO_TNX,1.0420000553131104,yahoo_query_or_equivalent_authorized_market_data_source,2026-06-25T04:29:13.400222Z
2021-01-07,US_10Y_YAHOO_TNX,1.0709999799728394,yahoo_query_or_equivalent_authorized_market_data_source,2026-06-25T04:29:13.400222Z
2021-01-08,US_10Y_YAHOO_TNX,1.1050000190734863,yahoo_query_or_equivalent_authorized_market_data_source,2026-06-25T04:29:13.400222Z
2021-01-11,US_10Y_YAHOO_TNX,1.1319999694824219,yahoo_query_or_equivalent_authorized_market_data_source,2026-06-25T04:29:13.400222Z
2021-01-12,US_10Y_YAHOO_TNX,1.1380000114440918,yahoo_query_or_equivalent_authorized_market_data_source,2026-06-25T04:29:13.400222Z
2021-01-13,US_10Y_YAHOO_TNX,1.0880000591278076,yahoo_query_or_equivalent_authorized_market_data_source,2026-06-25T04:29:13.400222Z
2021-01-14,US_10Y_YAHOO_TNX,1.128999948501587,yahoo_query_or_equivalent_authorized_market_data_source,2026-06-25T04:29:13.400222Z
2021-01-15,US_10Y_YAHOO_TNX,1.097000002861023,yahoo_query_or_equivalent_authorized_market_data_source,2026-06-25T04:29:13.400222Z
2021-01-19,US_10Y_YAHOO_TNX,1.0920000076293945,yahoo_query_or_equivalent_authorized_market_data_source,2026-06-25T04:29:13.400222Z
2021-01-20,US_10Y_YAHOO_TNX,1.090000033378601,yahoo_query_or_equivalent_authorized_market_data_source,2026-06-25T04:29:13.400222Z
2021-01-21,US_10Y_YAHOO_TNX,1.1089999675750732,yahoo_query_or_equivalent_authorized_market_data_source,2026-06-25T04:29:13.400222Z
2021-01-22,US_10Y_YAHOO_TNX,1.090999960899353,yahoo_query_or_equivalent_authorized_market_data_source,2026-06-25T04:29:13.400222Z
2021-01-25,US_10Y_YAHOO_TNX,1.0399999618530273,yahoo_query_or_equivalent_authorized_market_data_source,2026-06-25T04:29:13.400222Z
2021-01-26,US_10Y_YAHOO_TNX,1.0399999618530273,yahoo_query_or_equivalent_authorized_market_data_source,2026-06-25T04:29:13.400222Z
2021-01-27,US_10Y_YAHOO_TNX,1.0140000581741333,yahoo_query_or_equivalent_authorized_market_data_source,2026-06-25T04:29:13.400222Z
2021-01-28,US_10Y_YAHOO_TNX,1.0570000410079956,yahoo_query_or_equivalent_authorized_market_data_source,2026-06-25T04:29:13.400222Z
2021-01-29,US_10Y_YAHOO_TNX,1.093000054359436,yahoo_query_or_equivalent_authorized_market_data_source,2026-06-25T04:29:13.400222Z
2021-02-01,US_10Y_YAHOO_TNX,1.0770000219345093,yahoo_query_or_equivalent_authorized_market_data_source,2026-06-25T04:29:13.400222Z
2021-02-02,US_10Y_YAHOO_TNX,1.1050000190734863,yahoo_query_or_equivalent_authorized_market_data_source,2026-06-25T04:29:13.400222Z
2021-02-03,US_10Y_YAHOO_TNX,1.13100004196167,yahoo_query_or_equivalent_authorized_market_data_source,2026-06-25T04:29:13.400222Z
2021-02-04,US_10Y_YAHOO_TNX,1.1390000581741333,yahoo_query_or_equivalent_authorized_market_data_source,2026-06-25T04:29:13.400222Z
2021-02-05,US_10Y_YAHOO_TNX,1.1699999570846558,yahoo_query_or_equivalent_authorized_market_data_source,2026-06-25T04:29:13.400222Z
2021-02-08,US_10Y_YAHOO_TNX,1.159999966621399,yahoo_query_or_equivalent_authorized_market_data_source,2026-06-25T04:29:13.400222Z
2021-02-09,US_10Y_YAHOO_TNX,1.156999945640564,yahoo_query_or_equivalent_authorized_market_data_source,2026-06-25T04:29:13.400222Z
2021-02-10,US_10Y_YAHOO_TNX,1.1330000162124634,yahoo_query_or_equivalent_authorized_market_data_source,2026-06-25T04:29:13.400222Z
2021-02-11,US_10Y_YAHOO_TNX,1.1579999923706055,yahoo_query_or_equivalent_authorized_market_data_source,2026-06-25T04:29:13.400222Z
2021-02-12,US_10Y_YAHOO_TNX,1.2000000476837158,yahoo_query_or_equivalent_authorized_market_data_source,2026-06-25T04:29:13.400222Z
2021-02-16,US_10Y_YAHOO_TNX,1.2990000247955322,yahoo_query_or_equivalent_authorized_market_data_source,2026-06-25T04:29:13.400222Z
2021-02-17,US_10Y_YAHOO_TNX,1.3009999990463257,yahoo_query_or_equivalent_authorized_market_data_source,2026-06-25T04:29:13.400222Z
2021-02-18,US_10Y_YAHOO_TNX,1.2869999408721924,yahoo_query_or_equivalent_authorized_market_data_source,2026-06-25T04:29:13.400222Z
2021-02-19,US_10Y_YAHOO_TNX,1.3450000286102295,yahoo_query_or_equivalent_authorized_market_data_source,2026-06-25T04:29:13.400222Z
2021-02-22,US_10Y_YAHOO_TNX,1.3700000047683716,yahoo_query_or_equivalent_authorized_market_data_source,2026-06-25T04:29:13.400222Z
2021-02-23,US_10Y_YAHOO_TNX,1.3619999885559082,yahoo_query_or_equivalent_authorized_market_data_source,2026-06-25T04:29:13.400222Z
2021-02-24,US_10Y_YAHOO_TNX,1.3890000581741333,yahoo_query_or_equivalent_authorized_market_data_source,2026-06-25T04:29:13.400222Z
2021-02-25,US_10Y_YAHOO_TNX,1.5180000066757202,yahoo_query_or_equivalent_authorized_market_data_source,2026-06-25T04:29:13.400222Z
2021-02-26,US_10Y_YAHOO_TNX,1.4600000381469727,yahoo_query_or_equivalent_authorized_market_data_source,2026-06-25T04:29:13.400222Z
2021-03-01,US_10Y_YAHOO_TNX,1.4459999799728394,yahoo_query_or_equivalent_authorized_market_data_source,2026-06-25T04:29:13.400222Z
2021-03-02,US_10Y_YAHOO_TNX,1.4149999618530273,yahoo_query_or_equivalent_authorized_market_data_source,2026-06-25T04:29:13.400222Z
2021-03-03,US_10Y_YAHOO_TNX,1.4700000286102295,yahoo_query_or_equivalent_authorized_market_data_source,2026-06-25T04:29:13.400222Z
2021-03-04,US_10Y_YAHOO_TNX,1.5499999523162842,yahoo_query_or_equivalent_authorized_market_data_source,2026-06-25T04:29:13.400222Z
2021-03-05,US_10Y_YAHOO_TNX,1.5540000200271606,yahoo_query_or_equivalent_authorized_market_data_source,2026-06-25T04:29:13.400222Z
2021-03-08,US_10Y_YAHOO_TNX,1.5959999561309814,yahoo_query_or_equivalent_authorized_market_data_source,2026-06-25T04:29:13.400222Z
2021-03-09,US_10Y_YAHOO_TNX,1.5460000038146973,yahoo_query_or_equivalent_authorized_market_data_source,2026-06-25T04:29:13.400222Z
2021-03-10,US_10Y_YAHOO_TNX,1.5199999809265137,yahoo_query_or_equivalent_authorized_market_data_source,2026-06-25T04:29:13.400222Z
2021-03-11,US_10Y_YAHOO_TNX,1.5269999504089355,yahoo_query_or_equivalent_authorized_market_data_source,2026-06-25T04:29:13.400222Z
2021-03-12,US_10Y_YAHOO_TNX,1.6349999904632568,yahoo_query_or_equivalent_authorized_market_data_source,2026-06-25T04:29:13.400222Z
2021-03-15,US_10Y_YAHOO_TNX,1.6069999933242798,yahoo_query_or_equivalent_authorized_market_data_source,2026-06-25T04:29:13.400222Z
2021-03-16,US_10Y_YAHOO_TNX,1.621000051498413,yahoo_query_or_equivalent_authorized_market_data_source,2026-06-25T04:29:13.400222Z
2021-03-17,US_10Y_YAHOO_TNX,1.6410000324249268,yahoo_query_or_equivalent_authorized_market_data_source,2026-06-25T04:29:13.400222Z
2021-03-18,US_10Y_YAHOO_TNX,1.7300000190734863,yahoo_query_or_equivalent_authorized_market_data_source,2026-06-25T04:29:13.400222Z
2021-03-19,US_10Y_YAHOO_TNX,1.7319999933242798,yahoo_query_or_equivalent_authorized_market_data_source,2026-06-25T04:29:13.400222Z
2021-03-22,US_10Y_YAHOO_TNX,1.684000015258789,yahoo_query_or_equivalent_authorized_market_data_source,2026-06-25T04:29:13.400222Z
2021-03-23,US_10Y_YAHOO_TNX,1.6380000114440918,yahoo_query_or_equivalent_authorized_market_data_source,2026-06-25T04:29:13.400222Z
2021-03-24,US_10Y_YAHOO_TNX,1.6139999628067017,yahoo_query_or_equivalent_authorized_market_data_source,2026-06-25T04:29:13.400222Z
2021-03-25,US_10Y_YAHOO_TNX,1.6139999628067017,yahoo_query_or_equivalent_authorized_market_data_source,2026-06-25T04:29:13.400222Z
2021-03-26,US_10Y_YAHOO_TNX,1.659999966621399,yahoo_query_or_equivalent_authorized_market_data_source,2026-06-25T04:29:13.400222Z
2021-03-29,US_10Y_YAHOO_TNX,1.7209999561309814,yahoo_query_or_equivalent_authorized_market_data_source,2026-06-25T04:29:13.400222Z
2021-03-30,US_10Y_YAHOO_TNX,1.7259999513626099,yahoo_query_or_equivalent_authorized_market_data_source,2026-06-25T04:29:13.400222Z
2021-03-31,US_10Y_YAHOO_TNX,1.746000051498413,yahoo_query_or_equivalent_authorized_market_data_source,2026-06-25T04:29:13.400222Z
2021-04-01,US_10Y_YAHOO_TNX,1.6790000200271606,yahoo_query_or_equivalent_authorized_market_data_source,2026-06-25T04:29:13.400222Z
2021-04-05,US_10Y_YAHOO_TNX,1.7200000286102295,yahoo_query_or_equivalent_authorized_market_data_source,2026-06-25T04:29:13.400222Z
2021-04-06,US_10Y_YAHOO_TNX,1.656000018119812,yahoo_query_or_equivalent_authorized_market_data_source,2026-06-25T04:29:13.400222Z
2021-04-07,US_10Y_YAHOO_TNX,1.652999997138977,yahoo_query_or_equivalent_authorized_market_data_source,2026-06-25T04:29:13.400222Z
2021-04-08,US_10Y_YAHOO_TNX,1.6319999694824219,yahoo_query_or_equivalent_authorized_market_data_source,2026-06-25T04:29:13.400222Z
2021-04-09,US_10Y_YAHOO_TNX,1.6660000085830688,yahoo_query_or_equivalent_authorized_market_data_source,2026-06-25T04:29:13.400222Z
2021-04-12,US_10Y_YAHOO_TNX,1.6749999523162842,yahoo_query_or_equivalent_authorized_market_data_source,2026-06-25T04:29:13.400222Z
2021-04-13,US_10Y_YAHOO_TNX,1.6230000257492065,yahoo_query_or_equivalent_authorized_market_data_source,2026-06-25T04:29:13.400222Z
2021-04-14,US_10Y_YAHOO_TNX,1.6380000114440918,yahoo_query_or_equivalent_authorized_market_data_source,2026-06-25T04:29:13.400222Z
2021-04-15,US_10Y_YAHOO_TNX,1.5299999713897705,yahoo_query_or_equivalent_authorized_market_data_source,2026-06-25T04:29:13.400222Z
2021-04-16,US_10Y_YAHOO_TNX,1.5729999542236328,yahoo_query_or_equivalent_authorized_market_data_source,2026-06-25T04:29:13.400222Z
2021-04-19,US_10Y_YAHOO_TNX,1.6009999513626099,yahoo_query_or_equivalent_authorized_market_data_source,2026-06-25T04:29:13.400222Z
2021-04-20,US_10Y_YAHOO_TNX,1.562000036239624,yahoo_query_or_equivalent_authorized_market_data_source,2026-06-25T04:29:13.400222Z
2021-04-21,US_10Y_YAHOO_TNX,1.5640000104904175,yahoo_query_or_equivalent_authorized_market_data_source,2026-06-25T04:29:13.400222Z
2021-04-22,US_10Y_YAHOO_TNX,1.5540000200271606,yahoo_query_or_equivalent_authorized_market_data_source,2026-06-25T04:29:13.400222Z
2021-04-23,US_10Y_YAHOO_TNX,1.5670000314712524,yahoo_query_or_equivalent_authorized_market_data_source,2026-06-25T04:29:13.400222Z
2021-04-26,US_10Y_YAHOO_TNX,1.5700000524520874,yahoo_query_or_equivalent_authorized_market_data_source,2026-06-25T04:29:13.400222Z
2021-04-27,US_10Y_YAHOO_TNX,1.621999979019165,yahoo_query_or_equivalent_authorized_market_data_source,2026-06-25T04:29:13.400222Z
2021-04-28,US_10Y_YAHOO_TNX,1.6200000047683716,yahoo_query_or_equivalent_authorized_market_data_source,2026-06-25T04:29:13.400222Z
2021-04-29,US_10Y_YAHOO_TNX,1.6399999856948853,yahoo_query_or_equivalent_authorized_market_data_source,2026-06-25T04:29:13.400222Z
2021-04-30,US_10Y_YAHOO_TNX,1.63100004196167,yahoo_query_or_equivalent_authorized_market_data_source,2026-06-25T04:29:13.400222Z
2021-05-03,US_10Y_YAHOO_TNX,1.6069999933242798,yahoo_query_or_equivalent_authorized_market_data_source,2026-06-25T04:29:13.400222Z
2021-05-04,US_10Y_YAHOO_TNX,1.5920000076293945,yahoo_query_or_equivalent_authorized_market_data_source,2026-06-25T04:29:13.400222Z
2021-05-05,US_10Y_YAHOO_TNX,1.5839999914169312,yahoo_query_or_equivalent_authorized_market_data_source,2026-06-25T04:29:13.400222Z
2021-05-06,US_10Y_YAHOO_TNX,1.5609999895095825,yahoo_query_or_equivalent_authorized_market_data_source,2026-06-25T04:29:13.400222Z
2021-05-07,US_10Y_YAHOO_TNX,1.5770000219345093,yahoo_query_or_equivalent_authorized_market_data_source,2026-06-25T04:29:13.400222Z
2021-05-10,US_10Y_YAHOO_TNX,1.6019999980926514,yahoo_query_or_equivalent_authorized_market_data_source,2026-06-25T04:29:13.400222Z
2021-05-11,US_10Y_YAHOO_TNX,1.6239999532699585,yahoo_query_or_equivalent_authorized_market_data_source,2026-06-25T04:29:13.400222Z
2021-05-12,US_10Y_YAHOO_TNX,1.6950000524520874,yahoo_query_or_equivalent_authorized_market_data_source,2026-06-25T04:29:13.400222Z
2021-05-13,US_10Y_YAHOO_TNX,1.6679999828338623,yahoo_query_or_equivalent_authorized_market_data_source,2026-06-25T04:29:13.400222Z
2021-05-14,US_10Y_YAHOO_TNX,1.6349999904632568,yahoo_query_or_equivalent_authorized_market_data_source,2026-06-25T04:29:13.400222Z
2021-05-17,US_10Y_YAHOO_TNX,1.6399999856948853,yahoo_query_or_equivalent_authorized_market_data_source,2026-06-25T04:29:13.400222Z
2021-05-18,US_10Y_YAHOO_TNX,1.6419999599456787,yahoo_query_or_equivalent_authorized_market_data_source,2026-06-25T04:29:13.400222Z
2021-05-19,US_10Y_YAHOO_TNX,1.6829999685287476,yahoo_query_or_equivalent_authorized_market_data_source,2026-06-25T04:29:13.400222Z
2021-05-20,US_10Y_YAHOO_TNX,1.6339999437332153,yahoo_query_or_equivalent_authorized_market_data_source,2026-06-25T04:29:13.400222Z
2021-05-21,US_10Y_YAHOO_TNX,1.6319999694824219,yahoo_query_or_equivalent_authorized_market_data_source,2026-06-25T04:29:13.400222Z
2021-05-24,US_10Y_YAHOO_TNX,1.6080000400543213,yahoo_query_or_equivalent_authorized_market_data_source,2026-06-25T04:29:13.400222Z
2021-05-25,US_10Y_YAHOO_TNX,1.5640000104904175,yahoo_query_or_equivalent_authorized_market_data_source,2026-06-25T04:29:13.400222Z
2021-05-26,US_10Y_YAHOO_TNX,1.5740000009536743,yahoo_query_or_equivalent_authorized_market_data_source,2026-06-25T04:29:13.400222Z
2021-05-27,US_10Y_YAHOO_TNX,1.6100000143051147,yahoo_query_or_equivalent_authorized_market_data_source,2026-06-25T04:29:13.400222Z
2021-05-28,US_10Y_YAHOO_TNX,1.5809999704360962,yahoo_query_or_equivalent_authorized_market_data_source,2026-06-25T04:29:13.400222Z
2021-06-01,US_10Y_YAHOO_TNX,1.6150000095367432,yahoo_query_or_equivalent_authorized_market_data_source,2026-06-25T04:29:13.400222Z
2021-06-02,US_10Y_YAHOO_TNX,1.590999960899353,yahoo_query_or_equivalent_authorized_market_data_source,2026-06-25T04:29:13.400222Z
2021-06-03,US_10Y_YAHOO_TNX,1.625,yahoo_query_or_equivalent_authorized_market_data_source,2026-06-25T04:29:13.400222Z
2021-06-04,US_10Y_YAHOO_TNX,1.559999942779541,yahoo_query_or_equivalent_authorized_market_data_source,2026-06-25T04:29:13.400222Z
2021-06-07,US_10Y_YAHOO_TNX,1.569000005722046,yahoo_query_or_equivalent_authorized_market_data_source,2026-06-25T04:29:13.400222Z
2021-06-08,US_10Y_YAHOO_TNX,1.527999997138977,yahoo_query_or_equivalent_authorized_market_data_source,2026-06-25T04:29:13.400222Z
2021-06-09,US_10Y_YAHOO_TNX,1.4889999628067017,yahoo_query_or_equivalent_authorized_market_data_source,2026-06-25T04:29:13.400222Z
2021-06-10,US_10Y_YAHOO_TNX,1.4589999914169312,yahoo_query_or_equivalent_authorized_market_data_source,2026-06-25T04:29:13.400222Z
2021-06-11,US_10Y_YAHOO_TNX,1.4620000123977661,yahoo_query_or_equivalent_authorized_market_data_source,2026-06-25T04:29:13.400222Z
2021-06-14,US_10Y_YAHOO_TNX,1.5010000467300415,yahoo_query_or_equivalent_authorized_market_data_source,2026-06-25T04:29:13.400222Z
2021-06-15,US_10Y_YAHOO_TNX,1.4989999532699585,yahoo_query_or_equivalent_authorized_market_data_source,2026-06-25T04:29:13.400222Z
2021-06-16,US_10Y_YAHOO_TNX,1.569000005722046,yahoo_query_or_equivalent_authorized_market_data_source,2026-06-25T04:29:13.400222Z
2021-06-17,US_10Y_YAHOO_TNX,1.5110000371932983,yahoo_query_or_equivalent_authorized_market_data_source,2026-06-25T04:29:13.400222Z
2021-06-18,US_10Y_YAHOO_TNX,1.4500000476837158,yahoo_query_or_equivalent_authorized_market_data_source,2026-06-25T04:29:13.400222Z
2021-06-21,US_10Y_YAHOO_TNX,1.4839999675750732,yahoo_query_or_equivalent_authorized_market_data_source,2026-06-25T04:29:13.400222Z
2021-06-22,US_10Y_YAHOO_TNX,1.472000002861023,yahoo_query_or_equivalent_authorized_market_data_source,2026-06-25T04:29:13.400222Z
2021-06-23,US_10Y_YAHOO_TNX,1.4869999885559082,yahoo_query_or_equivalent_authorized_market_data_source,2026-06-25T04:29:13.400222Z
2021-06-24,US_10Y_YAHOO_TNX,1.4869999885559082,yahoo_query_or_equivalent_authorized_market_data_source,2026-06-25T04:29:13.400222Z
2021-06-25,US_10Y_YAHOO_TNX,1.5360000133514404,yahoo_query_or_equivalent_authorized_market_data_source,2026-06-25T04:29:13.400222Z
2021-06-28,US_10Y_YAHOO_TNX,1.4780000448226929,yahoo_query_or_equivalent_authorized_market_data_source,2026-06-25T04:29:13.400222Z
2021-06-29,US_10Y_YAHOO_TNX,1.4800000190734863,yahoo_query_or_equivalent_authorized_market_data_source,2026-06-25T04:29:13.400222Z
2021-06-30,US_10Y_YAHOO_TNX,1.4429999589920044,yahoo_query_or_equivalent_authorized_market_data_source,2026-06-25T04:29:13.400222Z
2021-07-01,US_10Y_YAHOO_TNX,1.4800000190734863,yahoo_query_or_equivalent_authorized_market_data_source,2026-06-25T04:29:13.400222Z
2021-07-02,US_10Y_YAHOO_TNX,1.430999994277954,yahoo_query_or_equivalent_authorized_market_data_source,2026-06-25T04:29:13.400222Z
2021-07-06,US_10Y_YAHOO_TNX,1.3700000047683716,yahoo_query_or_equivalent_authorized_market_data_source,2026-06-25T04:29:13.400222Z
2021-07-07,US_10Y_YAHOO_TNX,1.3209999799728394,yahoo_query_or_equivalent_authorized_market_data_source,2026-06-25T04:29:13.400222Z
2021-07-08,US_10Y_YAHOO_TNX,1.2879999876022339,yahoo_query_or_equivalent_authorized_market_data_source,2026-06-25T04:29:13.400222Z
2021-07-09,US_10Y_YAHOO_TNX,1.3559999465942383,yahoo_query_or_equivalent_authorized_market_data_source,2026-06-25T04:29:13.400222Z
2021-07-12,US_10Y_YAHOO_TNX,1.3630000352859497,yahoo_query_or_equivalent_authorized_market_data_source,2026-06-25T04:29:13.400222Z
2021-07-13,US_10Y_YAHOO_TNX,1.4149999618530273,yahoo_query_or_equivalent_authorized_market_data_source,2026-06-25T04:29:13.400222Z
2021-07-14,US_10Y_YAHOO_TNX,1.3559999465942383,yahoo_query_or_equivalent_authorized_market_data_source,2026-06-25T04:29:13.400222Z
2021-07-15,US_10Y_YAHOO_TNX,1.2970000505447388,yahoo_query_or_equivalent_authorized_market_data_source,2026-06-25T04:29:13.400222Z
2021-07-16,US_10Y_YAHOO_TNX,1.2999999523162842,yahoo_query_or_equivalent_authorized_market_data_source,2026-06-25T04:29:13.400222Z
2021-07-19,US_10Y_YAHOO_TNX,1.180999994277954,yahoo_query_or_equivalent_authorized_market_data_source,2026-06-25T04:29:13.400222Z
2021-07-20,US_10Y_YAHOO_TNX,1.2089999914169312,yahoo_query_or_equivalent_authorized_market_data_source,2026-06-25T04:29:13.400222Z
2021-07-21,US_10Y_YAHOO_TNX,1.2799999713897705,yahoo_query_or_equivalent_authorized_market_data_source,2026-06-25T04:29:13.400222Z
2021-07-22,US_10Y_YAHOO_TNX,1.2649999856948853,yahoo_query_or_equivalent_authorized_market_data_source,2026-06-25T04:29:13.400222Z
2021-07-23,US_10Y_YAHOO_TNX,1.2860000133514404,yahoo_query_or_equivalent_authorized_market_data_source,2026-06-25T04:29:13.400222Z
2021-07-26,US_10Y_YAHOO_TNX,1.2760000228881836,yahoo_query_or_equivalent_authorized_market_data_source,2026-06-25T04:29:13.400222Z
2021-07-27,US_10Y_YAHOO_TNX,1.2339999675750732,yahoo_query_or_equivalent_authorized_market_data_source,2026-06-25T04:29:13.400222Z
2021-07-28,US_10Y_YAHOO_TNX,1.2610000371932983,yahoo_query_or_equivalent_authorized_market_data_source,2026-06-25T04:29:13.400222Z
2021-07-29,US_10Y_YAHOO_TNX,1.2690000534057617,yahoo_query_or_equivalent_authorized_market_data_source,2026-06-25T04:29:13.400222Z
2021-07-30,US_10Y_YAHOO_TNX,1.2389999628067017,yahoo_query_or_equivalent_authorized_market_data_source,2026-06-25T04:29:13.400222Z
2021-08-02,US_10Y_YAHOO_TNX,1.1740000247955322,yahoo_query_or_equivalent_authorized_market_data_source,2026-06-25T04:29:13.400222Z
2021-08-03,US_10Y_YAHOO_TNX,1.1759999990463257,yahoo_query_or_equivalent_authorized_market_data_source,2026-06-25T04:29:13.400222Z
2021-08-04,US_10Y_YAHOO_TNX,1.184000015258789,yahoo_query_or_equivalent_authorized_market_data_source,2026-06-25T04:29:13.400222Z
2021-08-05,US_10Y_YAHOO_TNX,1.2170000076293945,yahoo_query_or_equivalent_authorized_market_data_source,2026-06-25T04:29:13.400222Z
2021-08-06,US_10Y_YAHOO_TNX,1.2899999618530273,yahoo_query_or_equivalent_authorized_market_data_source,2026-06-25T04:29:13.400222Z
2021-08-09,US_10Y_YAHOO_TNX,1.3170000314712524,yahoo_query_or_equivalent_authorized_market_data_source,2026-06-25T04:29:13.400222Z
2021-08-10,US_10Y_YAHOO_TNX,1.3420000076293945,yahoo_query_or_equivalent_authorized_market_data_source,2026-06-25T04:29:13.400222Z
2021-08-11,US_10Y_YAHOO_TNX,1.3289999961853027,yahoo_query_or_equivalent_authorized_market_data_source,2026-06-25T04:29:13.400222Z
2021-08-12,US_10Y_YAHOO_TNX,1.3669999837875366,yahoo_query_or_equivalent_authorized_market_data_source,2026-06-25T04:29:13.400222Z
2021-08-13,US_10Y_YAHOO_TNX,1.2970000505447388,yahoo_query_or_equivalent_authorized_market_data_source,2026-06-25T04:29:13.400222Z
2021-08-16,US_10Y_YAHOO_TNX,1.2569999694824219,yahoo_query_or_equivalent_authorized_market_data_source,2026-06-25T04:29:13.400222Z
2021-08-17,US_10Y_YAHOO_TNX,1.2580000162124634,yahoo_query_or_equivalent_authorized_market_data_source,2026-06-25T04:29:13.400222Z
2021-08-18,US_10Y_YAHOO_TNX,1.2730000019073486,yahoo_query_or_equivalent_authorized_market_data_source,2026-06-25T04:29:13.400222Z
2021-08-19,US_10Y_YAHOO_TNX,1.2419999837875366,yahoo_query_or_equivalent_authorized_market_data_source,2026-06-25T04:29:13.400222Z
2021-08-20,US_10Y_YAHOO_TNX,1.2599999904632568,yahoo_query_or_equivalent_authorized_market_data_source,2026-06-25T04:29:13.400222Z
2021-08-23,US_10Y_YAHOO_TNX,1.2549999952316284,yahoo_query_or_equivalent_authorized_market_data_source,2026-06-25T04:29:13.400222Z
2021-08-24,US_10Y_YAHOO_TNX,1.2899999618530273,yahoo_query_or_equivalent_authorized_market_data_source,2026-06-25T04:29:13.400222Z
2021-08-25,US_10Y_YAHOO_TNX,1.3420000076293945,yahoo_query_or_equivalent_authorized_market_data_source,2026-06-25T04:29:13.400222Z
2021-08-26,US_10Y_YAHOO_TNX,1.3420000076293945,yahoo_query_or_equivalent_authorized_market_data_source,2026-06-25T04:29:13.400222Z
2021-08-27,US_10Y_YAHOO_TNX,1.312000036239624,yahoo_query_or_equivalent_authorized_market_data_source,2026-06-25T04:29:13.400222Z
2021-08-30,US_10Y_YAHOO_TNX,1.284999966621399,yahoo_query_or_equivalent_authorized_market_data_source,2026-06-25T04:29:13.400222Z
2021-08-31,US_10Y_YAHOO_TNX,1.3040000200271606,yahoo_query_or_equivalent_authorized_market_data_source,2026-06-25T04:29:13.400222Z
2021-09-01,US_10Y_YAHOO_TNX,1.3020000457763672,yahoo_query_or_equivalent_authorized_market_data_source,2026-06-25T04:29:13.400222Z
2021-09-02,US_10Y_YAHOO_TNX,1.2940000295639038,yahoo_query_or_equivalent_authorized_market_data_source,2026-06-25T04:29:13.400222Z
2021-09-03,US_10Y_YAHOO_TNX,1.3220000267028809,yahoo_query_or_equivalent_authorized_market_data_source,2026-06-25T04:29:13.400222Z
2021-09-07,US_10Y_YAHOO_TNX,1.3700000047683716,yahoo_query_or_equivalent_authorized_market_data_source,2026-06-25T04:29:13.400222Z
2021-09-08,US_10Y_YAHOO_TNX,1.3339999914169312,yahoo_query_or_equivalent_authorized_market_data_source,2026-06-25T04:29:13.400222Z
2021-09-09,US_10Y_YAHOO_TNX,1.2990000247955322,yahoo_query_or_equivalent_authorized_market_data_source,2026-06-25T04:29:13.400222Z
2021-09-10,US_10Y_YAHOO_TNX,1.340999960899353,yahoo_query_or_equivalent_authorized_market_data_source,2026-06-25T04:29:13.400222Z
2021-09-13,US_10Y_YAHOO_TNX,1.3240000009536743,yahoo_query_or_equivalent_authorized_market_data_source,2026-06-25T04:29:13.400222Z
2021-09-14,US_10Y_YAHOO_TNX,1.2769999504089355,yahoo_query_or_equivalent_authorized_market_data_source,2026-06-25T04:29:13.400222Z
2021-09-15,US_10Y_YAHOO_TNX,1.3040000200271606,yahoo_query_or_equivalent_authorized_market_data_source,2026-06-25T04:29:13.400222Z
2021-09-16,US_10Y_YAHOO_TNX,1.3309999704360962,yahoo_query_or_equivalent_authorized_market_data_source,2026-06-25T04:29:13.400222Z
2021-09-17,US_10Y_YAHOO_TNX,1.3700000047683716,yahoo_query_or_equivalent_authorized_market_data_source,2026-06-25T04:29:13.400222Z
2021-09-20,US_10Y_YAHOO_TNX,1.309000015258789,yahoo_query_or_equivalent_authorized_market_data_source,2026-06-25T04:29:13.400222Z
2021-09-21,US_10Y_YAHOO_TNX,1.3240000009536743,yahoo_query_or_equivalent_authorized_market_data_source,2026-06-25T04:29:13.400222Z
2021-09-22,US_10Y_YAHOO_TNX,1.3359999656677246,yahoo_query_or_equivalent_authorized_market_data_source,2026-06-25T04:29:13.400222Z
2021-09-23,US_10Y_YAHOO_TNX,1.409999966621399,yahoo_query_or_equivalent_authorized_market_data_source,2026-06-25T04:29:13.400222Z
2021-09-24,US_10Y_YAHOO_TNX,1.4600000381469727,yahoo_query_or_equivalent_authorized_market_data_source,2026-06-25T04:29:13.400222Z
2021-09-27,US_10Y_YAHOO_TNX,1.4839999675750732,yahoo_query_or_equivalent_authorized_market_data_source,2026-06-25T04:29:13.400222Z
2021-09-28,US_10Y_YAHOO_TNX,1.534000039100647,yahoo_query_or_equivalent_authorized_market_data_source,2026-06-25T04:29:13.400222Z
2021-09-29,US_10Y_YAHOO_TNX,1.5410000085830688,yahoo_query_or_equivalent_authorized_market_data_source,2026-06-25T04:29:13.400222Z
2021-09-30,US_10Y_YAHOO_TNX,1.5290000438690186,yahoo_query_or_equivalent_authorized_market_data_source,2026-06-25T04:29:13.400222Z
2021-10-01,US_10Y_YAHOO_TNX,1.4789999723434448,yahoo_query_or_equivalent_authorized_market_data_source,2026-06-25T04:29:13.400222Z
2021-10-04,US_10Y_YAHOO_TNX,1.4809999465942383,yahoo_query_or_equivalent_authorized_market_data_source,2026-06-25T04:29:13.400222Z
2021-10-05,US_10Y_YAHOO_TNX,1.5290000438690186,yahoo_query_or_equivalent_authorized_market_data_source,2026-06-25T04:29:13.400222Z
2021-10-06,US_10Y_YAHOO_TNX,1.5240000486373901,yahoo_query_or_equivalent_authorized_market_data_source,2026-06-25T04:29:13.400222Z
2021-10-07,US_10Y_YAHOO_TNX,1.5709999799728394,yahoo_query_or_equivalent_authorized_market_data_source,2026-06-25T04:29:13.400222Z
2021-10-08,US_10Y_YAHOO_TNX,1.6050000190734863,yahoo_query_or_equivalent_authorized_market_data_source,2026-06-25T04:29:13.400222Z
2021-10-11,US_10Y_YAHOO_TNX,1.6139999628067017,yahoo_query_or_equivalent_authorized_market_data_source,2026-06-25T04:29:13.400222Z
2021-10-12,US_10Y_YAHOO_TNX,1.5800000429153442,yahoo_query_or_equivalent_authorized_market_data_source,2026-06-25T04:29:13.400222Z
2021-10-13,US_10Y_YAHOO_TNX,1.5490000247955322,yahoo_query_or_equivalent_authorized_market_data_source,2026-06-25T04:29:13.400222Z
2021-10-14,US_10Y_YAHOO_TNX,1.5190000534057617,yahoo_query_or_equivalent_authorized_market_data_source,2026-06-25T04:29:13.400222Z
2021-10-15,US_10Y_YAHOO_TNX,1.5759999752044678,yahoo_query_or_equivalent_authorized_market_data_source,2026-06-25T04:29:13.400222Z
2021-10-18,US_10Y_YAHOO_TNX,1.5839999914169312,yahoo_query_or_equivalent_authorized_market_data_source,2026-06-25T04:29:13.400222Z
2021-10-19,US_10Y_YAHOO_TNX,1.6349999904632568,yahoo_query_or_equivalent_authorized_market_data_source,2026-06-25T04:29:13.400222Z
2021-10-20,US_10Y_YAHOO_TNX,1.6360000371932983,yahoo_query_or_equivalent_authorized_market_data_source,2026-06-25T04:29:13.400222Z
2021-10-21,US_10Y_YAHOO_TNX,1.6759999990463257,yahoo_query_or_equivalent_authorized_market_data_source,2026-06-25T04:29:13.400222Z
2021-10-22,US_10Y_YAHOO_TNX,1.6549999713897705,yahoo_query_or_equivalent_authorized_market_data_source,2026-06-25T04:29:13.400222Z
2021-10-25,US_10Y_YAHOO_TNX,1.6349999904632568,yahoo_query_or_equivalent_authorized_market_data_source,2026-06-25T04:29:13.400222Z
2021-10-26,US_10Y_YAHOO_TNX,1.61899995803833,yahoo_query_or_equivalent_authorized_market_data_source,2026-06-25T04:29:13.400222Z
2021-10-27,US_10Y_YAHOO_TNX,1.5290000438690186,yahoo_query_or_equivalent_authorized_market_data_source,2026-06-25T04:29:13.400222Z
2021-10-28,US_10Y_YAHOO_TNX,1.5679999589920044,yahoo_query_or_equivalent_authorized_market_data_source,2026-06-25T04:29:13.400222Z
2021-10-29,US_10Y_YAHOO_TNX,1.5570000410079956,yahoo_query_or_equivalent_authorized_market_data_source,2026-06-25T04:29:13.400222Z
2021-11-01,US_10Y_YAHOO_TNX,1.5750000476837158,yahoo_query_or_equivalent_authorized_market_data_source,2026-06-25T04:29:13.400222Z
2021-11-02,US_10Y_YAHOO_TNX,1.5490000247955322,yahoo_query_or_equivalent_authorized_market_data_source,2026-06-25T04:29:13.400222Z
2021-11-03,US_10Y_YAHOO_TNX,1.5789999961853027,yahoo_query_or_equivalent_authorized_market_data_source,2026-06-25T04:29:13.400222Z
2021-11-04,US_10Y_YAHOO_TNX,1.5240000486373901,yahoo_query_or_equivalent_authorized_market_data_source,2026-06-25T04:29:13.400222Z
2021-11-05,US_10Y_YAHOO_TNX,1.4529999494552612,yahoo_query_or_equivalent_authorized_market_data_source,2026-06-25T04:29:13.400222Z
2021-11-08,US_10Y_YAHOO_TNX,1.496999979019165,yahoo_query_or_equivalent_authorized_market_data_source,2026-06-25T04:29:13.400222Z
2021-11-09,US_10Y_YAHOO_TNX,1.4320000410079956,yahoo_query_or_equivalent_authorized_market_data_source,2026-06-25T04:29:13.400222Z
2021-11-10,US_10Y_YAHOO_TNX,1.559999942779541,yahoo_query_or_equivalent_authorized_market_data_source,2026-06-25T04:29:13.400222Z
2021-11-11,US_10Y_YAHOO_TNX,1.559999942779541,yahoo_query_or_equivalent_authorized_market_data_source,2026-06-25T04:29:13.400222Z
2021-11-12,US_10Y_YAHOO_TNX,1.5820000171661377,yahoo_query_or_equivalent_authorized_market_data_source,2026-06-25T04:29:13.400222Z
2021-11-15,US_10Y_YAHOO_TNX,1.6230000257492065,yahoo_query_or_equivalent_authorized_market_data_source,2026-06-25T04:29:13.400222Z
2021-11-16,US_10Y_YAHOO_TNX,1.6339999437332153,yahoo_query_or_equivalent_authorized_market_data_source,2026-06-25T04:29:13.400222Z
2021-11-17,US_10Y_YAHOO_TNX,1.6039999723434448,yahoo_query_or_equivalent_authorized_market_data_source,2026-06-25T04:29:13.400222Z
2021-11-18,US_10Y_YAHOO_TNX,1.5889999866485596,yahoo_query_or_equivalent_authorized_market_data_source,2026-06-25T04:29:13.400222Z
2021-11-19,US_10Y_YAHOO_TNX,1.5360000133514404,yahoo_query_or_equivalent_authorized_market_data_source,2026-06-25T04:29:13.400222Z
2021-11-22,US_10Y_YAHOO_TNX,1.625,yahoo_query_or_equivalent_authorized_market_data_source,2026-06-25T04:29:13.400222Z
2021-11-23,US_10Y_YAHOO_TNX,1.6670000553131104,yahoo_query_or_equivalent_authorized_market_data_source,2026-06-25T04:29:13.400222Z
2021-11-24,US_10Y_YAHOO_TNX,1.6449999809265137,yahoo_query_or_equivalent_authorized_market_data_source,2026-06-25T04:29:13.400222Z
2021-11-26,US_10Y_YAHOO_TNX,1.4819999933242798,yahoo_query_or_equivalent_authorized_market_data_source,2026-06-25T04:29:13.400222Z
2021-11-29,US_10Y_YAHOO_TNX,1.5299999713897705,yahoo_query_or_equivalent_authorized_market_data_source,2026-06-25T04:29:13.400222Z
2021-11-30,US_10Y_YAHOO_TNX,1.4429999589920044,yahoo_query_or_equivalent_authorized_market_data_source,2026-06-25T04:29:13.400222Z
2021-12-01,US_10Y_YAHOO_TNX,1.434000015258789,yahoo_query_or_equivalent_authorized_market_data_source,2026-06-25T04:29:13.400222Z
2021-12-02,US_10Y_YAHOO_TNX,1.4479999542236328,yahoo_query_or_equivalent_authorized_market_data_source,2026-06-25T04:29:13.400222Z
2021-12-03,US_10Y_YAHOO_TNX,1.343000054359436,yahoo_query_or_equivalent_authorized_market_data_source,2026-06-25T04:29:13.400222Z
2021-12-06,US_10Y_YAHOO_TNX,1.434000015258789,yahoo_query_or_equivalent_authorized_market_data_source,2026-06-25T04:29:13.400222Z
2021-12-07,US_10Y_YAHOO_TNX,1.4800000190734863,yahoo_query_or_equivalent_authorized_market_data_source,2026-06-25T04:29:13.400222Z
2021-12-08,US_10Y_YAHOO_TNX,1.5089999437332153,yahoo_query_or_equivalent_authorized_market_data_source,2026-06-25T04:29:13.400222Z
2021-12-09,US_10Y_YAHOO_TNX,1.4869999885559082,yahoo_query_or_equivalent_authorized_market_data_source,2026-06-25T04:29:13.400222Z
2021-12-10,US_10Y_YAHOO_TNX,1.4889999628067017,yahoo_query_or_equivalent_authorized_market_data_source,2026-06-25T04:29:13.400222Z
2021-12-13,US_10Y_YAHOO_TNX,1.4240000247955322,yahoo_query_or_equivalent_authorized_market_data_source,2026-06-25T04:29:13.400222Z
2021-12-14,US_10Y_YAHOO_TNX,1.437999963760376,yahoo_query_or_equivalent_authorized_market_data_source,2026-06-25T04:29:13.400222Z
2021-12-15,US_10Y_YAHOO_TNX,1.4630000591278076,yahoo_query_or_equivalent_authorized_market_data_source,2026-06-25T04:29:13.400222Z
2021-12-16,US_10Y_YAHOO_TNX,1.4220000505447388,yahoo_query_or_equivalent_authorized_market_data_source,2026-06-25T04:29:13.400222Z
2021-12-17,US_10Y_YAHOO_TNX,1.4019999504089355,yahoo_query_or_equivalent_authorized_market_data_source,2026-06-25T04:29:13.400222Z
2021-12-20,US_10Y_YAHOO_TNX,1.4190000295639038,yahoo_query_or_equivalent_authorized_market_data_source,2026-06-25T04:29:13.400222Z
2021-12-21,US_10Y_YAHOO_TNX,1.4869999885559082,yahoo_query_or_equivalent_authorized_market_data_source,2026-06-25T04:29:13.400222Z
2021-12-22,US_10Y_YAHOO_TNX,1.4570000171661377,yahoo_query_or_equivalent_authorized_market_data_source,2026-06-25T04:29:13.400222Z
2021-12-23,US_10Y_YAHOO_TNX,1.4930000305175781,yahoo_query_or_equivalent_authorized_market_data_source,2026-06-25T04:29:13.400222Z
2021-12-27,US_10Y_YAHOO_TNX,1.4809999465942383,yahoo_query_or_equivalent_authorized_market_data_source,2026-06-25T04:29:13.400222Z
2021-12-28,US_10Y_YAHOO_TNX,1.4809999465942383,yahoo_query_or_equivalent_authorized_market_data_source,2026-06-25T04:29:13.400222Z
2021-12-29,US_10Y_YAHOO_TNX,1.5429999828338623,yahoo_query_or_equivalent_authorized_market_data_source,2026-06-25T04:29:13.400222Z
2021-12-30,US_10Y_YAHOO_TNX,1.5149999856948853,yahoo_query_or_equivalent_authorized_market_data_source,2026-06-25T04:29:13.400222Z
2021-12-31,US_10Y_YAHOO_TNX,1.5119999647140503,yahoo_query_or_equivalent_authorized_market_data_source,2026-06-25T04:29:13.400222Z
2022-01-03,US_10Y_YAHOO_TNX,1.628000020980835,yahoo_query_or_equivalent_authorized_market_data_source,2026-06-25T04:29:13.400222Z
2022-01-04,US_10Y_YAHOO_TNX,1.6679999828338623,yahoo_query_or_equivalent_authorized_market_data_source,2026-06-25T04:29:13.400222Z
2022-01-05,US_10Y_YAHOO_TNX,1.7050000429153442,yahoo_query_or_equivalent_authorized_market_data_source,2026-06-25T04:29:13.400222Z
2022-01-06,US_10Y_YAHOO_TNX,1.7330000400543213,yahoo_query_or_equivalent_authorized_market_data_source,2026-06-25T04:29:13.400222Z
2022-01-07,US_10Y_YAHOO_TNX,1.7710000276565552,yahoo_query_or_equivalent_authorized_market_data_source,2026-06-25T04:29:13.400222Z
2022-01-10,US_10Y_YAHOO_TNX,1.7799999713897705,yahoo_query_or_equivalent_authorized_market_data_source,2026-06-25T04:29:13.400222Z
2022-01-11,US_10Y_YAHOO_TNX,1.746000051498413,yahoo_query_or_equivalent_authorized_market_data_source,2026-06-25T04:29:13.400222Z
2022-01-12,US_10Y_YAHOO_TNX,1.725000023841858,yahoo_query_or_equivalent_authorized_market_data_source,2026-06-25T04:29:13.400222Z
2022-01-13,US_10Y_YAHOO_TNX,1.7109999656677246,yahoo_query_or_equivalent_authorized_market_data_source,2026-06-25T04:29:13.400222Z
2022-01-14,US_10Y_YAHOO_TNX,1.7719999551773071,yahoo_query_or_equivalent_authorized_market_data_source,2026-06-25T04:29:13.400222Z
2022-01-18,US_10Y_YAHOO_TNX,1.8650000095367432,yahoo_query_or_equivalent_authorized_market_data_source,2026-06-25T04:29:13.400222Z
2022-01-19,US_10Y_YAHOO_TNX,1.8270000219345093,yahoo_query_or_equivalent_authorized_market_data_source,2026-06-25T04:29:13.400222Z
2022-01-20,US_10Y_YAHOO_TNX,1.8329999446868896,yahoo_query_or_equivalent_authorized_market_data_source,2026-06-25T04:29:13.400222Z
2022-01-21,US_10Y_YAHOO_TNX,1.746999979019165,yahoo_query_or_equivalent_authorized_market_data_source,2026-06-25T04:29:13.400222Z
2022-01-24,US_10Y_YAHOO_TNX,1.7350000143051147,yahoo_query_or_equivalent_authorized_market_data_source,2026-06-25T04:29:13.400222Z
2022-01-25,US_10Y_YAHOO_TNX,1.7829999923706055,yahoo_query_or_equivalent_authorized_market_data_source,2026-06-25T04:29:13.400222Z
2022-01-26,US_10Y_YAHOO_TNX,1.8480000495910645,yahoo_query_or_equivalent_authorized_market_data_source,2026-06-25T04:29:13.400222Z
2022-01-27,US_10Y_YAHOO_TNX,1.8070000410079956,yahoo_query_or_equivalent_authorized_market_data_source,2026-06-25T04:29:13.400222Z
2022-01-28,US_10Y_YAHOO_TNX,1.781999945640564,yahoo_query_or_equivalent_authorized_market_data_source,2026-06-25T04:29:13.400222Z
2022-01-31,US_10Y_YAHOO_TNX,1.781999945640564,yahoo_query_or_equivalent_authorized_market_data_source,2026-06-25T04:29:13.400222Z
2022-02-01,US_10Y_YAHOO_TNX,1.7999999523162842,yahoo_query_or_equivalent_authorized_market_data_source,2026-06-25T04:29:13.400222Z
2022-02-02,US_10Y_YAHOO_TNX,1.7660000324249268,yahoo_query_or_equivalent_authorized_market_data_source,2026-06-25T04:29:13.400222Z
2022-02-03,US_10Y_YAHOO_TNX,1.8270000219345093,yahoo_query_or_equivalent_authorized_market_data_source,2026-06-25T04:29:13.400222Z
2022-02-04,US_10Y_YAHOO_TNX,1.9299999475479126,yahoo_query_or_equivalent_authorized_market_data_source,2026-06-25T04:29:13.400222Z
2022-02-07,US_10Y_YAHOO_TNX,1.9160000085830688,yahoo_query_or_equivalent_authorized_market_data_source,2026-06-25T04:29:13.400222Z
2022-02-08,US_10Y_YAHOO_TNX,1.9539999961853027,yahoo_query_or_equivalent_authorized_market_data_source,2026-06-25T04:29:13.400222Z
2022-02-09,US_10Y_YAHOO_TNX,1.9290000200271606,yahoo_query_or_equivalent_authorized_market_data_source,2026-06-25T04:29:13.400222Z
2022-02-10,US_10Y_YAHOO_TNX,2.0309998989105225,yahoo_query_or_equivalent_authorized_market_data_source,2026-06-25T04:29:13.400222Z
2022-02-11,US_10Y_YAHOO_TNX,1.9550000429153442,yahoo_query_or_equivalent_authorized_market_data_source,2026-06-25T04:29:13.400222Z
2022-02-14,US_10Y_YAHOO_TNX,1.996000051498413,yahoo_query_or_equivalent_authorized_market_data_source,2026-06-25T04:29:13.400222Z
2022-02-15,US_10Y_YAHOO_TNX,2.0450000762939453,yahoo_query_or_equivalent_authorized_market_data_source,2026-06-25T04:29:13.400222Z
2022-02-16,US_10Y_YAHOO_TNX,2.046999931335449,yahoo_query_or_equivalent_authorized_market_data_source,2026-06-25T04:29:13.400222Z
2022-02-17,US_10Y_YAHOO_TNX,1.972000002861023,yahoo_query_or_equivalent_authorized_market_data_source,2026-06-25T04:29:13.400222Z
2022-02-18,US_10Y_YAHOO_TNX,1.9320000410079956,yahoo_query_or_equivalent_authorized_market_data_source,2026-06-25T04:29:13.400222Z
2022-02-22,US_10Y_YAHOO_TNX,1.9479999542236328,yahoo_query_or_equivalent_authorized_market_data_source,2026-06-25T04:29:13.400222Z
2022-02-23,US_10Y_YAHOO_TNX,1.9769999980926514,yahoo_query_or_equivalent_authorized_market_data_source,2026-06-25T04:29:13.400222Z
2022-02-24,US_10Y_YAHOO_TNX,1.968999981880188,yahoo_query_or_equivalent_authorized_market_data_source,2026-06-25T04:29:13.400222Z
2022-02-25,US_10Y_YAHOO_TNX,1.9859999418258667,yahoo_query_or_equivalent_authorized_market_data_source,2026-06-25T04:29:13.400222Z
2022-02-28,US_10Y_YAHOO_TNX,1.8389999866485596,yahoo_query_or_equivalent_authorized_market_data_source,2026-06-25T04:29:13.400222Z
2022-03-01,US_10Y_YAHOO_TNX,1.7070000171661377,yahoo_query_or_equivalent_authorized_market_data_source,2026-06-25T04:29:13.400222Z
2022-03-02,US_10Y_YAHOO_TNX,1.8650000095367432,yahoo_query_or_equivalent_authorized_market_data_source,2026-06-25T04:29:13.400222Z
2022-03-03,US_10Y_YAHOO_TNX,1.843999981880188,yahoo_query_or_equivalent_authorized_market_data_source,2026-06-25T04:29:13.400222Z
2022-03-04,US_10Y_YAHOO_TNX,1.7239999771118164,yahoo_query_or_equivalent_authorized_market_data_source,2026-06-25T04:29:13.400222Z
2022-03-07,US_10Y_YAHOO_TNX,1.7510000467300415,yahoo_query_or_equivalent_authorized_market_data_source,2026-06-25T04:29:13.400222Z
2022-03-08,US_10Y_YAHOO_TNX,1.871999979019165,yahoo_query_or_equivalent_authorized_market_data_source,2026-06-25T04:29:13.400222Z
2022-03-09,US_10Y_YAHOO_TNX,1.9479999542236328,yahoo_query_or_equivalent_authorized_market_data_source,2026-06-25T04:29:13.400222Z
2022-03-10,US_10Y_YAHOO_TNX,2.010999917984009,yahoo_query_or_equivalent_authorized_market_data_source,2026-06-25T04:29:13.400222Z
2022-03-11,US_10Y_YAHOO_TNX,2.003999948501587,yahoo_query_or_equivalent_authorized_market_data_source,2026-06-25T04:29:13.400222Z
2022-03-14,US_10Y_YAHOO_TNX,2.140000104904175,yahoo_query_or_equivalent_authorized_market_data_source,2026-06-25T04:29:13.400222Z
2022-03-15,US_10Y_YAHOO_TNX,2.1600000858306885,yahoo_query_or_equivalent_authorized_market_data_source,2026-06-25T04:29:13.400222Z
2022-03-16,US_10Y_YAHOO_TNX,2.187999963760376,yahoo_query_or_equivalent_authorized_market_data_source,2026-06-25T04:29:13.400222Z
2022-03-17,US_10Y_YAHOO_TNX,2.191999912261963,yahoo_query_or_equivalent_authorized_market_data_source,2026-06-25T04:29:13.400222Z
2022-03-18,US_10Y_YAHOO_TNX,2.1480000019073486,yahoo_query_or_equivalent_authorized_market_data_source,2026-06-25T04:29:13.400222Z
2022-03-21,US_10Y_YAHOO_TNX,2.315000057220459,yahoo_query_or_equivalent_authorized_market_data_source,2026-06-25T04:29:13.400222Z
2022-03-22,US_10Y_YAHOO_TNX,2.372999906539917,yahoo_query_or_equivalent_authorized_market_data_source,2026-06-25T04:29:13.400222Z
2022-03-23,US_10Y_YAHOO_TNX,2.321000099182129,yahoo_query_or_equivalent_authorized_market_data_source,2026-06-25T04:29:13.400222Z
2022-03-24,US_10Y_YAHOO_TNX,2.3410000801086426,yahoo_query_or_equivalent_authorized_market_data_source,2026-06-25T04:29:13.400222Z
2022-03-25,US_10Y_YAHOO_TNX,2.492000102996826,yahoo_query_or_equivalent_authorized_market_data_source,2026-06-25T04:29:13.400222Z
2022-03-28,US_10Y_YAHOO_TNX,2.4769999980926514,yahoo_query_or_equivalent_authorized_market_data_source,2026-06-25T04:29:13.400222Z
2022-03-29,US_10Y_YAHOO_TNX,2.4000000953674316,yahoo_query_or_equivalent_authorized_market_data_source,2026-06-25T04:29:13.400222Z
2022-03-30,US_10Y_YAHOO_TNX,2.3580000400543213,yahoo_query_or_equivalent_authorized_market_data_source,2026-06-25T04:29:13.400222Z
2022-03-31,US_10Y_YAHOO_TNX,2.3269999027252197,yahoo_query_or_equivalent_authorized_market_data_source,2026-06-25T04:29:13.400222Z
2022-04-01,US_10Y_YAHOO_TNX,2.377000093460083,yahoo_query_or_equivalent_authorized_market_data_source,2026-06-25T04:29:13.400222Z
2022-04-04,US_10Y_YAHOO_TNX,2.4119999408721924,yahoo_query_or_equivalent_authorized_market_data_source,2026-06-25T04:29:13.400222Z
2022-04-05,US_10Y_YAHOO_TNX,2.555999994277954,yahoo_query_or_equivalent_authorized_market_data_source,2026-06-25T04:29:13.400222Z
2022-04-06,US_10Y_YAHOO_TNX,2.6089999675750732,yahoo_query_or_equivalent_authorized_market_data_source,2026-06-25T04:29:13.400222Z
2022-04-07,US_10Y_YAHOO_TNX,2.6519999504089355,yahoo_query_or_equivalent_authorized_market_data_source,2026-06-25T04:29:13.400222Z
2022-04-08,US_10Y_YAHOO_TNX,2.7130000591278076,yahoo_query_or_equivalent_authorized_market_data_source,2026-06-25T04:29:13.400222Z
2022-04-11,US_10Y_YAHOO_TNX,2.7799999713897705,yahoo_query_or_equivalent_authorized_market_data_source,2026-06-25T04:29:13.400222Z
2022-04-12,US_10Y_YAHOO_TNX,2.7249999046325684,yahoo_query_or_equivalent_authorized_market_data_source,2026-06-25T04:29:13.400222Z
2022-04-13,US_10Y_YAHOO_TNX,2.687000036239624,yahoo_query_or_equivalent_authorized_market_data_source,2026-06-25T04:29:13.400222Z
2022-04-14,US_10Y_YAHOO_TNX,2.828000068664551,yahoo_query_or_equivalent_authorized_market_data_source,2026-06-25T04:29:13.400222Z
2022-04-18,US_10Y_YAHOO_TNX,2.861999988555908,yahoo_query_or_equivalent_authorized_market_data_source,2026-06-25T04:29:13.400222Z
2022-04-19,US_10Y_YAHOO_TNX,2.9130001068115234,yahoo_query_or_equivalent_authorized_market_data_source,2026-06-25T04:29:13.400222Z
2022-04-20,US_10Y_YAHOO_TNX,2.8399999141693115,yahoo_query_or_equivalent_authorized_market_data_source,2026-06-25T04:29:13.400222Z
2022-04-21,US_10Y_YAHOO_TNX,2.9170000553131104,yahoo_query_or_equivalent_authorized_market_data_source,2026-06-25T04:29:13.400222Z
2022-04-22,US_10Y_YAHOO_TNX,2.9059998989105225,yahoo_query_or_equivalent_authorized_market_data_source,2026-06-25T04:29:13.400222Z
2022-04-25,US_10Y_YAHOO_TNX,2.8259999752044678,yahoo_query_or_equivalent_authorized_market_data_source,2026-06-25T04:29:13.400222Z
2022-04-26,US_10Y_YAHOO_TNX,2.7720000743865967,yahoo_query_or_equivalent_authorized_market_data_source,2026-06-25T04:29:13.400222Z
2022-04-27,US_10Y_YAHOO_TNX,2.818000078201294,yahoo_query_or_equivalent_authorized_market_data_source,2026-06-25T04:29:13.400222Z
2022-04-28,US_10Y_YAHOO_TNX,2.86299991607666,yahoo_query_or_equivalent_authorized_market_data_source,2026-06-25T04:29:13.400222Z
2022-04-29,US_10Y_YAHOO_TNX,2.88700008392334,yahoo_query_or_equivalent_authorized_market_data_source,2026-06-25T04:29:13.400222Z
2022-05-02,US_10Y_YAHOO_TNX,2.996000051498413,yahoo_query_or_equivalent_authorized_market_data_source,2026-06-25T04:29:13.400222Z
2022-05-03,US_10Y_YAHOO_TNX,2.9600000381469727,yahoo_query_or_equivalent_authorized_market_data_source,2026-06-25T04:29:13.400222Z
2022-05-04,US_10Y_YAHOO_TNX,2.9170000553131104,yahoo_query_or_equivalent_authorized_market_data_source,2026-06-25T04:29:13.400222Z
2022-05-05,US_10Y_YAHOO_TNX,3.065999984741211,yahoo_query_or_equivalent_authorized_market_data_source,2026-06-25T04:29:13.400222Z
2022-05-06,US_10Y_YAHOO_TNX,3.122999906539917,yahoo_query_or_equivalent_authorized_market_data_source,2026-06-25T04:29:13.400222Z
2022-05-09,US_10Y_YAHOO_TNX,3.0789999961853027,yahoo_query_or_equivalent_authorized_market_data_source,2026-06-25T04:29:13.400222Z
2022-05-10,US_10Y_YAHOO_TNX,2.993000030517578,yahoo_query_or_equivalent_authorized_market_data_source,2026-06-25T04:29:13.400222Z
2022-05-11,US_10Y_YAHOO_TNX,2.9210000038146973,yahoo_query_or_equivalent_authorized_market_data_source,2026-06-25T04:29:13.400222Z
2022-05-12,US_10Y_YAHOO_TNX,2.816999912261963,yahoo_query_or_equivalent_authorized_market_data_source,2026-06-25T04:29:13.400222Z
2022-05-13,US_10Y_YAHOO_TNX,2.934999942779541,yahoo_query_or_equivalent_authorized_market_data_source,2026-06-25T04:29:13.400222Z
2022-05-16,US_10Y_YAHOO_TNX,2.877000093460083,yahoo_query_or_equivalent_authorized_market_data_source,2026-06-25T04:29:13.400222Z
2022-05-17,US_10Y_YAHOO_TNX,2.9679999351501465,yahoo_query_or_equivalent_authorized_market_data_source,2026-06-25T04:29:13.400222Z
2022-05-18,US_10Y_YAHOO_TNX,2.885999917984009,yahoo_query_or_equivalent_authorized_market_data_source,2026-06-25T04:29:13.400222Z
2022-05-19,US_10Y_YAHOO_TNX,2.8550000190734863,yahoo_query_or_equivalent_authorized_market_data_source,2026-06-25T04:29:13.400222Z
2022-05-20,US_10Y_YAHOO_TNX,2.7869999408721924,yahoo_query_or_equivalent_authorized_market_data_source,2026-06-25T04:29:13.400222Z
2022-05-23,US_10Y_YAHOO_TNX,2.8589999675750732,yahoo_query_or_equivalent_authorized_market_data_source,2026-06-25T04:29:13.400222Z
2022-05-24,US_10Y_YAHOO_TNX,2.759999990463257,yahoo_query_or_equivalent_authorized_market_data_source,2026-06-25T04:29:13.400222Z
2022-05-25,US_10Y_YAHOO_TNX,2.749000072479248,yahoo_query_or_equivalent_authorized_market_data_source,2026-06-25T04:29:13.400222Z
2022-05-26,US_10Y_YAHOO_TNX,2.75600004196167,yahoo_query_or_equivalent_authorized_market_data_source,2026-06-25T04:29:13.400222Z
2022-05-27,US_10Y_YAHOO_TNX,2.743000030517578,yahoo_query_or_equivalent_authorized_market_data_source,2026-06-25T04:29:13.400222Z
2022-05-31,US_10Y_YAHOO_TNX,2.8440001010894775,yahoo_query_or_equivalent_authorized_market_data_source,2026-06-25T04:29:13.400222Z
2022-06-01,US_10Y_YAHOO_TNX,2.930999994277954,yahoo_query_or_equivalent_authorized_market_data_source,2026-06-25T04:29:13.400222Z
2022-06-02,US_10Y_YAHOO_TNX,2.9130001068115234,yahoo_query_or_equivalent_authorized_market_data_source,2026-06-25T04:29:13.400222Z
2022-06-03,US_10Y_YAHOO_TNX,2.9570000171661377,yahoo_query_or_equivalent_authorized_market_data_source,2026-06-25T04:29:13.400222Z
2022-06-06,US_10Y_YAHOO_TNX,3.0380001068115234,yahoo_query_or_equivalent_authorized_market_data_source,2026-06-25T04:29:13.400222Z
2022-06-07,US_10Y_YAHOO_TNX,2.9719998836517334,yahoo_query_or_equivalent_authorized_market_data_source,2026-06-25T04:29:13.400222Z
2022-06-08,US_10Y_YAHOO_TNX,3.0290000438690186,yahoo_query_or_equivalent_authorized_market_data_source,2026-06-25T04:29:13.400222Z
2022-06-09,US_10Y_YAHOO_TNX,3.0439999103546143,yahoo_query_or_equivalent_authorized_market_data_source,2026-06-25T04:29:13.400222Z
2022-06-10,US_10Y_YAHOO_TNX,3.1559998989105225,yahoo_query_or_equivalent_authorized_market_data_source,2026-06-25T04:29:13.400222Z
2022-06-13,US_10Y_YAHOO_TNX,3.365999937057495,yahoo_query_or_equivalent_authorized_market_data_source,2026-06-25T04:29:13.400222Z
2022-06-14,US_10Y_YAHOO_TNX,3.4830000400543213,yahoo_query_or_equivalent_authorized_market_data_source,2026-06-25T04:29:13.400222Z
2022-06-15,US_10Y_YAHOO_TNX,3.3949999809265137,yahoo_query_or_equivalent_authorized_market_data_source,2026-06-25T04:29:13.400222Z
2022-06-16,US_10Y_YAHOO_TNX,3.306999921798706,yahoo_query_or_equivalent_authorized_market_data_source,2026-06-25T04:29:13.400222Z
2022-06-17,US_10Y_YAHOO_TNX,3.239000082015991,yahoo_query_or_equivalent_authorized_market_data_source,2026-06-25T04:29:13.400222Z
2022-06-21,US_10Y_YAHOO_TNX,3.306999921798706,yahoo_query_or_equivalent_authorized_market_data_source,2026-06-25T04:29:13.400222Z
2022-06-22,US_10Y_YAHOO_TNX,3.1559998989105225,yahoo_query_or_equivalent_authorized_market_data_source,2026-06-25T04:29:13.400222Z
2022-06-23,US_10Y_YAHOO_TNX,3.068000078201294,yahoo_query_or_equivalent_authorized_market_data_source,2026-06-25T04:29:13.400222Z
2022-06-24,US_10Y_YAHOO_TNX,3.125,yahoo_query_or_equivalent_authorized_market_data_source,2026-06-25T04:29:13.400222Z
2022-06-27,US_10Y_YAHOO_TNX,3.194000005722046,yahoo_query_or_equivalent_authorized_market_data_source,2026-06-25T04:29:13.400222Z
2022-06-28,US_10Y_YAHOO_TNX,3.2060000896453857,yahoo_query_or_equivalent_authorized_market_data_source,2026-06-25T04:29:13.400222Z
2022-06-29,US_10Y_YAHOO_TNX,3.0929999351501465,yahoo_query_or_equivalent_authorized_market_data_source,2026-06-25T04:29:13.400222Z
2022-06-30,US_10Y_YAHOO_TNX,2.9719998836517334,yahoo_query_or_equivalent_authorized_market_data_source,2026-06-25T04:29:13.400222Z
2022-07-01,US_10Y_YAHOO_TNX,2.8889999389648438,yahoo_query_or_equivalent_authorized_market_data_source,2026-06-25T04:29:13.400222Z
2022-07-05,US_10Y_YAHOO_TNX,2.809000015258789,yahoo_query_or_equivalent_authorized_market_data_source,2026-06-25T04:29:13.400222Z
2022-07-06,US_10Y_YAHOO_TNX,2.9130001068115234,yahoo_query_or_equivalent_authorized_market_data_source,2026-06-25T04:29:13.400222Z
2022-07-07,US_10Y_YAHOO_TNX,3.007999897003174,yahoo_query_or_equivalent_authorized_market_data_source,2026-06-25T04:29:13.400222Z
2022-07-08,US_10Y_YAHOO_TNX,3.1010000705718994,yahoo_query_or_equivalent_authorized_market_data_source,2026-06-25T04:29:13.400222Z
2022-07-11,US_10Y_YAHOO_TNX,2.990999937057495,yahoo_query_or_equivalent_authorized_market_data_source,2026-06-25T04:29:13.400222Z
2022-07-12,US_10Y_YAHOO_TNX,2.9579999446868896,yahoo_query_or_equivalent_authorized_market_data_source,2026-06-25T04:29:13.400222Z
2022-07-13,US_10Y_YAHOO_TNX,2.9040000438690186,yahoo_query_or_equivalent_authorized_market_data_source,2026-06-25T04:29:13.400222Z
2022-07-14,US_10Y_YAHOO_TNX,2.9600000381469727,yahoo_query_or_equivalent_authorized_market_data_source,2026-06-25T04:29:13.400222Z
2022-07-15,US_10Y_YAHOO_TNX,2.930000066757202,yahoo_query_or_equivalent_authorized_market_data_source,2026-06-25T04:29:13.400222Z
2022-07-18,US_10Y_YAHOO_TNX,2.9600000381469727,yahoo_query_or_equivalent_authorized_market_data_source,2026-06-25T04:29:13.400222Z
2022-07-19,US_10Y_YAHOO_TNX,3.0190000534057617,yahoo_query_or_equivalent_authorized_market_data_source,2026-06-25T04:29:13.400222Z
2022-07-20,US_10Y_YAHOO_TNX,3.0360000133514404,yahoo_query_or_equivalent_authorized_market_data_source,2026-06-25T04:29:13.400222Z
2022-07-21,US_10Y_YAHOO_TNX,2.9100000858306885,yahoo_query_or_equivalent_authorized_market_data_source,2026-06-25T04:29:13.400222Z
2022-07-22,US_10Y_YAHOO_TNX,2.7829999923706055,yahoo_query_or_equivalent_authorized_market_data_source,2026-06-25T04:29:13.400222Z
2022-07-25,US_10Y_YAHOO_TNX,2.819999933242798,yahoo_query_or_equivalent_authorized_market_data_source,2026-06-25T04:29:13.400222Z
2022-07-26,US_10Y_YAHOO_TNX,2.7869999408721924,yahoo_query_or_equivalent_authorized_market_data_source,2026-06-25T04:29:13.400222Z
2022-07-27,US_10Y_YAHOO_TNX,2.7339999675750732,yahoo_query_or_equivalent_authorized_market_data_source,2026-06-25T04:29:13.400222Z
2022-07-28,US_10Y_YAHOO_TNX,2.680999994277954,yahoo_query_or_equivalent_authorized_market_data_source,2026-06-25T04:29:13.400222Z
2022-07-29,US_10Y_YAHOO_TNX,2.6419999599456787,yahoo_query_or_equivalent_authorized_market_data_source,2026-06-25T04:29:13.400222Z
2022-08-01,US_10Y_YAHOO_TNX,2.6059999465942383,yahoo_query_or_equivalent_authorized_market_data_source,2026-06-25T04:29:13.400222Z
2022-08-02,US_10Y_YAHOO_TNX,2.740999937057495,yahoo_query_or_equivalent_authorized_market_data_source,2026-06-25T04:29:13.400222Z
2022-08-03,US_10Y_YAHOO_TNX,2.747999906539917,yahoo_query_or_equivalent_authorized_market_data_source,2026-06-25T04:29:13.400222Z
2022-08-04,US_10Y_YAHOO_TNX,2.6760001182556152,yahoo_query_or_equivalent_authorized_market_data_source,2026-06-25T04:29:13.400222Z
2022-08-05,US_10Y_YAHOO_TNX,2.8399999141693115,yahoo_query_or_equivalent_authorized_market_data_source,2026-06-25T04:29:13.400222Z
2022-08-08,US_10Y_YAHOO_TNX,2.765000104904175,yahoo_query_or_equivalent_authorized_market_data_source,2026-06-25T04:29:13.400222Z
2022-08-09,US_10Y_YAHOO_TNX,2.796999931335449,yahoo_query_or_equivalent_authorized_market_data_source,2026-06-25T04:29:13.400222Z
2022-08-10,US_10Y_YAHOO_TNX,2.7860000133514404,yahoo_query_or_equivalent_authorized_market_data_source,2026-06-25T04:29:13.400222Z
2022-08-11,US_10Y_YAHOO_TNX,2.888000011444092,yahoo_query_or_equivalent_authorized_market_data_source,2026-06-25T04:29:13.400222Z
2022-08-12,US_10Y_YAHOO_TNX,2.8489999771118164,yahoo_query_or_equivalent_authorized_market_data_source,2026-06-25T04:29:13.400222Z
2022-08-15,US_10Y_YAHOO_TNX,2.7909998893737793,yahoo_query_or_equivalent_authorized_market_data_source,2026-06-25T04:29:13.400222Z
2022-08-16,US_10Y_YAHOO_TNX,2.8239998817443848,yahoo_query_or_equivalent_authorized_market_data_source,2026-06-25T04:29:13.400222Z
2022-08-17,US_10Y_YAHOO_TNX,2.8929998874664307,yahoo_query_or_equivalent_authorized_market_data_source,2026-06-25T04:29:13.400222Z
2022-08-18,US_10Y_YAHOO_TNX,2.880000114440918,yahoo_query_or_equivalent_authorized_market_data_source,2026-06-25T04:29:13.400222Z
2022-08-19,US_10Y_YAHOO_TNX,2.989000082015991,yahoo_query_or_equivalent_authorized_market_data_source,2026-06-25T04:29:13.400222Z
2022-08-22,US_10Y_YAHOO_TNX,3.0369999408721924,yahoo_query_or_equivalent_authorized_market_data_source,2026-06-25T04:29:13.400222Z
2022-08-23,US_10Y_YAHOO_TNX,3.053999900817871,yahoo_query_or_equivalent_authorized_market_data_source,2026-06-25T04:29:13.400222Z
2022-08-24,US_10Y_YAHOO_TNX,3.1059999465942383,yahoo_query_or_equivalent_authorized_market_data_source,2026-06-25T04:29:13.400222Z
2022-08-25,US_10Y_YAHOO_TNX,3.0260000228881836,yahoo_query_or_equivalent_authorized_market_data_source,2026-06-25T04:29:13.400222Z
2022-08-26,US_10Y_YAHOO_TNX,3.0350000858306885,yahoo_query_or_equivalent_authorized_market_data_source,2026-06-25T04:29:13.400222Z
2022-08-29,US_10Y_YAHOO_TNX,3.109999895095825,yahoo_query_or_equivalent_authorized_market_data_source,2026-06-25T04:29:13.400222Z
2022-08-30,US_10Y_YAHOO_TNX,3.109999895095825,yahoo_query_or_equivalent_authorized_market_data_source,2026-06-25T04:29:13.400222Z
2022-08-31,US_10Y_YAHOO_TNX,3.132999897003174,yahoo_query_or_equivalent_authorized_market_data_source,2026-06-25T04:29:13.400222Z
2022-09-01,US_10Y_YAHOO_TNX,3.265000104904175,yahoo_query_or_equivalent_authorized_market_data_source,2026-06-25T04:29:13.400222Z
2022-09-02,US_10Y_YAHOO_TNX,3.193000078201294,yahoo_query_or_equivalent_authorized_market_data_source,2026-06-25T04:29:13.400222Z
2022-09-06,US_10Y_YAHOO_TNX,3.3399999141693115,yahoo_query_or_equivalent_authorized_market_data_source,2026-06-25T04:29:13.400222Z
2022-09-07,US_10Y_YAHOO_TNX,3.265000104904175,yahoo_query_or_equivalent_authorized_market_data_source,2026-06-25T04:29:13.400222Z
2022-09-08,US_10Y_YAHOO_TNX,3.2920000553131104,yahoo_query_or_equivalent_authorized_market_data_source,2026-06-25T04:29:13.400222Z
2022-09-09,US_10Y_YAHOO_TNX,3.321000099182129,yahoo_query_or_equivalent_authorized_market_data_source,2026-06-25T04:29:13.400222Z
2022-09-12,US_10Y_YAHOO_TNX,3.361999988555908,yahoo_query_or_equivalent_authorized_market_data_source,2026-06-25T04:29:13.400222Z
2022-09-13,US_10Y_YAHOO_TNX,3.421999931335449,yahoo_query_or_equivalent_authorized_market_data_source,2026-06-25T04:29:13.400222Z
2022-09-14,US_10Y_YAHOO_TNX,3.4119999408721924,yahoo_query_or_equivalent_authorized_market_data_source,2026-06-25T04:29:13.400222Z
2022-09-15,US_10Y_YAHOO_TNX,3.4590001106262207,yahoo_query_or_equivalent_authorized_market_data_source,2026-06-25T04:29:13.400222Z
2022-09-16,US_10Y_YAHOO_TNX,3.447999954223633,yahoo_query_or_equivalent_authorized_market_data_source,2026-06-25T04:29:13.400222Z
2022-09-19,US_10Y_YAHOO_TNX,3.490000009536743,yahoo_query_or_equivalent_authorized_market_data_source,2026-06-25T04:29:13.400222Z
2022-09-20,US_10Y_YAHOO_TNX,3.571000099182129,yahoo_query_or_equivalent_authorized_market_data_source,2026-06-25T04:29:13.400222Z
2022-09-21,US_10Y_YAHOO_TNX,3.509999990463257,yahoo_query_or_equivalent_authorized_market_data_source,2026-06-25T04:29:13.400222Z
2022-09-22,US_10Y_YAHOO_TNX,3.7079999446868896,yahoo_query_or_equivalent_authorized_market_data_source,2026-06-25T04:29:13.400222Z
2022-09-23,US_10Y_YAHOO_TNX,3.697000026702881,yahoo_query_or_equivalent_authorized_market_data_source,2026-06-25T04:29:13.400222Z
2022-09-26,US_10Y_YAHOO_TNX,3.878000020980835,yahoo_query_or_equivalent_authorized_market_data_source,2026-06-25T04:29:13.400222Z
2022-09-27,US_10Y_YAHOO_TNX,3.9639999866485596,yahoo_query_or_equivalent_authorized_market_data_source,2026-06-25T04:29:13.400222Z
2022-09-28,US_10Y_YAHOO_TNX,3.7049999237060547,yahoo_query_or_equivalent_authorized_market_data_source,2026-06-25T04:29:13.400222Z
2022-09-29,US_10Y_YAHOO_TNX,3.746999979019165,yahoo_query_or_equivalent_authorized_market_data_source,2026-06-25T04:29:13.400222Z
2022-09-30,US_10Y_YAHOO_TNX,3.803999900817871,yahoo_query_or_equivalent_authorized_market_data_source,2026-06-25T04:29:13.400222Z
2022-10-03,US_10Y_YAHOO_TNX,3.6510000228881836,yahoo_query_or_equivalent_authorized_market_data_source,2026-06-25T04:29:13.400222Z
2022-10-04,US_10Y_YAHOO_TNX,3.617000102996826,yahoo_query_or_equivalent_authorized_market_data_source,2026-06-25T04:29:13.400222Z
2022-10-05,US_10Y_YAHOO_TNX,3.759000062942505,yahoo_query_or_equivalent_authorized_market_data_source,2026-06-25T04:29:13.400222Z
2022-10-06,US_10Y_YAHOO_TNX,3.8259999752044678,yahoo_query_or_equivalent_authorized_market_data_source,2026-06-25T04:29:13.400222Z
2022-10-07,US_10Y_YAHOO_TNX,3.882999897003174,yahoo_query_or_equivalent_authorized_market_data_source,2026-06-25T04:29:13.400222Z
2022-10-10,US_10Y_YAHOO_TNX,3.888000011444092,yahoo_query_or_equivalent_authorized_market_data_source,2026-06-25T04:29:13.400222Z
2022-10-11,US_10Y_YAHOO_TNX,3.938999891281128,yahoo_query_or_equivalent_authorized_market_data_source,2026-06-25T04:29:13.400222Z
2022-10-12,US_10Y_YAHOO_TNX,3.9019999504089355,yahoo_query_or_equivalent_authorized_market_data_source,2026-06-25T04:29:13.400222Z
2022-10-13,US_10Y_YAHOO_TNX,3.9519999027252197,yahoo_query_or_equivalent_authorized_market_data_source,2026-06-25T04:29:13.400222Z
2022-10-14,US_10Y_YAHOO_TNX,4.010000228881836,yahoo_query_or_equivalent_authorized_market_data_source,2026-06-25T04:29:13.400222Z
2022-10-17,US_10Y_YAHOO_TNX,4.014999866485596,yahoo_query_or_equivalent_authorized_market_data_source,2026-06-25T04:29:13.400222Z
2022-10-18,US_10Y_YAHOO_TNX,3.997999906539917,yahoo_query_or_equivalent_authorized_market_data_source,2026-06-25T04:29:13.400222Z
2022-10-19,US_10Y_YAHOO_TNX,4.126999855041504,yahoo_query_or_equivalent_authorized_market_data_source,2026-06-25T04:29:13.400222Z
2022-10-20,US_10Y_YAHOO_TNX,4.22599983215332,yahoo_query_or_equivalent_authorized_market_data_source,2026-06-25T04:29:13.400222Z
2022-10-21,US_10Y_YAHOO_TNX,4.2129998207092285,yahoo_query_or_equivalent_authorized_market_data_source,2026-06-25T04:29:13.400222Z
2022-10-24,US_10Y_YAHOO_TNX,4.234000205993652,yahoo_query_or_equivalent_authorized_market_data_source,2026-06-25T04:29:13.400222Z
2022-10-25,US_10Y_YAHOO_TNX,4.107999801635742,yahoo_query_or_equivalent_authorized_market_data_source,2026-06-25T04:29:13.400222Z
2022-10-26,US_10Y_YAHOO_TNX,4.014999866485596,yahoo_query_or_equivalent_authorized_market_data_source,2026-06-25T04:29:13.400222Z
2022-10-27,US_10Y_YAHOO_TNX,3.937000036239624,yahoo_query_or_equivalent_authorized_market_data_source,2026-06-25T04:29:13.400222Z
2022-10-28,US_10Y_YAHOO_TNX,4.010000228881836,yahoo_query_or_equivalent_authorized_market_data_source,2026-06-25T04:29:13.400222Z
2022-10-31,US_10Y_YAHOO_TNX,4.077000141143799,yahoo_query_or_equivalent_authorized_market_data_source,2026-06-25T04:29:13.400222Z
2022-11-01,US_10Y_YAHOO_TNX,4.052000045776367,yahoo_query_or_equivalent_authorized_market_data_source,2026-06-25T04:29:13.400222Z
2022-11-02,US_10Y_YAHOO_TNX,4.059000015258789,yahoo_query_or_equivalent_authorized_market_data_source,2026-06-25T04:29:13.400222Z
2022-11-03,US_10Y_YAHOO_TNX,4.124000072479248,yahoo_query_or_equivalent_authorized_market_data_source,2026-06-25T04:29:13.400222Z
2022-11-04,US_10Y_YAHOO_TNX,4.156000137329102,yahoo_query_or_equivalent_authorized_market_data_source,2026-06-25T04:29:13.400222Z
2022-11-07,US_10Y_YAHOO_TNX,4.214000225067139,yahoo_query_or_equivalent_authorized_market_data_source,2026-06-25T04:29:13.400222Z
2022-11-08,US_10Y_YAHOO_TNX,4.125999927520752,yahoo_query_or_equivalent_authorized_market_data_source,2026-06-25T04:29:13.400222Z
2022-11-09,US_10Y_YAHOO_TNX,4.151000022888184,yahoo_query_or_equivalent_authorized_market_data_source,2026-06-25T04:29:13.400222Z
2022-11-10,US_10Y_YAHOO_TNX,3.8289999961853027,yahoo_query_or_equivalent_authorized_market_data_source,2026-06-25T04:29:13.400222Z
2022-11-11,US_10Y_YAHOO_TNX,3.812999963760376,yahoo_query_or_equivalent_authorized_market_data_source,2026-06-25T04:29:13.400222Z
2022-11-14,US_10Y_YAHOO_TNX,3.865000009536743,yahoo_query_or_equivalent_authorized_market_data_source,2026-06-25T04:29:13.400222Z
2022-11-15,US_10Y_YAHOO_TNX,3.7990000247955322,yahoo_query_or_equivalent_authorized_market_data_source,2026-06-25T04:29:13.400222Z
2022-11-16,US_10Y_YAHOO_TNX,3.691999912261963,yahoo_query_or_equivalent_authorized_market_data_source,2026-06-25T04:29:13.400222Z
2022-11-17,US_10Y_YAHOO_TNX,3.7750000953674316,yahoo_query_or_equivalent_authorized_market_data_source,2026-06-25T04:29:13.400222Z
2022-11-18,US_10Y_YAHOO_TNX,3.818000078201294,yahoo_query_or_equivalent_authorized_market_data_source,2026-06-25T04:29:13.400222Z
2022-11-21,US_10Y_YAHOO_TNX,3.825000047683716,yahoo_query_or_equivalent_authorized_market_data_source,2026-06-25T04:29:13.400222Z
2022-11-22,US_10Y_YAHOO_TNX,3.757999897003174,yahoo_query_or_equivalent_authorized_market_data_source,2026-06-25T04:29:13.400222Z
2022-11-23,US_10Y_YAHOO_TNX,3.7060000896453857,yahoo_query_or_equivalent_authorized_market_data_source,2026-06-25T04:29:13.400222Z
2022-11-25,US_10Y_YAHOO_TNX,3.690999984741211,yahoo_query_or_equivalent_authorized_market_data_source,2026-06-25T04:29:13.400222Z
2022-11-28,US_10Y_YAHOO_TNX,3.703000068664551,yahoo_query_or_equivalent_authorized_market_data_source,2026-06-25T04:29:13.400222Z
2022-11-29,US_10Y_YAHOO_TNX,3.747999906539917,yahoo_query_or_equivalent_authorized_market_data_source,2026-06-25T04:29:13.400222Z
2022-11-30,US_10Y_YAHOO_TNX,3.703000068664551,yahoo_query_or_equivalent_authorized_market_data_source,2026-06-25T04:29:13.400222Z
2022-12-01,US_10Y_YAHOO_TNX,3.5290000438690186,yahoo_query_or_equivalent_authorized_market_data_source,2026-06-25T04:29:13.400222Z
2022-12-02,US_10Y_YAHOO_TNX,3.50600004196167,yahoo_query_or_equivalent_authorized_market_data_source,2026-06-25T04:29:13.400222Z
2022-12-05,US_10Y_YAHOO_TNX,3.5989999771118164,yahoo_query_or_equivalent_authorized_market_data_source,2026-06-25T04:29:13.400222Z
2022-12-06,US_10Y_YAHOO_TNX,3.513000011444092,yahoo_query_or_equivalent_authorized_market_data_source,2026-06-25T04:29:13.400222Z
2022-12-07,US_10Y_YAHOO_TNX,3.4079999923706055,yahoo_query_or_equivalent_authorized_market_data_source,2026-06-25T04:29:13.400222Z
2022-12-08,US_10Y_YAHOO_TNX,3.490999937057495,yahoo_query_or_equivalent_authorized_market_data_source,2026-06-25T04:29:13.400222Z
2022-12-09,US_10Y_YAHOO_TNX,3.566999912261963,yahoo_query_or_equivalent_authorized_market_data_source,2026-06-25T04:29:13.400222Z
2022-12-12,US_10Y_YAHOO_TNX,3.6110000610351562,yahoo_query_or_equivalent_authorized_market_data_source,2026-06-25T04:29:13.400222Z
2022-12-13,US_10Y_YAHOO_TNX,3.500999927520752,yahoo_query_or_equivalent_authorized_market_data_source,2026-06-25T04:29:13.400222Z
2022-12-14,US_10Y_YAHOO_TNX,3.503000020980835,yahoo_query_or_equivalent_authorized_market_data_source,2026-06-25T04:29:13.400222Z
2022-12-15,US_10Y_YAHOO_TNX,3.450000047683716,yahoo_query_or_equivalent_authorized_market_data_source,2026-06-25T04:29:13.400222Z
2022-12-16,US_10Y_YAHOO_TNX,3.4820001125335693,yahoo_query_or_equivalent_authorized_market_data_source,2026-06-25T04:29:13.400222Z
2022-12-19,US_10Y_YAHOO_TNX,3.5810000896453857,yahoo_query_or_equivalent_authorized_market_data_source,2026-06-25T04:29:13.400222Z
2022-12-20,US_10Y_YAHOO_TNX,3.684000015258789,yahoo_query_or_equivalent_authorized_market_data_source,2026-06-25T04:29:13.400222Z
2022-12-21,US_10Y_YAHOO_TNX,3.684000015258789,yahoo_query_or_equivalent_authorized_market_data_source,2026-06-25T04:29:13.400222Z
2022-12-22,US_10Y_YAHOO_TNX,3.6689999103546143,yahoo_query_or_equivalent_authorized_market_data_source,2026-06-25T04:29:13.400222Z
2022-12-23,US_10Y_YAHOO_TNX,3.750999927520752,yahoo_query_or_equivalent_authorized_market_data_source,2026-06-25T04:29:13.400222Z
2022-12-27,US_10Y_YAHOO_TNX,3.859999895095825,yahoo_query_or_equivalent_authorized_market_data_source,2026-06-25T04:29:13.400222Z
2022-12-28,US_10Y_YAHOO_TNX,3.88700008392334,yahoo_query_or_equivalent_authorized_market_data_source,2026-06-25T04:29:13.400222Z
2022-12-29,US_10Y_YAHOO_TNX,3.8350000381469727,yahoo_query_or_equivalent_authorized_market_data_source,2026-06-25T04:29:13.400222Z
2022-12-30,US_10Y_YAHOO_TNX,3.878999948501587,yahoo_query_or_equivalent_authorized_market_data_source,2026-06-25T04:29:13.400222Z
2023-01-03,US_10Y_YAHOO_TNX,3.7929999828338623,yahoo_query_or_equivalent_authorized_market_data_source,2026-06-25T04:29:13.400222Z
2023-01-04,US_10Y_YAHOO_TNX,3.7090001106262207,yahoo_query_or_equivalent_authorized_market_data_source,2026-06-25T04:29:13.400222Z
2023-01-05,US_10Y_YAHOO_TNX,3.7200000286102295,yahoo_query_or_equivalent_authorized_market_data_source,2026-06-25T04:29:13.400222Z
2023-01-06,US_10Y_YAHOO_TNX,3.569000005722046,yahoo_query_or_equivalent_authorized_market_data_source,2026-06-25T04:29:13.400222Z
2023-01-09,US_10Y_YAHOO_TNX,3.5169999599456787,yahoo_query_or_equivalent_authorized_market_data_source,2026-06-25T04:29:13.400222Z
2023-01-10,US_10Y_YAHOO_TNX,3.621000051498413,yahoo_query_or_equivalent_authorized_market_data_source,2026-06-25T04:29:13.400222Z
2023-01-11,US_10Y_YAHOO_TNX,3.553999900817871,yahoo_query_or_equivalent_authorized_market_data_source,2026-06-25T04:29:13.400222Z
2023-01-12,US_10Y_YAHOO_TNX,3.4489998817443848,yahoo_query_or_equivalent_authorized_market_data_source,2026-06-25T04:29:13.400222Z
2023-01-13,US_10Y_YAHOO_TNX,3.510999917984009,yahoo_query_or_equivalent_authorized_market_data_source,2026-06-25T04:29:13.400222Z
2023-01-17,US_10Y_YAHOO_TNX,3.5350000858306885,yahoo_query_or_equivalent_authorized_market_data_source,2026-06-25T04:29:13.400222Z
2023-01-18,US_10Y_YAHOO_TNX,3.375,yahoo_query_or_equivalent_authorized_market_data_source,2026-06-25T04:29:13.400222Z
2023-01-19,US_10Y_YAHOO_TNX,3.3970000743865967,yahoo_query_or_equivalent_authorized_market_data_source,2026-06-25T04:29:13.400222Z
2023-01-20,US_10Y_YAHOO_TNX,3.4839999675750732,yahoo_query_or_equivalent_authorized_market_data_source,2026-06-25T04:29:13.400222Z
2023-01-23,US_10Y_YAHOO_TNX,3.5250000953674316,yahoo_query_or_equivalent_authorized_market_data_source,2026-06-25T04:29:13.400222Z
2023-01-24,US_10Y_YAHOO_TNX,3.4690001010894775,yahoo_query_or_equivalent_authorized_market_data_source,2026-06-25T04:29:13.400222Z
2023-01-25,US_10Y_YAHOO_TNX,3.4619998931884766,yahoo_query_or_equivalent_authorized_market_data_source,2026-06-25T04:29:13.400222Z
2023-01-26,US_10Y_YAHOO_TNX,3.493000030517578,yahoo_query_or_equivalent_authorized_market_data_source,2026-06-25T04:29:13.400222Z
2023-01-27,US_10Y_YAHOO_TNX,3.5179998874664307,yahoo_query_or_equivalent_authorized_market_data_source,2026-06-25T04:29:13.400222Z
2023-01-30,US_10Y_YAHOO_TNX,3.5510001182556152,yahoo_query_or_equivalent_authorized_market_data_source,2026-06-25T04:29:13.400222Z
2023-01-31,US_10Y_YAHOO_TNX,3.5290000438690186,yahoo_query_or_equivalent_authorized_market_data_source,2026-06-25T04:29:13.400222Z
2023-02-01,US_10Y_YAHOO_TNX,3.3970000743865967,yahoo_query_or_equivalent_authorized_market_data_source,2026-06-25T04:29:13.400222Z
2023-02-02,US_10Y_YAHOO_TNX,3.3959999084472656,yahoo_query_or_equivalent_authorized_market_data_source,2026-06-25T04:29:13.400222Z
2023-02-03,US_10Y_YAHOO_TNX,3.5320000648498535,yahoo_query_or_equivalent_authorized_market_data_source,2026-06-25T04:29:13.400222Z
2023-02-06,US_10Y_YAHOO_TNX,3.634000062942505,yahoo_query_or_equivalent_authorized_market_data_source,2026-06-25T04:29:13.400222Z
2023-02-07,US_10Y_YAHOO_TNX,3.6740000247955322,yahoo_query_or_equivalent_authorized_market_data_source,2026-06-25T04:29:13.400222Z
2023-02-08,US_10Y_YAHOO_TNX,3.6530001163482666,yahoo_query_or_equivalent_authorized_market_data_source,2026-06-25T04:29:13.400222Z
2023-02-09,US_10Y_YAHOO_TNX,3.683000087738037,yahoo_query_or_equivalent_authorized_market_data_source,2026-06-25T04:29:13.400222Z
2023-02-10,US_10Y_YAHOO_TNX,3.74399995803833,yahoo_query_or_equivalent_authorized_market_data_source,2026-06-25T04:29:13.400222Z
2023-02-13,US_10Y_YAHOO_TNX,3.7170000076293945,yahoo_query_or_equivalent_authorized_market_data_source,2026-06-25T04:29:13.400222Z
2023-02-14,US_10Y_YAHOO_TNX,3.760999917984009,yahoo_query_or_equivalent_authorized_market_data_source,2026-06-25T04:29:13.400222Z
2023-02-15,US_10Y_YAHOO_TNX,3.809000015258789,yahoo_query_or_equivalent_authorized_market_data_source,2026-06-25T04:29:13.400222Z
2023-02-16,US_10Y_YAHOO_TNX,3.8429999351501465,yahoo_query_or_equivalent_authorized_market_data_source,2026-06-25T04:29:13.400222Z
2023-02-17,US_10Y_YAHOO_TNX,3.828000068664551,yahoo_query_or_equivalent_authorized_market_data_source,2026-06-25T04:29:13.400222Z
2023-02-21,US_10Y_YAHOO_TNX,3.9549999237060547,yahoo_query_or_equivalent_authorized_market_data_source,2026-06-25T04:29:13.400222Z
2023-02-22,US_10Y_YAHOO_TNX,3.9230000972747803,yahoo_query_or_equivalent_authorized_market_data_source,2026-06-25T04:29:13.400222Z
2023-02-23,US_10Y_YAHOO_TNX,3.878999948501587,yahoo_query_or_equivalent_authorized_market_data_source,2026-06-25T04:29:13.400222Z
2023-02-24,US_10Y_YAHOO_TNX,3.9489998817443848,yahoo_query_or_equivalent_authorized_market_data_source,2026-06-25T04:29:13.400222Z
2023-02-27,US_10Y_YAHOO_TNX,3.921999931335449,yahoo_query_or_equivalent_authorized_market_data_source,2026-06-25T04:29:13.400222Z
2023-02-28,US_10Y_YAHOO_TNX,3.9159998893737793,yahoo_query_or_equivalent_authorized_market_data_source,2026-06-25T04:29:13.400222Z
2023-03-01,US_10Y_YAHOO_TNX,3.99399995803833,yahoo_query_or_equivalent_authorized_market_data_source,2026-06-25T04:29:13.400222Z
2023-03-02,US_10Y_YAHOO_TNX,4.072999954223633,yahoo_query_or_equivalent_authorized_market_data_source,2026-06-25T04:29:13.400222Z
2023-03-03,US_10Y_YAHOO_TNX,3.9639999866485596,yahoo_query_or_equivalent_authorized_market_data_source,2026-06-25T04:29:13.400222Z
2023-03-06,US_10Y_YAHOO_TNX,3.9830000400543213,yahoo_query_or_equivalent_authorized_market_data_source,2026-06-25T04:29:13.400222Z
2023-03-07,US_10Y_YAHOO_TNX,3.9749999046325684,yahoo_query_or_equivalent_authorized_market_data_source,2026-06-25T04:29:13.400222Z
2023-03-08,US_10Y_YAHOO_TNX,3.9760000705718994,yahoo_query_or_equivalent_authorized_market_data_source,2026-06-25T04:29:13.400222Z
2023-03-09,US_10Y_YAHOO_TNX,3.924999952316284,yahoo_query_or_equivalent_authorized_market_data_source,2026-06-25T04:29:13.400222Z
2023-03-10,US_10Y_YAHOO_TNX,3.694999933242798,yahoo_query_or_equivalent_authorized_market_data_source,2026-06-25T04:29:13.400222Z
2023-03-13,US_10Y_YAHOO_TNX,3.515000104904175,yahoo_query_or_equivalent_authorized_market_data_source,2026-06-25T04:29:13.400222Z
2023-03-14,US_10Y_YAHOO_TNX,3.638000011444092,yahoo_query_or_equivalent_authorized_market_data_source,2026-06-25T04:29:13.400222Z
2023-03-15,US_10Y_YAHOO_TNX,3.492000102996826,yahoo_query_or_equivalent_authorized_market_data_source,2026-06-25T04:29:13.400222Z
2023-03-16,US_10Y_YAHOO_TNX,3.5850000381469727,yahoo_query_or_equivalent_authorized_market_data_source,2026-06-25T04:29:13.400222Z
2023-03-17,US_10Y_YAHOO_TNX,3.3949999809265137,yahoo_query_or_equivalent_authorized_market_data_source,2026-06-25T04:29:13.400222Z
2023-03-20,US_10Y_YAHOO_TNX,3.4809999465942383,yahoo_query_or_equivalent_authorized_market_data_source,2026-06-25T04:29:13.400222Z
2023-03-21,US_10Y_YAHOO_TNX,3.6059999465942383,yahoo_query_or_equivalent_authorized_market_data_source,2026-06-25T04:29:13.400222Z
2023-03-22,US_10Y_YAHOO_TNX,3.5,yahoo_query_or_equivalent_authorized_market_data_source,2026-06-25T04:29:13.400222Z
2023-03-23,US_10Y_YAHOO_TNX,3.4059998989105225,yahoo_query_or_equivalent_authorized_market_data_source,2026-06-25T04:29:13.400222Z
2023-03-24,US_10Y_YAHOO_TNX,3.380000114440918,yahoo_query_or_equivalent_authorized_market_data_source,2026-06-25T04:29:13.400222Z
2023-03-27,US_10Y_YAHOO_TNX,3.5280001163482666,yahoo_query_or_equivalent_authorized_market_data_source,2026-06-25T04:29:13.400222Z
2023-03-28,US_10Y_YAHOO_TNX,3.563999891281128,yahoo_query_or_equivalent_authorized_market_data_source,2026-06-25T04:29:13.400222Z
2023-03-29,US_10Y_YAHOO_TNX,3.565999984741211,yahoo_query_or_equivalent_authorized_market_data_source,2026-06-25T04:29:13.400222Z
2023-03-30,US_10Y_YAHOO_TNX,3.5510001182556152,yahoo_query_or_equivalent_authorized_market_data_source,2026-06-25T04:29:13.400222Z
2023-03-31,US_10Y_YAHOO_TNX,3.49399995803833,yahoo_query_or_equivalent_authorized_market_data_source,2026-06-25T04:29:13.400222Z
2023-04-03,US_10Y_YAHOO_TNX,3.430000066757202,yahoo_query_or_equivalent_authorized_market_data_source,2026-06-25T04:29:13.400222Z
2023-04-04,US_10Y_YAHOO_TNX,3.3369998931884766,yahoo_query_or_equivalent_authorized_market_data_source,2026-06-25T04:29:13.400222Z
2023-04-05,US_10Y_YAHOO_TNX,3.2869999408721924,yahoo_query_or_equivalent_authorized_market_data_source,2026-06-25T04:29:13.400222Z
2023-04-06,US_10Y_YAHOO_TNX,3.2880001068115234,yahoo_query_or_equivalent_authorized_market_data_source,2026-06-25T04:29:13.400222Z
2023-04-10,US_10Y_YAHOO_TNX,3.4149999618530273,yahoo_query_or_equivalent_authorized_market_data_source,2026-06-25T04:29:13.400222Z
2023-04-11,US_10Y_YAHOO_TNX,3.434000015258789,yahoo_query_or_equivalent_authorized_market_data_source,2026-06-25T04:29:13.400222Z
2023-04-12,US_10Y_YAHOO_TNX,3.4210000038146973,yahoo_query_or_equivalent_authorized_market_data_source,2026-06-25T04:29:13.400222Z
2023-04-13,US_10Y_YAHOO_TNX,3.4519999027252197,yahoo_query_or_equivalent_authorized_market_data_source,2026-06-25T04:29:13.400222Z
2023-04-14,US_10Y_YAHOO_TNX,3.5220000743865967,yahoo_query_or_equivalent_authorized_market_data_source,2026-06-25T04:29:13.400222Z
2023-04-17,US_10Y_YAHOO_TNX,3.5910000801086426,yahoo_query_or_equivalent_authorized_market_data_source,2026-06-25T04:29:13.400222Z
2023-04-18,US_10Y_YAHOO_TNX,3.572000026702881,yahoo_query_or_equivalent_authorized_market_data_source,2026-06-25T04:29:13.400222Z
2023-04-19,US_10Y_YAHOO_TNX,3.6019999980926514,yahoo_query_or_equivalent_authorized_market_data_source,2026-06-25T04:29:13.400222Z
2023-04-20,US_10Y_YAHOO_TNX,3.5450000762939453,yahoo_query_or_equivalent_authorized_market_data_source,2026-06-25T04:29:13.400222Z
2023-04-21,US_10Y_YAHOO_TNX,3.569999933242798,yahoo_query_or_equivalent_authorized_market_data_source,2026-06-25T04:29:13.400222Z
2023-04-24,US_10Y_YAHOO_TNX,3.515000104904175,yahoo_query_or_equivalent_authorized_market_data_source,2026-06-25T04:29:13.400222Z
2023-04-25,US_10Y_YAHOO_TNX,3.3959999084472656,yahoo_query_or_equivalent_authorized_market_data_source,2026-06-25T04:29:13.400222Z
2023-04-26,US_10Y_YAHOO_TNX,3.431999921798706,yahoo_query_or_equivalent_authorized_market_data_source,2026-06-25T04:29:13.400222Z
2023-04-27,US_10Y_YAHOO_TNX,3.5280001163482666,yahoo_query_or_equivalent_authorized_market_data_source,2026-06-25T04:29:13.400222Z
2023-04-28,US_10Y_YAHOO_TNX,3.4519999027252197,yahoo_query_or_equivalent_authorized_market_data_source,2026-06-25T04:29:13.400222Z
2023-05-01,US_10Y_YAHOO_TNX,3.5739998817443848,yahoo_query_or_equivalent_authorized_market_data_source,2026-06-25T04:29:13.400222Z
2023-05-02,US_10Y_YAHOO_TNX,3.438999891281128,yahoo_query_or_equivalent_authorized_market_data_source,2026-06-25T04:29:13.400222Z
2023-05-03,US_10Y_YAHOO_TNX,3.4030001163482666,yahoo_query_or_equivalent_authorized_market_data_source,2026-06-25T04:29:13.400222Z
2023-05-04,US_10Y_YAHOO_TNX,3.3510000705718994,yahoo_query_or_equivalent_authorized_market_data_source,2026-06-25T04:29:13.400222Z
2023-05-05,US_10Y_YAHOO_TNX,3.446000099182129,yahoo_query_or_equivalent_authorized_market_data_source,2026-06-25T04:29:13.400222Z
2023-05-08,US_10Y_YAHOO_TNX,3.5209999084472656,yahoo_query_or_equivalent_authorized_market_data_source,2026-06-25T04:29:13.400222Z
2023-05-09,US_10Y_YAHOO_TNX,3.5209999084472656,yahoo_query_or_equivalent_authorized_market_data_source,2026-06-25T04:29:13.400222Z
2023-05-10,US_10Y_YAHOO_TNX,3.438999891281128,yahoo_query_or_equivalent_authorized_market_data_source,2026-06-25T04:29:13.400222Z
2023-05-11,US_10Y_YAHOO_TNX,3.3970000743865967,yahoo_query_or_equivalent_authorized_market_data_source,2026-06-25T04:29:13.400222Z
2023-05-12,US_10Y_YAHOO_TNX,3.4630000591278076,yahoo_query_or_equivalent_authorized_market_data_source,2026-06-25T04:29:13.400222Z
2023-05-15,US_10Y_YAHOO_TNX,3.507999897003174,yahoo_query_or_equivalent_authorized_market_data_source,2026-06-25T04:29:13.400222Z
2023-05-16,US_10Y_YAHOO_TNX,3.5490000247955322,yahoo_query_or_equivalent_authorized_market_data_source,2026-06-25T04:29:13.400222Z
2023-05-17,US_10Y_YAHOO_TNX,3.5810000896453857,yahoo_query_or_equivalent_authorized_market_data_source,2026-06-25T04:29:13.400222Z
2023-05-18,US_10Y_YAHOO_TNX,3.6480000019073486,yahoo_query_or_equivalent_authorized_market_data_source,2026-06-25T04:29:13.400222Z
2023-05-19,US_10Y_YAHOO_TNX,3.691999912261963,yahoo_query_or_equivalent_authorized_market_data_source,2026-06-25T04:29:13.400222Z
2023-05-22,US_10Y_YAHOO_TNX,3.7190001010894775,yahoo_query_or_equivalent_authorized_market_data_source,2026-06-25T04:29:13.400222Z
2023-05-23,US_10Y_YAHOO_TNX,3.697999954223633,yahoo_query_or_equivalent_authorized_market_data_source,2026-06-25T04:29:13.400222Z
2023-05-24,US_10Y_YAHOO_TNX,3.7190001010894775,yahoo_query_or_equivalent_authorized_market_data_source,2026-06-25T04:29:13.400222Z
2023-05-25,US_10Y_YAHOO_TNX,3.813999891281128,yahoo_query_or_equivalent_authorized_market_data_source,2026-06-25T04:29:13.400222Z
2023-05-26,US_10Y_YAHOO_TNX,3.809999942779541,yahoo_query_or_equivalent_authorized_market_data_source,2026-06-25T04:29:13.400222Z
2023-05-30,US_10Y_YAHOO_TNX,3.700000047683716,yahoo_query_or_equivalent_authorized_market_data_source,2026-06-25T04:29:13.400222Z
2023-05-31,US_10Y_YAHOO_TNX,3.63700008392334,yahoo_query_or_equivalent_authorized_market_data_source,2026-06-25T04:29:13.400222Z
2023-06-01,US_10Y_YAHOO_TNX,3.6080000400543213,yahoo_query_or_equivalent_authorized_market_data_source,2026-06-25T04:29:13.400222Z
2023-06-02,US_10Y_YAHOO_TNX,3.690999984741211,yahoo_query_or_equivalent_authorized_market_data_source,2026-06-25T04:29:13.400222Z
2023-06-05,US_10Y_YAHOO_TNX,3.693000078201294,yahoo_query_or_equivalent_authorized_market_data_source,2026-06-25T04:29:13.400222Z
2023-06-06,US_10Y_YAHOO_TNX,3.6989998817443848,yahoo_query_or_equivalent_authorized_market_data_source,2026-06-25T04:29:13.400222Z
2023-06-07,US_10Y_YAHOO_TNX,3.7839999198913574,yahoo_query_or_equivalent_authorized_market_data_source,2026-06-25T04:29:13.400222Z
2023-06-08,US_10Y_YAHOO_TNX,3.7139999866485596,yahoo_query_or_equivalent_authorized_market_data_source,2026-06-25T04:29:13.400222Z
2023-06-09,US_10Y_YAHOO_TNX,3.744999885559082,yahoo_query_or_equivalent_authorized_market_data_source,2026-06-25T04:29:13.400222Z
2023-06-12,US_10Y_YAHOO_TNX,3.765000104904175,yahoo_query_or_equivalent_authorized_market_data_source,2026-06-25T04:29:13.400222Z
2023-06-13,US_10Y_YAHOO_TNX,3.8389999866485596,yahoo_query_or_equivalent_authorized_market_data_source,2026-06-25T04:29:13.400222Z
2023-06-14,US_10Y_YAHOO_TNX,3.7960000038146973,yahoo_query_or_equivalent_authorized_market_data_source,2026-06-25T04:29:13.400222Z
2023-06-15,US_10Y_YAHOO_TNX,3.7279999256134033,yahoo_query_or_equivalent_authorized_market_data_source,2026-06-25T04:29:13.400222Z
2023-06-16,US_10Y_YAHOO_TNX,3.7690000534057617,yahoo_query_or_equivalent_authorized_market_data_source,2026-06-25T04:29:13.400222Z
2023-06-20,US_10Y_YAHOO_TNX,3.7290000915527344,yahoo_query_or_equivalent_authorized_market_data_source,2026-06-25T04:29:13.400222Z
2023-06-21,US_10Y_YAHOO_TNX,3.7230000495910645,yahoo_query_or_equivalent_authorized_market_data_source,2026-06-25T04:29:13.400222Z
2023-06-22,US_10Y_YAHOO_TNX,3.7990000247955322,yahoo_query_or_equivalent_authorized_market_data_source,2026-06-25T04:29:13.400222Z
2023-06-23,US_10Y_YAHOO_TNX,3.739000082015991,yahoo_query_or_equivalent_authorized_market_data_source,2026-06-25T04:29:13.400222Z
2023-06-26,US_10Y_YAHOO_TNX,3.7190001010894775,yahoo_query_or_equivalent_authorized_market_data_source,2026-06-25T04:29:13.400222Z
2023-06-27,US_10Y_YAHOO_TNX,3.7679998874664307,yahoo_query_or_equivalent_authorized_market_data_source,2026-06-25T04:29:13.400222Z
2023-06-28,US_10Y_YAHOO_TNX,3.7100000381469727,yahoo_query_or_equivalent_authorized_market_data_source,2026-06-25T04:29:13.400222Z
2023-06-29,US_10Y_YAHOO_TNX,3.8540000915527344,yahoo_query_or_equivalent_authorized_market_data_source,2026-06-25T04:29:13.400222Z
2023-06-30,US_10Y_YAHOO_TNX,3.819000005722046,yahoo_query_or_equivalent_authorized_market_data_source,2026-06-25T04:29:13.400222Z
2023-07-03,US_10Y_YAHOO_TNX,3.8580000400543213,yahoo_query_or_equivalent_authorized_market_data_source,2026-06-25T04:29:13.400222Z
2023-07-05,US_10Y_YAHOO_TNX,3.944999933242798,yahoo_query_or_equivalent_authorized_market_data_source,2026-06-25T04:29:13.400222Z
2023-07-06,US_10Y_YAHOO_TNX,4.040999889373779,yahoo_query_or_equivalent_authorized_market_data_source,2026-06-25T04:29:13.400222Z
2023-07-07,US_10Y_YAHOO_TNX,4.050000190734863,yahoo_query_or_equivalent_authorized_market_data_source,2026-06-25T04:29:13.400222Z
2023-07-10,US_10Y_YAHOO_TNX,4.00600004196167,yahoo_query_or_equivalent_authorized_market_data_source,2026-06-25T04:29:13.400222Z
2023-07-11,US_10Y_YAHOO_TNX,3.9800000190734863,yahoo_query_or_equivalent_authorized_market_data_source,2026-06-25T04:29:13.400222Z
2023-07-12,US_10Y_YAHOO_TNX,3.8610000610351562,yahoo_query_or_equivalent_authorized_market_data_source,2026-06-25T04:29:13.400222Z
2023-07-13,US_10Y_YAHOO_TNX,3.760999917984009,yahoo_query_or_equivalent_authorized_market_data_source,2026-06-25T04:29:13.400222Z
2023-07-14,US_10Y_YAHOO_TNX,3.819000005722046,yahoo_query_or_equivalent_authorized_market_data_source,2026-06-25T04:29:13.400222Z
2023-07-17,US_10Y_YAHOO_TNX,3.796999931335449,yahoo_query_or_equivalent_authorized_market_data_source,2026-06-25T04:29:13.400222Z
2023-07-18,US_10Y_YAHOO_TNX,3.7890000343322754,yahoo_query_or_equivalent_authorized_market_data_source,2026-06-25T04:29:13.400222Z
2023-07-19,US_10Y_YAHOO_TNX,3.742000102996826,yahoo_query_or_equivalent_authorized_market_data_source,2026-06-25T04:29:13.400222Z
2023-07-20,US_10Y_YAHOO_TNX,3.8540000915527344,yahoo_query_or_equivalent_authorized_market_data_source,2026-06-25T04:29:13.400222Z
2023-07-21,US_10Y_YAHOO_TNX,3.8369998931884766,yahoo_query_or_equivalent_authorized_market_data_source,2026-06-25T04:29:13.400222Z
2023-07-24,US_10Y_YAHOO_TNX,3.8570001125335693,yahoo_query_or_equivalent_authorized_market_data_source,2026-06-25T04:29:13.400222Z
2023-07-25,US_10Y_YAHOO_TNX,3.9119999408721924,yahoo_query_or_equivalent_authorized_market_data_source,2026-06-25T04:29:13.400222Z
2023-07-26,US_10Y_YAHOO_TNX,3.8510000705718994,yahoo_query_or_equivalent_authorized_market_data_source,2026-06-25T04:29:13.400222Z
2023-07-27,US_10Y_YAHOO_TNX,4.01200008392334,yahoo_query_or_equivalent_authorized_market_data_source,2026-06-25T04:29:13.400222Z
2023-07-28,US_10Y_YAHOO_TNX,3.9690001010894775,yahoo_query_or_equivalent_authorized_market_data_source,2026-06-25T04:29:13.400222Z
2023-07-31,US_10Y_YAHOO_TNX,3.9590001106262207,yahoo_query_or_equivalent_authorized_market_data_source,2026-06-25T04:29:13.400222Z
2023-08-01,US_10Y_YAHOO_TNX,4.051000118255615,yahoo_query_or_equivalent_authorized_market_data_source,2026-06-25T04:29:13.400222Z
2023-08-02,US_10Y_YAHOO_TNX,4.078000068664551,yahoo_query_or_equivalent_authorized_market_data_source,2026-06-25T04:29:13.400222Z
2023-08-03,US_10Y_YAHOO_TNX,4.189000129699707,yahoo_query_or_equivalent_authorized_market_data_source,2026-06-25T04:29:13.400222Z
2023-08-04,US_10Y_YAHOO_TNX,4.059999942779541,yahoo_query_or_equivalent_authorized_market_data_source,2026-06-25T04:29:13.400222Z
2023-08-07,US_10Y_YAHOO_TNX,4.078000068664551,yahoo_query_or_equivalent_authorized_market_data_source,2026-06-25T04:29:13.400222Z
2023-08-08,US_10Y_YAHOO_TNX,4.026000022888184,yahoo_query_or_equivalent_authorized_market_data_source,2026-06-25T04:29:13.400222Z
2023-08-09,US_10Y_YAHOO_TNX,4.01200008392334,yahoo_query_or_equivalent_authorized_market_data_source,2026-06-25T04:29:13.400222Z
2023-08-10,US_10Y_YAHOO_TNX,4.079999923706055,yahoo_query_or_equivalent_authorized_market_data_source,2026-06-25T04:29:13.400222Z
2023-08-11,US_10Y_YAHOO_TNX,4.168000221252441,yahoo_query_or_equivalent_authorized_market_data_source,2026-06-25T04:29:13.400222Z
2023-08-14,US_10Y_YAHOO_TNX,4.184000015258789,yahoo_query_or_equivalent_authorized_market_data_source,2026-06-25T04:29:13.400222Z
2023-08-15,US_10Y_YAHOO_TNX,4.2210001945495605,yahoo_query_or_equivalent_authorized_market_data_source,2026-06-25T04:29:13.400222Z
2023-08-16,US_10Y_YAHOO_TNX,4.257999897003174,yahoo_query_or_equivalent_authorized_market_data_source,2026-06-25T04:29:13.400222Z
2023-08-17,US_10Y_YAHOO_TNX,4.308000087738037,yahoo_query_or_equivalent_authorized_market_data_source,2026-06-25T04:29:13.400222Z
2023-08-18,US_10Y_YAHOO_TNX,4.250999927520752,yahoo_query_or_equivalent_authorized_market_data_source,2026-06-25T04:29:13.400222Z
2023-08-21,US_10Y_YAHOO_TNX,4.3420000076293945,yahoo_query_or_equivalent_authorized_market_data_source,2026-06-25T04:29:13.400222Z
2023-08-22,US_10Y_YAHOO_TNX,4.328000068664551,yahoo_query_or_equivalent_authorized_market_data_source,2026-06-25T04:29:13.400222Z
2023-08-23,US_10Y_YAHOO_TNX,4.197999954223633,yahoo_query_or_equivalent_authorized_market_data_source,2026-06-25T04:29:13.400222Z
2023-08-24,US_10Y_YAHOO_TNX,4.235000133514404,yahoo_query_or_equivalent_authorized_market_data_source,2026-06-25T04:29:13.400222Z
2023-08-25,US_10Y_YAHOO_TNX,4.238999843597412,yahoo_query_or_equivalent_authorized_market_data_source,2026-06-25T04:29:13.400222Z
2023-08-28,US_10Y_YAHOO_TNX,4.211999893188477,yahoo_query_or_equivalent_authorized_market_data_source,2026-06-25T04:29:13.400222Z
2023-08-29,US_10Y_YAHOO_TNX,4.122000217437744,yahoo_query_or_equivalent_authorized_market_data_source,2026-06-25T04:29:13.400222Z
2023-08-30,US_10Y_YAHOO_TNX,4.118000030517578,yahoo_query_or_equivalent_authorized_market_data_source,2026-06-25T04:29:13.400222Z
2023-08-31,US_10Y_YAHOO_TNX,4.0929999351501465,yahoo_query_or_equivalent_authorized_market_data_source,2026-06-25T04:29:13.400222Z
2023-09-01,US_10Y_YAHOO_TNX,4.172999858856201,yahoo_query_or_equivalent_authorized_market_data_source,2026-06-25T04:29:13.400222Z
2023-09-05,US_10Y_YAHOO_TNX,4.26800012588501,yahoo_query_or_equivalent_authorized_market_data_source,2026-06-25T04:29:13.400222Z
2023-09-06,US_10Y_YAHOO_TNX,4.289999961853027,yahoo_query_or_equivalent_authorized_market_data_source,2026-06-25T04:29:13.400222Z
2023-09-07,US_10Y_YAHOO_TNX,4.260000228881836,yahoo_query_or_equivalent_authorized_market_data_source,2026-06-25T04:29:13.400222Z
2023-09-08,US_10Y_YAHOO_TNX,4.257999897003174,yahoo_query_or_equivalent_authorized_market_data_source,2026-06-25T04:29:13.400222Z
2023-09-11,US_10Y_YAHOO_TNX,4.288000106811523,yahoo_query_or_equivalent_authorized_market_data_source,2026-06-25T04:29:13.400222Z
2023-09-12,US_10Y_YAHOO_TNX,4.263999938964844,yahoo_query_or_equivalent_authorized_market_data_source,2026-06-25T04:29:13.400222Z
2023-09-13,US_10Y_YAHOO_TNX,4.249000072479248,yahoo_query_or_equivalent_authorized_market_data_source,2026-06-25T04:29:13.400222Z
2023-09-14,US_10Y_YAHOO_TNX,4.288000106811523,yahoo_query_or_equivalent_authorized_market_data_source,2026-06-25T04:29:13.400222Z
2023-09-15,US_10Y_YAHOO_TNX,4.322000026702881,yahoo_query_or_equivalent_authorized_market_data_source,2026-06-25T04:29:13.400222Z
2023-09-18,US_10Y_YAHOO_TNX,4.318999767303467,yahoo_query_or_equivalent_authorized_market_data_source,2026-06-25T04:29:13.400222Z
2023-09-19,US_10Y_YAHOO_TNX,4.364999771118164,yahoo_query_or_equivalent_authorized_market_data_source,2026-06-25T04:29:13.400222Z
2023-09-20,US_10Y_YAHOO_TNX,4.348999977111816,yahoo_query_or_equivalent_authorized_market_data_source,2026-06-25T04:29:13.400222Z
2023-09-21,US_10Y_YAHOO_TNX,4.480000019073486,yahoo_query_or_equivalent_authorized_market_data_source,2026-06-25T04:29:13.400222Z
2023-09-22,US_10Y_YAHOO_TNX,4.438000202178955,yahoo_query_or_equivalent_authorized_market_data_source,2026-06-25T04:29:13.400222Z
2023-09-25,US_10Y_YAHOO_TNX,4.541999816894531,yahoo_query_or_equivalent_authorized_market_data_source,2026-06-25T04:29:13.400222Z
2023-09-26,US_10Y_YAHOO_TNX,4.558000087738037,yahoo_query_or_equivalent_authorized_market_data_source,2026-06-25T04:29:13.400222Z
2023-09-27,US_10Y_YAHOO_TNX,4.625999927520752,yahoo_query_or_equivalent_authorized_market_data_source,2026-06-25T04:29:13.400222Z
2023-09-28,US_10Y_YAHOO_TNX,4.5970001220703125,yahoo_query_or_equivalent_authorized_market_data_source,2026-06-25T04:29:13.400222Z
2023-09-29,US_10Y_YAHOO_TNX,4.572999954223633,yahoo_query_or_equivalent_authorized_market_data_source,2026-06-25T04:29:13.400222Z
2023-10-02,US_10Y_YAHOO_TNX,4.683000087738037,yahoo_query_or_equivalent_authorized_market_data_source,2026-06-25T04:29:13.400222Z
2023-10-03,US_10Y_YAHOO_TNX,4.802000045776367,yahoo_query_or_equivalent_authorized_market_data_source,2026-06-25T04:29:13.400222Z
2023-10-04,US_10Y_YAHOO_TNX,4.735000133514404,yahoo_query_or_equivalent_authorized_market_data_source,2026-06-25T04:29:13.400222Z
2023-10-05,US_10Y_YAHOO_TNX,4.7170000076293945,yahoo_query_or_equivalent_authorized_market_data_source,2026-06-25T04:29:13.400222Z
2023-10-06,US_10Y_YAHOO_TNX,4.783999919891357,yahoo_query_or_equivalent_authorized_market_data_source,2026-06-25T04:29:13.400222Z
2023-10-09,US_10Y_YAHOO_TNX,4.796999931335449,yahoo_query_or_equivalent_authorized_market_data_source,2026-06-25T04:29:13.400222Z
2023-10-10,US_10Y_YAHOO_TNX,4.65500020980835,yahoo_query_or_equivalent_authorized_market_data_source,2026-06-25T04:29:13.400222Z
2023-10-11,US_10Y_YAHOO_TNX,4.59499979019165,yahoo_query_or_equivalent_authorized_market_data_source,2026-06-25T04:29:13.400222Z
2023-10-12,US_10Y_YAHOO_TNX,4.711999893188477,yahoo_query_or_equivalent_authorized_market_data_source,2026-06-25T04:29:13.400222Z
2023-10-13,US_10Y_YAHOO_TNX,4.629000186920166,yahoo_query_or_equivalent_authorized_market_data_source,2026-06-25T04:29:13.400222Z
2023-10-16,US_10Y_YAHOO_TNX,4.711999893188477,yahoo_query_or_equivalent_authorized_market_data_source,2026-06-25T04:29:13.400222Z
2023-10-17,US_10Y_YAHOO_TNX,4.8470001220703125,yahoo_query_or_equivalent_authorized_market_data_source,2026-06-25T04:29:13.400222Z
2023-10-18,US_10Y_YAHOO_TNX,4.9039998054504395,yahoo_query_or_equivalent_authorized_market_data_source,2026-06-25T04:29:13.400222Z
2023-10-19,US_10Y_YAHOO_TNX,4.98799991607666,yahoo_query_or_equivalent_authorized_market_data_source,2026-06-25T04:29:13.400222Z
2023-10-20,US_10Y_YAHOO_TNX,4.923999786376953,yahoo_query_or_equivalent_authorized_market_data_source,2026-06-25T04:29:13.400222Z
2023-10-23,US_10Y_YAHOO_TNX,4.8379998207092285,yahoo_query_or_equivalent_authorized_market_data_source,2026-06-25T04:29:13.400222Z
2023-10-24,US_10Y_YAHOO_TNX,4.840000152587891,yahoo_query_or_equivalent_authorized_market_data_source,2026-06-25T04:29:13.400222Z
2023-10-25,US_10Y_YAHOO_TNX,4.953000068664551,yahoo_query_or_equivalent_authorized_market_data_source,2026-06-25T04:29:13.400222Z
2023-10-26,US_10Y_YAHOO_TNX,4.84499979019165,yahoo_query_or_equivalent_authorized_market_data_source,2026-06-25T04:29:13.400222Z
2023-10-27,US_10Y_YAHOO_TNX,4.84499979019165,yahoo_query_or_equivalent_authorized_market_data_source,2026-06-25T04:29:13.400222Z
2023-10-30,US_10Y_YAHOO_TNX,4.875,yahoo_query_or_equivalent_authorized_market_data_source,2026-06-25T04:29:13.400222Z
2023-10-31,US_10Y_YAHOO_TNX,4.875,yahoo_query_or_equivalent_authorized_market_data_source,2026-06-25T04:29:13.400222Z
2023-11-01,US_10Y_YAHOO_TNX,4.789000034332275,yahoo_query_or_equivalent_authorized_market_data_source,2026-06-25T04:29:13.400222Z
2023-11-02,US_10Y_YAHOO_TNX,4.669000148773193,yahoo_query_or_equivalent_authorized_market_data_source,2026-06-25T04:29:13.400222Z
2023-11-03,US_10Y_YAHOO_TNX,4.558000087738037,yahoo_query_or_equivalent_authorized_market_data_source,2026-06-25T04:29:13.400222Z
2023-11-06,US_10Y_YAHOO_TNX,4.6620001792907715,yahoo_query_or_equivalent_authorized_market_data_source,2026-06-25T04:29:13.400222Z
2023-11-07,US_10Y_YAHOO_TNX,4.571000099182129,yahoo_query_or_equivalent_authorized_market_data_source,2026-06-25T04:29:13.400222Z
2023-11-08,US_10Y_YAHOO_TNX,4.5229997634887695,yahoo_query_or_equivalent_authorized_market_data_source,2026-06-25T04:29:13.400222Z
2023-11-09,US_10Y_YAHOO_TNX,4.630000114440918,yahoo_query_or_equivalent_authorized_market_data_source,2026-06-25T04:29:13.400222Z
2023-11-10,US_10Y_YAHOO_TNX,4.627999782562256,yahoo_query_or_equivalent_authorized_market_data_source,2026-06-25T04:29:13.400222Z
2023-11-13,US_10Y_YAHOO_TNX,4.631999969482422,yahoo_query_or_equivalent_authorized_market_data_source,2026-06-25T04:29:13.400222Z
2023-11-14,US_10Y_YAHOO_TNX,4.440999984741211,yahoo_query_or_equivalent_authorized_market_data_source,2026-06-25T04:29:13.400222Z
2023-11-15,US_10Y_YAHOO_TNX,4.534999847412109,yahoo_query_or_equivalent_authorized_market_data_source,2026-06-25T04:29:13.400222Z
2023-11-16,US_10Y_YAHOO_TNX,4.445000171661377,yahoo_query_or_equivalent_authorized_market_data_source,2026-06-25T04:29:13.400222Z
2023-11-17,US_10Y_YAHOO_TNX,4.440999984741211,yahoo_query_or_equivalent_authorized_market_data_source,2026-06-25T04:29:13.400222Z
2023-11-20,US_10Y_YAHOO_TNX,4.421999931335449,yahoo_query_or_equivalent_authorized_market_data_source,2026-06-25T04:29:13.400222Z
2023-11-21,US_10Y_YAHOO_TNX,4.418000221252441,yahoo_query_or_equivalent_authorized_market_data_source,2026-06-25T04:29:13.400222Z
2023-11-22,US_10Y_YAHOO_TNX,4.415999889373779,yahoo_query_or_equivalent_authorized_market_data_source,2026-06-25T04:29:13.400222Z
2023-11-24,US_10Y_YAHOO_TNX,4.4720001220703125,yahoo_query_or_equivalent_authorized_market_data_source,2026-06-25T04:29:13.400222Z
2023-11-27,US_10Y_YAHOO_TNX,4.388999938964844,yahoo_query_or_equivalent_authorized_market_data_source,2026-06-25T04:29:13.400222Z
2023-11-28,US_10Y_YAHOO_TNX,4.335999965667725,yahoo_query_or_equivalent_authorized_market_data_source,2026-06-25T04:29:13.400222Z
2023-11-29,US_10Y_YAHOO_TNX,4.270999908447266,yahoo_query_or_equivalent_authorized_market_data_source,2026-06-25T04:29:13.400222Z
2023-11-30,US_10Y_YAHOO_TNX,4.3520002365112305,yahoo_query_or_equivalent_authorized_market_data_source,2026-06-25T04:29:13.400222Z
2023-12-01,US_10Y_YAHOO_TNX,4.22599983215332,yahoo_query_or_equivalent_authorized_market_data_source,2026-06-25T04:29:13.400222Z
2023-12-04,US_10Y_YAHOO_TNX,4.288000106811523,yahoo_query_or_equivalent_authorized_market_data_source,2026-06-25T04:29:13.400222Z
2023-12-05,US_10Y_YAHOO_TNX,4.171000003814697,yahoo_query_or_equivalent_authorized_market_data_source,2026-06-25T04:29:13.400222Z
2023-12-06,US_10Y_YAHOO_TNX,4.120999813079834,yahoo_query_or_equivalent_authorized_market_data_source,2026-06-25T04:29:13.400222Z
2023-12-07,US_10Y_YAHOO_TNX,4.129000186920166,yahoo_query_or_equivalent_authorized_market_data_source,2026-06-25T04:29:13.400222Z
2023-12-08,US_10Y_YAHOO_TNX,4.244999885559082,yahoo_query_or_equivalent_authorized_market_data_source,2026-06-25T04:29:13.400222Z
2023-12-11,US_10Y_YAHOO_TNX,4.238999843597412,yahoo_query_or_equivalent_authorized_market_data_source,2026-06-25T04:29:13.400222Z
2023-12-12,US_10Y_YAHOO_TNX,4.205999851226807,yahoo_query_or_equivalent_authorized_market_data_source,2026-06-25T04:29:13.400222Z
2023-12-13,US_10Y_YAHOO_TNX,4.0329999923706055,yahoo_query_or_equivalent_authorized_market_data_source,2026-06-25T04:29:13.400222Z
2023-12-14,US_10Y_YAHOO_TNX,3.930000066757202,yahoo_query_or_equivalent_authorized_market_data_source,2026-06-25T04:29:13.400222Z
2023-12-15,US_10Y_YAHOO_TNX,3.927999973297119,yahoo_query_or_equivalent_authorized_market_data_source,2026-06-25T04:29:13.400222Z
2023-12-18,US_10Y_YAHOO_TNX,3.9539999961853027,yahoo_query_or_equivalent_authorized_market_data_source,2026-06-25T04:29:13.400222Z
2023-12-19,US_10Y_YAHOO_TNX,3.921999931335449,yahoo_query_or_equivalent_authorized_market_data_source,2026-06-25T04:29:13.400222Z
2023-12-20,US_10Y_YAHOO_TNX,3.877000093460083,yahoo_query_or_equivalent_authorized_market_data_source,2026-06-25T04:29:13.400222Z
2023-12-21,US_10Y_YAHOO_TNX,3.8940000534057617,yahoo_query_or_equivalent_authorized_market_data_source,2026-06-25T04:29:13.400222Z
2023-12-22,US_10Y_YAHOO_TNX,3.9010000228881836,yahoo_query_or_equivalent_authorized_market_data_source,2026-06-25T04:29:13.400222Z
2023-12-26,US_10Y_YAHOO_TNX,3.885999917984009,yahoo_query_or_equivalent_authorized_market_data_source,2026-06-25T04:29:13.400222Z
2023-12-27,US_10Y_YAHOO_TNX,3.7890000343322754,yahoo_query_or_equivalent_authorized_market_data_source,2026-06-25T04:29:13.400222Z
2023-12-28,US_10Y_YAHOO_TNX,3.8499999046325684,yahoo_query_or_equivalent_authorized_market_data_source,2026-06-25T04:29:13.400222Z
2023-12-29,US_10Y_YAHOO_TNX,3.865999937057495,yahoo_query_or_equivalent_authorized_market_data_source,2026-06-25T04:29:13.400222Z
2024-01-02,US_10Y_YAHOO_TNX,3.946000099182129,yahoo_query_or_equivalent_authorized_market_data_source,2026-06-25T04:29:13.400222Z
2024-01-03,US_10Y_YAHOO_TNX,3.9070000648498535,yahoo_query_or_equivalent_authorized_market_data_source,2026-06-25T04:29:13.400222Z
2024-01-04,US_10Y_YAHOO_TNX,3.990999937057495,yahoo_query_or_equivalent_authorized_market_data_source,2026-06-25T04:29:13.400222Z
2024-01-05,US_10Y_YAHOO_TNX,4.041999816894531,yahoo_query_or_equivalent_authorized_market_data_source,2026-06-25T04:29:13.400222Z
2024-01-08,US_10Y_YAHOO_TNX,4.001999855041504,yahoo_query_or_equivalent_authorized_market_data_source,2026-06-25T04:29:13.400222Z
2024-01-09,US_10Y_YAHOO_TNX,4.019000053405762,yahoo_query_or_equivalent_authorized_market_data_source,2026-06-25T04:29:13.400222Z
2024-01-10,US_10Y_YAHOO_TNX,4.03000020980835,yahoo_query_or_equivalent_authorized_market_data_source,2026-06-25T04:29:13.400222Z
2024-01-11,US_10Y_YAHOO_TNX,3.9769999980926514,yahoo_query_or_equivalent_authorized_market_data_source,2026-06-25T04:29:13.400222Z
2024-01-12,US_10Y_YAHOO_TNX,3.950000047683716,yahoo_query_or_equivalent_authorized_market_data_source,2026-06-25T04:29:13.400222Z
2024-01-16,US_10Y_YAHOO_TNX,4.065999984741211,yahoo_query_or_equivalent_authorized_market_data_source,2026-06-25T04:29:13.400222Z
2024-01-17,US_10Y_YAHOO_TNX,4.105999946594238,yahoo_query_or_equivalent_authorized_market_data_source,2026-06-25T04:29:13.400222Z
2024-01-18,US_10Y_YAHOO_TNX,4.144000053405762,yahoo_query_or_equivalent_authorized_market_data_source,2026-06-25T04:29:13.400222Z
2024-01-19,US_10Y_YAHOO_TNX,4.145999908447266,yahoo_query_or_equivalent_authorized_market_data_source,2026-06-25T04:29:13.400222Z
2024-01-22,US_10Y_YAHOO_TNX,4.093999862670898,yahoo_query_or_equivalent_authorized_market_data_source,2026-06-25T04:29:13.400222Z
2024-01-23,US_10Y_YAHOO_TNX,4.142000198364258,yahoo_query_or_equivalent_authorized_market_data_source,2026-06-25T04:29:13.400222Z
2024-01-24,US_10Y_YAHOO_TNX,4.177999973297119,yahoo_query_or_equivalent_authorized_market_data_source,2026-06-25T04:29:13.400222Z
2024-01-25,US_10Y_YAHOO_TNX,4.131999969482422,yahoo_query_or_equivalent_authorized_market_data_source,2026-06-25T04:29:13.400222Z
2024-01-26,US_10Y_YAHOO_TNX,4.159999847412109,yahoo_query_or_equivalent_authorized_market_data_source,2026-06-25T04:29:13.400222Z
2024-01-29,US_10Y_YAHOO_TNX,4.091000080108643,yahoo_query_or_equivalent_authorized_market_data_source,2026-06-25T04:29:13.400222Z
2024-01-30,US_10Y_YAHOO_TNX,4.059000015258789,yahoo_query_or_equivalent_authorized_market_data_source,2026-06-25T04:29:13.400222Z
2024-01-31,US_10Y_YAHOO_TNX,3.9670000076293945,yahoo_query_or_equivalent_authorized_market_data_source,2026-06-25T04:29:13.400222Z
2024-02-01,US_10Y_YAHOO_TNX,3.86299991607666,yahoo_query_or_equivalent_authorized_market_data_source,2026-06-25T04:29:13.400222Z
2024-02-02,US_10Y_YAHOO_TNX,4.0329999923706055,yahoo_query_or_equivalent_authorized_market_data_source,2026-06-25T04:29:13.400222Z
2024-02-05,US_10Y_YAHOO_TNX,4.164000034332275,yahoo_query_or_equivalent_authorized_market_data_source,2026-06-25T04:29:13.400222Z
2024-02-06,US_10Y_YAHOO_TNX,4.090000152587891,yahoo_query_or_equivalent_authorized_market_data_source,2026-06-25T04:29:13.400222Z
2024-02-07,US_10Y_YAHOO_TNX,4.110000133514404,yahoo_query_or_equivalent_authorized_market_data_source,2026-06-25T04:29:13.400222Z
2024-02-08,US_10Y_YAHOO_TNX,4.170000076293945,yahoo_query_or_equivalent_authorized_market_data_source,2026-06-25T04:29:13.400222Z
2024-02-09,US_10Y_YAHOO_TNX,4.186999797821045,yahoo_query_or_equivalent_authorized_market_data_source,2026-06-25T04:29:13.400222Z
2024-02-12,US_10Y_YAHOO_TNX,4.171999931335449,yahoo_query_or_equivalent_authorized_market_data_source,2026-06-25T04:29:13.400222Z
2024-02-13,US_10Y_YAHOO_TNX,4.315999984741211,yahoo_query_or_equivalent_authorized_market_data_source,2026-06-25T04:29:13.400222Z
2024-02-14,US_10Y_YAHOO_TNX,4.267000198364258,yahoo_query_or_equivalent_authorized_market_data_source,2026-06-25T04:29:13.400222Z
2024-02-15,US_10Y_YAHOO_TNX,4.239999771118164,yahoo_query_or_equivalent_authorized_market_data_source,2026-06-25T04:29:13.400222Z
2024-02-16,US_10Y_YAHOO_TNX,4.295000076293945,yahoo_query_or_equivalent_authorized_market_data_source,2026-06-25T04:29:13.400222Z
2024-02-20,US_10Y_YAHOO_TNX,4.275000095367432,yahoo_query_or_equivalent_authorized_market_data_source,2026-06-25T04:29:13.400222Z
2024-02-21,US_10Y_YAHOO_TNX,4.324999809265137,yahoo_query_or_equivalent_authorized_market_data_source,2026-06-25T04:29:13.400222Z
2024-02-22,US_10Y_YAHOO_TNX,4.327000141143799,yahoo_query_or_equivalent_authorized_market_data_source,2026-06-25T04:29:13.400222Z
2024-02-23,US_10Y_YAHOO_TNX,4.260000228881836,yahoo_query_or_equivalent_authorized_market_data_source,2026-06-25T04:29:13.400222Z
2024-02-26,US_10Y_YAHOO_TNX,4.298999786376953,yahoo_query_or_equivalent_authorized_market_data_source,2026-06-25T04:29:13.400222Z
2024-02-27,US_10Y_YAHOO_TNX,4.315000057220459,yahoo_query_or_equivalent_authorized_market_data_source,2026-06-25T04:29:13.400222Z
2024-02-28,US_10Y_YAHOO_TNX,4.27400016784668,yahoo_query_or_equivalent_authorized_market_data_source,2026-06-25T04:29:13.400222Z
2024-02-29,US_10Y_YAHOO_TNX,4.251999855041504,yahoo_query_or_equivalent_authorized_market_data_source,2026-06-25T04:29:13.400222Z
2024-03-01,US_10Y_YAHOO_TNX,4.179999828338623,yahoo_query_or_equivalent_authorized_market_data_source,2026-06-25T04:29:13.400222Z
2024-03-04,US_10Y_YAHOO_TNX,4.218999862670898,yahoo_query_or_equivalent_authorized_market_data_source,2026-06-25T04:29:13.400222Z
2024-03-05,US_10Y_YAHOO_TNX,4.13700008392334,yahoo_query_or_equivalent_authorized_market_data_source,2026-06-25T04:29:13.400222Z
2024-03-06,US_10Y_YAHOO_TNX,4.104000091552734,yahoo_query_or_equivalent_authorized_market_data_source,2026-06-25T04:29:13.400222Z
2024-03-07,US_10Y_YAHOO_TNX,4.0920000076293945,yahoo_query_or_equivalent_authorized_market_data_source,2026-06-25T04:29:13.400222Z
2024-03-08,US_10Y_YAHOO_TNX,4.089000225067139,yahoo_query_or_equivalent_authorized_market_data_source,2026-06-25T04:29:13.400222Z
2024-03-11,US_10Y_YAHOO_TNX,4.104000091552734,yahoo_query_or_equivalent_authorized_market_data_source,2026-06-25T04:29:13.400222Z
2024-03-12,US_10Y_YAHOO_TNX,4.15500020980835,yahoo_query_or_equivalent_authorized_market_data_source,2026-06-25T04:29:13.400222Z
2024-03-13,US_10Y_YAHOO_TNX,4.191999912261963,yahoo_query_or_equivalent_authorized_market_data_source,2026-06-25T04:29:13.400222Z
2024-03-14,US_10Y_YAHOO_TNX,4.297999858856201,yahoo_query_or_equivalent_authorized_market_data_source,2026-06-25T04:29:13.400222Z
2024-03-15,US_10Y_YAHOO_TNX,4.303999900817871,yahoo_query_or_equivalent_authorized_market_data_source,2026-06-25T04:29:13.400222Z
2024-03-18,US_10Y_YAHOO_TNX,4.340000152587891,yahoo_query_or_equivalent_authorized_market_data_source,2026-06-25T04:29:13.400222Z
2024-03-19,US_10Y_YAHOO_TNX,4.296999931335449,yahoo_query_or_equivalent_authorized_market_data_source,2026-06-25T04:29:13.400222Z
2024-03-20,US_10Y_YAHOO_TNX,4.2729997634887695,yahoo_query_or_equivalent_authorized_market_data_source,2026-06-25T04:29:13.400222Z
2024-03-21,US_10Y_YAHOO_TNX,4.270999908447266,yahoo_query_or_equivalent_authorized_market_data_source,2026-06-25T04:29:13.400222Z
2024-03-22,US_10Y_YAHOO_TNX,4.2179999351501465,yahoo_query_or_equivalent_authorized_market_data_source,2026-06-25T04:29:13.400222Z
2024-03-25,US_10Y_YAHOO_TNX,4.252999782562256,yahoo_query_or_equivalent_authorized_market_data_source,2026-06-25T04:29:13.400222Z
2024-03-26,US_10Y_YAHOO_TNX,4.234000205993652,yahoo_query_or_equivalent_authorized_market_data_source,2026-06-25T04:29:13.400222Z
2024-03-27,US_10Y_YAHOO_TNX,4.196000099182129,yahoo_query_or_equivalent_authorized_market_data_source,2026-06-25T04:29:13.400222Z
2024-03-28,US_10Y_YAHOO_TNX,4.205999851226807,yahoo_query_or_equivalent_authorized_market_data_source,2026-06-25T04:29:13.400222Z
2024-04-01,US_10Y_YAHOO_TNX,4.328999996185303,yahoo_query_or_equivalent_authorized_market_data_source,2026-06-25T04:29:13.400222Z
2024-04-02,US_10Y_YAHOO_TNX,4.364999771118164,yahoo_query_or_equivalent_authorized_market_data_source,2026-06-25T04:29:13.400222Z
2024-04-03,US_10Y_YAHOO_TNX,4.355000019073486,yahoo_query_or_equivalent_authorized_market_data_source,2026-06-25T04:29:13.400222Z
2024-04-04,US_10Y_YAHOO_TNX,4.309000015258789,yahoo_query_or_equivalent_authorized_market_data_source,2026-06-25T04:29:13.400222Z
2024-04-05,US_10Y_YAHOO_TNX,4.377999782562256,yahoo_query_or_equivalent_authorized_market_data_source,2026-06-25T04:29:13.400222Z
2024-04-08,US_10Y_YAHOO_TNX,4.423999786376953,yahoo_query_or_equivalent_authorized_market_data_source,2026-06-25T04:29:13.400222Z
2024-04-09,US_10Y_YAHOO_TNX,4.366000175476074,yahoo_query_or_equivalent_authorized_market_data_source,2026-06-25T04:29:13.400222Z
2024-04-10,US_10Y_YAHOO_TNX,4.559999942779541,yahoo_query_or_equivalent_authorized_market_data_source,2026-06-25T04:29:13.400222Z
2024-04-11,US_10Y_YAHOO_TNX,4.576000213623047,yahoo_query_or_equivalent_authorized_market_data_source,2026-06-25T04:29:13.400222Z
2024-04-12,US_10Y_YAHOO_TNX,4.499000072479248,yahoo_query_or_equivalent_authorized_market_data_source,2026-06-25T04:29:13.400222Z
2024-04-15,US_10Y_YAHOO_TNX,4.627999782562256,yahoo_query_or_equivalent_authorized_market_data_source,2026-06-25T04:29:13.400222Z
2024-04-16,US_10Y_YAHOO_TNX,4.658999919891357,yahoo_query_or_equivalent_authorized_market_data_source,2026-06-25T04:29:13.400222Z
2024-04-17,US_10Y_YAHOO_TNX,4.585000038146973,yahoo_query_or_equivalent_authorized_market_data_source,2026-06-25T04:29:13.400222Z
2024-04-18,US_10Y_YAHOO_TNX,4.646999835968018,yahoo_query_or_equivalent_authorized_market_data_source,2026-06-25T04:29:13.400222Z
2024-04-19,US_10Y_YAHOO_TNX,4.614999771118164,yahoo_query_or_equivalent_authorized_market_data_source,2026-06-25T04:29:13.400222Z
2024-04-22,US_10Y_YAHOO_TNX,4.623000144958496,yahoo_query_or_equivalent_authorized_market_data_source,2026-06-25T04:29:13.400222Z
2024-04-23,US_10Y_YAHOO_TNX,4.5980000495910645,yahoo_query_or_equivalent_authorized_market_data_source,2026-06-25T04:29:13.400222Z
2024-04-24,US_10Y_YAHOO_TNX,4.6519999504089355,yahoo_query_or_equivalent_authorized_market_data_source,2026-06-25T04:29:13.400222Z
2024-04-25,US_10Y_YAHOO_TNX,4.705999851226807,yahoo_query_or_equivalent_authorized_market_data_source,2026-06-25T04:29:13.400222Z
2024-04-26,US_10Y_YAHOO_TNX,4.669000148773193,yahoo_query_or_equivalent_authorized_market_data_source,2026-06-25T04:29:13.400222Z
2024-04-29,US_10Y_YAHOO_TNX,4.613999843597412,yahoo_query_or_equivalent_authorized_market_data_source,2026-06-25T04:29:13.400222Z
2024-04-30,US_10Y_YAHOO_TNX,4.685999870300293,yahoo_query_or_equivalent_authorized_market_data_source,2026-06-25T04:29:13.400222Z
2024-05-01,US_10Y_YAHOO_TNX,4.59499979019165,yahoo_query_or_equivalent_authorized_market_data_source,2026-06-25T04:29:13.400222Z
2024-05-02,US_10Y_YAHOO_TNX,4.571000099182129,yahoo_query_or_equivalent_authorized_market_data_source,2026-06-25T04:29:13.400222Z
2024-05-03,US_10Y_YAHOO_TNX,4.5,yahoo_query_or_equivalent_authorized_market_data_source,2026-06-25T04:29:13.400222Z
2024-05-06,US_10Y_YAHOO_TNX,4.488999843597412,yahoo_query_or_equivalent_authorized_market_data_source,2026-06-25T04:29:13.400222Z
2024-05-07,US_10Y_YAHOO_TNX,4.4629998207092285,yahoo_query_or_equivalent_authorized_market_data_source,2026-06-25T04:29:13.400222Z
2024-05-08,US_10Y_YAHOO_TNX,4.492000102996826,yahoo_query_or_equivalent_authorized_market_data_source,2026-06-25T04:29:13.400222Z
2024-05-09,US_10Y_YAHOO_TNX,4.448999881744385,yahoo_query_or_equivalent_authorized_market_data_source,2026-06-25T04:29:13.400222Z
2024-05-10,US_10Y_YAHOO_TNX,4.504000186920166,yahoo_query_or_equivalent_authorized_market_data_source,2026-06-25T04:29:13.400222Z
2024-05-13,US_10Y_YAHOO_TNX,4.480999946594238,yahoo_query_or_equivalent_authorized_market_data_source,2026-06-25T04:29:13.400222Z
2024-05-14,US_10Y_YAHOO_TNX,4.445000171661377,yahoo_query_or_equivalent_authorized_market_data_source,2026-06-25T04:29:13.400222Z
2024-05-15,US_10Y_YAHOO_TNX,4.355999946594238,yahoo_query_or_equivalent_authorized_market_data_source,2026-06-25T04:29:13.400222Z
2024-05-16,US_10Y_YAHOO_TNX,4.376999855041504,yahoo_query_or_equivalent_authorized_market_data_source,2026-06-25T04:29:13.400222Z
2024-05-17,US_10Y_YAHOO_TNX,4.420000076293945,yahoo_query_or_equivalent_authorized_market_data_source,2026-06-25T04:29:13.400222Z
2024-05-20,US_10Y_YAHOO_TNX,4.436999797821045,yahoo_query_or_equivalent_authorized_market_data_source,2026-06-25T04:29:13.400222Z
2024-05-21,US_10Y_YAHOO_TNX,4.414000034332275,yahoo_query_or_equivalent_authorized_market_data_source,2026-06-25T04:29:13.400222Z
2024-05-22,US_10Y_YAHOO_TNX,4.434000015258789,yahoo_query_or_equivalent_authorized_market_data_source,2026-06-25T04:29:13.400222Z
2024-05-23,US_10Y_YAHOO_TNX,4.474999904632568,yahoo_query_or_equivalent_authorized_market_data_source,2026-06-25T04:29:13.400222Z
2024-05-24,US_10Y_YAHOO_TNX,4.4670000076293945,yahoo_query_or_equivalent_authorized_market_data_source,2026-06-25T04:29:13.400222Z
2024-05-28,US_10Y_YAHOO_TNX,4.541999816894531,yahoo_query_or_equivalent_authorized_market_data_source,2026-06-25T04:29:13.400222Z
2024-05-29,US_10Y_YAHOO_TNX,4.624000072479248,yahoo_query_or_equivalent_authorized_market_data_source,2026-06-25T04:29:13.400222Z
2024-05-30,US_10Y_YAHOO_TNX,4.553999900817871,yahoo_query_or_equivalent_authorized_market_data_source,2026-06-25T04:29:13.400222Z
2024-05-31,US_10Y_YAHOO_TNX,4.513999938964844,yahoo_query_or_equivalent_authorized_market_data_source,2026-06-25T04:29:13.400222Z
2024-06-03,US_10Y_YAHOO_TNX,4.4019999504089355,yahoo_query_or_equivalent_authorized_market_data_source,2026-06-25T04:29:13.400222Z
2024-06-04,US_10Y_YAHOO_TNX,4.335999965667725,yahoo_query_or_equivalent_authorized_market_data_source,2026-06-25T04:29:13.400222Z
2024-06-05,US_10Y_YAHOO_TNX,4.289000034332275,yahoo_query_or_equivalent_authorized_market_data_source,2026-06-25T04:29:13.400222Z
2024-06-06,US_10Y_YAHOO_TNX,4.281000137329102,yahoo_query_or_equivalent_authorized_market_data_source,2026-06-25T04:29:13.400222Z
2024-06-07,US_10Y_YAHOO_TNX,4.429999828338623,yahoo_query_or_equivalent_authorized_market_data_source,2026-06-25T04:29:13.400222Z
2024-06-10,US_10Y_YAHOO_TNX,4.468999862670898,yahoo_query_or_equivalent_authorized_market_data_source,2026-06-25T04:29:13.400222Z
2024-06-11,US_10Y_YAHOO_TNX,4.4039998054504395,yahoo_query_or_equivalent_authorized_market_data_source,2026-06-25T04:29:13.400222Z
2024-06-12,US_10Y_YAHOO_TNX,4.295000076293945,yahoo_query_or_equivalent_authorized_market_data_source,2026-06-25T04:29:13.400222Z
2024-06-13,US_10Y_YAHOO_TNX,4.23799991607666,yahoo_query_or_equivalent_authorized_market_data_source,2026-06-25T04:29:13.400222Z
2024-06-14,US_10Y_YAHOO_TNX,4.2129998207092285,yahoo_query_or_equivalent_authorized_market_data_source,2026-06-25T04:29:13.400222Z
2024-06-17,US_10Y_YAHOO_TNX,4.2789998054504395,yahoo_query_or_equivalent_authorized_market_data_source,2026-06-25T04:29:13.400222Z
2024-06-18,US_10Y_YAHOO_TNX,4.2170000076293945,yahoo_query_or_equivalent_authorized_market_data_source,2026-06-25T04:29:13.400222Z
2024-06-20,US_10Y_YAHOO_TNX,4.254000186920166,yahoo_query_or_equivalent_authorized_market_data_source,2026-06-25T04:29:13.400222Z
2024-06-21,US_10Y_YAHOO_TNX,4.256999969482422,yahoo_query_or_equivalent_authorized_market_data_source,2026-06-25T04:29:13.400222Z
2024-06-24,US_10Y_YAHOO_TNX,4.248000144958496,yahoo_query_or_equivalent_authorized_market_data_source,2026-06-25T04:29:13.400222Z
2024-06-25,US_10Y_YAHOO_TNX,4.23799991607666,yahoo_query_or_equivalent_authorized_market_data_source,2026-06-25T04:29:13.400222Z
2024-06-26,US_10Y_YAHOO_TNX,4.315999984741211,yahoo_query_or_equivalent_authorized_market_data_source,2026-06-25T04:29:13.400222Z
2024-06-27,US_10Y_YAHOO_TNX,4.288000106811523,yahoo_query_or_equivalent_authorized_market_data_source,2026-06-25T04:29:13.400222Z
2024-06-28,US_10Y_YAHOO_TNX,4.3429999351501465,yahoo_query_or_equivalent_authorized_market_data_source,2026-06-25T04:29:13.400222Z
2024-07-01,US_10Y_YAHOO_TNX,4.479000091552734,yahoo_query_or_equivalent_authorized_market_data_source,2026-06-25T04:29:13.400222Z
2024-07-02,US_10Y_YAHOO_TNX,4.435999870300293,yahoo_query_or_equivalent_authorized_market_data_source,2026-06-25T04:29:13.400222Z
2024-07-03,US_10Y_YAHOO_TNX,4.355000019073486,yahoo_query_or_equivalent_authorized_market_data_source,2026-06-25T04:29:13.400222Z
2024-07-05,US_10Y_YAHOO_TNX,4.271999835968018,yahoo_query_or_equivalent_authorized_market_data_source,2026-06-25T04:29:13.400222Z
2024-07-08,US_10Y_YAHOO_TNX,4.269000053405762,yahoo_query_or_equivalent_authorized_market_data_source,2026-06-25T04:29:13.400222Z
2024-07-09,US_10Y_YAHOO_TNX,4.300000190734863,yahoo_query_or_equivalent_authorized_market_data_source,2026-06-25T04:29:13.400222Z
2024-07-10,US_10Y_YAHOO_TNX,4.28000020980835,yahoo_query_or_equivalent_authorized_market_data_source,2026-06-25T04:29:13.400222Z
2024-07-11,US_10Y_YAHOO_TNX,4.192999839782715,yahoo_query_or_equivalent_authorized_market_data_source,2026-06-25T04:29:13.400222Z
2024-07-12,US_10Y_YAHOO_TNX,4.189000129699707,yahoo_query_or_equivalent_authorized_market_data_source,2026-06-25T04:29:13.400222Z
2024-07-15,US_10Y_YAHOO_TNX,4.229000091552734,yahoo_query_or_equivalent_authorized_market_data_source,2026-06-25T04:29:13.400222Z
2024-07-16,US_10Y_YAHOO_TNX,4.166999816894531,yahoo_query_or_equivalent_authorized_market_data_source,2026-06-25T04:29:13.400222Z
2024-07-17,US_10Y_YAHOO_TNX,4.145999908447266,yahoo_query_or_equivalent_authorized_market_data_source,2026-06-25T04:29:13.400222Z
2024-07-18,US_10Y_YAHOO_TNX,4.189000129699707,yahoo_query_or_equivalent_authorized_market_data_source,2026-06-25T04:29:13.400222Z
2024-07-19,US_10Y_YAHOO_TNX,4.238999843597412,yahoo_query_or_equivalent_authorized_market_data_source,2026-06-25T04:29:13.400222Z
2024-07-22,US_10Y_YAHOO_TNX,4.260000228881836,yahoo_query_or_equivalent_authorized_market_data_source,2026-06-25T04:29:13.400222Z
2024-07-23,US_10Y_YAHOO_TNX,4.238999843597412,yahoo_query_or_equivalent_authorized_market_data_source,2026-06-25T04:29:13.400222Z
2024-07-24,US_10Y_YAHOO_TNX,4.285999774932861,yahoo_query_or_equivalent_authorized_market_data_source,2026-06-25T04:29:13.400222Z
2024-07-25,US_10Y_YAHOO_TNX,4.25600004196167,yahoo_query_or_equivalent_authorized_market_data_source,2026-06-25T04:29:13.400222Z
2024-07-26,US_10Y_YAHOO_TNX,4.199999809265137,yahoo_query_or_equivalent_authorized_market_data_source,2026-06-25T04:29:13.400222Z
2024-07-29,US_10Y_YAHOO_TNX,4.177999973297119,yahoo_query_or_equivalent_authorized_market_data_source,2026-06-25T04:29:13.400222Z
2024-07-30,US_10Y_YAHOO_TNX,4.14300012588501,yahoo_query_or_equivalent_authorized_market_data_source,2026-06-25T04:29:13.400222Z
2024-07-31,US_10Y_YAHOO_TNX,4.109000205993652,yahoo_query_or_equivalent_authorized_market_data_source,2026-06-25T04:29:13.400222Z
2024-08-01,US_10Y_YAHOO_TNX,3.9760000705718994,yahoo_query_or_equivalent_authorized_market_data_source,2026-06-25T04:29:13.400222Z
2024-08-02,US_10Y_YAHOO_TNX,3.7920000553131104,yahoo_query_or_equivalent_authorized_market_data_source,2026-06-25T04:29:13.400222Z
2024-08-05,US_10Y_YAHOO_TNX,3.7850000858306885,yahoo_query_or_equivalent_authorized_market_data_source,2026-06-25T04:29:13.400222Z
2024-08-06,US_10Y_YAHOO_TNX,3.888000011444092,yahoo_query_or_equivalent_authorized_market_data_source,2026-06-25T04:29:13.400222Z
2024-08-07,US_10Y_YAHOO_TNX,3.9679999351501465,yahoo_query_or_equivalent_authorized_market_data_source,2026-06-25T04:29:13.400222Z
2024-08-08,US_10Y_YAHOO_TNX,3.996999979019165,yahoo_query_or_equivalent_authorized_market_data_source,2026-06-25T04:29:13.400222Z
2024-08-09,US_10Y_YAHOO_TNX,3.941999912261963,yahoo_query_or_equivalent_authorized_market_data_source,2026-06-25T04:29:13.400222Z
2024-08-12,US_10Y_YAHOO_TNX,3.9089999198913574,yahoo_query_or_equivalent_authorized_market_data_source,2026-06-25T04:29:13.400222Z
2024-08-13,US_10Y_YAHOO_TNX,3.8519999980926514,yahoo_query_or_equivalent_authorized_market_data_source,2026-06-25T04:29:13.400222Z
2024-08-14,US_10Y_YAHOO_TNX,3.819999933242798,yahoo_query_or_equivalent_authorized_market_data_source,2026-06-25T04:29:13.400222Z
2024-08-15,US_10Y_YAHOO_TNX,3.9260001182556152,yahoo_query_or_equivalent_authorized_market_data_source,2026-06-25T04:29:13.400222Z
2024-08-16,US_10Y_YAHOO_TNX,3.8919999599456787,yahoo_query_or_equivalent_authorized_market_data_source,2026-06-25T04:29:13.400222Z
2024-08-19,US_10Y_YAHOO_TNX,3.867000102996826,yahoo_query_or_equivalent_authorized_market_data_source,2026-06-25T04:29:13.400222Z
2024-08-20,US_10Y_YAHOO_TNX,3.818000078201294,yahoo_query_or_equivalent_authorized_market_data_source,2026-06-25T04:29:13.400222Z
2024-08-21,US_10Y_YAHOO_TNX,3.7780001163482666,yahoo_query_or_equivalent_authorized_market_data_source,2026-06-25T04:29:13.400222Z
2024-08-22,US_10Y_YAHOO_TNX,3.861999988555908,yahoo_query_or_equivalent_authorized_market_data_source,2026-06-25T04:29:13.400222Z
2024-08-23,US_10Y_YAHOO_TNX,3.806999921798706,yahoo_query_or_equivalent_authorized_market_data_source,2026-06-25T04:29:13.400222Z
2024-08-26,US_10Y_YAHOO_TNX,3.818000078201294,yahoo_query_or_equivalent_authorized_market_data_source,2026-06-25T04:29:13.400222Z
2024-08-27,US_10Y_YAHOO_TNX,3.8329999446868896,yahoo_query_or_equivalent_authorized_market_data_source,2026-06-25T04:29:13.400222Z
2024-08-28,US_10Y_YAHOO_TNX,3.8410000801086426,yahoo_query_or_equivalent_authorized_market_data_source,2026-06-25T04:29:13.400222Z
2024-08-29,US_10Y_YAHOO_TNX,3.867000102996826,yahoo_query_or_equivalent_authorized_market_data_source,2026-06-25T04:29:13.400222Z
2024-08-30,US_10Y_YAHOO_TNX,3.9110000133514404,yahoo_query_or_equivalent_authorized_market_data_source,2026-06-25T04:29:13.400222Z
2024-09-03,US_10Y_YAHOO_TNX,3.8440001010894775,yahoo_query_or_equivalent_authorized_market_data_source,2026-06-25T04:29:13.400222Z
2024-09-04,US_10Y_YAHOO_TNX,3.7679998874664307,yahoo_query_or_equivalent_authorized_market_data_source,2026-06-25T04:29:13.400222Z
2024-09-05,US_10Y_YAHOO_TNX,3.7309999465942383,yahoo_query_or_equivalent_authorized_market_data_source,2026-06-25T04:29:13.400222Z
2024-09-06,US_10Y_YAHOO_TNX,3.7100000381469727,yahoo_query_or_equivalent_authorized_market_data_source,2026-06-25T04:29:13.400222Z
2024-09-09,US_10Y_YAHOO_TNX,3.697000026702881,yahoo_query_or_equivalent_authorized_market_data_source,2026-06-25T04:29:13.400222Z
2024-09-10,US_10Y_YAHOO_TNX,3.6459999084472656,yahoo_query_or_equivalent_authorized_market_data_source,2026-06-25T04:29:13.400222Z
2024-09-11,US_10Y_YAHOO_TNX,3.6530001163482666,yahoo_query_or_equivalent_authorized_market_data_source,2026-06-25T04:29:13.400222Z
2024-09-12,US_10Y_YAHOO_TNX,3.680000066757202,yahoo_query_or_equivalent_authorized_market_data_source,2026-06-25T04:29:13.400222Z
2024-09-13,US_10Y_YAHOO_TNX,3.6500000953674316,yahoo_query_or_equivalent_authorized_market_data_source,2026-06-25T04:29:13.400222Z
2024-09-16,US_10Y_YAHOO_TNX,3.621000051498413,yahoo_query_or_equivalent_authorized_market_data_source,2026-06-25T04:29:13.400222Z
2024-09-17,US_10Y_YAHOO_TNX,3.6419999599456787,yahoo_query_or_equivalent_authorized_market_data_source,2026-06-25T04:29:13.400222Z
2024-09-18,US_10Y_YAHOO_TNX,3.684999942779541,yahoo_query_or_equivalent_authorized_market_data_source,2026-06-25T04:29:13.400222Z
2024-09-19,US_10Y_YAHOO_TNX,3.740000009536743,yahoo_query_or_equivalent_authorized_market_data_source,2026-06-25T04:29:13.400222Z
2024-09-20,US_10Y_YAHOO_TNX,3.7279999256134033,yahoo_query_or_equivalent_authorized_market_data_source,2026-06-25T04:29:13.400222Z
2024-09-23,US_10Y_YAHOO_TNX,3.739000082015991,yahoo_query_or_equivalent_authorized_market_data_source,2026-06-25T04:29:13.400222Z
2024-09-24,US_10Y_YAHOO_TNX,3.7360000610351562,yahoo_query_or_equivalent_authorized_market_data_source,2026-06-25T04:29:13.400222Z
2024-09-25,US_10Y_YAHOO_TNX,3.7809998989105225,yahoo_query_or_equivalent_authorized_market_data_source,2026-06-25T04:29:13.400222Z
2024-09-26,US_10Y_YAHOO_TNX,3.7909998893737793,yahoo_query_or_equivalent_authorized_market_data_source,2026-06-25T04:29:13.400222Z
2024-09-27,US_10Y_YAHOO_TNX,3.749000072479248,yahoo_query_or_equivalent_authorized_market_data_source,2026-06-25T04:29:13.400222Z
2024-09-30,US_10Y_YAHOO_TNX,3.802000045776367,yahoo_query_or_equivalent_authorized_market_data_source,2026-06-25T04:29:13.400222Z
2024-10-01,US_10Y_YAHOO_TNX,3.743000030517578,yahoo_query_or_equivalent_authorized_market_data_source,2026-06-25T04:29:13.400222Z
2024-10-02,US_10Y_YAHOO_TNX,3.7850000858306885,yahoo_query_or_equivalent_authorized_market_data_source,2026-06-25T04:29:13.400222Z
2024-10-03,US_10Y_YAHOO_TNX,3.8499999046325684,yahoo_query_or_equivalent_authorized_market_data_source,2026-06-25T04:29:13.400222Z
2024-10-04,US_10Y_YAHOO_TNX,3.9809999465942383,yahoo_query_or_equivalent_authorized_market_data_source,2026-06-25T04:29:13.400222Z
2024-10-07,US_10Y_YAHOO_TNX,4.026000022888184,yahoo_query_or_equivalent_authorized_market_data_source,2026-06-25T04:29:13.400222Z
2024-10-08,US_10Y_YAHOO_TNX,4.0329999923706055,yahoo_query_or_equivalent_authorized_market_data_source,2026-06-25T04:29:13.400222Z
2024-10-09,US_10Y_YAHOO_TNX,4.066999912261963,yahoo_query_or_equivalent_authorized_market_data_source,2026-06-25T04:29:13.400222Z
2024-10-10,US_10Y_YAHOO_TNX,4.0960001945495605,yahoo_query_or_equivalent_authorized_market_data_source,2026-06-25T04:29:13.400222Z
2024-10-11,US_10Y_YAHOO_TNX,4.072999954223633,yahoo_query_or_equivalent_authorized_market_data_source,2026-06-25T04:29:13.400222Z
2024-10-14,US_10Y_YAHOO_TNX,4.0980000495910645,yahoo_query_or_equivalent_authorized_market_data_source,2026-06-25T04:29:13.400222Z
2024-10-15,US_10Y_YAHOO_TNX,4.038000106811523,yahoo_query_or_equivalent_authorized_market_data_source,2026-06-25T04:29:13.400222Z
2024-10-16,US_10Y_YAHOO_TNX,4.015999794006348,yahoo_query_or_equivalent_authorized_market_data_source,2026-06-25T04:29:13.400222Z
2024-10-17,US_10Y_YAHOO_TNX,4.0960001945495605,yahoo_query_or_equivalent_authorized_market_data_source,2026-06-25T04:29:13.400222Z
2024-10-18,US_10Y_YAHOO_TNX,4.072999954223633,yahoo_query_or_equivalent_authorized_market_data_source,2026-06-25T04:29:13.400222Z
2024-10-21,US_10Y_YAHOO_TNX,4.182000160217285,yahoo_query_or_equivalent_authorized_market_data_source,2026-06-25T04:29:13.400222Z
2024-10-22,US_10Y_YAHOO_TNX,4.203999996185303,yahoo_query_or_equivalent_authorized_market_data_source,2026-06-25T04:29:13.400222Z
2024-10-23,US_10Y_YAHOO_TNX,4.242000102996826,yahoo_query_or_equivalent_authorized_market_data_source,2026-06-25T04:29:13.400222Z
2024-10-24,US_10Y_YAHOO_TNX,4.199999809265137,yahoo_query_or_equivalent_authorized_market_data_source,2026-06-25T04:29:13.400222Z
2024-10-25,US_10Y_YAHOO_TNX,4.23199987411499,yahoo_query_or_equivalent_authorized_market_data_source,2026-06-25T04:29:13.400222Z
2024-10-28,US_10Y_YAHOO_TNX,4.2779998779296875,yahoo_query_or_equivalent_authorized_market_data_source,2026-06-25T04:29:13.400222Z
2024-10-29,US_10Y_YAHOO_TNX,4.27400016784668,yahoo_query_or_equivalent_authorized_market_data_source,2026-06-25T04:29:13.400222Z
2024-10-30,US_10Y_YAHOO_TNX,4.265999794006348,yahoo_query_or_equivalent_authorized_market_data_source,2026-06-25T04:29:13.400222Z
2024-10-31,US_10Y_YAHOO_TNX,4.283999919891357,yahoo_query_or_equivalent_authorized_market_data_source,2026-06-25T04:29:13.400222Z
2024-11-01,US_10Y_YAHOO_TNX,4.361000061035156,yahoo_query_or_equivalent_authorized_market_data_source,2026-06-25T04:29:13.400222Z
2024-11-04,US_10Y_YAHOO_TNX,4.309000015258789,yahoo_query_or_equivalent_authorized_market_data_source,2026-06-25T04:29:13.400222Z
2024-11-05,US_10Y_YAHOO_TNX,4.289000034332275,yahoo_query_or_equivalent_authorized_market_data_source,2026-06-25T04:29:13.400222Z
2024-11-06,US_10Y_YAHOO_TNX,4.426000118255615,yahoo_query_or_equivalent_authorized_market_data_source,2026-06-25T04:29:13.400222Z
2024-11-07,US_10Y_YAHOO_TNX,4.341000080108643,yahoo_query_or_equivalent_authorized_market_data_source,2026-06-25T04:29:13.400222Z
2024-11-08,US_10Y_YAHOO_TNX,4.306000232696533,yahoo_query_or_equivalent_authorized_market_data_source,2026-06-25T04:29:13.400222Z
2024-11-11,US_10Y_YAHOO_TNX,4.308000087738037,yahoo_query_or_equivalent_authorized_market_data_source,2026-06-25T04:29:13.400222Z
2024-11-12,US_10Y_YAHOO_TNX,4.432000160217285,yahoo_query_or_equivalent_authorized_market_data_source,2026-06-25T04:29:13.400222Z
2024-11-13,US_10Y_YAHOO_TNX,4.451000213623047,yahoo_query_or_equivalent_authorized_market_data_source,2026-06-25T04:29:13.400222Z
2024-11-14,US_10Y_YAHOO_TNX,4.418000221252441,yahoo_query_or_equivalent_authorized_market_data_source,2026-06-25T04:29:13.400222Z
2024-11-15,US_10Y_YAHOO_TNX,4.427999973297119,yahoo_query_or_equivalent_authorized_market_data_source,2026-06-25T04:29:13.400222Z
2024-11-18,US_10Y_YAHOO_TNX,4.414000034332275,yahoo_query_or_equivalent_authorized_market_data_source,2026-06-25T04:29:13.400222Z
2024-11-19,US_10Y_YAHOO_TNX,4.379000186920166,yahoo_query_or_equivalent_authorized_market_data_source,2026-06-25T04:29:13.400222Z
2024-11-20,US_10Y_YAHOO_TNX,4.406000137329102,yahoo_query_or_equivalent_authorized_market_data_source,2026-06-25T04:29:13.400222Z
2024-11-21,US_10Y_YAHOO_TNX,4.432000160217285,yahoo_query_or_equivalent_authorized_market_data_source,2026-06-25T04:29:13.400222Z
2024-11-22,US_10Y_YAHOO_TNX,4.409999847412109,yahoo_query_or_equivalent_authorized_market_data_source,2026-06-25T04:29:13.400222Z
2024-11-25,US_10Y_YAHOO_TNX,4.264999866485596,yahoo_query_or_equivalent_authorized_market_data_source,2026-06-25T04:29:13.400222Z
2024-11-26,US_10Y_YAHOO_TNX,4.302000045776367,yahoo_query_or_equivalent_authorized_market_data_source,2026-06-25T04:29:13.400222Z
2024-11-27,US_10Y_YAHOO_TNX,4.242000102996826,yahoo_query_or_equivalent_authorized_market_data_source,2026-06-25T04:29:13.400222Z
2024-11-29,US_10Y_YAHOO_TNX,4.177999973297119,yahoo_query_or_equivalent_authorized_market_data_source,2026-06-25T04:29:13.400222Z
2024-12-02,US_10Y_YAHOO_TNX,4.196000099182129,yahoo_query_or_equivalent_authorized_market_data_source,2026-06-25T04:29:13.400222Z
2024-12-03,US_10Y_YAHOO_TNX,4.2230000495910645,yahoo_query_or_equivalent_authorized_market_data_source,2026-06-25T04:29:13.400222Z
2024-12-04,US_10Y_YAHOO_TNX,4.179999828338623,yahoo_query_or_equivalent_authorized_market_data_source,2026-06-25T04:29:13.400222Z
2024-12-05,US_10Y_YAHOO_TNX,4.179999828338623,yahoo_query_or_equivalent_authorized_market_data_source,2026-06-25T04:29:13.400222Z
2024-12-06,US_10Y_YAHOO_TNX,4.151000022888184,yahoo_query_or_equivalent_authorized_market_data_source,2026-06-25T04:29:13.400222Z
2024-12-09,US_10Y_YAHOO_TNX,4.198999881744385,yahoo_query_or_equivalent_authorized_market_data_source,2026-06-25T04:29:13.400222Z
2024-12-10,US_10Y_YAHOO_TNX,4.2210001945495605,yahoo_query_or_equivalent_authorized_market_data_source,2026-06-25T04:29:13.400222Z
2024-12-11,US_10Y_YAHOO_TNX,4.270999908447266,yahoo_query_or_equivalent_authorized_market_data_source,2026-06-25T04:29:13.400222Z
2024-12-12,US_10Y_YAHOO_TNX,4.323999881744385,yahoo_query_or_equivalent_authorized_market_data_source,2026-06-25T04:29:13.400222Z
2024-12-13,US_10Y_YAHOO_TNX,4.39900016784668,yahoo_query_or_equivalent_authorized_market_data_source,2026-06-25T04:29:13.400222Z
2024-12-16,US_10Y_YAHOO_TNX,4.396999835968018,yahoo_query_or_equivalent_authorized_market_data_source,2026-06-25T04:29:13.400222Z
2024-12-17,US_10Y_YAHOO_TNX,4.385000228881836,yahoo_query_or_equivalent_authorized_market_data_source,2026-06-25T04:29:13.400222Z
2024-12-18,US_10Y_YAHOO_TNX,4.49399995803833,yahoo_query_or_equivalent_authorized_market_data_source,2026-06-25T04:29:13.400222Z
2024-12-19,US_10Y_YAHOO_TNX,4.570000171661377,yahoo_query_or_equivalent_authorized_market_data_source,2026-06-25T04:29:13.400222Z
2024-12-20,US_10Y_YAHOO_TNX,4.52400016784668,yahoo_query_or_equivalent_authorized_market_data_source,2026-06-25T04:29:13.400222Z
2024-12-23,US_10Y_YAHOO_TNX,4.598999977111816,yahoo_query_or_equivalent_authorized_market_data_source,2026-06-25T04:29:13.400222Z
2024-12-24,US_10Y_YAHOO_TNX,4.591000080108643,yahoo_query_or_equivalent_authorized_market_data_source,2026-06-25T04:29:13.400222Z
2024-12-26,US_10Y_YAHOO_TNX,4.578999996185303,yahoo_query_or_equivalent_authorized_market_data_source,2026-06-25T04:29:13.400222Z
2024-12-27,US_10Y_YAHOO_TNX,4.61899995803833,yahoo_query_or_equivalent_authorized_market_data_source,2026-06-25T04:29:13.400222Z
2024-12-30,US_10Y_YAHOO_TNX,4.545000076293945,yahoo_query_or_equivalent_authorized_market_data_source,2026-06-25T04:29:13.400222Z
2024-12-31,US_10Y_YAHOO_TNX,4.572999954223633,yahoo_query_or_equivalent_authorized_market_data_source,2026-06-25T04:29:13.400222Z
2025-01-02,US_10Y_YAHOO_TNX,4.574999809265137,yahoo_query_or_equivalent_authorized_market_data_source,2026-06-25T04:29:13.400222Z
2025-01-03,US_10Y_YAHOO_TNX,4.5960001945495605,yahoo_query_or_equivalent_authorized_market_data_source,2026-06-25T04:29:13.400222Z
2025-01-06,US_10Y_YAHOO_TNX,4.618000030517578,yahoo_query_or_equivalent_authorized_market_data_source,2026-06-25T04:29:13.400222Z
2025-01-07,US_10Y_YAHOO_TNX,4.683000087738037,yahoo_query_or_equivalent_authorized_market_data_source,2026-06-25T04:29:13.400222Z
2025-01-08,US_10Y_YAHOO_TNX,4.692999839782715,yahoo_query_or_equivalent_authorized_market_data_source,2026-06-25T04:29:13.400222Z
2025-01-10,US_10Y_YAHOO_TNX,4.776000022888184,yahoo_query_or_equivalent_authorized_market_data_source,2026-06-25T04:29:13.400222Z
2025-01-13,US_10Y_YAHOO_TNX,4.802999973297119,yahoo_query_or_equivalent_authorized_market_data_source,2026-06-25T04:29:13.400222Z
2025-01-14,US_10Y_YAHOO_TNX,4.788000106811523,yahoo_query_or_equivalent_authorized_market_data_source,2026-06-25T04:29:13.400222Z
2025-01-15,US_10Y_YAHOO_TNX,4.6529998779296875,yahoo_query_or_equivalent_authorized_market_data_source,2026-06-25T04:29:13.400222Z
2025-01-16,US_10Y_YAHOO_TNX,4.605999946594238,yahoo_query_or_equivalent_authorized_market_data_source,2026-06-25T04:29:13.400222Z
2025-01-17,US_10Y_YAHOO_TNX,4.609000205993652,yahoo_query_or_equivalent_authorized_market_data_source,2026-06-25T04:29:13.400222Z
2025-01-21,US_10Y_YAHOO_TNX,4.573999881744385,yahoo_query_or_equivalent_authorized_market_data_source,2026-06-25T04:29:13.400222Z
2025-01-22,US_10Y_YAHOO_TNX,4.598999977111816,yahoo_query_or_equivalent_authorized_market_data_source,2026-06-25T04:29:13.400222Z
2025-01-23,US_10Y_YAHOO_TNX,4.638000011444092,yahoo_query_or_equivalent_authorized_market_data_source,2026-06-25T04:29:13.400222Z
2025-01-24,US_10Y_YAHOO_TNX,4.625999927520752,yahoo_query_or_equivalent_authorized_market_data_source,2026-06-25T04:29:13.400222Z
2025-01-27,US_10Y_YAHOO_TNX,4.5279998779296875,yahoo_query_or_equivalent_authorized_market_data_source,2026-06-25T04:29:13.400222Z
2025-01-28,US_10Y_YAHOO_TNX,4.551000118255615,yahoo_query_or_equivalent_authorized_market_data_source,2026-06-25T04:29:13.400222Z
2025-01-29,US_10Y_YAHOO_TNX,4.554999828338623,yahoo_query_or_equivalent_authorized_market_data_source,2026-06-25T04:29:13.400222Z
2025-01-30,US_10Y_YAHOO_TNX,4.51200008392334,yahoo_query_or_equivalent_authorized_market_data_source,2026-06-25T04:29:13.400222Z
2025-01-31,US_10Y_YAHOO_TNX,4.568999767303467,yahoo_query_or_equivalent_authorized_market_data_source,2026-06-25T04:29:13.400222Z
2025-02-03,US_10Y_YAHOO_TNX,4.543000221252441,yahoo_query_or_equivalent_authorized_market_data_source,2026-06-25T04:29:13.400222Z
2025-02-04,US_10Y_YAHOO_TNX,4.513000011444092,yahoo_query_or_equivalent_authorized_market_data_source,2026-06-25T04:29:13.400222Z
2025-02-05,US_10Y_YAHOO_TNX,4.421999931335449,yahoo_query_or_equivalent_authorized_market_data_source,2026-06-25T04:29:13.400222Z
2025-02-06,US_10Y_YAHOO_TNX,4.440000057220459,yahoo_query_or_equivalent_authorized_market_data_source,2026-06-25T04:29:13.400222Z
2025-02-07,US_10Y_YAHOO_TNX,4.486999988555908,yahoo_query_or_equivalent_authorized_market_data_source,2026-06-25T04:29:13.400222Z
2025-02-10,US_10Y_YAHOO_TNX,4.493000030517578,yahoo_query_or_equivalent_authorized_market_data_source,2026-06-25T04:29:13.400222Z
2025-02-11,US_10Y_YAHOO_TNX,4.5370001792907715,yahoo_query_or_equivalent_authorized_market_data_source,2026-06-25T04:29:13.400222Z
2025-02-12,US_10Y_YAHOO_TNX,4.63700008392334,yahoo_query_or_equivalent_authorized_market_data_source,2026-06-25T04:29:13.400222Z
2025-02-13,US_10Y_YAHOO_TNX,4.525000095367432,yahoo_query_or_equivalent_authorized_market_data_source,2026-06-25T04:29:13.400222Z
2025-02-14,US_10Y_YAHOO_TNX,4.4720001220703125,yahoo_query_or_equivalent_authorized_market_data_source,2026-06-25T04:29:13.400222Z
2025-02-18,US_10Y_YAHOO_TNX,4.544000148773193,yahoo_query_or_equivalent_authorized_market_data_source,2026-06-25T04:29:13.400222Z
2025-02-19,US_10Y_YAHOO_TNX,4.534999847412109,yahoo_query_or_equivalent_authorized_market_data_source,2026-06-25T04:29:13.400222Z
2025-02-20,US_10Y_YAHOO_TNX,4.5,yahoo_query_or_equivalent_authorized_market_data_source,2026-06-25T04:29:13.400222Z
2025-02-21,US_10Y_YAHOO_TNX,4.420000076293945,yahoo_query_or_equivalent_authorized_market_data_source,2026-06-25T04:29:13.400222Z
2025-02-24,US_10Y_YAHOO_TNX,4.39300012588501,yahoo_query_or_equivalent_authorized_market_data_source,2026-06-25T04:29:13.400222Z
2025-02-25,US_10Y_YAHOO_TNX,4.297999858856201,yahoo_query_or_equivalent_authorized_market_data_source,2026-06-25T04:29:13.400222Z
2025-02-26,US_10Y_YAHOO_TNX,4.249000072479248,yahoo_query_or_equivalent_authorized_market_data_source,2026-06-25T04:29:13.400222Z
2025-02-27,US_10Y_YAHOO_TNX,4.284999847412109,yahoo_query_or_equivalent_authorized_market_data_source,2026-06-25T04:29:13.400222Z
2025-02-28,US_10Y_YAHOO_TNX,4.230999946594238,yahoo_query_or_equivalent_authorized_market_data_source,2026-06-25T04:29:13.400222Z
2025-03-03,US_10Y_YAHOO_TNX,4.179999828338623,yahoo_query_or_equivalent_authorized_market_data_source,2026-06-25T04:29:13.400222Z
2025-03-04,US_10Y_YAHOO_TNX,4.210000038146973,yahoo_query_or_equivalent_authorized_market_data_source,2026-06-25T04:29:13.400222Z
2025-03-05,US_10Y_YAHOO_TNX,4.264999866485596,yahoo_query_or_equivalent_authorized_market_data_source,2026-06-25T04:29:13.400222Z
2025-03-06,US_10Y_YAHOO_TNX,4.285999774932861,yahoo_query_or_equivalent_authorized_market_data_source,2026-06-25T04:29:13.400222Z
2025-03-07,US_10Y_YAHOO_TNX,4.316999912261963,yahoo_query_or_equivalent_authorized_market_data_source,2026-06-25T04:29:13.400222Z
2025-03-10,US_10Y_YAHOO_TNX,4.2129998207092285,yahoo_query_or_equivalent_authorized_market_data_source,2026-06-25T04:29:13.400222Z
2025-03-11,US_10Y_YAHOO_TNX,4.288000106811523,yahoo_query_or_equivalent_authorized_market_data_source,2026-06-25T04:29:13.400222Z
2025-03-12,US_10Y_YAHOO_TNX,4.317999839782715,yahoo_query_or_equivalent_authorized_market_data_source,2026-06-25T04:29:13.400222Z
2025-03-13,US_10Y_YAHOO_TNX,4.27400016784668,yahoo_query_or_equivalent_authorized_market_data_source,2026-06-25T04:29:13.400222Z
2025-03-14,US_10Y_YAHOO_TNX,4.308000087738037,yahoo_query_or_equivalent_authorized_market_data_source,2026-06-25T04:29:13.400222Z
2025-03-17,US_10Y_YAHOO_TNX,4.306000232696533,yahoo_query_or_equivalent_authorized_market_data_source,2026-06-25T04:29:13.400222Z
2025-03-18,US_10Y_YAHOO_TNX,4.281000137329102,yahoo_query_or_equivalent_authorized_market_data_source,2026-06-25T04:29:13.400222Z
2025-03-19,US_10Y_YAHOO_TNX,4.25600004196167,yahoo_query_or_equivalent_authorized_market_data_source,2026-06-25T04:29:13.400222Z
2025-03-20,US_10Y_YAHOO_TNX,4.232999801635742,yahoo_query_or_equivalent_authorized_market_data_source,2026-06-25T04:29:13.400222Z
2025-03-21,US_10Y_YAHOO_TNX,4.251999855041504,yahoo_query_or_equivalent_authorized_market_data_source,2026-06-25T04:29:13.400222Z
2025-03-24,US_10Y_YAHOO_TNX,4.330999851226807,yahoo_query_or_equivalent_authorized_market_data_source,2026-06-25T04:29:13.400222Z
2025-03-25,US_10Y_YAHOO_TNX,4.307000160217285,yahoo_query_or_equivalent_authorized_market_data_source,2026-06-25T04:29:13.400222Z
2025-03-26,US_10Y_YAHOO_TNX,4.3379998207092285,yahoo_query_or_equivalent_authorized_market_data_source,2026-06-25T04:29:13.400222Z
2025-03-27,US_10Y_YAHOO_TNX,4.36899995803833,yahoo_query_or_equivalent_authorized_market_data_source,2026-06-25T04:29:13.400222Z
2025-03-28,US_10Y_YAHOO_TNX,4.255000114440918,yahoo_query_or_equivalent_authorized_market_data_source,2026-06-25T04:29:13.400222Z
2025-03-31,US_10Y_YAHOO_TNX,4.245999813079834,yahoo_query_or_equivalent_authorized_market_data_source,2026-06-25T04:29:13.400222Z
2025-04-01,US_10Y_YAHOO_TNX,4.156000137329102,yahoo_query_or_equivalent_authorized_market_data_source,2026-06-25T04:29:13.400222Z
2025-04-02,US_10Y_YAHOO_TNX,4.196000099182129,yahoo_query_or_equivalent_authorized_market_data_source,2026-06-25T04:29:13.400222Z
2025-04-03,US_10Y_YAHOO_TNX,4.054999828338623,yahoo_query_or_equivalent_authorized_market_data_source,2026-06-25T04:29:13.400222Z
2025-04-04,US_10Y_YAHOO_TNX,3.984999895095825,yahoo_query_or_equivalent_authorized_market_data_source,2026-06-25T04:29:13.400222Z
2025-04-07,US_10Y_YAHOO_TNX,4.15500020980835,yahoo_query_or_equivalent_authorized_market_data_source,2026-06-25T04:29:13.400222Z
2025-04-08,US_10Y_YAHOO_TNX,4.26200008392334,yahoo_query_or_equivalent_authorized_market_data_source,2026-06-25T04:29:13.400222Z
2025-04-09,US_10Y_YAHOO_TNX,4.400000095367432,yahoo_query_or_equivalent_authorized_market_data_source,2026-06-25T04:29:13.400222Z
2025-04-10,US_10Y_YAHOO_TNX,4.394000053405762,yahoo_query_or_equivalent_authorized_market_data_source,2026-06-25T04:29:13.400222Z
2025-04-11,US_10Y_YAHOO_TNX,4.493000030517578,yahoo_query_or_equivalent_authorized_market_data_source,2026-06-25T04:29:13.400222Z
2025-04-14,US_10Y_YAHOO_TNX,4.363999843597412,yahoo_query_or_equivalent_authorized_market_data_source,2026-06-25T04:29:13.400222Z
2025-04-15,US_10Y_YAHOO_TNX,4.322999954223633,yahoo_query_or_equivalent_authorized_market_data_source,2026-06-25T04:29:13.400222Z
2025-04-16,US_10Y_YAHOO_TNX,4.2789998054504395,yahoo_query_or_equivalent_authorized_market_data_source,2026-06-25T04:29:13.400222Z
2025-04-17,US_10Y_YAHOO_TNX,4.333000183105469,yahoo_query_or_equivalent_authorized_market_data_source,2026-06-25T04:29:13.400222Z
2025-04-21,US_10Y_YAHOO_TNX,4.40500020980835,yahoo_query_or_equivalent_authorized_market_data_source,2026-06-25T04:29:13.400222Z
2025-04-22,US_10Y_YAHOO_TNX,4.388999938964844,yahoo_query_or_equivalent_authorized_market_data_source,2026-06-25T04:29:13.400222Z
2025-04-23,US_10Y_YAHOO_TNX,4.38700008392334,yahoo_query_or_equivalent_authorized_market_data_source,2026-06-25T04:29:13.400222Z
2025-04-24,US_10Y_YAHOO_TNX,4.304999828338623,yahoo_query_or_equivalent_authorized_market_data_source,2026-06-25T04:29:13.400222Z
2025-04-25,US_10Y_YAHOO_TNX,4.265999794006348,yahoo_query_or_equivalent_authorized_market_data_source,2026-06-25T04:29:13.400222Z
2025-04-28,US_10Y_YAHOO_TNX,4.216000080108643,yahoo_query_or_equivalent_authorized_market_data_source,2026-06-25T04:29:13.400222Z
2025-04-29,US_10Y_YAHOO_TNX,4.172999858856201,yahoo_query_or_equivalent_authorized_market_data_source,2026-06-25T04:29:13.400222Z
2025-04-30,US_10Y_YAHOO_TNX,4.177000045776367,yahoo_query_or_equivalent_authorized_market_data_source,2026-06-25T04:29:13.400222Z
2025-05-01,US_10Y_YAHOO_TNX,4.230999946594238,yahoo_query_or_equivalent_authorized_market_data_source,2026-06-25T04:29:13.400222Z
2025-05-02,US_10Y_YAHOO_TNX,4.322000026702881,yahoo_query_or_equivalent_authorized_market_data_source,2026-06-25T04:29:13.400222Z
2025-05-05,US_10Y_YAHOO_TNX,4.3429999351501465,yahoo_query_or_equivalent_authorized_market_data_source,2026-06-25T04:29:13.400222Z
2025-05-06,US_10Y_YAHOO_TNX,4.308000087738037,yahoo_query_or_equivalent_authorized_market_data_source,2026-06-25T04:29:13.400222Z
2025-05-07,US_10Y_YAHOO_TNX,4.275000095367432,yahoo_query_or_equivalent_authorized_market_data_source,2026-06-25T04:29:13.400222Z
2025-05-08,US_10Y_YAHOO_TNX,4.373000144958496,yahoo_query_or_equivalent_authorized_market_data_source,2026-06-25T04:29:13.400222Z
2025-05-09,US_10Y_YAHOO_TNX,4.375,yahoo_query_or_equivalent_authorized_market_data_source,2026-06-25T04:29:13.400222Z
2025-05-12,US_10Y_YAHOO_TNX,4.456999778747559,yahoo_query_or_equivalent_authorized_market_data_source,2026-06-25T04:29:13.400222Z
2025-05-13,US_10Y_YAHOO_TNX,4.499000072479248,yahoo_query_or_equivalent_authorized_market_data_source,2026-06-25T04:29:13.400222Z
2025-05-14,US_10Y_YAHOO_TNX,4.5279998779296875,yahoo_query_or_equivalent_authorized_market_data_source,2026-06-25T04:29:13.400222Z
2025-05-15,US_10Y_YAHOO_TNX,4.454999923706055,yahoo_query_or_equivalent_authorized_market_data_source,2026-06-25T04:29:13.400222Z
2025-05-16,US_10Y_YAHOO_TNX,4.440999984741211,yahoo_query_or_equivalent_authorized_market_data_source,2026-06-25T04:29:13.400222Z
2025-05-19,US_10Y_YAHOO_TNX,4.474999904632568,yahoo_query_or_equivalent_authorized_market_data_source,2026-06-25T04:29:13.400222Z
2025-05-20,US_10Y_YAHOO_TNX,4.480999946594238,yahoo_query_or_equivalent_authorized_market_data_source,2026-06-25T04:29:13.400222Z
2025-05-21,US_10Y_YAHOO_TNX,4.5960001945495605,yahoo_query_or_equivalent_authorized_market_data_source,2026-06-25T04:29:13.400222Z
2025-05-22,US_10Y_YAHOO_TNX,4.552999973297119,yahoo_query_or_equivalent_authorized_market_data_source,2026-06-25T04:29:13.400222Z
2025-05-23,US_10Y_YAHOO_TNX,4.508999824523926,yahoo_query_or_equivalent_authorized_market_data_source,2026-06-25T04:29:13.400222Z
2025-05-27,US_10Y_YAHOO_TNX,4.434000015258789,yahoo_query_or_equivalent_authorized_market_data_source,2026-06-25T04:29:13.400222Z
2025-05-28,US_10Y_YAHOO_TNX,4.4770002365112305,yahoo_query_or_equivalent_authorized_market_data_source,2026-06-25T04:29:13.400222Z
2025-05-29,US_10Y_YAHOO_TNX,4.423999786376953,yahoo_query_or_equivalent_authorized_market_data_source,2026-06-25T04:29:13.400222Z
2025-05-30,US_10Y_YAHOO_TNX,4.415999889373779,yahoo_query_or_equivalent_authorized_market_data_source,2026-06-25T04:29:13.400222Z
2025-06-02,US_10Y_YAHOO_TNX,4.461999893188477,yahoo_query_or_equivalent_authorized_market_data_source,2026-06-25T04:29:13.400222Z
2025-06-03,US_10Y_YAHOO_TNX,4.460000038146973,yahoo_query_or_equivalent_authorized_market_data_source,2026-06-25T04:29:13.400222Z
2025-06-04,US_10Y_YAHOO_TNX,4.364999771118164,yahoo_query_or_equivalent_authorized_market_data_source,2026-06-25T04:29:13.400222Z
2025-06-05,US_10Y_YAHOO_TNX,4.394000053405762,yahoo_query_or_equivalent_authorized_market_data_source,2026-06-25T04:29:13.400222Z
2025-06-06,US_10Y_YAHOO_TNX,4.510000228881836,yahoo_query_or_equivalent_authorized_market_data_source,2026-06-25T04:29:13.400222Z
2025-06-09,US_10Y_YAHOO_TNX,4.48199987411499,yahoo_query_or_equivalent_authorized_market_data_source,2026-06-25T04:29:13.400222Z
2025-06-10,US_10Y_YAHOO_TNX,4.473999977111816,yahoo_query_or_equivalent_authorized_market_data_source,2026-06-25T04:29:13.400222Z
2025-06-11,US_10Y_YAHOO_TNX,4.4120001792907715,yahoo_query_or_equivalent_authorized_market_data_source,2026-06-25T04:29:13.400222Z
2025-06-12,US_10Y_YAHOO_TNX,4.35699987411499,yahoo_query_or_equivalent_authorized_market_data_source,2026-06-25T04:29:13.400222Z
2025-06-13,US_10Y_YAHOO_TNX,4.423999786376953,yahoo_query_or_equivalent_authorized_market_data_source,2026-06-25T04:29:13.400222Z
2025-06-16,US_10Y_YAHOO_TNX,4.452000141143799,yahoo_query_or_equivalent_authorized_market_data_source,2026-06-25T04:29:13.400222Z
2025-06-17,US_10Y_YAHOO_TNX,4.39300012588501,yahoo_query_or_equivalent_authorized_market_data_source,2026-06-25T04:29:13.400222Z
2025-06-18,US_10Y_YAHOO_TNX,4.396999835968018,yahoo_query_or_equivalent_authorized_market_data_source,2026-06-25T04:29:13.400222Z
2025-06-20,US_10Y_YAHOO_TNX,4.375,yahoo_query_or_equivalent_authorized_market_data_source,2026-06-25T04:29:13.400222Z
2025-06-23,US_10Y_YAHOO_TNX,4.320000171661377,yahoo_query_or_equivalent_authorized_market_data_source,2026-06-25T04:29:13.400222Z
2025-06-24,US_10Y_YAHOO_TNX,4.293000221252441,yahoo_query_or_equivalent_authorized_market_data_source,2026-06-25T04:29:13.400222Z
2025-06-25,US_10Y_YAHOO_TNX,4.293000221252441,yahoo_query_or_equivalent_authorized_market_data_source,2026-06-25T04:29:13.400222Z
2025-06-26,US_10Y_YAHOO_TNX,4.252999782562256,yahoo_query_or_equivalent_authorized_market_data_source,2026-06-25T04:29:13.400222Z
2025-06-27,US_10Y_YAHOO_TNX,4.2829999923706055,yahoo_query_or_equivalent_authorized_market_data_source,2026-06-25T04:29:13.400222Z
2025-06-30,US_10Y_YAHOO_TNX,4.230000019073486,yahoo_query_or_equivalent_authorized_market_data_source,2026-06-25T04:29:13.400222Z
2025-07-01,US_10Y_YAHOO_TNX,4.250999927520752,yahoo_query_or_equivalent_authorized_market_data_source,2026-06-25T04:29:13.400222Z
2025-07-02,US_10Y_YAHOO_TNX,4.293000221252441,yahoo_query_or_equivalent_authorized_market_data_source,2026-06-25T04:29:13.400222Z
2025-07-03,US_10Y_YAHOO_TNX,4.3480000495910645,yahoo_query_or_equivalent_authorized_market_data_source,2026-06-25T04:29:13.400222Z
2025-07-07,US_10Y_YAHOO_TNX,4.394999980926514,yahoo_query_or_equivalent_authorized_market_data_source,2026-06-25T04:29:13.400222Z
2025-07-08,US_10Y_YAHOO_TNX,4.414999961853027,yahoo_query_or_equivalent_authorized_market_data_source,2026-06-25T04:29:13.400222Z
2025-07-09,US_10Y_YAHOO_TNX,4.3420000076293945,yahoo_query_or_equivalent_authorized_market_data_source,2026-06-25T04:29:13.400222Z
2025-07-10,US_10Y_YAHOO_TNX,4.3460001945495605,yahoo_query_or_equivalent_authorized_market_data_source,2026-06-25T04:29:13.400222Z
2025-07-11,US_10Y_YAHOO_TNX,4.422999858856201,yahoo_query_or_equivalent_authorized_market_data_source,2026-06-25T04:29:13.400222Z
2025-07-14,US_10Y_YAHOO_TNX,4.427000045776367,yahoo_query_or_equivalent_authorized_market_data_source,2026-06-25T04:29:13.400222Z
2025-07-15,US_10Y_YAHOO_TNX,4.488999843597412,yahoo_query_or_equivalent_authorized_market_data_source,2026-06-25T04:29:13.400222Z
2025-07-16,US_10Y_YAHOO_TNX,4.454999923706055,yahoo_query_or_equivalent_authorized_market_data_source,2026-06-25T04:29:13.400222Z
2025-07-17,US_10Y_YAHOO_TNX,4.4629998207092285,yahoo_query_or_equivalent_authorized_market_data_source,2026-06-25T04:29:13.400222Z
2025-07-18,US_10Y_YAHOO_TNX,4.432000160217285,yahoo_query_or_equivalent_authorized_market_data_source,2026-06-25T04:29:13.400222Z
2025-07-21,US_10Y_YAHOO_TNX,4.372000217437744,yahoo_query_or_equivalent_authorized_market_data_source,2026-06-25T04:29:13.400222Z
2025-07-22,US_10Y_YAHOO_TNX,4.335999965667725,yahoo_query_or_equivalent_authorized_market_data_source,2026-06-25T04:29:13.400222Z
2025-07-23,US_10Y_YAHOO_TNX,4.388000011444092,yahoo_query_or_equivalent_authorized_market_data_source,2026-06-25T04:29:13.400222Z
2025-07-24,US_10Y_YAHOO_TNX,4.4079999923706055,yahoo_query_or_equivalent_authorized_market_data_source,2026-06-25T04:29:13.400222Z
2025-07-25,US_10Y_YAHOO_TNX,4.386000156402588,yahoo_query_or_equivalent_authorized_market_data_source,2026-06-25T04:29:13.400222Z
2025-07-28,US_10Y_YAHOO_TNX,4.420000076293945,yahoo_query_or_equivalent_authorized_market_data_source,2026-06-25T04:29:13.400222Z
2025-07-29,US_10Y_YAHOO_TNX,4.329999923706055,yahoo_query_or_equivalent_authorized_market_data_source,2026-06-25T04:29:13.400222Z
2025-07-30,US_10Y_YAHOO_TNX,4.375999927520752,yahoo_query_or_equivalent_authorized_market_data_source,2026-06-25T04:29:13.400222Z
2025-07-31,US_10Y_YAHOO_TNX,4.360000133514404,yahoo_query_or_equivalent_authorized_market_data_source,2026-06-25T04:29:13.400222Z
2025-08-01,US_10Y_YAHOO_TNX,4.21999979019165,yahoo_query_or_equivalent_authorized_market_data_source,2026-06-25T04:29:13.400222Z
2025-08-04,US_10Y_YAHOO_TNX,4.199999809265137,yahoo_query_or_equivalent_authorized_market_data_source,2026-06-25T04:29:13.400222Z
2025-08-05,US_10Y_YAHOO_TNX,4.196000099182129,yahoo_query_or_equivalent_authorized_market_data_source,2026-06-25T04:29:13.400222Z
2025-08-06,US_10Y_YAHOO_TNX,4.21999979019165,yahoo_query_or_equivalent_authorized_market_data_source,2026-06-25T04:29:13.400222Z
2025-08-07,US_10Y_YAHOO_TNX,4.24399995803833,yahoo_query_or_equivalent_authorized_market_data_source,2026-06-25T04:29:13.400222Z
2025-08-08,US_10Y_YAHOO_TNX,4.284999847412109,yahoo_query_or_equivalent_authorized_market_data_source,2026-06-25T04:29:13.400222Z
2025-08-11,US_10Y_YAHOO_TNX,4.2729997634887695,yahoo_query_or_equivalent_authorized_market_data_source,2026-06-25T04:29:13.400222Z
2025-08-12,US_10Y_YAHOO_TNX,4.293000221252441,yahoo_query_or_equivalent_authorized_market_data_source,2026-06-25T04:29:13.400222Z
2025-08-13,US_10Y_YAHOO_TNX,4.23799991607666,yahoo_query_or_equivalent_authorized_market_data_source,2026-06-25T04:29:13.400222Z
2025-08-14,US_10Y_YAHOO_TNX,4.293000221252441,yahoo_query_or_equivalent_authorized_market_data_source,2026-06-25T04:29:13.400222Z
2025-08-15,US_10Y_YAHOO_TNX,4.328000068664551,yahoo_query_or_equivalent_authorized_market_data_source,2026-06-25T04:29:13.400222Z
2025-08-18,US_10Y_YAHOO_TNX,4.341000080108643,yahoo_query_or_equivalent_authorized_market_data_source,2026-06-25T04:29:13.400222Z
2025-08-19,US_10Y_YAHOO_TNX,4.302000045776367,yahoo_query_or_equivalent_authorized_market_data_source,2026-06-25T04:29:13.400222Z
2025-08-20,US_10Y_YAHOO_TNX,4.296000003814697,yahoo_query_or_equivalent_authorized_market_data_source,2026-06-25T04:29:13.400222Z
2025-08-21,US_10Y_YAHOO_TNX,4.329999923706055,yahoo_query_or_equivalent_authorized_market_data_source,2026-06-25T04:29:13.400222Z
2025-08-22,US_10Y_YAHOO_TNX,4.260000228881836,yahoo_query_or_equivalent_authorized_market_data_source,2026-06-25T04:29:13.400222Z
2025-08-25,US_10Y_YAHOO_TNX,4.275000095367432,yahoo_query_or_equivalent_authorized_market_data_source,2026-06-25T04:29:13.400222Z
2025-08-26,US_10Y_YAHOO_TNX,4.257999897003174,yahoo_query_or_equivalent_authorized_market_data_source,2026-06-25T04:29:13.400222Z
2025-08-27,US_10Y_YAHOO_TNX,4.23799991607666,yahoo_query_or_equivalent_authorized_market_data_source,2026-06-25T04:29:13.400222Z
2025-08-28,US_10Y_YAHOO_TNX,4.206999778747559,yahoo_query_or_equivalent_authorized_market_data_source,2026-06-25T04:29:13.400222Z
2025-08-29,US_10Y_YAHOO_TNX,4.2270002365112305,yahoo_query_or_equivalent_authorized_market_data_source,2026-06-25T04:29:13.400222Z
2025-09-02,US_10Y_YAHOO_TNX,4.2769999504089355,yahoo_query_or_equivalent_authorized_market_data_source,2026-06-25T04:29:13.400222Z
2025-09-03,US_10Y_YAHOO_TNX,4.210999965667725,yahoo_query_or_equivalent_authorized_market_data_source,2026-06-25T04:29:13.400222Z
2025-09-04,US_10Y_YAHOO_TNX,4.176000118255615,yahoo_query_or_equivalent_authorized_market_data_source,2026-06-25T04:29:13.400222Z
2025-09-05,US_10Y_YAHOO_TNX,4.085999965667725,yahoo_query_or_equivalent_authorized_market_data_source,2026-06-25T04:29:13.400222Z
2025-09-08,US_10Y_YAHOO_TNX,4.046000003814697,yahoo_query_or_equivalent_authorized_market_data_source,2026-06-25T04:29:13.400222Z
2025-09-09,US_10Y_YAHOO_TNX,4.073999881744385,yahoo_query_or_equivalent_authorized_market_data_source,2026-06-25T04:29:13.400222Z
2025-09-10,US_10Y_YAHOO_TNX,4.0320000648498535,yahoo_query_or_equivalent_authorized_market_data_source,2026-06-25T04:29:13.400222Z
2025-09-11,US_10Y_YAHOO_TNX,4.011000156402588,yahoo_query_or_equivalent_authorized_market_data_source,2026-06-25T04:29:13.400222Z
2025-09-12,US_10Y_YAHOO_TNX,4.060999870300293,yahoo_query_or_equivalent_authorized_market_data_source,2026-06-25T04:29:13.400222Z
2025-09-15,US_10Y_YAHOO_TNX,4.033999919891357,yahoo_query_or_equivalent_authorized_market_data_source,2026-06-25T04:29:13.400222Z
2025-09-16,US_10Y_YAHOO_TNX,4.026000022888184,yahoo_query_or_equivalent_authorized_market_data_source,2026-06-25T04:29:13.400222Z
2025-09-17,US_10Y_YAHOO_TNX,4.076000213623047,yahoo_query_or_equivalent_authorized_market_data_source,2026-06-25T04:29:13.400222Z
2025-09-18,US_10Y_YAHOO_TNX,4.104000091552734,yahoo_query_or_equivalent_authorized_market_data_source,2026-06-25T04:29:13.400222Z
2025-09-19,US_10Y_YAHOO_TNX,4.138999938964844,yahoo_query_or_equivalent_authorized_market_data_source,2026-06-25T04:29:13.400222Z
2025-09-22,US_10Y_YAHOO_TNX,4.14300012588501,yahoo_query_or_equivalent_authorized_market_data_source,2026-06-25T04:29:13.400222Z
2025-09-23,US_10Y_YAHOO_TNX,4.119999885559082,yahoo_query_or_equivalent_authorized_market_data_source,2026-06-25T04:29:13.400222Z
2025-09-24,US_10Y_YAHOO_TNX,4.146999835968018,yahoo_query_or_equivalent_authorized_market_data_source,2026-06-25T04:29:13.400222Z
2025-09-25,US_10Y_YAHOO_TNX,4.171999931335449,yahoo_query_or_equivalent_authorized_market_data_source,2026-06-25T04:29:13.400222Z
2025-09-26,US_10Y_YAHOO_TNX,4.186999797821045,yahoo_query_or_equivalent_authorized_market_data_source,2026-06-25T04:29:13.400222Z
2025-09-29,US_10Y_YAHOO_TNX,4.140999794006348,yahoo_query_or_equivalent_authorized_market_data_source,2026-06-25T04:29:13.400222Z
2025-09-30,US_10Y_YAHOO_TNX,4.1479997634887695,yahoo_query_or_equivalent_authorized_market_data_source,2026-06-25T04:29:13.400222Z
2025-10-01,US_10Y_YAHOO_TNX,4.105999946594238,yahoo_query_or_equivalent_authorized_market_data_source,2026-06-25T04:29:13.400222Z
2025-10-02,US_10Y_YAHOO_TNX,4.0879998207092285,yahoo_query_or_equivalent_authorized_market_data_source,2026-06-25T04:29:13.400222Z
2025-10-03,US_10Y_YAHOO_TNX,4.11899995803833,yahoo_query_or_equivalent_authorized_market_data_source,2026-06-25T04:29:13.400222Z
2025-10-06,US_10Y_YAHOO_TNX,4.1620001792907715,yahoo_query_or_equivalent_authorized_market_data_source,2026-06-25T04:29:13.400222Z
2025-10-07,US_10Y_YAHOO_TNX,4.126999855041504,yahoo_query_or_equivalent_authorized_market_data_source,2026-06-25T04:29:13.400222Z
2025-10-08,US_10Y_YAHOO_TNX,4.129000186920166,yahoo_query_or_equivalent_authorized_market_data_source,2026-06-25T04:29:13.400222Z
2025-10-09,US_10Y_YAHOO_TNX,4.1479997634887695,yahoo_query_or_equivalent_authorized_market_data_source,2026-06-25T04:29:13.400222Z
2025-10-10,US_10Y_YAHOO_TNX,4.051000118255615,yahoo_query_or_equivalent_authorized_market_data_source,2026-06-25T04:29:13.400222Z
2025-10-13,US_10Y_YAHOO_TNX,4.051000118255615,yahoo_query_or_equivalent_authorized_market_data_source,2026-06-25T04:29:13.400222Z
2025-10-14,US_10Y_YAHOO_TNX,4.021999835968018,yahoo_query_or_equivalent_authorized_market_data_source,2026-06-25T04:29:13.400222Z
2025-10-15,US_10Y_YAHOO_TNX,4.046000003814697,yahoo_query_or_equivalent_authorized_market_data_source,2026-06-25T04:29:13.400222Z
2025-10-16,US_10Y_YAHOO_TNX,3.9760000705718994,yahoo_query_or_equivalent_authorized_market_data_source,2026-06-25T04:29:13.400222Z
2025-10-17,US_10Y_YAHOO_TNX,4.006999969482422,yahoo_query_or_equivalent_authorized_market_data_source,2026-06-25T04:29:13.400222Z
2025-10-20,US_10Y_YAHOO_TNX,3.9860000610351562,yahoo_query_or_equivalent_authorized_market_data_source,2026-06-25T04:29:13.400222Z
2025-10-21,US_10Y_YAHOO_TNX,3.9630000591278076,yahoo_query_or_equivalent_authorized_market_data_source,2026-06-25T04:29:13.400222Z
2025-10-22,US_10Y_YAHOO_TNX,3.953000068664551,yahoo_query_or_equivalent_authorized_market_data_source,2026-06-25T04:29:13.400222Z
2025-10-23,US_10Y_YAHOO_TNX,3.990999937057495,yahoo_query_or_equivalent_authorized_market_data_source,2026-06-25T04:29:13.400222Z
2025-10-24,US_10Y_YAHOO_TNX,3.996999979019165,yahoo_query_or_equivalent_authorized_market_data_source,2026-06-25T04:29:13.400222Z
2025-10-27,US_10Y_YAHOO_TNX,3.996999979019165,yahoo_query_or_equivalent_authorized_market_data_source,2026-06-25T04:29:13.400222Z
2025-10-28,US_10Y_YAHOO_TNX,3.9830000400543213,yahoo_query_or_equivalent_authorized_market_data_source,2026-06-25T04:29:13.400222Z
2025-10-29,US_10Y_YAHOO_TNX,4.058000087738037,yahoo_query_or_equivalent_authorized_market_data_source,2026-06-25T04:29:13.400222Z
2025-10-30,US_10Y_YAHOO_TNX,4.0929999351501465,yahoo_query_or_equivalent_authorized_market_data_source,2026-06-25T04:29:13.400222Z
2025-10-31,US_10Y_YAHOO_TNX,4.10099983215332,yahoo_query_or_equivalent_authorized_market_data_source,2026-06-25T04:29:13.400222Z
2025-11-03,US_10Y_YAHOO_TNX,4.105999946594238,yahoo_query_or_equivalent_authorized_market_data_source,2026-06-25T04:29:13.400222Z
2025-11-04,US_10Y_YAHOO_TNX,4.089000225067139,yahoo_query_or_equivalent_authorized_market_data_source,2026-06-25T04:29:13.400222Z
2025-11-05,US_10Y_YAHOO_TNX,4.1570000648498535,yahoo_query_or_equivalent_authorized_market_data_source,2026-06-25T04:29:13.400222Z
2025-11-06,US_10Y_YAHOO_TNX,4.0929999351501465,yahoo_query_or_equivalent_authorized_market_data_source,2026-06-25T04:29:13.400222Z
2025-11-07,US_10Y_YAHOO_TNX,4.0929999351501465,yahoo_query_or_equivalent_authorized_market_data_source,2026-06-25T04:29:13.400222Z
2025-11-10,US_10Y_YAHOO_TNX,4.110000133514404,yahoo_query_or_equivalent_authorized_market_data_source,2026-06-25T04:29:13.400222Z
2025-11-11,US_10Y_YAHOO_TNX,4.119999885559082,yahoo_query_or_equivalent_authorized_market_data_source,2026-06-25T04:29:13.400222Z
2025-11-12,US_10Y_YAHOO_TNX,4.065000057220459,yahoo_query_or_equivalent_authorized_market_data_source,2026-06-25T04:29:13.400222Z
2025-11-13,US_10Y_YAHOO_TNX,4.111999988555908,yahoo_query_or_equivalent_authorized_market_data_source,2026-06-25T04:29:13.400222Z
2025-11-14,US_10Y_YAHOO_TNX,4.1479997634887695,yahoo_query_or_equivalent_authorized_market_data_source,2026-06-25T04:29:13.400222Z
2025-11-17,US_10Y_YAHOO_TNX,4.132999897003174,yahoo_query_or_equivalent_authorized_market_data_source,2026-06-25T04:29:13.400222Z
2025-11-18,US_10Y_YAHOO_TNX,4.123000144958496,yahoo_query_or_equivalent_authorized_market_data_source,2026-06-25T04:29:13.400222Z
2025-11-19,US_10Y_YAHOO_TNX,4.132999897003174,yahoo_query_or_equivalent_authorized_market_data_source,2026-06-25T04:29:13.400222Z
2025-11-20,US_10Y_YAHOO_TNX,4.105999946594238,yahoo_query_or_equivalent_authorized_market_data_source,2026-06-25T04:29:13.400222Z
2025-11-21,US_10Y_YAHOO_TNX,4.063000202178955,yahoo_query_or_equivalent_authorized_market_data_source,2026-06-25T04:29:13.400222Z
2025-11-24,US_10Y_YAHOO_TNX,4.038000106811523,yahoo_query_or_equivalent_authorized_market_data_source,2026-06-25T04:29:13.400222Z
2025-11-25,US_10Y_YAHOO_TNX,4.001999855041504,yahoo_query_or_equivalent_authorized_market_data_source,2026-06-25T04:29:13.400222Z
2025-11-26,US_10Y_YAHOO_TNX,3.997999906539917,yahoo_query_or_equivalent_authorized_market_data_source,2026-06-25T04:29:13.400222Z
2025-11-28,US_10Y_YAHOO_TNX,4.017000198364258,yahoo_query_or_equivalent_authorized_market_data_source,2026-06-25T04:29:13.400222Z
2025-12-01,US_10Y_YAHOO_TNX,4.0960001945495605,yahoo_query_or_equivalent_authorized_market_data_source,2026-06-25T04:29:13.400222Z
2025-12-02,US_10Y_YAHOO_TNX,4.085999965667725,yahoo_query_or_equivalent_authorized_market_data_source,2026-06-25T04:29:13.400222Z
2025-12-03,US_10Y_YAHOO_TNX,4.057000160217285,yahoo_query_or_equivalent_authorized_market_data_source,2026-06-25T04:29:13.400222Z
2025-12-04,US_10Y_YAHOO_TNX,4.107999801635742,yahoo_query_or_equivalent_authorized_market_data_source,2026-06-25T04:29:13.400222Z
2025-12-05,US_10Y_YAHOO_TNX,4.138999938964844,yahoo_query_or_equivalent_authorized_market_data_source,2026-06-25T04:29:13.400222Z
2025-12-08,US_10Y_YAHOO_TNX,4.171999931335449,yahoo_query_or_equivalent_authorized_market_data_source,2026-06-25T04:29:13.400222Z
2025-12-09,US_10Y_YAHOO_TNX,4.185999870300293,yahoo_query_or_equivalent_authorized_market_data_source,2026-06-25T04:29:13.400222Z
2025-12-10,US_10Y_YAHOO_TNX,4.164000034332275,yahoo_query_or_equivalent_authorized_market_data_source,2026-06-25T04:29:13.400222Z
2025-12-11,US_10Y_YAHOO_TNX,4.140999794006348,yahoo_query_or_equivalent_authorized_market_data_source,2026-06-25T04:29:13.400222Z
2025-12-12,US_10Y_YAHOO_TNX,4.193999767303467,yahoo_query_or_equivalent_authorized_market_data_source,2026-06-25T04:29:13.400222Z
2025-12-15,US_10Y_YAHOO_TNX,4.182000160217285,yahoo_query_or_equivalent_authorized_market_data_source,2026-06-25T04:29:13.400222Z
2025-12-16,US_10Y_YAHOO_TNX,4.14900016784668,yahoo_query_or_equivalent_authorized_market_data_source,2026-06-25T04:29:13.400222Z
2025-12-17,US_10Y_YAHOO_TNX,4.151000022888184,yahoo_query_or_equivalent_authorized_market_data_source,2026-06-25T04:29:13.400222Z
2025-12-18,US_10Y_YAHOO_TNX,4.116000175476074,yahoo_query_or_equivalent_authorized_market_data_source,2026-06-25T04:29:13.400222Z
2025-12-19,US_10Y_YAHOO_TNX,4.151000022888184,yahoo_query_or_equivalent_authorized_market_data_source,2026-06-25T04:29:13.400222Z
2025-12-22,US_10Y_YAHOO_TNX,4.169000148773193,yahoo_query_or_equivalent_authorized_market_data_source,2026-06-25T04:29:13.400222Z
2025-12-23,US_10Y_YAHOO_TNX,4.169000148773193,yahoo_query_or_equivalent_authorized_market_data_source,2026-06-25T04:29:13.400222Z
2025-12-24,US_10Y_YAHOO_TNX,4.136000156402588,yahoo_query_or_equivalent_authorized_market_data_source,2026-06-25T04:29:13.400222Z
2025-12-26,US_10Y_YAHOO_TNX,4.136000156402588,yahoo_query_or_equivalent_authorized_market_data_source,2026-06-25T04:29:13.400222Z
2025-12-29,US_10Y_YAHOO_TNX,4.116000175476074,yahoo_query_or_equivalent_authorized_market_data_source,2026-06-25T04:29:13.400222Z
2025-12-30,US_10Y_YAHOO_TNX,4.130000114440918,yahoo_query_or_equivalent_authorized_market_data_source,2026-06-25T04:29:13.400222Z
2025-12-31,US_10Y_YAHOO_TNX,4.163000106811523,yahoo_query_or_equivalent_authorized_market_data_source,2026-06-25T04:29:13.400222Z
2026-01-02,US_10Y_YAHOO_TNX,4.186999797821045,yahoo_query_or_equivalent_authorized_market_data_source,2026-06-25T04:29:13.400222Z
2026-01-05,US_10Y_YAHOO_TNX,4.164999961853027,yahoo_query_or_equivalent_authorized_market_data_source,2026-06-25T04:29:13.400222Z
2026-01-06,US_10Y_YAHOO_TNX,4.178999900817871,yahoo_query_or_equivalent_authorized_market_data_source,2026-06-25T04:29:13.400222Z
2026-01-07,US_10Y_YAHOO_TNX,4.138000011444092,yahoo_query_or_equivalent_authorized_market_data_source,2026-06-25T04:29:13.400222Z
2026-01-08,US_10Y_YAHOO_TNX,4.183000087738037,yahoo_query_or_equivalent_authorized_market_data_source,2026-06-25T04:29:13.400222Z
2026-01-09,US_10Y_YAHOO_TNX,4.171000003814697,yahoo_query_or_equivalent_authorized_market_data_source,2026-06-25T04:29:13.400222Z
2026-01-12,US_10Y_YAHOO_TNX,4.186999797821045,yahoo_query_or_equivalent_authorized_market_data_source,2026-06-25T04:29:13.400222Z
2026-01-13,US_10Y_YAHOO_TNX,4.171000003814697,yahoo_query_or_equivalent_authorized_market_data_source,2026-06-25T04:29:13.400222Z
2026-01-14,US_10Y_YAHOO_TNX,4.139999866485596,yahoo_query_or_equivalent_authorized_market_data_source,2026-06-25T04:29:13.400222Z
2026-01-15,US_10Y_YAHOO_TNX,4.159999847412109,yahoo_query_or_equivalent_authorized_market_data_source,2026-06-25T04:29:13.400222Z
2026-01-16,US_10Y_YAHOO_TNX,4.230999946594238,yahoo_query_or_equivalent_authorized_market_data_source,2026-06-25T04:29:13.400222Z
2026-01-20,US_10Y_YAHOO_TNX,4.295000076293945,yahoo_query_or_equivalent_authorized_market_data_source,2026-06-25T04:29:13.400222Z
2026-01-21,US_10Y_YAHOO_TNX,4.252999782562256,yahoo_query_or_equivalent_authorized_market_data_source,2026-06-25T04:29:13.400222Z
2026-01-22,US_10Y_YAHOO_TNX,4.249000072479248,yahoo_query_or_equivalent_authorized_market_data_source,2026-06-25T04:29:13.400222Z
2026-01-23,US_10Y_YAHOO_TNX,4.238999843597412,yahoo_query_or_equivalent_authorized_market_data_source,2026-06-25T04:29:13.400222Z
2026-01-26,US_10Y_YAHOO_TNX,4.2129998207092285,yahoo_query_or_equivalent_authorized_market_data_source,2026-06-25T04:29:13.400222Z
2026-01-27,US_10Y_YAHOO_TNX,4.2230000495910645,yahoo_query_or_equivalent_authorized_market_data_source,2026-06-25T04:29:13.400222Z
2026-01-28,US_10Y_YAHOO_TNX,4.250999927520752,yahoo_query_or_equivalent_authorized_market_data_source,2026-06-25T04:29:13.400222Z
2026-01-29,US_10Y_YAHOO_TNX,4.2270002365112305,yahoo_query_or_equivalent_authorized_market_data_source,2026-06-25T04:29:13.400222Z
2026-01-30,US_10Y_YAHOO_TNX,4.241000175476074,yahoo_query_or_equivalent_authorized_market_data_source,2026-06-25T04:29:13.400222Z
2026-02-02,US_10Y_YAHOO_TNX,4.275000095367432,yahoo_query_or_equivalent_authorized_market_data_source,2026-06-25T04:29:13.400222Z
2026-02-03,US_10Y_YAHOO_TNX,4.27400016784668,yahoo_query_or_equivalent_authorized_market_data_source,2026-06-25T04:29:13.400222Z
2026-02-04,US_10Y_YAHOO_TNX,4.275000095367432,yahoo_query_or_equivalent_authorized_market_data_source,2026-06-25T04:29:13.400222Z
2026-02-05,US_10Y_YAHOO_TNX,4.210000038146973,yahoo_query_or_equivalent_authorized_market_data_source,2026-06-25T04:29:13.400222Z
2026-02-06,US_10Y_YAHOO_TNX,4.205999851226807,yahoo_query_or_equivalent_authorized_market_data_source,2026-06-25T04:29:13.400222Z
2026-02-09,US_10Y_YAHOO_TNX,4.197999954223633,yahoo_query_or_equivalent_authorized_market_data_source,2026-06-25T04:29:13.400222Z
2026-02-10,US_10Y_YAHOO_TNX,4.146999835968018,yahoo_query_or_equivalent_authorized_market_data_source,2026-06-25T04:29:13.400222Z
2026-02-11,US_10Y_YAHOO_TNX,4.171999931335449,yahoo_query_or_equivalent_authorized_market_data_source,2026-06-25T04:29:13.400222Z
2026-02-12,US_10Y_YAHOO_TNX,4.104000091552734,yahoo_query_or_equivalent_authorized_market_data_source,2026-06-25T04:29:13.400222Z
2026-02-13,US_10Y_YAHOO_TNX,4.056000232696533,yahoo_query_or_equivalent_authorized_market_data_source,2026-06-25T04:29:13.400222Z
2026-02-17,US_10Y_YAHOO_TNX,4.052000045776367,yahoo_query_or_equivalent_authorized_market_data_source,2026-06-25T04:29:13.400222Z
2026-02-18,US_10Y_YAHOO_TNX,4.078999996185303,yahoo_query_or_equivalent_authorized_market_data_source,2026-06-25T04:29:13.400222Z
2026-02-19,US_10Y_YAHOO_TNX,4.074999809265137,yahoo_query_or_equivalent_authorized_market_data_source,2026-06-25T04:29:13.400222Z
2026-02-20,US_10Y_YAHOO_TNX,4.085999965667725,yahoo_query_or_equivalent_authorized_market_data_source,2026-06-25T04:29:13.400222Z
2026-02-23,US_10Y_YAHOO_TNX,4.0289998054504395,yahoo_query_or_equivalent_authorized_market_data_source,2026-06-25T04:29:13.400222Z
2026-02-24,US_10Y_YAHOO_TNX,4.0329999923706055,yahoo_query_or_equivalent_authorized_market_data_source,2026-06-25T04:29:13.400222Z
2026-02-25,US_10Y_YAHOO_TNX,4.047999858856201,yahoo_query_or_equivalent_authorized_market_data_source,2026-06-25T04:29:13.400222Z
2026-02-26,US_10Y_YAHOO_TNX,4.017000198364258,yahoo_query_or_equivalent_authorized_market_data_source,2026-06-25T04:29:13.400222Z
2026-02-27,US_10Y_YAHOO_TNX,3.9619998931884766,yahoo_query_or_equivalent_authorized_market_data_source,2026-06-25T04:29:13.400222Z
2026-03-02,US_10Y_YAHOO_TNX,4.047999858856201,yahoo_query_or_equivalent_authorized_market_data_source,2026-06-25T04:29:13.400222Z
2026-03-03,US_10Y_YAHOO_TNX,4.056000232696533,yahoo_query_or_equivalent_authorized_market_data_source,2026-06-25T04:29:13.400222Z
2026-03-04,US_10Y_YAHOO_TNX,4.079999923706055,yahoo_query_or_equivalent_authorized_market_data_source,2026-06-25T04:29:13.400222Z
2026-03-05,US_10Y_YAHOO_TNX,4.145999908447266,yahoo_query_or_equivalent_authorized_market_data_source,2026-06-25T04:29:13.400222Z
2026-03-06,US_10Y_YAHOO_TNX,4.132999897003174,yahoo_query_or_equivalent_authorized_market_data_source,2026-06-25T04:29:13.400222Z
2026-03-09,US_10Y_YAHOO_TNX,4.136000156402588,yahoo_query_or_equivalent_authorized_market_data_source,2026-06-25T04:29:13.400222Z
2026-03-10,US_10Y_YAHOO_TNX,4.136000156402588,yahoo_query_or_equivalent_authorized_market_data_source,2026-06-25T04:29:13.400222Z
2026-03-11,US_10Y_YAHOO_TNX,4.208000183105469,yahoo_query_or_equivalent_authorized_market_data_source,2026-06-25T04:29:13.400222Z
2026-03-12,US_10Y_YAHOO_TNX,4.2729997634887695,yahoo_query_or_equivalent_authorized_market_data_source,2026-06-25T04:29:13.400222Z
2026-03-13,US_10Y_YAHOO_TNX,4.284999847412109,yahoo_query_or_equivalent_authorized_market_data_source,2026-06-25T04:29:13.400222Z
2026-03-16,US_10Y_YAHOO_TNX,4.21999979019165,yahoo_query_or_equivalent_authorized_market_data_source,2026-06-25T04:29:13.400222Z
2026-03-17,US_10Y_YAHOO_TNX,4.202000141143799,yahoo_query_or_equivalent_authorized_market_data_source,2026-06-25T04:29:13.400222Z
2026-03-18,US_10Y_YAHOO_TNX,4.258999824523926,yahoo_query_or_equivalent_authorized_market_data_source,2026-06-25T04:29:13.400222Z
2026-03-19,US_10Y_YAHOO_TNX,4.281000137329102,yahoo_query_or_equivalent_authorized_market_data_source,2026-06-25T04:29:13.400222Z
2026-03-20,US_10Y_YAHOO_TNX,4.390999794006348,yahoo_query_or_equivalent_authorized_market_data_source,2026-06-25T04:29:13.400222Z
2026-03-23,US_10Y_YAHOO_TNX,4.334000110626221,yahoo_query_or_equivalent_authorized_market_data_source,2026-06-25T04:29:13.400222Z
2026-03-24,US_10Y_YAHOO_TNX,4.392000198364258,yahoo_query_or_equivalent_authorized_market_data_source,2026-06-25T04:29:13.400222Z
2026-03-25,US_10Y_YAHOO_TNX,4.328000068664551,yahoo_query_or_equivalent_authorized_market_data_source,2026-06-25T04:29:13.400222Z
2026-03-26,US_10Y_YAHOO_TNX,4.415999889373779,yahoo_query_or_equivalent_authorized_market_data_source,2026-06-25T04:29:13.400222Z
2026-03-27,US_10Y_YAHOO_TNX,4.440000057220459,yahoo_query_or_equivalent_authorized_market_data_source,2026-06-25T04:29:13.400222Z
2026-03-30,US_10Y_YAHOO_TNX,4.3420000076293945,yahoo_query_or_equivalent_authorized_market_data_source,2026-06-25T04:29:13.400222Z
2026-03-31,US_10Y_YAHOO_TNX,4.310999870300293,yahoo_query_or_equivalent_authorized_market_data_source,2026-06-25T04:29:13.400222Z
2026-04-01,US_10Y_YAHOO_TNX,4.318999767303467,yahoo_query_or_equivalent_authorized_market_data_source,2026-06-25T04:29:13.400222Z
2026-04-02,US_10Y_YAHOO_TNX,4.313000202178955,yahoo_query_or_equivalent_authorized_market_data_source,2026-06-25T04:29:13.400222Z
2026-04-06,US_10Y_YAHOO_TNX,4.335000038146973,yahoo_query_or_equivalent_authorized_market_data_source,2026-06-25T04:29:13.400222Z
2026-04-07,US_10Y_YAHOO_TNX,4.3429999351501465,yahoo_query_or_equivalent_authorized_market_data_source,2026-06-25T04:29:13.400222Z
2026-04-08,US_10Y_YAHOO_TNX,4.290999889373779,yahoo_query_or_equivalent_authorized_market_data_source,2026-06-25T04:29:13.400222Z
2026-04-09,US_10Y_YAHOO_TNX,4.293000221252441,yahoo_query_or_equivalent_authorized_market_data_source,2026-06-25T04:29:13.400222Z
2026-04-10,US_10Y_YAHOO_TNX,4.316999912261963,yahoo_query_or_equivalent_authorized_market_data_source,2026-06-25T04:29:13.400222Z
2026-04-13,US_10Y_YAHOO_TNX,4.296999931335449,yahoo_query_or_equivalent_authorized_market_data_source,2026-06-25T04:29:13.400222Z
2026-04-14,US_10Y_YAHOO_TNX,4.25600004196167,yahoo_query_or_equivalent_authorized_market_data_source,2026-06-25T04:29:13.400222Z
2026-04-15,US_10Y_YAHOO_TNX,4.2820000648498535,yahoo_query_or_equivalent_authorized_market_data_source,2026-06-25T04:29:13.400222Z
2026-04-16,US_10Y_YAHOO_TNX,4.309000015258789,yahoo_query_or_equivalent_authorized_market_data_source,2026-06-25T04:29:13.400222Z
2026-04-17,US_10Y_YAHOO_TNX,4.245999813079834,yahoo_query_or_equivalent_authorized_market_data_source,2026-06-25T04:29:13.400222Z
2026-04-20,US_10Y_YAHOO_TNX,4.25,yahoo_query_or_equivalent_authorized_market_data_source,2026-06-25T04:29:13.400222Z
2026-04-21,US_10Y_YAHOO_TNX,4.291999816894531,yahoo_query_or_equivalent_authorized_market_data_source,2026-06-25T04:29:13.400222Z
2026-04-22,US_10Y_YAHOO_TNX,4.294000148773193,yahoo_query_or_equivalent_authorized_market_data_source,2026-06-25T04:29:13.400222Z
2026-04-23,US_10Y_YAHOO_TNX,4.322999954223633,yahoo_query_or_equivalent_authorized_market_data_source,2026-06-25T04:29:13.400222Z
2026-04-24,US_10Y_YAHOO_TNX,4.309999942779541,yahoo_query_or_equivalent_authorized_market_data_source,2026-06-25T04:29:13.400222Z
2026-04-27,US_10Y_YAHOO_TNX,4.335999965667725,yahoo_query_or_equivalent_authorized_market_data_source,2026-06-25T04:29:13.400222Z
2026-04-28,US_10Y_YAHOO_TNX,4.354000091552734,yahoo_query_or_equivalent_authorized_market_data_source,2026-06-25T04:29:13.400222Z
2026-04-29,US_10Y_YAHOO_TNX,4.418000221252441,yahoo_query_or_equivalent_authorized_market_data_source,2026-06-25T04:29:13.400222Z
2026-04-30,US_10Y_YAHOO_TNX,4.389999866485596,yahoo_query_or_equivalent_authorized_market_data_source,2026-06-25T04:29:13.400222Z
2026-05-01,US_10Y_YAHOO_TNX,4.377999782562256,yahoo_query_or_equivalent_authorized_market_data_source,2026-06-25T04:29:13.400222Z
2026-05-04,US_10Y_YAHOO_TNX,4.446000099182129,yahoo_query_or_equivalent_authorized_market_data_source,2026-06-25T04:29:13.400222Z
2026-05-05,US_10Y_YAHOO_TNX,4.415999889373779,yahoo_query_or_equivalent_authorized_market_data_source,2026-06-25T04:29:13.400222Z
2026-05-06,US_10Y_YAHOO_TNX,4.355999946594238,yahoo_query_or_equivalent_authorized_market_data_source,2026-06-25T04:29:13.400222Z
2026-05-07,US_10Y_YAHOO_TNX,4.392000198364258,yahoo_query_or_equivalent_authorized_market_data_source,2026-06-25T04:29:13.400222Z
2026-05-08,US_10Y_YAHOO_TNX,4.363999843597412,yahoo_query_or_equivalent_authorized_market_data_source,2026-06-25T04:29:13.400222Z
2026-05-11,US_10Y_YAHOO_TNX,4.409999847412109,yahoo_query_or_equivalent_authorized_market_data_source,2026-06-25T04:29:13.400222Z
2026-05-12,US_10Y_YAHOO_TNX,4.4629998207092285,yahoo_query_or_equivalent_authorized_market_data_source,2026-06-25T04:29:13.400222Z
2026-05-13,US_10Y_YAHOO_TNX,4.480999946594238,yahoo_query_or_equivalent_authorized_market_data_source,2026-06-25T04:29:13.400222Z
2026-05-14,US_10Y_YAHOO_TNX,4.460999965667725,yahoo_query_or_equivalent_authorized_market_data_source,2026-06-25T04:29:13.400222Z
2026-05-15,US_10Y_YAHOO_TNX,4.59499979019165,yahoo_query_or_equivalent_authorized_market_data_source,2026-06-25T04:29:13.400222Z
2026-05-18,US_10Y_YAHOO_TNX,4.623000144958496,yahoo_query_or_equivalent_authorized_market_data_source,2026-06-25T04:29:13.400222Z
2026-05-19,US_10Y_YAHOO_TNX,4.666999816894531,yahoo_query_or_equivalent_authorized_market_data_source,2026-06-25T04:29:13.400222Z
2026-05-20,US_10Y_YAHOO_TNX,4.572000026702881,yahoo_query_or_equivalent_authorized_market_data_source,2026-06-25T04:29:13.400222Z
2026-05-21,US_10Y_YAHOO_TNX,4.585999965667725,yahoo_query_or_equivalent_authorized_market_data_source,2026-06-25T04:29:13.400222Z
2026-05-22,US_10Y_YAHOO_TNX,4.558000087738037,yahoo_query_or_equivalent_authorized_market_data_source,2026-06-25T04:29:13.400222Z
2026-05-26,US_10Y_YAHOO_TNX,4.493000030517578,yahoo_query_or_equivalent_authorized_market_data_source,2026-06-25T04:29:13.400222Z
2026-05-27,US_10Y_YAHOO_TNX,4.480999946594238,yahoo_query_or_equivalent_authorized_market_data_source,2026-06-25T04:29:13.400222Z
2026-05-28,US_10Y_YAHOO_TNX,4.454999923706055,yahoo_query_or_equivalent_authorized_market_data_source,2026-06-25T04:29:13.400222Z
2026-05-29,US_10Y_YAHOO_TNX,4.453000068664551,yahoo_query_or_equivalent_authorized_market_data_source,2026-06-25T04:29:13.400222Z
2026-06-01,US_10Y_YAHOO_TNX,4.474999904632568,yahoo_query_or_equivalent_authorized_market_data_source,2026-06-25T04:29:13.400222Z
2026-06-02,US_10Y_YAHOO_TNX,4.454999923706055,yahoo_query_or_equivalent_authorized_market_data_source,2026-06-25T04:29:13.400222Z
2026-06-03,US_10Y_YAHOO_TNX,4.491000175476074,yahoo_query_or_equivalent_authorized_market_data_source,2026-06-25T04:29:13.400222Z
2026-06-04,US_10Y_YAHOO_TNX,4.4770002365112305,yahoo_query_or_equivalent_authorized_market_data_source,2026-06-25T04:29:13.400222Z
2026-06-05,US_10Y_YAHOO_TNX,4.535999774932861,yahoo_query_or_equivalent_authorized_market_data_source,2026-06-25T04:29:13.400222Z
2026-06-08,US_10Y_YAHOO_TNX,4.552000045776367,yahoo_query_or_equivalent_authorized_market_data_source,2026-06-25T04:29:13.400222Z
2026-06-09,US_10Y_YAHOO_TNX,4.5279998779296875,yahoo_query_or_equivalent_authorized_market_data_source,2026-06-25T04:29:13.400222Z
2026-06-10,US_10Y_YAHOO_TNX,4.541999816894531,yahoo_query_or_equivalent_authorized_market_data_source,2026-06-25T04:29:13.400222Z
2026-06-11,US_10Y_YAHOO_TNX,4.4629998207092285,yahoo_query_or_equivalent_authorized_market_data_source,2026-06-25T04:29:13.400222Z
2026-06-12,US_10Y_YAHOO_TNX,4.486999988555908,yahoo_query_or_equivalent_authorized_market_data_source,2026-06-25T04:29:13.400222Z
2026-06-15,US_10Y_YAHOO_TNX,4.468999862670898,yahoo_query_or_equivalent_authorized_market_data_source,2026-06-25T04:29:13.400222Z
2026-06-16,US_10Y_YAHOO_TNX,4.427999973297119,yahoo_query_or_equivalent_authorized_market_data_source,2026-06-25T04:29:13.400222Z
2026-06-17,US_10Y_YAHOO_TNX,4.4629998207092285,yahoo_query_or_equivalent_authorized_market_data_source,2026-06-25T04:29:13.400222Z
2026-06-18,US_10Y_YAHOO_TNX,4.451000213623047,yahoo_query_or_equivalent_authorized_market_data_source,2026-06-25T04:29:13.400222Z
2026-06-24,US_10Y_YAHOO_TNX,4.4019999504089355,yahoo_query_or_equivalent_authorized_market_data_source,2026-06-25T04:29:13.400222Z
2018-01-02,US_13W_YAHOO_IRX,1.378000020980835,yahoo_query_or_equivalent_authorized_market_data_source,2026-06-25T04:29:17.770520Z
2018-01-03,US_13W_YAHOO_IRX,1.3700000047683716,yahoo_query_or_equivalent_authorized_market_data_source,2026-06-25T04:29:17.770520Z
2018-01-04,US_13W_YAHOO_IRX,1.3700000047683716,yahoo_query_or_equivalent_authorized_market_data_source,2026-06-25T04:29:17.770520Z
2018-01-05,US_13W_YAHOO_IRX,1.3700000047683716,yahoo_query_or_equivalent_authorized_market_data_source,2026-06-25T04:29:17.770520Z
2018-01-08,US_13W_YAHOO_IRX,1.3799999952316284,yahoo_query_or_equivalent_authorized_market_data_source,2026-06-25T04:29:17.770520Z
2018-01-09,US_13W_YAHOO_IRX,1.4149999618530273,yahoo_query_or_equivalent_authorized_market_data_source,2026-06-25T04:29:17.770520Z
2018-01-10,US_13W_YAHOO_IRX,1.3949999809265137,yahoo_query_or_equivalent_authorized_market_data_source,2026-06-25T04:29:17.770520Z
2018-01-11,US_13W_YAHOO_IRX,1.402999997138977,yahoo_query_or_equivalent_authorized_market_data_source,2026-06-25T04:29:17.770520Z
2018-01-12,US_13W_YAHOO_IRX,1.409999966621399,yahoo_query_or_equivalent_authorized_market_data_source,2026-06-25T04:29:17.770520Z
2018-01-16,US_13W_YAHOO_IRX,1.3949999809265137,yahoo_query_or_equivalent_authorized_market_data_source,2026-06-25T04:29:17.770520Z
2018-01-17,US_13W_YAHOO_IRX,1.4149999618530273,yahoo_query_or_equivalent_authorized_market_data_source,2026-06-25T04:29:17.770520Z
2018-01-18,US_13W_YAHOO_IRX,1.4049999713897705,yahoo_query_or_equivalent_authorized_market_data_source,2026-06-25T04:29:17.770520Z
2018-01-19,US_13W_YAHOO_IRX,1.402999997138977,yahoo_query_or_equivalent_authorized_market_data_source,2026-06-25T04:29:17.770520Z
2018-01-22,US_13W_YAHOO_IRX,1.3899999856948853,yahoo_query_or_equivalent_authorized_market_data_source,2026-06-25T04:29:17.770520Z
2018-01-23,US_13W_YAHOO_IRX,1.4129999876022339,yahoo_query_or_equivalent_authorized_market_data_source,2026-06-25T04:29:17.770520Z
2018-01-24,US_13W_YAHOO_IRX,1.409999966621399,yahoo_query_or_equivalent_authorized_market_data_source,2026-06-25T04:29:17.770520Z
2018-01-25,US_13W_YAHOO_IRX,1.3930000066757202,yahoo_query_or_equivalent_authorized_market_data_source,2026-06-25T04:29:17.770520Z
2018-01-26,US_13W_YAHOO_IRX,1.3880000114440918,yahoo_query_or_equivalent_authorized_market_data_source,2026-06-25T04:29:17.770520Z
2018-01-29,US_13W_YAHOO_IRX,1.375,yahoo_query_or_equivalent_authorized_market_data_source,2026-06-25T04:29:17.770520Z
2018-01-30,US_13W_YAHOO_IRX,1.4249999523162842,yahoo_query_or_equivalent_authorized_market_data_source,2026-06-25T04:29:17.770520Z
2018-01-31,US_13W_YAHOO_IRX,1.4299999475479126,yahoo_query_or_equivalent_authorized_market_data_source,2026-06-25T04:29:17.770520Z
2018-02-01,US_13W_YAHOO_IRX,1.4529999494552612,yahoo_query_or_equivalent_authorized_market_data_source,2026-06-25T04:29:17.770520Z
2018-02-02,US_13W_YAHOO_IRX,1.4500000476837158,yahoo_query_or_equivalent_authorized_market_data_source,2026-06-25T04:29:17.770520Z
2018-02-05,US_13W_YAHOO_IRX,1.4579999446868896,yahoo_query_or_equivalent_authorized_market_data_source,2026-06-25T04:29:17.770520Z
2018-02-06,US_13W_YAHOO_IRX,1.4880000352859497,yahoo_query_or_equivalent_authorized_market_data_source,2026-06-25T04:29:17.770520Z
2018-02-07,US_13W_YAHOO_IRX,1.5149999856948853,yahoo_query_or_equivalent_authorized_market_data_source,2026-06-25T04:29:17.770520Z
2018-02-08,US_13W_YAHOO_IRX,1.5149999856948853,yahoo_query_or_equivalent_authorized_market_data_source,2026-06-25T04:29:17.770520Z
2018-02-09,US_13W_YAHOO_IRX,1.524999976158142,yahoo_query_or_equivalent_authorized_market_data_source,2026-06-25T04:29:17.770520Z
2018-02-12,US_13W_YAHOO_IRX,1.534999966621399,yahoo_query_or_equivalent_authorized_market_data_source,2026-06-25T04:29:17.770520Z
2018-02-13,US_13W_YAHOO_IRX,1.5700000524520874,yahoo_query_or_equivalent_authorized_market_data_source,2026-06-25T04:29:17.770520Z
2018-02-14,US_13W_YAHOO_IRX,1.5499999523162842,yahoo_query_or_equivalent_authorized_market_data_source,2026-06-25T04:29:17.770520Z
2018-02-15,US_13W_YAHOO_IRX,1.559999942779541,yahoo_query_or_equivalent_authorized_market_data_source,2026-06-25T04:29:17.770520Z
2018-02-16,US_13W_YAHOO_IRX,1.5700000524520874,yahoo_query_or_equivalent_authorized_market_data_source,2026-06-25T04:29:17.770520Z
2018-02-20,US_13W_YAHOO_IRX,1.5729999542236328,yahoo_query_or_equivalent_authorized_market_data_source,2026-06-25T04:29:17.770520Z
2018-02-21,US_13W_YAHOO_IRX,1.6080000400543213,yahoo_query_or_equivalent_authorized_market_data_source,2026-06-25T04:29:17.770520Z
2018-02-22,US_13W_YAHOO_IRX,1.6050000190734863,yahoo_query_or_equivalent_authorized_market_data_source,2026-06-25T04:29:17.770520Z
2018-02-23,US_13W_YAHOO_IRX,1.6050000190734863,yahoo_query_or_equivalent_authorized_market_data_source,2026-06-25T04:29:17.770520Z
2018-02-26,US_13W_YAHOO_IRX,1.6080000400543213,yahoo_query_or_equivalent_authorized_market_data_source,2026-06-25T04:29:17.770520Z
2018-02-27,US_13W_YAHOO_IRX,1.6349999904632568,yahoo_query_or_equivalent_authorized_market_data_source,2026-06-25T04:29:17.770520Z
2018-02-28,US_13W_YAHOO_IRX,1.6180000305175781,yahoo_query_or_equivalent_authorized_market_data_source,2026-06-25T04:29:17.770520Z
2018-03-01,US_13W_YAHOO_IRX,1.590000033378601,yahoo_query_or_equivalent_authorized_market_data_source,2026-06-25T04:29:17.770520Z
2018-03-02,US_13W_YAHOO_IRX,1.6050000190734863,yahoo_query_or_equivalent_authorized_market_data_source,2026-06-25T04:29:17.770520Z
2018-03-05,US_13W_YAHOO_IRX,1.625,yahoo_query_or_equivalent_authorized_market_data_source,2026-06-25T04:29:17.770520Z
2018-03-06,US_13W_YAHOO_IRX,1.6430000066757202,yahoo_query_or_equivalent_authorized_market_data_source,2026-06-25T04:29:17.770520Z
2018-03-07,US_13W_YAHOO_IRX,1.649999976158142,yahoo_query_or_equivalent_authorized_market_data_source,2026-06-25T04:29:17.770520Z
2018-03-08,US_13W_YAHOO_IRX,1.6349999904632568,yahoo_query_or_equivalent_authorized_market_data_source,2026-06-25T04:29:17.770520Z
2018-03-09,US_13W_YAHOO_IRX,1.6349999904632568,yahoo_query_or_equivalent_authorized_market_data_source,2026-06-25T04:29:17.770520Z
2018-03-12,US_13W_YAHOO_IRX,1.6430000066757202,yahoo_query_or_equivalent_authorized_market_data_source,2026-06-25T04:29:17.770520Z
2018-03-13,US_13W_YAHOO_IRX,1.690000057220459,yahoo_query_or_equivalent_authorized_market_data_source,2026-06-25T04:29:17.770520Z
2018-03-14,US_13W_YAHOO_IRX,1.718000054359436,yahoo_query_or_equivalent_authorized_market_data_source,2026-06-25T04:29:17.770520Z
2018-03-15,US_13W_YAHOO_IRX,1.7330000400543213,yahoo_query_or_equivalent_authorized_market_data_source,2026-06-25T04:29:17.770520Z
2018-03-16,US_13W_YAHOO_IRX,1.7380000352859497,yahoo_query_or_equivalent_authorized_market_data_source,2026-06-25T04:29:17.770520Z
2018-03-19,US_13W_YAHOO_IRX,1.7280000448226929,yahoo_query_or_equivalent_authorized_market_data_source,2026-06-25T04:29:17.770520Z
2018-03-20,US_13W_YAHOO_IRX,1.7580000162124634,yahoo_query_or_equivalent_authorized_market_data_source,2026-06-25T04:29:17.770520Z
2018-03-21,US_13W_YAHOO_IRX,1.7100000381469727,yahoo_query_or_equivalent_authorized_market_data_source,2026-06-25T04:29:17.770520Z
2018-03-22,US_13W_YAHOO_IRX,1.6829999685287476,yahoo_query_or_equivalent_authorized_market_data_source,2026-06-25T04:29:17.770520Z
2018-03-23,US_13W_YAHOO_IRX,1.687999963760376,yahoo_query_or_equivalent_authorized_market_data_source,2026-06-25T04:29:17.770520Z
2018-03-26,US_13W_YAHOO_IRX,1.7050000429153442,yahoo_query_or_equivalent_authorized_market_data_source,2026-06-25T04:29:17.770520Z
2018-03-27,US_13W_YAHOO_IRX,1.7330000400543213,yahoo_query_or_equivalent_authorized_market_data_source,2026-06-25T04:29:17.770520Z
2018-03-28,US_13W_YAHOO_IRX,1.6950000524520874,yahoo_query_or_equivalent_authorized_market_data_source,2026-06-25T04:29:17.770520Z
2018-03-29,US_13W_YAHOO_IRX,1.6699999570846558,yahoo_query_or_equivalent_authorized_market_data_source,2026-06-25T04:29:17.770520Z
2018-04-02,US_13W_YAHOO_IRX,1.6829999685287476,yahoo_query_or_equivalent_authorized_market_data_source,2026-06-25T04:29:17.770520Z
2018-04-03,US_13W_YAHOO_IRX,1.7130000591278076,yahoo_query_or_equivalent_authorized_market_data_source,2026-06-25T04:29:17.770520Z
2018-04-04,US_13W_YAHOO_IRX,1.6679999828338623,yahoo_query_or_equivalent_authorized_market_data_source,2026-06-25T04:29:17.770520Z
2018-04-05,US_13W_YAHOO_IRX,1.6749999523162842,yahoo_query_or_equivalent_authorized_market_data_source,2026-06-25T04:29:17.770520Z
2018-04-06,US_13W_YAHOO_IRX,1.6799999475479126,yahoo_query_or_equivalent_authorized_market_data_source,2026-06-25T04:29:17.770520Z
2018-04-09,US_13W_YAHOO_IRX,1.6749999523162842,yahoo_query_or_equivalent_authorized_market_data_source,2026-06-25T04:29:17.770520Z
2018-04-10,US_13W_YAHOO_IRX,1.6950000524520874,yahoo_query_or_equivalent_authorized_market_data_source,2026-06-25T04:29:17.770520Z
2018-04-11,US_13W_YAHOO_IRX,1.6929999589920044,yahoo_query_or_equivalent_authorized_market_data_source,2026-06-25T04:29:17.770520Z
2018-04-12,US_13W_YAHOO_IRX,1.7050000429153442,yahoo_query_or_equivalent_authorized_market_data_source,2026-06-25T04:29:17.770520Z
2018-04-13,US_13W_YAHOO_IRX,1.718000054359436,yahoo_query_or_equivalent_authorized_market_data_source,2026-06-25T04:29:17.770520Z
2018-04-16,US_13W_YAHOO_IRX,1.7130000591278076,yahoo_query_or_equivalent_authorized_market_data_source,2026-06-25T04:29:17.770520Z
2018-04-17,US_13W_YAHOO_IRX,1.7549999952316284,yahoo_query_or_equivalent_authorized_market_data_source,2026-06-25T04:29:17.770520Z
2018-04-18,US_13W_YAHOO_IRX,1.7699999809265137,yahoo_query_or_equivalent_authorized_market_data_source,2026-06-25T04:29:17.770520Z
2018-04-19,US_13W_YAHOO_IRX,1.7829999923706055,yahoo_query_or_equivalent_authorized_market_data_source,2026-06-25T04:29:17.770520Z
2018-04-20,US_13W_YAHOO_IRX,1.7649999856948853,yahoo_query_or_equivalent_authorized_market_data_source,2026-06-25T04:29:17.770520Z
2018-04-23,US_13W_YAHOO_IRX,1.7829999923706055,yahoo_query_or_equivalent_authorized_market_data_source,2026-06-25T04:29:17.770520Z
2018-04-24,US_13W_YAHOO_IRX,1.8229999542236328,yahoo_query_or_equivalent_authorized_market_data_source,2026-06-25T04:29:17.770520Z
2018-04-25,US_13W_YAHOO_IRX,1.815000057220459,yahoo_query_or_equivalent_authorized_market_data_source,2026-06-25T04:29:17.770520Z
2018-04-26,US_13W_YAHOO_IRX,1.784999966621399,yahoo_query_or_equivalent_authorized_market_data_source,2026-06-25T04:29:17.770520Z
2018-04-27,US_13W_YAHOO_IRX,1.7699999809265137,yahoo_query_or_equivalent_authorized_market_data_source,2026-06-25T04:29:17.770520Z
2018-04-30,US_13W_YAHOO_IRX,1.7630000114440918,yahoo_query_or_equivalent_authorized_market_data_source,2026-06-25T04:29:17.770520Z
2018-05-01,US_13W_YAHOO_IRX,1.809999942779541,yahoo_query_or_equivalent_authorized_market_data_source,2026-06-25T04:29:17.770520Z
2018-05-02,US_13W_YAHOO_IRX,1.784999966621399,yahoo_query_or_equivalent_authorized_market_data_source,2026-06-25T04:29:17.770520Z
2018-05-03,US_13W_YAHOO_IRX,1.7879999876022339,yahoo_query_or_equivalent_authorized_market_data_source,2026-06-25T04:29:17.770520Z
2018-05-04,US_13W_YAHOO_IRX,1.7929999828338623,yahoo_query_or_equivalent_authorized_market_data_source,2026-06-25T04:29:17.770520Z
2018-05-07,US_13W_YAHOO_IRX,1.7929999828338623,yahoo_query_or_equivalent_authorized_market_data_source,2026-06-25T04:29:17.770520Z
2018-05-08,US_13W_YAHOO_IRX,1.8350000381469727,yahoo_query_or_equivalent_authorized_market_data_source,2026-06-25T04:29:17.770520Z
2018-05-09,US_13W_YAHOO_IRX,1.8450000286102295,yahoo_query_or_equivalent_authorized_market_data_source,2026-06-25T04:29:17.770520Z
2018-05-10,US_13W_YAHOO_IRX,1.8450000286102295,yahoo_query_or_equivalent_authorized_market_data_source,2026-06-25T04:29:17.770520Z
2018-05-11,US_13W_YAHOO_IRX,1.8600000143051147,yahoo_query_or_equivalent_authorized_market_data_source,2026-06-25T04:29:17.770520Z
2018-05-14,US_13W_YAHOO_IRX,1.8550000190734863,yahoo_query_or_equivalent_authorized_market_data_source,2026-06-25T04:29:17.770520Z
2018-05-15,US_13W_YAHOO_IRX,1.875,yahoo_query_or_equivalent_authorized_market_data_source,2026-06-25T04:29:17.770520Z
2018-05-16,US_13W_YAHOO_IRX,1.8650000095367432,yahoo_query_or_equivalent_authorized_market_data_source,2026-06-25T04:29:17.770520Z
2018-05-17,US_13W_YAHOO_IRX,1.8630000352859497,yahoo_query_or_equivalent_authorized_market_data_source,2026-06-25T04:29:17.770520Z
2018-05-18,US_13W_YAHOO_IRX,1.8550000190734863,yahoo_query_or_equivalent_authorized_market_data_source,2026-06-25T04:29:17.770520Z
2018-05-21,US_13W_YAHOO_IRX,1.8630000352859497,yahoo_query_or_equivalent_authorized_market_data_source,2026-06-25T04:29:17.770520Z
2018-05-22,US_13W_YAHOO_IRX,1.8930000066757202,yahoo_query_or_equivalent_authorized_market_data_source,2026-06-25T04:29:17.770520Z
2018-05-23,US_13W_YAHOO_IRX,1.8730000257492065,yahoo_query_or_equivalent_authorized_market_data_source,2026-06-25T04:29:17.770520Z
2018-05-24,US_13W_YAHOO_IRX,1.8600000143051147,yahoo_query_or_equivalent_authorized_market_data_source,2026-06-25T04:29:17.770520Z
2018-05-25,US_13W_YAHOO_IRX,1.8530000448226929,yahoo_query_or_equivalent_authorized_market_data_source,2026-06-25T04:29:17.770520Z
2018-05-29,US_13W_YAHOO_IRX,1.840000033378601,yahoo_query_or_equivalent_authorized_market_data_source,2026-06-25T04:29:17.770520Z
2018-05-30,US_13W_YAHOO_IRX,1.878000020980835,yahoo_query_or_equivalent_authorized_market_data_source,2026-06-25T04:29:17.770520Z
2018-05-31,US_13W_YAHOO_IRX,1.8700000047683716,yahoo_query_or_equivalent_authorized_market_data_source,2026-06-25T04:29:17.770520Z
2018-06-01,US_13W_YAHOO_IRX,1.8680000305175781,yahoo_query_or_equivalent_authorized_market_data_source,2026-06-25T04:29:17.770520Z
2018-06-04,US_13W_YAHOO_IRX,1.8650000095367432,yahoo_query_or_equivalent_authorized_market_data_source,2026-06-25T04:29:17.770520Z
2018-06-05,US_13W_YAHOO_IRX,1.902999997138977,yahoo_query_or_equivalent_authorized_market_data_source,2026-06-25T04:29:17.770520Z
2018-06-06,US_13W_YAHOO_IRX,1.899999976158142,yahoo_query_or_equivalent_authorized_market_data_source,2026-06-25T04:29:17.770520Z
2018-06-07,US_13W_YAHOO_IRX,1.8849999904632568,yahoo_query_or_equivalent_authorized_market_data_source,2026-06-25T04:29:17.770520Z
2018-06-08,US_13W_YAHOO_IRX,1.8799999952316284,yahoo_query_or_equivalent_authorized_market_data_source,2026-06-25T04:29:17.770520Z
2018-06-11,US_13W_YAHOO_IRX,1.8680000305175781,yahoo_query_or_equivalent_authorized_market_data_source,2026-06-25T04:29:17.770520Z
2018-06-12,US_13W_YAHOO_IRX,1.8880000114440918,yahoo_query_or_equivalent_authorized_market_data_source,2026-06-25T04:29:17.770520Z
2018-06-13,US_13W_YAHOO_IRX,1.8949999809265137,yahoo_query_or_equivalent_authorized_market_data_source,2026-06-25T04:29:17.770520Z
2018-06-14,US_13W_YAHOO_IRX,1.8830000162124634,yahoo_query_or_equivalent_authorized_market_data_source,2026-06-25T04:29:17.770520Z
2018-06-15,US_13W_YAHOO_IRX,1.8880000114440918,yahoo_query_or_equivalent_authorized_market_data_source,2026-06-25T04:29:17.770520Z
2018-06-18,US_13W_YAHOO_IRX,1.8830000162124634,yahoo_query_or_equivalent_authorized_market_data_source,2026-06-25T04:29:17.770520Z
2018-06-19,US_13W_YAHOO_IRX,1.8980000019073486,yahoo_query_or_equivalent_authorized_market_data_source,2026-06-25T04:29:17.770520Z
2018-06-20,US_13W_YAHOO_IRX,1.8880000114440918,yahoo_query_or_equivalent_authorized_market_data_source,2026-06-25T04:29:17.770520Z
2018-06-21,US_13W_YAHOO_IRX,1.8899999856948853,yahoo_query_or_equivalent_authorized_market_data_source,2026-06-25T04:29:17.770520Z
2018-06-22,US_13W_YAHOO_IRX,1.8700000047683716,yahoo_query_or_equivalent_authorized_market_data_source,2026-06-25T04:29:17.770520Z
2018-06-25,US_13W_YAHOO_IRX,1.8530000448226929,yahoo_query_or_equivalent_authorized_market_data_source,2026-06-25T04:29:17.770520Z
2018-06-26,US_13W_YAHOO_IRX,1.8930000066757202,yahoo_query_or_equivalent_authorized_market_data_source,2026-06-25T04:29:17.770520Z
2018-06-27,US_13W_YAHOO_IRX,1.8799999952316284,yahoo_query_or_equivalent_authorized_market_data_source,2026-06-25T04:29:17.770520Z
2018-06-28,US_13W_YAHOO_IRX,1.8799999952316284,yahoo_query_or_equivalent_authorized_market_data_source,2026-06-25T04:29:17.770520Z
2018-06-29,US_13W_YAHOO_IRX,1.8799999952316284,yahoo_query_or_equivalent_authorized_market_data_source,2026-06-25T04:29:17.770520Z
2018-07-02,US_13W_YAHOO_IRX,1.8949999809265137,yahoo_query_or_equivalent_authorized_market_data_source,2026-06-25T04:29:17.770520Z
2018-07-03,US_13W_YAHOO_IRX,1.9329999685287476,yahoo_query_or_equivalent_authorized_market_data_source,2026-06-25T04:29:17.770520Z
2018-07-05,US_13W_YAHOO_IRX,1.909999966621399,yahoo_query_or_equivalent_authorized_market_data_source,2026-06-25T04:29:17.770520Z
2018-07-06,US_13W_YAHOO_IRX,1.9049999713897705,yahoo_query_or_equivalent_authorized_market_data_source,2026-06-25T04:29:17.770520Z
2018-07-09,US_13W_YAHOO_IRX,1.9149999618530273,yahoo_query_or_equivalent_authorized_market_data_source,2026-06-25T04:29:17.770520Z
2018-07-10,US_13W_YAHOO_IRX,1.934999942779541,yahoo_query_or_equivalent_authorized_market_data_source,2026-06-25T04:29:17.770520Z
2018-07-11,US_13W_YAHOO_IRX,1.9199999570846558,yahoo_query_or_equivalent_authorized_market_data_source,2026-06-25T04:29:17.770520Z
2018-07-12,US_13W_YAHOO_IRX,1.9279999732971191,yahoo_query_or_equivalent_authorized_market_data_source,2026-06-25T04:29:17.770520Z
2018-07-13,US_13W_YAHOO_IRX,1.9279999732971191,yahoo_query_or_equivalent_authorized_market_data_source,2026-06-25T04:29:17.770520Z
2018-07-16,US_13W_YAHOO_IRX,1.937999963760376,yahoo_query_or_equivalent_authorized_market_data_source,2026-06-25T04:29:17.770520Z
2018-07-17,US_13W_YAHOO_IRX,1.975000023841858,yahoo_query_or_equivalent_authorized_market_data_source,2026-06-25T04:29:17.770520Z
2018-07-18,US_13W_YAHOO_IRX,1.9600000381469727,yahoo_query_or_equivalent_authorized_market_data_source,2026-06-25T04:29:17.770520Z
2018-07-19,US_13W_YAHOO_IRX,1.9479999542236328,yahoo_query_or_equivalent_authorized_market_data_source,2026-06-25T04:29:17.770520Z
2018-07-20,US_13W_YAHOO_IRX,1.9329999685287476,yahoo_query_or_equivalent_authorized_market_data_source,2026-06-25T04:29:17.770520Z
2018-07-23,US_13W_YAHOO_IRX,1.9199999570846558,yahoo_query_or_equivalent_authorized_market_data_source,2026-06-25T04:29:17.770520Z
2018-07-24,US_13W_YAHOO_IRX,1.9600000381469727,yahoo_query_or_equivalent_authorized_market_data_source,2026-06-25T04:29:17.770520Z
2018-07-25,US_13W_YAHOO_IRX,1.9529999494552612,yahoo_query_or_equivalent_authorized_market_data_source,2026-06-25T04:29:17.770520Z
2018-07-26,US_13W_YAHOO_IRX,1.9450000524520874,yahoo_query_or_equivalent_authorized_market_data_source,2026-06-25T04:29:17.770520Z
2018-07-27,US_13W_YAHOO_IRX,1.9450000524520874,yahoo_query_or_equivalent_authorized_market_data_source,2026-06-25T04:29:17.770520Z
2018-07-30,US_13W_YAHOO_IRX,1.9450000524520874,yahoo_query_or_equivalent_authorized_market_data_source,2026-06-25T04:29:17.770520Z
2018-07-31,US_13W_YAHOO_IRX,1.9850000143051147,yahoo_query_or_equivalent_authorized_market_data_source,2026-06-25T04:29:17.770520Z
2018-08-01,US_13W_YAHOO_IRX,1.9780000448226929,yahoo_query_or_equivalent_authorized_market_data_source,2026-06-25T04:29:17.770520Z
2018-08-02,US_13W_YAHOO_IRX,1.965000033378601,yahoo_query_or_equivalent_authorized_market_data_source,2026-06-25T04:29:17.770520Z
2018-08-03,US_13W_YAHOO_IRX,1.9600000381469727,yahoo_query_or_equivalent_authorized_market_data_source,2026-06-25T04:29:17.770520Z
2018-08-06,US_13W_YAHOO_IRX,1.968000054359436,yahoo_query_or_equivalent_authorized_market_data_source,2026-06-25T04:29:17.770520Z
2018-08-07,US_13W_YAHOO_IRX,2.007999897003174,yahoo_query_or_equivalent_authorized_market_data_source,2026-06-25T04:29:17.770520Z
2018-08-08,US_13W_YAHOO_IRX,2.007999897003174,yahoo_query_or_equivalent_authorized_market_data_source,2026-06-25T04:29:17.770520Z
2018-08-09,US_13W_YAHOO_IRX,2.005000114440918,yahoo_query_or_equivalent_authorized_market_data_source,2026-06-25T04:29:17.770520Z
2018-08-10,US_13W_YAHOO_IRX,2.0,yahoo_query_or_equivalent_authorized_market_data_source,2026-06-25T04:29:17.770520Z
2018-08-13,US_13W_YAHOO_IRX,1.9950000047683716,yahoo_query_or_equivalent_authorized_market_data_source,2026-06-25T04:29:17.770520Z
2018-08-14,US_13W_YAHOO_IRX,2.0329999923706055,yahoo_query_or_equivalent_authorized_market_data_source,2026-06-25T04:29:17.770520Z
2018-08-15,US_13W_YAHOO_IRX,2.0199999809265137,yahoo_query_or_equivalent_authorized_market_data_source,2026-06-25T04:29:17.770520Z
2018-08-16,US_13W_YAHOO_IRX,2.015000104904175,yahoo_query_or_equivalent_authorized_market_data_source,2026-06-25T04:29:17.770520Z
2018-08-17,US_13W_YAHOO_IRX,1.9950000047683716,yahoo_query_or_equivalent_authorized_market_data_source,2026-06-25T04:29:17.770520Z
2018-08-20,US_13W_YAHOO_IRX,1.9930000305175781,yahoo_query_or_equivalent_authorized_market_data_source,2026-06-25T04:29:17.770520Z
2018-08-21,US_13W_YAHOO_IRX,2.0350000858306885,yahoo_query_or_equivalent_authorized_market_data_source,2026-06-25T04:29:17.770520Z
2018-08-22,US_13W_YAHOO_IRX,2.0350000858306885,yahoo_query_or_equivalent_authorized_market_data_source,2026-06-25T04:29:17.770520Z
2018-08-23,US_13W_YAHOO_IRX,2.0329999923706055,yahoo_query_or_equivalent_authorized_market_data_source,2026-06-25T04:29:17.770520Z
2018-08-24,US_13W_YAHOO_IRX,2.0480000972747803,yahoo_query_or_equivalent_authorized_market_data_source,2026-06-25T04:29:17.770520Z
2018-08-27,US_13W_YAHOO_IRX,2.059999942779541,yahoo_query_or_equivalent_authorized_market_data_source,2026-06-25T04:29:17.770520Z
2018-08-28,US_13W_YAHOO_IRX,2.078000068664551,yahoo_query_or_equivalent_authorized_market_data_source,2026-06-25T04:29:17.770520Z
2018-08-29,US_13W_YAHOO_IRX,2.0799999237060547,yahoo_query_or_equivalent_authorized_market_data_source,2026-06-25T04:29:17.770520Z
2018-08-30,US_13W_YAHOO_IRX,2.058000087738037,yahoo_query_or_equivalent_authorized_market_data_source,2026-06-25T04:29:17.770520Z
2018-08-31,US_13W_YAHOO_IRX,2.055000066757202,yahoo_query_or_equivalent_authorized_market_data_source,2026-06-25T04:29:17.770520Z
2018-09-04,US_13W_YAHOO_IRX,2.068000078201294,yahoo_query_or_equivalent_authorized_market_data_source,2026-06-25T04:29:17.770520Z
2018-09-05,US_13W_YAHOO_IRX,2.0899999141693115,yahoo_query_or_equivalent_authorized_market_data_source,2026-06-25T04:29:17.770520Z
2018-09-06,US_13W_YAHOO_IRX,2.0799999237060547,yahoo_query_or_equivalent_authorized_market_data_source,2026-06-25T04:29:17.770520Z
2018-09-07,US_13W_YAHOO_IRX,2.0880000591278076,yahoo_query_or_equivalent_authorized_market_data_source,2026-06-25T04:29:17.770520Z
2018-09-10,US_13W_YAHOO_IRX,2.0829999446868896,yahoo_query_or_equivalent_authorized_market_data_source,2026-06-25T04:29:17.770520Z
2018-09-11,US_13W_YAHOO_IRX,2.1080000400543213,yahoo_query_or_equivalent_authorized_market_data_source,2026-06-25T04:29:17.770520Z
2018-09-12,US_13W_YAHOO_IRX,2.1050000190734863,yahoo_query_or_equivalent_authorized_market_data_source,2026-06-25T04:29:17.770520Z
2018-09-13,US_13W_YAHOO_IRX,2.0929999351501465,yahoo_query_or_equivalent_authorized_market_data_source,2026-06-25T04:29:17.770520Z
2018-09-14,US_13W_YAHOO_IRX,2.1029999256134033,yahoo_query_or_equivalent_authorized_market_data_source,2026-06-25T04:29:17.770520Z
2018-09-17,US_13W_YAHOO_IRX,2.1080000400543213,yahoo_query_or_equivalent_authorized_market_data_source,2026-06-25T04:29:17.770520Z
2018-09-18,US_13W_YAHOO_IRX,2.125,yahoo_query_or_equivalent_authorized_market_data_source,2026-06-25T04:29:17.770520Z
2018-09-19,US_13W_YAHOO_IRX,2.119999885559082,yahoo_query_or_equivalent_authorized_market_data_source,2026-06-25T04:29:17.770520Z
2018-09-20,US_13W_YAHOO_IRX,2.118000030517578,yahoo_query_or_equivalent_authorized_market_data_source,2026-06-25T04:29:17.770520Z
2018-09-21,US_13W_YAHOO_IRX,2.122999906539917,yahoo_query_or_equivalent_authorized_market_data_source,2026-06-25T04:29:17.770520Z
2018-09-24,US_13W_YAHOO_IRX,2.122999906539917,yahoo_query_or_equivalent_authorized_market_data_source,2026-06-25T04:29:17.770520Z
2018-09-25,US_13W_YAHOO_IRX,2.1679999828338623,yahoo_query_or_equivalent_authorized_market_data_source,2026-06-25T04:29:17.770520Z
2018-09-26,US_13W_YAHOO_IRX,2.1600000858306885,yahoo_query_or_equivalent_authorized_market_data_source,2026-06-25T04:29:17.770520Z
2018-09-27,US_13W_YAHOO_IRX,2.140000104904175,yahoo_query_or_equivalent_authorized_market_data_source,2026-06-25T04:29:17.770520Z
2018-09-28,US_13W_YAHOO_IRX,2.1500000953674316,yahoo_query_or_equivalent_authorized_market_data_source,2026-06-25T04:29:17.770520Z
2018-10-01,US_13W_YAHOO_IRX,2.1549999713897705,yahoo_query_or_equivalent_authorized_market_data_source,2026-06-25T04:29:17.770520Z
2018-10-02,US_13W_YAHOO_IRX,2.174999952316284,yahoo_query_or_equivalent_authorized_market_data_source,2026-06-25T04:29:17.770520Z
2018-10-03,US_13W_YAHOO_IRX,2.1700000762939453,yahoo_query_or_equivalent_authorized_market_data_source,2026-06-25T04:29:17.770520Z
2018-10-04,US_13W_YAHOO_IRX,2.1700000762939453,yahoo_query_or_equivalent_authorized_market_data_source,2026-06-25T04:29:17.770520Z
2018-10-05,US_13W_YAHOO_IRX,2.1649999618530273,yahoo_query_or_equivalent_authorized_market_data_source,2026-06-25T04:29:17.770520Z
2018-10-08,US_13W_YAHOO_IRX,2.1649999618530273,yahoo_query_or_equivalent_authorized_market_data_source,2026-06-25T04:29:17.770520Z
2018-10-09,US_13W_YAHOO_IRX,2.184999942779541,yahoo_query_or_equivalent_authorized_market_data_source,2026-06-25T04:29:17.770520Z
2018-10-10,US_13W_YAHOO_IRX,2.2200000286102295,yahoo_query_or_equivalent_authorized_market_data_source,2026-06-25T04:29:17.770520Z
2018-10-11,US_13W_YAHOO_IRX,2.2149999141693115,yahoo_query_or_equivalent_authorized_market_data_source,2026-06-25T04:29:17.770520Z
2018-10-12,US_13W_YAHOO_IRX,2.2179999351501465,yahoo_query_or_equivalent_authorized_market_data_source,2026-06-25T04:29:17.770520Z
2018-10-15,US_13W_YAHOO_IRX,2.2300000190734863,yahoo_query_or_equivalent_authorized_market_data_source,2026-06-25T04:29:17.770520Z
2018-10-16,US_13W_YAHOO_IRX,2.259999990463257,yahoo_query_or_equivalent_authorized_market_data_source,2026-06-25T04:29:17.770520Z
2018-10-17,US_13W_YAHOO_IRX,2.259999990463257,yahoo_query_or_equivalent_authorized_market_data_source,2026-06-25T04:29:17.770520Z
2018-10-18,US_13W_YAHOO_IRX,2.255000114440918,yahoo_query_or_equivalent_authorized_market_data_source,2026-06-25T04:29:17.770520Z
2018-10-19,US_13W_YAHOO_IRX,2.259999990463257,yahoo_query_or_equivalent_authorized_market_data_source,2026-06-25T04:29:17.770520Z
2018-10-22,US_13W_YAHOO_IRX,2.257999897003174,yahoo_query_or_equivalent_authorized_market_data_source,2026-06-25T04:29:17.770520Z
2018-10-23,US_13W_YAHOO_IRX,2.2899999618530273,yahoo_query_or_equivalent_authorized_market_data_source,2026-06-25T04:29:17.770520Z
2018-10-24,US_13W_YAHOO_IRX,2.2850000858306885,yahoo_query_or_equivalent_authorized_market_data_source,2026-06-25T04:29:17.770520Z
2018-10-25,US_13W_YAHOO_IRX,2.2799999713897705,yahoo_query_or_equivalent_authorized_market_data_source,2026-06-25T04:29:17.770520Z
2018-10-26,US_13W_YAHOO_IRX,2.2730000019073486,yahoo_query_or_equivalent_authorized_market_data_source,2026-06-25T04:29:17.770520Z
2018-10-29,US_13W_YAHOO_IRX,2.259999990463257,yahoo_query_or_equivalent_authorized_market_data_source,2026-06-25T04:29:17.770520Z
2018-10-30,US_13W_YAHOO_IRX,2.2829999923706055,yahoo_query_or_equivalent_authorized_market_data_source,2026-06-25T04:29:17.770520Z
2018-10-31,US_13W_YAHOO_IRX,2.2780001163482666,yahoo_query_or_equivalent_authorized_market_data_source,2026-06-25T04:29:17.770520Z
2018-11-01,US_13W_YAHOO_IRX,2.2699999809265137,yahoo_query_or_equivalent_authorized_market_data_source,2026-06-25T04:29:17.770520Z
2018-11-02,US_13W_YAHOO_IRX,2.2730000019073486,yahoo_query_or_equivalent_authorized_market_data_source,2026-06-25T04:29:17.770520Z
2018-11-05,US_13W_YAHOO_IRX,2.2679998874664307,yahoo_query_or_equivalent_authorized_market_data_source,2026-06-25T04:29:17.770520Z
2018-11-06,US_13W_YAHOO_IRX,2.309999942779541,yahoo_query_or_equivalent_authorized_market_data_source,2026-06-25T04:29:17.770520Z
2018-11-07,US_13W_YAHOO_IRX,2.309999942779541,yahoo_query_or_equivalent_authorized_market_data_source,2026-06-25T04:29:17.770520Z
2018-11-08,US_13W_YAHOO_IRX,2.302999973297119,yahoo_query_or_equivalent_authorized_market_data_source,2026-06-25T04:29:17.770520Z
2018-11-09,US_13W_YAHOO_IRX,2.299999952316284,yahoo_query_or_equivalent_authorized_market_data_source,2026-06-25T04:29:17.770520Z
2018-11-12,US_13W_YAHOO_IRX,2.299999952316284,yahoo_query_or_equivalent_authorized_market_data_source,2026-06-25T04:29:17.770520Z
2018-11-13,US_13W_YAHOO_IRX,2.2950000762939453,yahoo_query_or_equivalent_authorized_market_data_source,2026-06-25T04:29:17.770520Z
2018-11-14,US_13W_YAHOO_IRX,2.325000047683716,yahoo_query_or_equivalent_authorized_market_data_source,2026-06-25T04:29:17.770520Z
2018-11-15,US_13W_YAHOO_IRX,2.309999942779541,yahoo_query_or_equivalent_authorized_market_data_source,2026-06-25T04:29:17.770520Z
2018-11-16,US_13W_YAHOO_IRX,2.299999952316284,yahoo_query_or_equivalent_authorized_market_data_source,2026-06-25T04:29:17.770520Z
2018-11-19,US_13W_YAHOO_IRX,2.299999952316284,yahoo_query_or_equivalent_authorized_market_data_source,2026-06-25T04:29:17.770520Z
2018-11-20,US_13W_YAHOO_IRX,2.3350000381469727,yahoo_query_or_equivalent_authorized_market_data_source,2026-06-25T04:29:17.770520Z
2018-11-21,US_13W_YAHOO_IRX,2.3499999046325684,yahoo_query_or_equivalent_authorized_market_data_source,2026-06-25T04:29:17.770520Z
2018-11-23,US_13W_YAHOO_IRX,2.3480000495910645,yahoo_query_or_equivalent_authorized_market_data_source,2026-06-25T04:29:17.770520Z
2018-11-26,US_13W_YAHOO_IRX,2.3429999351501465,yahoo_query_or_equivalent_authorized_market_data_source,2026-06-25T04:29:17.770520Z
2018-11-27,US_13W_YAHOO_IRX,2.3529999256134033,yahoo_query_or_equivalent_authorized_market_data_source,2026-06-25T04:29:17.770520Z
2018-11-28,US_13W_YAHOO_IRX,2.3350000381469727,yahoo_query_or_equivalent_authorized_market_data_source,2026-06-25T04:29:17.770520Z
2018-11-29,US_13W_YAHOO_IRX,2.309999942779541,yahoo_query_or_equivalent_authorized_market_data_source,2026-06-25T04:29:17.770520Z
2018-11-30,US_13W_YAHOO_IRX,2.308000087738037,yahoo_query_or_equivalent_authorized_market_data_source,2026-06-25T04:29:17.770520Z
2018-12-03,US_13W_YAHOO_IRX,2.2880001068115234,yahoo_query_or_equivalent_authorized_market_data_source,2026-06-25T04:29:17.770520Z
2018-12-04,US_13W_YAHOO_IRX,2.365000009536743,yahoo_query_or_equivalent_authorized_market_data_source,2026-06-25T04:29:17.770520Z
2018-12-06,US_13W_YAHOO_IRX,2.3529999256134033,yahoo_query_or_equivalent_authorized_market_data_source,2026-06-25T04:29:17.770520Z
2018-12-07,US_13W_YAHOO_IRX,2.3399999141693115,yahoo_query_or_equivalent_authorized_market_data_source,2026-06-25T04:29:17.770520Z
2018-12-10,US_13W_YAHOO_IRX,2.3299999237060547,yahoo_query_or_equivalent_authorized_market_data_source,2026-06-25T04:29:17.770520Z
2018-12-11,US_13W_YAHOO_IRX,2.369999885559082,yahoo_query_or_equivalent_authorized_market_data_source,2026-06-25T04:29:17.770520Z
2018-12-12,US_13W_YAHOO_IRX,2.375,yahoo_query_or_equivalent_authorized_market_data_source,2026-06-25T04:29:17.770520Z
2018-12-13,US_13W_YAHOO_IRX,2.36299991607666,yahoo_query_or_equivalent_authorized_market_data_source,2026-06-25T04:29:17.770520Z
2018-12-14,US_13W_YAHOO_IRX,2.368000030517578,yahoo_query_or_equivalent_authorized_market_data_source,2026-06-25T04:29:17.770520Z
2018-12-17,US_13W_YAHOO_IRX,2.3399999141693115,yahoo_query_or_equivalent_authorized_market_data_source,2026-06-25T04:29:17.770520Z
2018-12-18,US_13W_YAHOO_IRX,2.328000068664551,yahoo_query_or_equivalent_authorized_market_data_source,2026-06-25T04:29:17.770520Z
2018-12-19,US_13W_YAHOO_IRX,2.3380000591278076,yahoo_query_or_equivalent_authorized_market_data_source,2026-06-25T04:29:17.770520Z
2018-12-20,US_13W_YAHOO_IRX,2.3350000381469727,yahoo_query_or_equivalent_authorized_market_data_source,2026-06-25T04:29:17.770520Z
2018-12-21,US_13W_YAHOO_IRX,2.3299999237060547,yahoo_query_or_equivalent_authorized_market_data_source,2026-06-25T04:29:17.770520Z
2018-12-24,US_13W_YAHOO_IRX,2.3329999446868896,yahoo_query_or_equivalent_authorized_market_data_source,2026-06-25T04:29:17.770520Z
2018-12-26,US_13W_YAHOO_IRX,2.380000114440918,yahoo_query_or_equivalent_authorized_market_data_source,2026-06-25T04:29:17.770520Z
2018-12-27,US_13W_YAHOO_IRX,2.3480000495910645,yahoo_query_or_equivalent_authorized_market_data_source,2026-06-25T04:29:17.770520Z
2018-12-28,US_13W_YAHOO_IRX,2.328000068664551,yahoo_query_or_equivalent_authorized_market_data_source,2026-06-25T04:29:17.770520Z
2018-12-31,US_13W_YAHOO_IRX,2.299999952316284,yahoo_query_or_equivalent_authorized_market_data_source,2026-06-25T04:29:17.770520Z
2019-01-02,US_13W_YAHOO_IRX,2.365000009536743,yahoo_query_or_equivalent_authorized_market_data_source,2026-06-25T04:29:17.770520Z
2019-01-03,US_13W_YAHOO_IRX,2.3550000190734863,yahoo_query_or_equivalent_authorized_market_data_source,2026-06-25T04:29:17.770520Z
2019-01-04,US_13W_YAHOO_IRX,2.3580000400543213,yahoo_query_or_equivalent_authorized_market_data_source,2026-06-25T04:29:17.770520Z
2019-01-07,US_13W_YAHOO_IRX,2.3529999256134033,yahoo_query_or_equivalent_authorized_market_data_source,2026-06-25T04:29:17.770520Z
2019-01-08,US_13W_YAHOO_IRX,2.4000000953674316,yahoo_query_or_equivalent_authorized_market_data_source,2026-06-25T04:29:17.770520Z
2019-01-09,US_13W_YAHOO_IRX,2.390000104904175,yahoo_query_or_equivalent_authorized_market_data_source,2026-06-25T04:29:17.770520Z
2019-01-10,US_13W_YAHOO_IRX,2.375,yahoo_query_or_equivalent_authorized_market_data_source,2026-06-25T04:29:17.770520Z
2019-01-11,US_13W_YAHOO_IRX,2.369999885559082,yahoo_query_or_equivalent_authorized_market_data_source,2026-06-25T04:29:17.770520Z
2019-01-14,US_13W_YAHOO_IRX,2.359999895095825,yahoo_query_or_equivalent_authorized_market_data_source,2026-06-25T04:29:17.770520Z
2019-01-15,US_13W_YAHOO_IRX,2.382999897003174,yahoo_query_or_equivalent_authorized_market_data_source,2026-06-25T04:29:17.770520Z
2019-01-16,US_13W_YAHOO_IRX,2.36299991607666,yahoo_query_or_equivalent_authorized_market_data_source,2026-06-25T04:29:17.770520Z
2019-01-17,US_13W_YAHOO_IRX,2.3550000190734863,yahoo_query_or_equivalent_authorized_market_data_source,2026-06-25T04:29:17.770520Z
2019-01-18,US_13W_YAHOO_IRX,2.3480000495910645,yahoo_query_or_equivalent_authorized_market_data_source,2026-06-25T04:29:17.770520Z
2019-01-22,US_13W_YAHOO_IRX,2.3450000286102295,yahoo_query_or_equivalent_authorized_market_data_source,2026-06-25T04:29:17.770520Z
2019-01-23,US_13W_YAHOO_IRX,2.3529999256134033,yahoo_query_or_equivalent_authorized_market_data_source,2026-06-25T04:29:17.770520Z
2019-01-24,US_13W_YAHOO_IRX,2.305000066757202,yahoo_query_or_equivalent_authorized_market_data_source,2026-06-25T04:29:17.770520Z
2019-01-25,US_13W_YAHOO_IRX,2.328000068664551,yahoo_query_or_equivalent_authorized_market_data_source,2026-06-25T04:29:17.770520Z
2019-01-28,US_13W_YAHOO_IRX,2.3329999446868896,yahoo_query_or_equivalent_authorized_market_data_source,2026-06-25T04:29:17.770520Z
2019-01-29,US_13W_YAHOO_IRX,2.365000009536743,yahoo_query_or_equivalent_authorized_market_data_source,2026-06-25T04:29:17.770520Z
2019-01-30,US_13W_YAHOO_IRX,2.365000009536743,yahoo_query_or_equivalent_authorized_market_data_source,2026-06-25T04:29:17.770520Z
2019-01-31,US_13W_YAHOO_IRX,2.3399999141693115,yahoo_query_or_equivalent_authorized_market_data_source,2026-06-25T04:29:17.770520Z
2019-02-01,US_13W_YAHOO_IRX,2.3399999141693115,yahoo_query_or_equivalent_authorized_market_data_source,2026-06-25T04:29:17.770520Z
2019-02-04,US_13W_YAHOO_IRX,2.3350000381469727,yahoo_query_or_equivalent_authorized_market_data_source,2026-06-25T04:29:17.770520Z
2019-02-05,US_13W_YAHOO_IRX,2.365000009536743,yahoo_query_or_equivalent_authorized_market_data_source,2026-06-25T04:29:17.770520Z
2019-02-06,US_13W_YAHOO_IRX,2.365000009536743,yahoo_query_or_equivalent_authorized_market_data_source,2026-06-25T04:29:17.770520Z
2019-02-07,US_13W_YAHOO_IRX,2.3550000190734863,yahoo_query_or_equivalent_authorized_market_data_source,2026-06-25T04:29:17.770520Z
2019-02-08,US_13W_YAHOO_IRX,2.365000009536743,yahoo_query_or_equivalent_authorized_market_data_source,2026-06-25T04:29:17.770520Z
2019-02-11,US_13W_YAHOO_IRX,2.375,yahoo_query_or_equivalent_authorized_market_data_source,2026-06-25T04:29:17.770520Z
2019-02-12,US_13W_YAHOO_IRX,2.378000020980835,yahoo_query_or_equivalent_authorized_market_data_source,2026-06-25T04:29:17.770520Z
2019-02-13,US_13W_YAHOO_IRX,2.372999906539917,yahoo_query_or_equivalent_authorized_market_data_source,2026-06-25T04:29:17.770520Z
2019-02-14,US_13W_YAHOO_IRX,2.372999906539917,yahoo_query_or_equivalent_authorized_market_data_source,2026-06-25T04:29:17.770520Z
2019-02-15,US_13W_YAHOO_IRX,2.369999885559082,yahoo_query_or_equivalent_authorized_market_data_source,2026-06-25T04:29:17.770520Z
2019-02-19,US_13W_YAHOO_IRX,2.372999906539917,yahoo_query_or_equivalent_authorized_market_data_source,2026-06-25T04:29:17.770520Z
2019-02-20,US_13W_YAHOO_IRX,2.382999897003174,yahoo_query_or_equivalent_authorized_market_data_source,2026-06-25T04:29:17.770520Z
2019-02-21,US_13W_YAHOO_IRX,2.3949999809265137,yahoo_query_or_equivalent_authorized_market_data_source,2026-06-25T04:29:17.770520Z
2019-02-22,US_13W_YAHOO_IRX,2.3929998874664307,yahoo_query_or_equivalent_authorized_market_data_source,2026-06-25T04:29:17.770520Z
2019-02-25,US_13W_YAHOO_IRX,2.3929998874664307,yahoo_query_or_equivalent_authorized_market_data_source,2026-06-25T04:29:17.770520Z
2019-02-26,US_13W_YAHOO_IRX,2.4000000953674316,yahoo_query_or_equivalent_authorized_market_data_source,2026-06-25T04:29:17.770520Z
2019-02-27,US_13W_YAHOO_IRX,2.3929998874664307,yahoo_query_or_equivalent_authorized_market_data_source,2026-06-25T04:29:17.770520Z
2019-02-28,US_13W_YAHOO_IRX,2.382999897003174,yahoo_query_or_equivalent_authorized_market_data_source,2026-06-25T04:29:17.770520Z
2019-03-01,US_13W_YAHOO_IRX,2.378000020980835,yahoo_query_or_equivalent_authorized_market_data_source,2026-06-25T04:29:17.770520Z
2019-03-04,US_13W_YAHOO_IRX,2.375,yahoo_query_or_equivalent_authorized_market_data_source,2026-06-25T04:29:17.770520Z
2019-03-05,US_13W_YAHOO_IRX,2.4000000953674316,yahoo_query_or_equivalent_authorized_market_data_source,2026-06-25T04:29:17.770520Z
2019-03-06,US_13W_YAHOO_IRX,2.4049999713897705,yahoo_query_or_equivalent_authorized_market_data_source,2026-06-25T04:29:17.770520Z
2019-03-07,US_13W_YAHOO_IRX,2.3949999809265137,yahoo_query_or_equivalent_authorized_market_data_source,2026-06-25T04:29:17.770520Z
2019-03-08,US_13W_YAHOO_IRX,2.3929998874664307,yahoo_query_or_equivalent_authorized_market_data_source,2026-06-25T04:29:17.770520Z
2019-03-11,US_13W_YAHOO_IRX,2.380000114440918,yahoo_query_or_equivalent_authorized_market_data_source,2026-06-25T04:29:17.770520Z
2019-03-12,US_13W_YAHOO_IRX,2.3949999809265137,yahoo_query_or_equivalent_authorized_market_data_source,2026-06-25T04:29:17.770520Z
2019-03-13,US_13W_YAHOO_IRX,2.388000011444092,yahoo_query_or_equivalent_authorized_market_data_source,2026-06-25T04:29:17.770520Z
2019-03-14,US_13W_YAHOO_IRX,2.388000011444092,yahoo_query_or_equivalent_authorized_market_data_source,2026-06-25T04:29:17.770520Z
2019-03-15,US_13W_YAHOO_IRX,2.388000011444092,yahoo_query_or_equivalent_authorized_market_data_source,2026-06-25T04:29:17.770520Z
2019-03-18,US_13W_YAHOO_IRX,2.384999990463257,yahoo_query_or_equivalent_authorized_market_data_source,2026-06-25T04:29:17.770520Z
2019-03-19,US_13W_YAHOO_IRX,2.4049999713897705,yahoo_query_or_equivalent_authorized_market_data_source,2026-06-25T04:29:17.770520Z
2019-03-20,US_13W_YAHOO_IRX,2.4079999923706055,yahoo_query_or_equivalent_authorized_market_data_source,2026-06-25T04:29:17.770520Z
2019-03-21,US_13W_YAHOO_IRX,2.4079999923706055,yahoo_query_or_equivalent_authorized_market_data_source,2026-06-25T04:29:17.770520Z
2019-03-22,US_13W_YAHOO_IRX,2.3980000019073486,yahoo_query_or_equivalent_authorized_market_data_source,2026-06-25T04:29:17.770520Z
2019-03-25,US_13W_YAHOO_IRX,2.390000104904175,yahoo_query_or_equivalent_authorized_market_data_source,2026-06-25T04:29:17.770520Z
2019-03-26,US_13W_YAHOO_IRX,2.4049999713897705,yahoo_query_or_equivalent_authorized_market_data_source,2026-06-25T04:29:17.770520Z
2019-03-27,US_13W_YAHOO_IRX,2.378000020980835,yahoo_query_or_equivalent_authorized_market_data_source,2026-06-25T04:29:17.770520Z
2019-03-28,US_13W_YAHOO_IRX,2.369999885559082,yahoo_query_or_equivalent_authorized_market_data_source,2026-06-25T04:29:17.770520Z
2019-03-29,US_13W_YAHOO_IRX,2.328000068664551,yahoo_query_or_equivalent_authorized_market_data_source,2026-06-25T04:29:17.770520Z
2019-04-01,US_13W_YAHOO_IRX,2.322999954223633,yahoo_query_or_equivalent_authorized_market_data_source,2026-06-25T04:29:17.770520Z
2019-04-02,US_13W_YAHOO_IRX,2.369999885559082,yahoo_query_or_equivalent_authorized_market_data_source,2026-06-25T04:29:17.770520Z
2019-04-03,US_13W_YAHOO_IRX,2.372999906539917,yahoo_query_or_equivalent_authorized_market_data_source,2026-06-25T04:29:17.770520Z
2019-04-04,US_13W_YAHOO_IRX,2.369999885559082,yahoo_query_or_equivalent_authorized_market_data_source,2026-06-25T04:29:17.770520Z
2019-04-05,US_13W_YAHOO_IRX,2.369999885559082,yahoo_query_or_equivalent_authorized_market_data_source,2026-06-25T04:29:17.770520Z
2019-04-08,US_13W_YAHOO_IRX,2.365000009536743,yahoo_query_or_equivalent_authorized_market_data_source,2026-06-25T04:29:17.770520Z
2019-04-09,US_13W_YAHOO_IRX,2.365000009536743,yahoo_query_or_equivalent_authorized_market_data_source,2026-06-25T04:29:17.770520Z
2019-04-10,US_13W_YAHOO_IRX,2.36299991607666,yahoo_query_or_equivalent_authorized_market_data_source,2026-06-25T04:29:17.770520Z
2019-04-11,US_13W_YAHOO_IRX,2.365000009536743,yahoo_query_or_equivalent_authorized_market_data_source,2026-06-25T04:29:17.770520Z
2019-04-12,US_13W_YAHOO_IRX,2.375,yahoo_query_or_equivalent_authorized_market_data_source,2026-06-25T04:29:17.770520Z
2019-04-15,US_13W_YAHOO_IRX,2.359999895095825,yahoo_query_or_equivalent_authorized_market_data_source,2026-06-25T04:29:17.770520Z
2019-04-16,US_13W_YAHOO_IRX,2.378000020980835,yahoo_query_or_equivalent_authorized_market_data_source,2026-06-25T04:29:17.770520Z
2019-04-17,US_13W_YAHOO_IRX,2.380000114440918,yahoo_query_or_equivalent_authorized_market_data_source,2026-06-25T04:29:17.770520Z
2019-04-18,US_13W_YAHOO_IRX,2.365000009536743,yahoo_query_or_equivalent_authorized_market_data_source,2026-06-25T04:29:17.770520Z
2019-04-22,US_13W_YAHOO_IRX,2.375,yahoo_query_or_equivalent_authorized_market_data_source,2026-06-25T04:29:17.770520Z
2019-04-23,US_13W_YAHOO_IRX,2.390000104904175,yahoo_query_or_equivalent_authorized_market_data_source,2026-06-25T04:29:17.770520Z
2019-04-24,US_13W_YAHOO_IRX,2.375,yahoo_query_or_equivalent_authorized_market_data_source,2026-06-25T04:29:17.770520Z
2019-04-25,US_13W_YAHOO_IRX,2.365000009536743,yahoo_query_or_equivalent_authorized_market_data_source,2026-06-25T04:29:17.770520Z
2019-04-26,US_13W_YAHOO_IRX,2.359999895095825,yahoo_query_or_equivalent_authorized_market_data_source,2026-06-25T04:29:17.770520Z
2019-04-29,US_13W_YAHOO_IRX,2.359999895095825,yahoo_query_or_equivalent_authorized_market_data_source,2026-06-25T04:29:17.770520Z
2019-04-30,US_13W_YAHOO_IRX,2.368000030517578,yahoo_query_or_equivalent_authorized_market_data_source,2026-06-25T04:29:17.770520Z
2019-05-01,US_13W_YAHOO_IRX,2.36299991607666,yahoo_query_or_equivalent_authorized_market_data_source,2026-06-25T04:29:17.770520Z
2019-05-02,US_13W_YAHOO_IRX,2.372999906539917,yahoo_query_or_equivalent_authorized_market_data_source,2026-06-25T04:29:17.770520Z
2019-05-03,US_13W_YAHOO_IRX,2.368000030517578,yahoo_query_or_equivalent_authorized_market_data_source,2026-06-25T04:29:17.770520Z
2019-05-06,US_13W_YAHOO_IRX,2.36299991607666,yahoo_query_or_equivalent_authorized_market_data_source,2026-06-25T04:29:17.770520Z
2019-05-07,US_13W_YAHOO_IRX,2.368000030517578,yahoo_query_or_equivalent_authorized_market_data_source,2026-06-25T04:29:17.770520Z
2019-05-08,US_13W_YAHOO_IRX,2.369999885559082,yahoo_query_or_equivalent_authorized_market_data_source,2026-06-25T04:29:17.770520Z
2019-05-09,US_13W_YAHOO_IRX,2.369999885559082,yahoo_query_or_equivalent_authorized_market_data_source,2026-06-25T04:29:17.770520Z
2019-05-10,US_13W_YAHOO_IRX,2.369999885559082,yahoo_query_or_equivalent_authorized_market_data_source,2026-06-25T04:29:17.770520Z
2019-05-13,US_13W_YAHOO_IRX,2.3499999046325684,yahoo_query_or_equivalent_authorized_market_data_source,2026-06-25T04:29:17.770520Z
2019-05-14,US_13W_YAHOO_IRX,2.3529999256134033,yahoo_query_or_equivalent_authorized_market_data_source,2026-06-25T04:29:17.770520Z
2019-05-15,US_13W_YAHOO_IRX,2.3499999046325684,yahoo_query_or_equivalent_authorized_market_data_source,2026-06-25T04:29:17.770520Z
2019-05-16,US_13W_YAHOO_IRX,2.3380000591278076,yahoo_query_or_equivalent_authorized_market_data_source,2026-06-25T04:29:17.770520Z
2019-05-17,US_13W_YAHOO_IRX,2.3299999237060547,yahoo_query_or_equivalent_authorized_market_data_source,2026-06-25T04:29:17.770520Z
2019-05-20,US_13W_YAHOO_IRX,2.319999933242798,yahoo_query_or_equivalent_authorized_market_data_source,2026-06-25T04:29:17.770520Z
2019-05-21,US_13W_YAHOO_IRX,2.3299999237060547,yahoo_query_or_equivalent_authorized_market_data_source,2026-06-25T04:29:17.770520Z
2019-05-22,US_13W_YAHOO_IRX,2.319999933242798,yahoo_query_or_equivalent_authorized_market_data_source,2026-06-25T04:29:17.770520Z
2019-05-23,US_13W_YAHOO_IRX,2.302999973297119,yahoo_query_or_equivalent_authorized_market_data_source,2026-06-25T04:29:17.770520Z
2019-05-24,US_13W_YAHOO_IRX,2.2880001068115234,yahoo_query_or_equivalent_authorized_market_data_source,2026-06-25T04:29:17.770520Z
2019-05-28,US_13W_YAHOO_IRX,2.2980000972747803,yahoo_query_or_equivalent_authorized_market_data_source,2026-06-25T04:29:17.770520Z
2019-05-29,US_13W_YAHOO_IRX,2.2980000972747803,yahoo_query_or_equivalent_authorized_market_data_source,2026-06-25T04:29:17.770520Z
2019-05-30,US_13W_YAHOO_IRX,2.309999942779541,yahoo_query_or_equivalent_authorized_market_data_source,2026-06-25T04:29:17.770520Z
2019-05-31,US_13W_YAHOO_IRX,2.2929999828338623,yahoo_query_or_equivalent_authorized_market_data_source,2026-06-25T04:29:17.770520Z
2019-06-03,US_13W_YAHOO_IRX,2.2799999713897705,yahoo_query_or_equivalent_authorized_market_data_source,2026-06-25T04:29:17.770520Z
2019-06-04,US_13W_YAHOO_IRX,2.2950000762939453,yahoo_query_or_equivalent_authorized_market_data_source,2026-06-25T04:29:17.770520Z
2019-06-05,US_13W_YAHOO_IRX,2.2850000858306885,yahoo_query_or_equivalent_authorized_market_data_source,2026-06-25T04:29:17.770520Z
2019-06-06,US_13W_YAHOO_IRX,2.255000114440918,yahoo_query_or_equivalent_authorized_market_data_source,2026-06-25T04:29:17.770520Z
2019-06-07,US_13W_YAHOO_IRX,2.2149999141693115,yahoo_query_or_equivalent_authorized_market_data_source,2026-06-25T04:29:17.770520Z
2019-06-10,US_13W_YAHOO_IRX,2.2200000286102295,yahoo_query_or_equivalent_authorized_market_data_source,2026-06-25T04:29:17.770520Z
2019-06-11,US_13W_YAHOO_IRX,2.2130000591278076,yahoo_query_or_equivalent_authorized_market_data_source,2026-06-25T04:29:17.770520Z
2019-06-12,US_13W_YAHOO_IRX,2.1649999618530273,yahoo_query_or_equivalent_authorized_market_data_source,2026-06-25T04:29:17.770520Z
2019-06-13,US_13W_YAHOO_IRX,2.140000104904175,yahoo_query_or_equivalent_authorized_market_data_source,2026-06-25T04:29:17.770520Z
2019-06-14,US_13W_YAHOO_IRX,2.125,yahoo_query_or_equivalent_authorized_market_data_source,2026-06-25T04:29:17.770520Z
2019-06-17,US_13W_YAHOO_IRX,2.138000011444092,yahoo_query_or_equivalent_authorized_market_data_source,2026-06-25T04:29:17.770520Z
2019-06-18,US_13W_YAHOO_IRX,2.1679999828338623,yahoo_query_or_equivalent_authorized_market_data_source,2026-06-25T04:29:17.770520Z
2019-06-19,US_13W_YAHOO_IRX,2.125,yahoo_query_or_equivalent_authorized_market_data_source,2026-06-25T04:29:17.770520Z
2019-06-20,US_13W_YAHOO_IRX,2.078000068664551,yahoo_query_or_equivalent_authorized_market_data_source,2026-06-25T04:29:17.770520Z
2019-06-21,US_13W_YAHOO_IRX,2.055000066757202,yahoo_query_or_equivalent_authorized_market_data_source,2026-06-25T04:29:17.770520Z
2019-06-24,US_13W_YAHOO_IRX,2.058000087738037,yahoo_query_or_equivalent_authorized_market_data_source,2026-06-25T04:29:17.770520Z
2019-06-25,US_13W_YAHOO_IRX,2.0829999446868896,yahoo_query_or_equivalent_authorized_market_data_source,2026-06-25T04:29:17.770520Z
2019-06-26,US_13W_YAHOO_IRX,2.0929999351501465,yahoo_query_or_equivalent_authorized_market_data_source,2026-06-25T04:29:17.770520Z
2019-06-27,US_13W_YAHOO_IRX,2.0850000381469727,yahoo_query_or_equivalent_authorized_market_data_source,2026-06-25T04:29:17.770520Z
2019-06-28,US_13W_YAHOO_IRX,2.0350000858306885,yahoo_query_or_equivalent_authorized_market_data_source,2026-06-25T04:29:17.770520Z
2019-07-01,US_13W_YAHOO_IRX,2.065000057220459,yahoo_query_or_equivalent_authorized_market_data_source,2026-06-25T04:29:17.770520Z
2019-07-02,US_13W_YAHOO_IRX,2.1480000019073486,yahoo_query_or_equivalent_authorized_market_data_source,2026-06-25T04:29:17.770520Z
2019-07-03,US_13W_YAHOO_IRX,2.1500000953674316,yahoo_query_or_equivalent_authorized_market_data_source,2026-06-25T04:29:17.770520Z
2019-07-05,US_13W_YAHOO_IRX,2.1630001068115234,yahoo_query_or_equivalent_authorized_market_data_source,2026-06-25T04:29:17.770520Z
2019-07-08,US_13W_YAHOO_IRX,2.177999973297119,yahoo_query_or_equivalent_authorized_market_data_source,2026-06-25T04:29:17.770520Z
2019-07-09,US_13W_YAHOO_IRX,2.194999933242798,yahoo_query_or_equivalent_authorized_market_data_source,2026-06-25T04:29:17.770520Z
2019-07-10,US_13W_YAHOO_IRX,2.130000114440918,yahoo_query_or_equivalent_authorized_market_data_source,2026-06-25T04:29:17.770520Z
2019-07-11,US_13W_YAHOO_IRX,2.0980000495910645,yahoo_query_or_equivalent_authorized_market_data_source,2026-06-25T04:29:17.770520Z
2019-07-12,US_13W_YAHOO_IRX,2.0899999141693115,yahoo_query_or_equivalent_authorized_market_data_source,2026-06-25T04:29:17.770520Z
2019-07-15,US_13W_YAHOO_IRX,2.0850000381469727,yahoo_query_or_equivalent_authorized_market_data_source,2026-06-25T04:29:17.770520Z
2019-07-16,US_13W_YAHOO_IRX,2.1029999256134033,yahoo_query_or_equivalent_authorized_market_data_source,2026-06-25T04:29:17.770520Z
2019-07-17,US_13W_YAHOO_IRX,2.072999954223633,yahoo_query_or_equivalent_authorized_market_data_source,2026-06-25T04:29:17.770520Z
2019-07-18,US_13W_YAHOO_IRX,2.013000011444092,yahoo_query_or_equivalent_authorized_market_data_source,2026-06-25T04:29:17.770520Z
2019-07-19,US_13W_YAHOO_IRX,2.013000011444092,yahoo_query_or_equivalent_authorized_market_data_source,2026-06-25T04:29:17.770520Z
2019-07-22,US_13W_YAHOO_IRX,2.0250000953674316,yahoo_query_or_equivalent_authorized_market_data_source,2026-06-25T04:29:17.770520Z
2019-07-23,US_13W_YAHOO_IRX,2.0329999923706055,yahoo_query_or_equivalent_authorized_market_data_source,2026-06-25T04:29:17.770520Z
2019-07-24,US_13W_YAHOO_IRX,2.0399999618530273,yahoo_query_or_equivalent_authorized_market_data_source,2026-06-25T04:29:17.770520Z
2019-07-25,US_13W_YAHOO_IRX,2.059999942779541,yahoo_query_or_equivalent_authorized_market_data_source,2026-06-25T04:29:17.770520Z
2019-07-26,US_13W_YAHOO_IRX,2.062999963760376,yahoo_query_or_equivalent_authorized_market_data_source,2026-06-25T04:29:17.770520Z
2019-07-29,US_13W_YAHOO_IRX,2.049999952316284,yahoo_query_or_equivalent_authorized_market_data_source,2026-06-25T04:29:17.770520Z
2019-07-30,US_13W_YAHOO_IRX,2.0399999618530273,yahoo_query_or_equivalent_authorized_market_data_source,2026-06-25T04:29:17.770520Z
2019-07-31,US_13W_YAHOO_IRX,2.0299999713897705,yahoo_query_or_equivalent_authorized_market_data_source,2026-06-25T04:29:17.770520Z
2019-08-01,US_13W_YAHOO_IRX,2.0299999713897705,yahoo_query_or_equivalent_authorized_market_data_source,2026-06-25T04:29:17.770520Z
2019-08-02,US_13W_YAHOO_IRX,2.0,yahoo_query_or_equivalent_authorized_market_data_source,2026-06-25T04:29:17.770520Z
2019-08-05,US_13W_YAHOO_IRX,1.9529999494552612,yahoo_query_or_equivalent_authorized_market_data_source,2026-06-25T04:29:17.770520Z
2019-08-06,US_13W_YAHOO_IRX,1.9950000047683716,yahoo_query_or_equivalent_authorized_market_data_source,2026-06-25T04:29:17.770520Z
2019-08-07,US_13W_YAHOO_IRX,1.968000054359436,yahoo_query_or_equivalent_authorized_market_data_source,2026-06-25T04:29:17.770520Z
2019-08-08,US_13W_YAHOO_IRX,1.9700000286102295,yahoo_query_or_equivalent_authorized_market_data_source,2026-06-25T04:29:17.770520Z
2019-08-09,US_13W_YAHOO_IRX,1.9500000476837158,yahoo_query_or_equivalent_authorized_market_data_source,2026-06-25T04:29:17.770520Z
2019-08-12,US_13W_YAHOO_IRX,1.9279999732971191,yahoo_query_or_equivalent_authorized_market_data_source,2026-06-25T04:29:17.770520Z
2019-08-13,US_13W_YAHOO_IRX,1.9550000429153442,yahoo_query_or_equivalent_authorized_market_data_source,2026-06-25T04:29:17.770520Z
2019-08-14,US_13W_YAHOO_IRX,1.9079999923706055,yahoo_query_or_equivalent_authorized_market_data_source,2026-06-25T04:29:17.770520Z
2019-08-15,US_13W_YAHOO_IRX,1.843000054359436,yahoo_query_or_equivalent_authorized_market_data_source,2026-06-25T04:29:17.770520Z
2019-08-16,US_13W_YAHOO_IRX,1.8229999542236328,yahoo_query_or_equivalent_authorized_market_data_source,2026-06-25T04:29:17.770520Z
2019-08-19,US_13W_YAHOO_IRX,1.8530000448226929,yahoo_query_or_equivalent_authorized_market_data_source,2026-06-25T04:29:17.770520Z
2019-08-20,US_13W_YAHOO_IRX,1.899999976158142,yahoo_query_or_equivalent_authorized_market_data_source,2026-06-25T04:29:17.770520Z
2019-08-21,US_13W_YAHOO_IRX,1.9279999732971191,yahoo_query_or_equivalent_authorized_market_data_source,2026-06-25T04:29:17.770520Z
2019-08-22,US_13W_YAHOO_IRX,1.937999963760376,yahoo_query_or_equivalent_authorized_market_data_source,2026-06-25T04:29:17.770520Z
2019-08-23,US_13W_YAHOO_IRX,1.909999966621399,yahoo_query_or_equivalent_authorized_market_data_source,2026-06-25T04:29:17.770520Z
2019-08-26,US_13W_YAHOO_IRX,1.9329999685287476,yahoo_query_or_equivalent_authorized_market_data_source,2026-06-25T04:29:17.770520Z
2019-08-27,US_13W_YAHOO_IRX,1.9429999589920044,yahoo_query_or_equivalent_authorized_market_data_source,2026-06-25T04:29:17.770520Z
2019-08-28,US_13W_YAHOO_IRX,1.940000057220459,yahoo_query_or_equivalent_authorized_market_data_source,2026-06-25T04:29:17.770520Z
2019-08-29,US_13W_YAHOO_IRX,1.940000057220459,yahoo_query_or_equivalent_authorized_market_data_source,2026-06-25T04:29:17.770520Z
2019-08-30,US_13W_YAHOO_IRX,1.9329999685287476,yahoo_query_or_equivalent_authorized_market_data_source,2026-06-25T04:29:17.770520Z
2019-09-03,US_13W_YAHOO_IRX,1.909999966621399,yahoo_query_or_equivalent_authorized_market_data_source,2026-06-25T04:29:17.770520Z
2019-09-04,US_13W_YAHOO_IRX,1.9049999713897705,yahoo_query_or_equivalent_authorized_market_data_source,2026-06-25T04:29:17.770520Z
2019-09-05,US_13W_YAHOO_IRX,1.9199999570846558,yahoo_query_or_equivalent_authorized_market_data_source,2026-06-25T04:29:17.770520Z
2019-09-06,US_13W_YAHOO_IRX,1.909999966621399,yahoo_query_or_equivalent_authorized_market_data_source,2026-06-25T04:29:17.770520Z
2019-09-09,US_13W_YAHOO_IRX,1.9079999923706055,yahoo_query_or_equivalent_authorized_market_data_source,2026-06-25T04:29:17.770520Z
2019-09-10,US_13W_YAHOO_IRX,1.9129999876022339,yahoo_query_or_equivalent_authorized_market_data_source,2026-06-25T04:29:17.770520Z
2019-09-11,US_13W_YAHOO_IRX,1.9129999876022339,yahoo_query_or_equivalent_authorized_market_data_source,2026-06-25T04:29:17.770520Z
2019-09-12,US_13W_YAHOO_IRX,1.8949999809265137,yahoo_query_or_equivalent_authorized_market_data_source,2026-06-25T04:29:17.770520Z
2019-09-13,US_13W_YAHOO_IRX,1.899999976158142,yahoo_query_or_equivalent_authorized_market_data_source,2026-06-25T04:29:17.770520Z
2019-09-16,US_13W_YAHOO_IRX,1.9450000524520874,yahoo_query_or_equivalent_authorized_market_data_source,2026-06-25T04:29:17.770520Z
2019-09-17,US_13W_YAHOO_IRX,1.937999963760376,yahoo_query_or_equivalent_authorized_market_data_source,2026-06-25T04:29:17.770520Z
2019-09-18,US_13W_YAHOO_IRX,1.8799999952316284,yahoo_query_or_equivalent_authorized_market_data_source,2026-06-25T04:29:17.770520Z
2019-09-19,US_13W_YAHOO_IRX,1.8830000162124634,yahoo_query_or_equivalent_authorized_market_data_source,2026-06-25T04:29:17.770520Z
2019-09-20,US_13W_YAHOO_IRX,1.850000023841858,yahoo_query_or_equivalent_authorized_market_data_source,2026-06-25T04:29:17.770520Z
2019-09-23,US_13W_YAHOO_IRX,1.8450000286102295,yahoo_query_or_equivalent_authorized_market_data_source,2026-06-25T04:29:17.770520Z
2019-09-24,US_13W_YAHOO_IRX,1.8799999952316284,yahoo_query_or_equivalent_authorized_market_data_source,2026-06-25T04:29:17.770520Z
2019-09-25,US_13W_YAHOO_IRX,1.8450000286102295,yahoo_query_or_equivalent_authorized_market_data_source,2026-06-25T04:29:17.770520Z
2019-09-26,US_13W_YAHOO_IRX,1.7699999809265137,yahoo_query_or_equivalent_authorized_market_data_source,2026-06-25T04:29:17.770520Z
2019-09-27,US_13W_YAHOO_IRX,1.7300000190734863,yahoo_query_or_equivalent_authorized_market_data_source,2026-06-25T04:29:17.770520Z
2019-09-30,US_13W_YAHOO_IRX,1.7699999809265137,yahoo_query_or_equivalent_authorized_market_data_source,2026-06-25T04:29:17.770520Z
2019-10-01,US_13W_YAHOO_IRX,1.753000020980835,yahoo_query_or_equivalent_authorized_market_data_source,2026-06-25T04:29:17.770520Z
2019-10-02,US_13W_YAHOO_IRX,1.7350000143051147,yahoo_query_or_equivalent_authorized_market_data_source,2026-06-25T04:29:17.770520Z
2019-10-03,US_13W_YAHOO_IRX,1.6649999618530273,yahoo_query_or_equivalent_authorized_market_data_source,2026-06-25T04:29:17.770520Z
2019-10-04,US_13W_YAHOO_IRX,1.6549999713897705,yahoo_query_or_equivalent_authorized_market_data_source,2026-06-25T04:29:17.770520Z
2019-10-07,US_13W_YAHOO_IRX,1.6729999780654907,yahoo_query_or_equivalent_authorized_market_data_source,2026-06-25T04:29:17.770520Z
2019-10-08,US_13W_YAHOO_IRX,1.6549999713897705,yahoo_query_or_equivalent_authorized_market_data_source,2026-06-25T04:29:17.770520Z
2019-10-09,US_13W_YAHOO_IRX,1.628000020980835,yahoo_query_or_equivalent_authorized_market_data_source,2026-06-25T04:29:17.770520Z
2019-10-10,US_13W_YAHOO_IRX,1.6330000162124634,yahoo_query_or_equivalent_authorized_market_data_source,2026-06-25T04:29:17.770520Z
2019-10-11,US_13W_YAHOO_IRX,1.6230000257492065,yahoo_query_or_equivalent_authorized_market_data_source,2026-06-25T04:29:17.770520Z
2019-10-14,US_13W_YAHOO_IRX,1.6180000305175781,yahoo_query_or_equivalent_authorized_market_data_source,2026-06-25T04:29:17.770520Z
2019-10-15,US_13W_YAHOO_IRX,1.6180000305175781,yahoo_query_or_equivalent_authorized_market_data_source,2026-06-25T04:29:17.770520Z
2019-10-16,US_13W_YAHOO_IRX,1.6150000095367432,yahoo_query_or_equivalent_authorized_market_data_source,2026-06-25T04:29:17.770520Z
2019-10-17,US_13W_YAHOO_IRX,1.625,yahoo_query_or_equivalent_authorized_market_data_source,2026-06-25T04:29:17.770520Z
2019-10-18,US_13W_YAHOO_IRX,1.625,yahoo_query_or_equivalent_authorized_market_data_source,2026-06-25T04:29:17.770520Z
2019-10-21,US_13W_YAHOO_IRX,1.625,yahoo_query_or_equivalent_authorized_market_data_source,2026-06-25T04:29:17.770520Z
2019-10-22,US_13W_YAHOO_IRX,1.6150000095367432,yahoo_query_or_equivalent_authorized_market_data_source,2026-06-25T04:29:17.770520Z
2019-10-23,US_13W_YAHOO_IRX,1.6150000095367432,yahoo_query_or_equivalent_authorized_market_data_source,2026-06-25T04:29:17.770520Z
2019-10-24,US_13W_YAHOO_IRX,1.6230000257492065,yahoo_query_or_equivalent_authorized_market_data_source,2026-06-25T04:29:17.770520Z
2019-10-25,US_13W_YAHOO_IRX,1.625,yahoo_query_or_equivalent_authorized_market_data_source,2026-06-25T04:29:17.770520Z
2019-10-28,US_13W_YAHOO_IRX,1.6050000190734863,yahoo_query_or_equivalent_authorized_market_data_source,2026-06-25T04:29:17.770520Z
2019-10-29,US_13W_YAHOO_IRX,1.5950000286102295,yahoo_query_or_equivalent_authorized_market_data_source,2026-06-25T04:29:17.770520Z
2019-10-30,US_13W_YAHOO_IRX,1.5950000286102295,yahoo_query_or_equivalent_authorized_market_data_source,2026-06-25T04:29:17.770520Z
2019-10-31,US_13W_YAHOO_IRX,1.4980000257492065,yahoo_query_or_equivalent_authorized_market_data_source,2026-06-25T04:29:17.770520Z
2019-11-01,US_13W_YAHOO_IRX,1.4850000143051147,yahoo_query_or_equivalent_authorized_market_data_source,2026-06-25T04:29:17.770520Z
2019-11-04,US_13W_YAHOO_IRX,1.503000020980835,yahoo_query_or_equivalent_authorized_market_data_source,2026-06-25T04:29:17.770520Z
2019-11-05,US_13W_YAHOO_IRX,1.5180000066757202,yahoo_query_or_equivalent_authorized_market_data_source,2026-06-25T04:29:17.770520Z
2019-11-06,US_13W_YAHOO_IRX,1.5149999856948853,yahoo_query_or_equivalent_authorized_market_data_source,2026-06-25T04:29:17.770520Z
2019-11-07,US_13W_YAHOO_IRX,1.5180000066757202,yahoo_query_or_equivalent_authorized_market_data_source,2026-06-25T04:29:17.770520Z
2019-11-08,US_13W_YAHOO_IRX,1.5099999904632568,yahoo_query_or_equivalent_authorized_market_data_source,2026-06-25T04:29:17.770520Z
2019-11-11,US_13W_YAHOO_IRX,1.5130000114440918,yahoo_query_or_equivalent_authorized_market_data_source,2026-06-25T04:29:17.770520Z
2019-11-12,US_13W_YAHOO_IRX,1.5329999923706055,yahoo_query_or_equivalent_authorized_market_data_source,2026-06-25T04:29:17.770520Z
2019-11-13,US_13W_YAHOO_IRX,1.534999966621399,yahoo_query_or_equivalent_authorized_market_data_source,2026-06-25T04:29:17.770520Z
2019-11-14,US_13W_YAHOO_IRX,1.527999997138977,yahoo_query_or_equivalent_authorized_market_data_source,2026-06-25T04:29:17.770520Z
2019-11-15,US_13W_YAHOO_IRX,1.527999997138977,yahoo_query_or_equivalent_authorized_market_data_source,2026-06-25T04:29:17.770520Z
2019-11-18,US_13W_YAHOO_IRX,1.5230000019073486,yahoo_query_or_equivalent_authorized_market_data_source,2026-06-25T04:29:17.770520Z
2019-11-19,US_13W_YAHOO_IRX,1.524999976158142,yahoo_query_or_equivalent_authorized_market_data_source,2026-06-25T04:29:17.770520Z
2019-11-20,US_13W_YAHOO_IRX,1.5199999809265137,yahoo_query_or_equivalent_authorized_market_data_source,2026-06-25T04:29:17.770520Z
2019-11-21,US_13W_YAHOO_IRX,1.5299999713897705,yahoo_query_or_equivalent_authorized_market_data_source,2026-06-25T04:29:17.770520Z
2019-11-22,US_13W_YAHOO_IRX,1.5429999828338623,yahoo_query_or_equivalent_authorized_market_data_source,2026-06-25T04:29:17.770520Z
2019-11-25,US_13W_YAHOO_IRX,1.5449999570846558,yahoo_query_or_equivalent_authorized_market_data_source,2026-06-25T04:29:17.770520Z
2019-11-26,US_13W_YAHOO_IRX,1.565000057220459,yahoo_query_or_equivalent_authorized_market_data_source,2026-06-25T04:29:17.770520Z
2019-11-27,US_13W_YAHOO_IRX,1.565000057220459,yahoo_query_or_equivalent_authorized_market_data_source,2026-06-25T04:29:17.770520Z
2019-11-29,US_13W_YAHOO_IRX,1.5399999618530273,yahoo_query_or_equivalent_authorized_market_data_source,2026-06-25T04:29:17.770520Z
2019-12-02,US_13W_YAHOO_IRX,1.5379999876022339,yahoo_query_or_equivalent_authorized_market_data_source,2026-06-25T04:29:17.770520Z
2019-12-03,US_13W_YAHOO_IRX,1.5379999876022339,yahoo_query_or_equivalent_authorized_market_data_source,2026-06-25T04:29:17.770520Z
2019-12-04,US_13W_YAHOO_IRX,1.4980000257492065,yahoo_query_or_equivalent_authorized_market_data_source,2026-06-25T04:29:17.770520Z
2019-12-05,US_13W_YAHOO_IRX,1.4930000305175781,yahoo_query_or_equivalent_authorized_market_data_source,2026-06-25T04:29:17.770520Z
2019-12-06,US_13W_YAHOO_IRX,1.4800000190734863,yahoo_query_or_equivalent_authorized_market_data_source,2026-06-25T04:29:17.770520Z
2019-12-09,US_13W_YAHOO_IRX,1.4980000257492065,yahoo_query_or_equivalent_authorized_market_data_source,2026-06-25T04:29:17.770520Z
2019-12-10,US_13W_YAHOO_IRX,1.5149999856948853,yahoo_query_or_equivalent_authorized_market_data_source,2026-06-25T04:29:17.770520Z
2019-12-11,US_13W_YAHOO_IRX,1.5199999809265137,yahoo_query_or_equivalent_authorized_market_data_source,2026-06-25T04:29:17.770520Z
2019-12-12,US_13W_YAHOO_IRX,1.5299999713897705,yahoo_query_or_equivalent_authorized_market_data_source,2026-06-25T04:29:17.770520Z
2019-12-13,US_13W_YAHOO_IRX,1.5230000019073486,yahoo_query_or_equivalent_authorized_market_data_source,2026-06-25T04:29:17.770520Z
2019-12-16,US_13W_YAHOO_IRX,1.524999976158142,yahoo_query_or_equivalent_authorized_market_data_source,2026-06-25T04:29:17.770520Z
2019-12-17,US_13W_YAHOO_IRX,1.5299999713897705,yahoo_query_or_equivalent_authorized_market_data_source,2026-06-25T04:29:17.770520Z
2019-12-18,US_13W_YAHOO_IRX,1.5180000066757202,yahoo_query_or_equivalent_authorized_market_data_source,2026-06-25T04:29:17.770520Z
2019-12-19,US_13W_YAHOO_IRX,1.5329999923706055,yahoo_query_or_equivalent_authorized_market_data_source,2026-06-25T04:29:17.770520Z
2019-12-20,US_13W_YAHOO_IRX,1.527999997138977,yahoo_query_or_equivalent_authorized_market_data_source,2026-06-25T04:29:17.770520Z
2019-12-23,US_13W_YAHOO_IRX,1.5199999809265137,yahoo_query_or_equivalent_authorized_market_data_source,2026-06-25T04:29:17.770520Z
2019-12-24,US_13W_YAHOO_IRX,1.5379999876022339,yahoo_query_or_equivalent_authorized_market_data_source,2026-06-25T04:29:17.770520Z
2019-12-26,US_13W_YAHOO_IRX,1.534999966621399,yahoo_query_or_equivalent_authorized_market_data_source,2026-06-25T04:29:17.770520Z
2019-12-27,US_13W_YAHOO_IRX,1.5180000066757202,yahoo_query_or_equivalent_authorized_market_data_source,2026-06-25T04:29:17.770520Z
2019-12-30,US_13W_YAHOO_IRX,1.4900000095367432,yahoo_query_or_equivalent_authorized_market_data_source,2026-06-25T04:29:17.770520Z
2019-12-31,US_13W_YAHOO_IRX,1.5049999952316284,yahoo_query_or_equivalent_authorized_market_data_source,2026-06-25T04:29:17.770520Z
2020-01-02,US_13W_YAHOO_IRX,1.4950000047683716,yahoo_query_or_equivalent_authorized_market_data_source,2026-06-25T04:29:17.770520Z
2020-01-03,US_13W_YAHOO_IRX,1.4730000495910645,yahoo_query_or_equivalent_authorized_market_data_source,2026-06-25T04:29:17.770520Z
2020-01-06,US_13W_YAHOO_IRX,1.4880000352859497,yahoo_query_or_equivalent_authorized_market_data_source,2026-06-25T04:29:17.770520Z
2020-01-07,US_13W_YAHOO_IRX,1.5,yahoo_query_or_equivalent_authorized_market_data_source,2026-06-25T04:29:17.770520Z
2020-01-08,US_13W_YAHOO_IRX,1.4930000305175781,yahoo_query_or_equivalent_authorized_market_data_source,2026-06-25T04:29:17.770520Z
2020-01-09,US_13W_YAHOO_IRX,1.5,yahoo_query_or_equivalent_authorized_market_data_source,2026-06-25T04:29:17.770520Z
2020-01-10,US_13W_YAHOO_IRX,1.4980000257492065,yahoo_query_or_equivalent_authorized_market_data_source,2026-06-25T04:29:17.770520Z
2020-01-13,US_13W_YAHOO_IRX,1.5099999904632568,yahoo_query_or_equivalent_authorized_market_data_source,2026-06-25T04:29:17.770520Z
2020-01-14,US_13W_YAHOO_IRX,1.5299999713897705,yahoo_query_or_equivalent_authorized_market_data_source,2026-06-25T04:29:17.770520Z
2020-01-15,US_13W_YAHOO_IRX,1.5080000162124634,yahoo_query_or_equivalent_authorized_market_data_source,2026-06-25T04:29:17.770520Z
2020-01-16,US_13W_YAHOO_IRX,1.5180000066757202,yahoo_query_or_equivalent_authorized_market_data_source,2026-06-25T04:29:17.770520Z
2020-01-17,US_13W_YAHOO_IRX,1.5230000019073486,yahoo_query_or_equivalent_authorized_market_data_source,2026-06-25T04:29:17.770520Z
2020-01-21,US_13W_YAHOO_IRX,1.503000020980835,yahoo_query_or_equivalent_authorized_market_data_source,2026-06-25T04:29:17.770520Z
2020-01-22,US_13W_YAHOO_IRX,1.5130000114440918,yahoo_query_or_equivalent_authorized_market_data_source,2026-06-25T04:29:17.770520Z
2020-01-23,US_13W_YAHOO_IRX,1.5149999856948853,yahoo_query_or_equivalent_authorized_market_data_source,2026-06-25T04:29:17.770520Z
2020-01-24,US_13W_YAHOO_IRX,1.4900000095367432,yahoo_query_or_equivalent_authorized_market_data_source,2026-06-25T04:29:17.770520Z
2020-01-27,US_13W_YAHOO_IRX,1.5049999952316284,yahoo_query_or_equivalent_authorized_market_data_source,2026-06-25T04:29:17.770520Z
2020-01-28,US_13W_YAHOO_IRX,1.5299999713897705,yahoo_query_or_equivalent_authorized_market_data_source,2026-06-25T04:29:17.770520Z
2020-01-29,US_13W_YAHOO_IRX,1.5199999809265137,yahoo_query_or_equivalent_authorized_market_data_source,2026-06-25T04:29:17.770520Z
2020-01-30,US_13W_YAHOO_IRX,1.527999997138977,yahoo_query_or_equivalent_authorized_market_data_source,2026-06-25T04:29:17.770520Z
2020-01-31,US_13W_YAHOO_IRX,1.5099999904632568,yahoo_query_or_equivalent_authorized_market_data_source,2026-06-25T04:29:17.770520Z
2020-02-03,US_13W_YAHOO_IRX,1.5180000066757202,yahoo_query_or_equivalent_authorized_market_data_source,2026-06-25T04:29:17.770520Z
2020-02-04,US_13W_YAHOO_IRX,1.5379999876022339,yahoo_query_or_equivalent_authorized_market_data_source,2026-06-25T04:29:17.770520Z
2020-02-05,US_13W_YAHOO_IRX,1.5199999809265137,yahoo_query_or_equivalent_authorized_market_data_source,2026-06-25T04:29:17.770520Z
2020-02-06,US_13W_YAHOO_IRX,1.5299999713897705,yahoo_query_or_equivalent_authorized_market_data_source,2026-06-25T04:29:17.770520Z
2020-02-07,US_13W_YAHOO_IRX,1.5180000066757202,yahoo_query_or_equivalent_authorized_market_data_source,2026-06-25T04:29:17.770520Z
2020-02-10,US_13W_YAHOO_IRX,1.5199999809265137,yahoo_query_or_equivalent_authorized_market_data_source,2026-06-25T04:29:17.770520Z
2020-02-11,US_13W_YAHOO_IRX,1.5379999876022339,yahoo_query_or_equivalent_authorized_market_data_source,2026-06-25T04:29:17.770520Z
2020-02-12,US_13W_YAHOO_IRX,1.534999966621399,yahoo_query_or_equivalent_authorized_market_data_source,2026-06-25T04:29:17.770520Z
2020-02-13,US_13W_YAHOO_IRX,1.5449999570846558,yahoo_query_or_equivalent_authorized_market_data_source,2026-06-25T04:29:17.770520Z
2020-02-14,US_13W_YAHOO_IRX,1.534999966621399,yahoo_query_or_equivalent_authorized_market_data_source,2026-06-25T04:29:17.770520Z
2020-02-18,US_13W_YAHOO_IRX,1.534999966621399,yahoo_query_or_equivalent_authorized_market_data_source,2026-06-25T04:29:17.770520Z
2020-02-19,US_13W_YAHOO_IRX,1.5429999828338623,yahoo_query_or_equivalent_authorized_market_data_source,2026-06-25T04:29:17.770520Z
2020-02-20,US_13W_YAHOO_IRX,1.5379999876022339,yahoo_query_or_equivalent_authorized_market_data_source,2026-06-25T04:29:17.770520Z
2020-02-21,US_13W_YAHOO_IRX,1.5180000066757202,yahoo_query_or_equivalent_authorized_market_data_source,2026-06-25T04:29:17.770520Z
2020-02-24,US_13W_YAHOO_IRX,1.503000020980835,yahoo_query_or_equivalent_authorized_market_data_source,2026-06-25T04:29:17.770520Z
2020-02-25,US_13W_YAHOO_IRX,1.4900000095367432,yahoo_query_or_equivalent_authorized_market_data_source,2026-06-25T04:29:17.770520Z
2020-02-26,US_13W_YAHOO_IRX,1.4780000448226929,yahoo_query_or_equivalent_authorized_market_data_source,2026-06-25T04:29:17.770520Z
2020-02-27,US_13W_YAHOO_IRX,1.3949999809265137,yahoo_query_or_equivalent_authorized_market_data_source,2026-06-25T04:29:17.770520Z
2020-02-28,US_13W_YAHOO_IRX,1.2300000190734863,yahoo_query_or_equivalent_authorized_market_data_source,2026-06-25T04:29:17.770520Z
2020-03-02,US_13W_YAHOO_IRX,1.1349999904632568,yahoo_query_or_equivalent_authorized_market_data_source,2026-06-25T04:29:17.770520Z
2020-03-03,US_13W_YAHOO_IRX,0.9179999828338623,yahoo_query_or_equivalent_authorized_market_data_source,2026-06-25T04:29:17.770520Z
2020-03-04,US_13W_YAHOO_IRX,0.675000011920929,yahoo_query_or_equivalent_authorized_market_data_source,2026-06-25T04:29:17.770520Z
2020-03-05,US_13W_YAHOO_IRX,0.5950000286102295,yahoo_query_or_equivalent_authorized_market_data_source,2026-06-25T04:29:17.770520Z
2020-03-06,US_13W_YAHOO_IRX,0.41499999165534973,yahoo_query_or_equivalent_authorized_market_data_source,2026-06-25T04:29:17.770520Z
2020-03-09,US_13W_YAHOO_IRX,0.33000001311302185,yahoo_query_or_equivalent_authorized_market_data_source,2026-06-25T04:29:17.770520Z
2020-03-10,US_13W_YAHOO_IRX,0.38999998569488525,yahoo_query_or_equivalent_authorized_market_data_source,2026-06-25T04:29:17.770520Z
2020-03-11,US_13W_YAHOO_IRX,0.36800000071525574,yahoo_query_or_equivalent_authorized_market_data_source,2026-06-25T04:29:17.770520Z
2020-03-12,US_13W_YAHOO_IRX,0.27300000190734863,yahoo_query_or_equivalent_authorized_market_data_source,2026-06-25T04:29:17.770520Z
2020-03-13,US_13W_YAHOO_IRX,0.24300000071525574,yahoo_query_or_equivalent_authorized_market_data_source,2026-06-25T04:29:17.770520Z
2020-03-16,US_13W_YAHOO_IRX,0.1850000023841858,yahoo_query_or_equivalent_authorized_market_data_source,2026-06-25T04:29:17.770520Z
2020-03-17,US_13W_YAHOO_IRX,0.16500000655651093,yahoo_query_or_equivalent_authorized_market_data_source,2026-06-25T04:29:17.770520Z
2020-03-18,US_13W_YAHOO_IRX,0.003000000026077032,yahoo_query_or_equivalent_authorized_market_data_source,2026-06-25T04:29:17.770520Z
2020-03-19,US_13W_YAHOO_IRX,-0.02800000086426735,yahoo_query_or_equivalent_authorized_market_data_source,2026-06-25T04:29:17.770520Z
2020-03-20,US_13W_YAHOO_IRX,-0.032999999821186066,yahoo_query_or_equivalent_authorized_market_data_source,2026-06-25T04:29:17.770520Z
2020-03-23,US_13W_YAHOO_IRX,-0.03999999910593033,yahoo_query_or_equivalent_authorized_market_data_source,2026-06-25T04:29:17.770520Z
2020-03-24,US_13W_YAHOO_IRX,-0.032999999821186066,yahoo_query_or_equivalent_authorized_market_data_source,2026-06-25T04:29:17.770520Z
2020-03-25,US_13W_YAHOO_IRX,-0.07000000029802322,yahoo_query_or_equivalent_authorized_market_data_source,2026-06-25T04:29:17.770520Z
2020-03-26,US_13W_YAHOO_IRX,-0.10499999672174454,yahoo_query_or_equivalent_authorized_market_data_source,2026-06-25T04:29:17.770520Z
2020-03-27,US_13W_YAHOO_IRX,-0.057999998331069946,yahoo_query_or_equivalent_authorized_market_data_source,2026-06-25T04:29:17.770520Z
2020-03-30,US_13W_YAHOO_IRX,0.013000000268220901,yahoo_query_or_equivalent_authorized_market_data_source,2026-06-25T04:29:17.770520Z
2020-03-31,US_13W_YAHOO_IRX,0.029999999329447746,yahoo_query_or_equivalent_authorized_market_data_source,2026-06-25T04:29:17.770520Z
2020-04-01,US_13W_YAHOO_IRX,0.06300000101327896,yahoo_query_or_equivalent_authorized_market_data_source,2026-06-25T04:29:17.770520Z
2020-04-02,US_13W_YAHOO_IRX,0.06499999761581421,yahoo_query_or_equivalent_authorized_market_data_source,2026-06-25T04:29:17.770520Z
2020-04-03,US_13W_YAHOO_IRX,0.057999998331069946,yahoo_query_or_equivalent_authorized_market_data_source,2026-06-25T04:29:17.770520Z
2020-04-06,US_13W_YAHOO_IRX,0.05999999865889549,yahoo_query_or_equivalent_authorized_market_data_source,2026-06-25T04:29:17.770520Z
2020-04-07,US_13W_YAHOO_IRX,0.12800000607967377,yahoo_query_or_equivalent_authorized_market_data_source,2026-06-25T04:29:17.770520Z
2020-04-08,US_13W_YAHOO_IRX,0.1850000023841858,yahoo_query_or_equivalent_authorized_market_data_source,2026-06-25T04:29:17.770520Z
2020-04-09,US_13W_YAHOO_IRX,0.20999999344348907,yahoo_query_or_equivalent_authorized_market_data_source,2026-06-25T04:29:17.770520Z
2020-04-13,US_13W_YAHOO_IRX,0.20000000298023224,yahoo_query_or_equivalent_authorized_market_data_source,2026-06-25T04:29:17.770520Z
2020-04-14,US_13W_YAHOO_IRX,0.16500000655651093,yahoo_query_or_equivalent_authorized_market_data_source,2026-06-25T04:29:17.770520Z
2020-04-15,US_13W_YAHOO_IRX,0.11500000208616257,yahoo_query_or_equivalent_authorized_market_data_source,2026-06-25T04:29:17.770520Z
2020-04-16,US_13W_YAHOO_IRX,0.10999999940395355,yahoo_query_or_equivalent_authorized_market_data_source,2026-06-25T04:29:17.770520Z
2020-04-17,US_13W_YAHOO_IRX,0.10300000011920929,yahoo_query_or_equivalent_authorized_market_data_source,2026-06-25T04:29:17.770520Z
2020-04-20,US_13W_YAHOO_IRX,0.07000000029802322,yahoo_query_or_equivalent_authorized_market_data_source,2026-06-25T04:29:17.770520Z
2020-04-21,US_13W_YAHOO_IRX,0.09799999743700027,yahoo_query_or_equivalent_authorized_market_data_source,2026-06-25T04:29:17.770520Z
2020-04-22,US_13W_YAHOO_IRX,0.09300000220537186,yahoo_query_or_equivalent_authorized_market_data_source,2026-06-25T04:29:17.770520Z
2020-04-23,US_13W_YAHOO_IRX,0.09300000220537186,yahoo_query_or_equivalent_authorized_market_data_source,2026-06-25T04:29:17.770520Z
2020-04-24,US_13W_YAHOO_IRX,0.10000000149011612,yahoo_query_or_equivalent_authorized_market_data_source,2026-06-25T04:29:17.770520Z
2020-04-27,US_13W_YAHOO_IRX,0.09300000220537186,yahoo_query_or_equivalent_authorized_market_data_source,2026-06-25T04:29:17.770520Z
2020-04-28,US_13W_YAHOO_IRX,0.08500000089406967,yahoo_query_or_equivalent_authorized_market_data_source,2026-06-25T04:29:17.770520Z
2020-04-29,US_13W_YAHOO_IRX,0.09000000357627869,yahoo_query_or_equivalent_authorized_market_data_source,2026-06-25T04:29:17.770520Z
2020-04-30,US_13W_YAHOO_IRX,0.09000000357627869,yahoo_query_or_equivalent_authorized_market_data_source,2026-06-25T04:29:17.770520Z
2020-05-01,US_13W_YAHOO_IRX,0.09300000220537186,yahoo_query_or_equivalent_authorized_market_data_source,2026-06-25T04:29:17.770520Z
2020-05-04,US_13W_YAHOO_IRX,0.09000000357627869,yahoo_query_or_equivalent_authorized_market_data_source,2026-06-25T04:29:17.770520Z
2020-05-05,US_13W_YAHOO_IRX,0.10999999940395355,yahoo_query_or_equivalent_authorized_market_data_source,2026-06-25T04:29:17.770520Z
2020-05-06,US_13W_YAHOO_IRX,0.1080000028014183,yahoo_query_or_equivalent_authorized_market_data_source,2026-06-25T04:29:17.770520Z
2020-05-07,US_13W_YAHOO_IRX,0.0949999988079071,yahoo_query_or_equivalent_authorized_market_data_source,2026-06-25T04:29:17.770520Z
2020-05-08,US_13W_YAHOO_IRX,0.0949999988079071,yahoo_query_or_equivalent_authorized_market_data_source,2026-06-25T04:29:17.770520Z
2020-05-11,US_13W_YAHOO_IRX,0.10499999672174454,yahoo_query_or_equivalent_authorized_market_data_source,2026-06-25T04:29:17.770520Z
2020-05-12,US_13W_YAHOO_IRX,0.12300000339746475,yahoo_query_or_equivalent_authorized_market_data_source,2026-06-25T04:29:17.770520Z
2020-05-13,US_13W_YAHOO_IRX,0.11500000208616257,yahoo_query_or_equivalent_authorized_market_data_source,2026-06-25T04:29:17.770520Z
2020-05-14,US_13W_YAHOO_IRX,0.10499999672174454,yahoo_query_or_equivalent_authorized_market_data_source,2026-06-25T04:29:17.770520Z
2020-05-15,US_13W_YAHOO_IRX,0.10300000011920929,yahoo_query_or_equivalent_authorized_market_data_source,2026-06-25T04:29:17.770520Z
2020-05-18,US_13W_YAHOO_IRX,0.10499999672174454,yahoo_query_or_equivalent_authorized_market_data_source,2026-06-25T04:29:17.770520Z
2020-05-19,US_13W_YAHOO_IRX,0.11800000071525574,yahoo_query_or_equivalent_authorized_market_data_source,2026-06-25T04:29:17.770520Z
2020-05-20,US_13W_YAHOO_IRX,0.11800000071525574,yahoo_query_or_equivalent_authorized_market_data_source,2026-06-25T04:29:17.770520Z
2020-05-21,US_13W_YAHOO_IRX,0.10999999940395355,yahoo_query_or_equivalent_authorized_market_data_source,2026-06-25T04:29:17.770520Z
2020-05-22,US_13W_YAHOO_IRX,0.10999999940395355,yahoo_query_or_equivalent_authorized_market_data_source,2026-06-25T04:29:17.770520Z
2020-05-26,US_13W_YAHOO_IRX,0.11800000071525574,yahoo_query_or_equivalent_authorized_market_data_source,2026-06-25T04:29:17.770520Z
2020-05-27,US_13W_YAHOO_IRX,0.13500000536441803,yahoo_query_or_equivalent_authorized_market_data_source,2026-06-25T04:29:17.770520Z
2020-05-28,US_13W_YAHOO_IRX,0.1379999965429306,yahoo_query_or_equivalent_authorized_market_data_source,2026-06-25T04:29:17.770520Z
2020-05-29,US_13W_YAHOO_IRX,0.12800000607967377,yahoo_query_or_equivalent_authorized_market_data_source,2026-06-25T04:29:17.770520Z
2020-06-01,US_13W_YAHOO_IRX,0.12800000607967377,yahoo_query_or_equivalent_authorized_market_data_source,2026-06-25T04:29:17.770520Z
2020-06-02,US_13W_YAHOO_IRX,0.14499999582767487,yahoo_query_or_equivalent_authorized_market_data_source,2026-06-25T04:29:17.770520Z
2020-06-03,US_13W_YAHOO_IRX,0.14800000190734863,yahoo_query_or_equivalent_authorized_market_data_source,2026-06-25T04:29:17.770520Z
2020-06-04,US_13W_YAHOO_IRX,0.14000000059604645,yahoo_query_or_equivalent_authorized_market_data_source,2026-06-25T04:29:17.770520Z
2020-06-05,US_13W_YAHOO_IRX,0.14499999582767487,yahoo_query_or_equivalent_authorized_market_data_source,2026-06-25T04:29:17.770520Z
2020-06-08,US_13W_YAHOO_IRX,0.15299999713897705,yahoo_query_or_equivalent_authorized_market_data_source,2026-06-25T04:29:17.770520Z
2020-06-09,US_13W_YAHOO_IRX,0.16500000655651093,yahoo_query_or_equivalent_authorized_market_data_source,2026-06-25T04:29:17.770520Z
2020-06-10,US_13W_YAHOO_IRX,0.16500000655651093,yahoo_query_or_equivalent_authorized_market_data_source,2026-06-25T04:29:17.770520Z
2020-06-11,US_13W_YAHOO_IRX,0.15299999713897705,yahoo_query_or_equivalent_authorized_market_data_source,2026-06-25T04:29:17.770520Z
2020-06-12,US_13W_YAHOO_IRX,0.15000000596046448,yahoo_query_or_equivalent_authorized_market_data_source,2026-06-25T04:29:17.770520Z
2020-06-15,US_13W_YAHOO_IRX,0.1550000011920929,yahoo_query_or_equivalent_authorized_market_data_source,2026-06-25T04:29:17.770520Z
2020-06-16,US_13W_YAHOO_IRX,0.1599999964237213,yahoo_query_or_equivalent_authorized_market_data_source,2026-06-25T04:29:17.770520Z
2020-06-17,US_13W_YAHOO_IRX,0.16500000655651093,yahoo_query_or_equivalent_authorized_market_data_source,2026-06-25T04:29:17.770520Z
2020-06-18,US_13W_YAHOO_IRX,0.14000000059604645,yahoo_query_or_equivalent_authorized_market_data_source,2026-06-25T04:29:17.770520Z
2020-06-19,US_13W_YAHOO_IRX,0.14300000667572021,yahoo_query_or_equivalent_authorized_market_data_source,2026-06-25T04:29:17.770520Z
2020-06-22,US_13W_YAHOO_IRX,0.14000000059604645,yahoo_query_or_equivalent_authorized_market_data_source,2026-06-25T04:29:17.770520Z
2020-06-23,US_13W_YAHOO_IRX,0.14000000059604645,yahoo_query_or_equivalent_authorized_market_data_source,2026-06-25T04:29:17.770520Z
2020-06-24,US_13W_YAHOO_IRX,0.13500000536441803,yahoo_query_or_equivalent_authorized_market_data_source,2026-06-25T04:29:17.770520Z
2020-06-25,US_13W_YAHOO_IRX,0.12999999523162842,yahoo_query_or_equivalent_authorized_market_data_source,2026-06-25T04:29:17.770520Z
2020-06-26,US_13W_YAHOO_IRX,0.13300000131130219,yahoo_query_or_equivalent_authorized_market_data_source,2026-06-25T04:29:17.770520Z
2020-06-29,US_13W_YAHOO_IRX,0.125,yahoo_query_or_equivalent_authorized_market_data_source,2026-06-25T04:29:17.770520Z
2020-06-30,US_13W_YAHOO_IRX,0.13500000536441803,yahoo_query_or_equivalent_authorized_market_data_source,2026-06-25T04:29:17.770520Z
2020-07-01,US_13W_YAHOO_IRX,0.12999999523162842,yahoo_query_or_equivalent_authorized_market_data_source,2026-06-25T04:29:17.770520Z
2020-07-02,US_13W_YAHOO_IRX,0.13300000131130219,yahoo_query_or_equivalent_authorized_market_data_source,2026-06-25T04:29:17.770520Z
2020-07-06,US_13W_YAHOO_IRX,0.12800000607967377,yahoo_query_or_equivalent_authorized_market_data_source,2026-06-25T04:29:17.770520Z
2020-07-07,US_13W_YAHOO_IRX,0.14000000059604645,yahoo_query_or_equivalent_authorized_market_data_source,2026-06-25T04:29:17.770520Z
2020-07-08,US_13W_YAHOO_IRX,0.13500000536441803,yahoo_query_or_equivalent_authorized_market_data_source,2026-06-25T04:29:17.770520Z
2020-07-09,US_13W_YAHOO_IRX,0.12300000339746475,yahoo_query_or_equivalent_authorized_market_data_source,2026-06-25T04:29:17.770520Z
2020-07-10,US_13W_YAHOO_IRX,0.11999999731779099,yahoo_query_or_equivalent_authorized_market_data_source,2026-06-25T04:29:17.770520Z
2020-07-13,US_13W_YAHOO_IRX,0.125,yahoo_query_or_equivalent_authorized_market_data_source,2026-06-25T04:29:17.770520Z
2020-07-14,US_13W_YAHOO_IRX,0.13300000131130219,yahoo_query_or_equivalent_authorized_market_data_source,2026-06-25T04:29:17.770520Z
2020-07-15,US_13W_YAHOO_IRX,0.125,yahoo_query_or_equivalent_authorized_market_data_source,2026-06-25T04:29:17.770520Z
2020-07-16,US_13W_YAHOO_IRX,0.10300000011920929,yahoo_query_or_equivalent_authorized_market_data_source,2026-06-25T04:29:17.770520Z
2020-07-17,US_13W_YAHOO_IRX,0.10499999672174454,yahoo_query_or_equivalent_authorized_market_data_source,2026-06-25T04:29:17.770520Z
2020-07-20,US_13W_YAHOO_IRX,0.10499999672174454,yahoo_query_or_equivalent_authorized_market_data_source,2026-06-25T04:29:17.770520Z
2020-07-21,US_13W_YAHOO_IRX,0.10999999940395355,yahoo_query_or_equivalent_authorized_market_data_source,2026-06-25T04:29:17.770520Z
2020-07-22,US_13W_YAHOO_IRX,0.10000000149011612,yahoo_query_or_equivalent_authorized_market_data_source,2026-06-25T04:29:17.770520Z
2020-07-23,US_13W_YAHOO_IRX,0.10300000011920929,yahoo_query_or_equivalent_authorized_market_data_source,2026-06-25T04:29:17.770520Z
2020-07-24,US_13W_YAHOO_IRX,0.09799999743700027,yahoo_query_or_equivalent_authorized_market_data_source,2026-06-25T04:29:17.770520Z
2020-07-27,US_13W_YAHOO_IRX,0.09300000220537186,yahoo_query_or_equivalent_authorized_market_data_source,2026-06-25T04:29:17.770520Z
2020-07-28,US_13W_YAHOO_IRX,0.10300000011920929,yahoo_query_or_equivalent_authorized_market_data_source,2026-06-25T04:29:17.770520Z
2020-07-29,US_13W_YAHOO_IRX,0.09000000357627869,yahoo_query_or_equivalent_authorized_market_data_source,2026-06-25T04:29:17.770520Z
2020-07-30,US_13W_YAHOO_IRX,0.08500000089406967,yahoo_query_or_equivalent_authorized_market_data_source,2026-06-25T04:29:17.770520Z
2020-07-31,US_13W_YAHOO_IRX,0.08299999684095383,yahoo_query_or_equivalent_authorized_market_data_source,2026-06-25T04:29:17.770520Z
2020-08-03,US_13W_YAHOO_IRX,0.07800000160932541,yahoo_query_or_equivalent_authorized_market_data_source,2026-06-25T04:29:17.770520Z
2020-08-04,US_13W_YAHOO_IRX,0.09000000357627869,yahoo_query_or_equivalent_authorized_market_data_source,2026-06-25T04:29:17.770520Z
2020-08-05,US_13W_YAHOO_IRX,0.0949999988079071,yahoo_query_or_equivalent_authorized_market_data_source,2026-06-25T04:29:17.770520Z
2020-08-06,US_13W_YAHOO_IRX,0.08799999952316284,yahoo_query_or_equivalent_authorized_market_data_source,2026-06-25T04:29:17.770520Z
2020-08-07,US_13W_YAHOO_IRX,0.08799999952316284,yahoo_query_or_equivalent_authorized_market_data_source,2026-06-25T04:29:17.770520Z
2020-08-10,US_13W_YAHOO_IRX,0.08799999952316284,yahoo_query_or_equivalent_authorized_market_data_source,2026-06-25T04:29:17.770520Z
2020-08-11,US_13W_YAHOO_IRX,0.10000000149011612,yahoo_query_or_equivalent_authorized_market_data_source,2026-06-25T04:29:17.770520Z
2020-08-12,US_13W_YAHOO_IRX,0.10000000149011612,yahoo_query_or_equivalent_authorized_market_data_source,2026-06-25T04:29:17.770520Z
2020-08-13,US_13W_YAHOO_IRX,0.09000000357627869,yahoo_query_or_equivalent_authorized_market_data_source,2026-06-25T04:29:17.770520Z
2020-08-14,US_13W_YAHOO_IRX,0.08799999952316284,yahoo_query_or_equivalent_authorized_market_data_source,2026-06-25T04:29:17.770520Z
2020-08-17,US_13W_YAHOO_IRX,0.08500000089406967,yahoo_query_or_equivalent_authorized_market_data_source,2026-06-25T04:29:17.770520Z
2020-08-18,US_13W_YAHOO_IRX,0.10000000149011612,yahoo_query_or_equivalent_authorized_market_data_source,2026-06-25T04:29:17.770520Z
2020-08-19,US_13W_YAHOO_IRX,0.0949999988079071,yahoo_query_or_equivalent_authorized_market_data_source,2026-06-25T04:29:17.770520Z
2020-08-20,US_13W_YAHOO_IRX,0.08799999952316284,yahoo_query_or_equivalent_authorized_market_data_source,2026-06-25T04:29:17.770520Z
2020-08-21,US_13W_YAHOO_IRX,0.08799999952316284,yahoo_query_or_equivalent_authorized_market_data_source,2026-06-25T04:29:17.770520Z
2020-08-24,US_13W_YAHOO_IRX,0.08500000089406967,yahoo_query_or_equivalent_authorized_market_data_source,2026-06-25T04:29:17.770520Z
2020-08-25,US_13W_YAHOO_IRX,0.0949999988079071,yahoo_query_or_equivalent_authorized_market_data_source,2026-06-25T04:29:17.770520Z
2020-08-26,US_13W_YAHOO_IRX,0.09300000220537186,yahoo_query_or_equivalent_authorized_market_data_source,2026-06-25T04:29:17.770520Z
2020-08-27,US_13W_YAHOO_IRX,0.0949999988079071,yahoo_query_or_equivalent_authorized_market_data_source,2026-06-25T04:29:17.770520Z
2020-08-28,US_13W_YAHOO_IRX,0.0949999988079071,yahoo_query_or_equivalent_authorized_market_data_source,2026-06-25T04:29:17.770520Z
2020-08-31,US_13W_YAHOO_IRX,0.0949999988079071,yahoo_query_or_equivalent_authorized_market_data_source,2026-06-25T04:29:17.770520Z
2020-09-01,US_13W_YAHOO_IRX,0.10000000149011612,yahoo_query_or_equivalent_authorized_market_data_source,2026-06-25T04:29:17.770520Z
2020-09-02,US_13W_YAHOO_IRX,0.10000000149011612,yahoo_query_or_equivalent_authorized_market_data_source,2026-06-25T04:29:17.770520Z
2020-09-03,US_13W_YAHOO_IRX,0.10000000149011612,yahoo_query_or_equivalent_authorized_market_data_source,2026-06-25T04:29:17.770520Z
2020-09-04,US_13W_YAHOO_IRX,0.10300000011920929,yahoo_query_or_equivalent_authorized_market_data_source,2026-06-25T04:29:17.770520Z
2020-09-08,US_13W_YAHOO_IRX,0.1080000028014183,yahoo_query_or_equivalent_authorized_market_data_source,2026-06-25T04:29:17.770520Z
2020-09-09,US_13W_YAHOO_IRX,0.10499999672174454,yahoo_query_or_equivalent_authorized_market_data_source,2026-06-25T04:29:17.770520Z
2020-09-10,US_13W_YAHOO_IRX,0.10300000011920929,yahoo_query_or_equivalent_authorized_market_data_source,2026-06-25T04:29:17.770520Z
2020-09-11,US_13W_YAHOO_IRX,0.10300000011920929,yahoo_query_or_equivalent_authorized_market_data_source,2026-06-25T04:29:17.770520Z
2020-09-14,US_13W_YAHOO_IRX,0.10000000149011612,yahoo_query_or_equivalent_authorized_market_data_source,2026-06-25T04:29:17.770520Z
2020-09-15,US_13W_YAHOO_IRX,0.10000000149011612,yahoo_query_or_equivalent_authorized_market_data_source,2026-06-25T04:29:17.770520Z
2020-09-16,US_13W_YAHOO_IRX,0.10000000149011612,yahoo_query_or_equivalent_authorized_market_data_source,2026-06-25T04:29:17.770520Z
2020-09-17,US_13W_YAHOO_IRX,0.08500000089406967,yahoo_query_or_equivalent_authorized_market_data_source,2026-06-25T04:29:17.770520Z
2020-09-18,US_13W_YAHOO_IRX,0.08299999684095383,yahoo_query_or_equivalent_authorized_market_data_source,2026-06-25T04:29:17.770520Z
2020-09-21,US_13W_YAHOO_IRX,0.07999999821186066,yahoo_query_or_equivalent_authorized_market_data_source,2026-06-25T04:29:17.770520Z
2020-09-22,US_13W_YAHOO_IRX,0.08799999952316284,yahoo_query_or_equivalent_authorized_market_data_source,2026-06-25T04:29:17.770520Z
2020-09-23,US_13W_YAHOO_IRX,0.08799999952316284,yahoo_query_or_equivalent_authorized_market_data_source,2026-06-25T04:29:17.770520Z
2020-09-24,US_13W_YAHOO_IRX,0.09300000220537186,yahoo_query_or_equivalent_authorized_market_data_source,2026-06-25T04:29:17.770520Z
2020-09-25,US_13W_YAHOO_IRX,0.09000000357627869,yahoo_query_or_equivalent_authorized_market_data_source,2026-06-25T04:29:17.770520Z
2020-09-28,US_13W_YAHOO_IRX,0.08799999952316284,yahoo_query_or_equivalent_authorized_market_data_source,2026-06-25T04:29:17.770520Z
2020-09-29,US_13W_YAHOO_IRX,0.08500000089406967,yahoo_query_or_equivalent_authorized_market_data_source,2026-06-25T04:29:17.770520Z
2020-09-30,US_13W_YAHOO_IRX,0.08500000089406967,yahoo_query_or_equivalent_authorized_market_data_source,2026-06-25T04:29:17.770520Z
2020-10-01,US_13W_YAHOO_IRX,0.08299999684095383,yahoo_query_or_equivalent_authorized_market_data_source,2026-06-25T04:29:17.770520Z
2020-10-02,US_13W_YAHOO_IRX,0.08500000089406967,yahoo_query_or_equivalent_authorized_market_data_source,2026-06-25T04:29:17.770520Z
2020-10-05,US_13W_YAHOO_IRX,0.08500000089406967,yahoo_query_or_equivalent_authorized_market_data_source,2026-06-25T04:29:17.770520Z
2020-10-06,US_13W_YAHOO_IRX,0.08799999952316284,yahoo_query_or_equivalent_authorized_market_data_source,2026-06-25T04:29:17.770520Z
2020-10-07,US_13W_YAHOO_IRX,0.08799999952316284,yahoo_query_or_equivalent_authorized_market_data_source,2026-06-25T04:29:17.770520Z
2020-10-08,US_13W_YAHOO_IRX,0.08799999952316284,yahoo_query_or_equivalent_authorized_market_data_source,2026-06-25T04:29:17.770520Z
2020-10-09,US_13W_YAHOO_IRX,0.09300000220537186,yahoo_query_or_equivalent_authorized_market_data_source,2026-06-25T04:29:17.770520Z
2020-10-12,US_13W_YAHOO_IRX,0.09000000357627869,yahoo_query_or_equivalent_authorized_market_data_source,2026-06-25T04:29:17.770520Z
2020-10-13,US_13W_YAHOO_IRX,0.09300000220537186,yahoo_query_or_equivalent_authorized_market_data_source,2026-06-25T04:29:17.770520Z
2020-10-14,US_13W_YAHOO_IRX,0.10000000149011612,yahoo_query_or_equivalent_authorized_market_data_source,2026-06-25T04:29:17.770520Z
2020-10-15,US_13W_YAHOO_IRX,0.0949999988079071,yahoo_query_or_equivalent_authorized_market_data_source,2026-06-25T04:29:17.770520Z
2020-10-16,US_13W_YAHOO_IRX,0.09000000357627869,yahoo_query_or_equivalent_authorized_market_data_source,2026-06-25T04:29:17.770520Z
2020-10-19,US_13W_YAHOO_IRX,0.09000000357627869,yahoo_query_or_equivalent_authorized_market_data_source,2026-06-25T04:29:17.770520Z
2020-10-20,US_13W_YAHOO_IRX,0.0949999988079071,yahoo_query_or_equivalent_authorized_market_data_source,2026-06-25T04:29:17.770520Z
2020-10-21,US_13W_YAHOO_IRX,0.09000000357627869,yahoo_query_or_equivalent_authorized_market_data_source,2026-06-25T04:29:17.770520Z
2020-10-22,US_13W_YAHOO_IRX,0.08500000089406967,yahoo_query_or_equivalent_authorized_market_data_source,2026-06-25T04:29:17.770520Z
2020-10-23,US_13W_YAHOO_IRX,0.08299999684095383,yahoo_query_or_equivalent_authorized_market_data_source,2026-06-25T04:29:17.770520Z
2020-10-26,US_13W_YAHOO_IRX,0.07999999821186066,yahoo_query_or_equivalent_authorized_market_data_source,2026-06-25T04:29:17.770520Z
2020-10-27,US_13W_YAHOO_IRX,0.09000000357627869,yahoo_query_or_equivalent_authorized_market_data_source,2026-06-25T04:29:17.770520Z
2020-10-28,US_13W_YAHOO_IRX,0.09000000357627869,yahoo_query_or_equivalent_authorized_market_data_source,2026-06-25T04:29:17.770520Z
2020-10-29,US_13W_YAHOO_IRX,0.08299999684095383,yahoo_query_or_equivalent_authorized_market_data_source,2026-06-25T04:29:17.770520Z
2020-10-30,US_13W_YAHOO_IRX,0.08299999684095383,yahoo_query_or_equivalent_authorized_market_data_source,2026-06-25T04:29:17.770520Z
2020-11-02,US_13W_YAHOO_IRX,0.08299999684095383,yahoo_query_or_equivalent_authorized_market_data_source,2026-06-25T04:29:17.770520Z
2020-11-03,US_13W_YAHOO_IRX,0.09000000357627869,yahoo_query_or_equivalent_authorized_market_data_source,2026-06-25T04:29:17.770520Z
2020-11-04,US_13W_YAHOO_IRX,0.08299999684095383,yahoo_query_or_equivalent_authorized_market_data_source,2026-06-25T04:29:17.770520Z
2020-11-05,US_13W_YAHOO_IRX,0.08500000089406967,yahoo_query_or_equivalent_authorized_market_data_source,2026-06-25T04:29:17.770520Z
2020-11-06,US_13W_YAHOO_IRX,0.08299999684095383,yahoo_query_or_equivalent_authorized_market_data_source,2026-06-25T04:29:17.770520Z
2020-11-09,US_13W_YAHOO_IRX,0.08799999952316284,yahoo_query_or_equivalent_authorized_market_data_source,2026-06-25T04:29:17.770520Z
2020-11-10,US_13W_YAHOO_IRX,0.09000000357627869,yahoo_query_or_equivalent_authorized_market_data_source,2026-06-25T04:29:17.770520Z
2020-11-11,US_13W_YAHOO_IRX,0.09000000357627869,yahoo_query_or_equivalent_authorized_market_data_source,2026-06-25T04:29:17.770520Z
2020-11-12,US_13W_YAHOO_IRX,0.08500000089406967,yahoo_query_or_equivalent_authorized_market_data_source,2026-06-25T04:29:17.770520Z
2020-11-13,US_13W_YAHOO_IRX,0.08299999684095383,yahoo_query_or_equivalent_authorized_market_data_source,2026-06-25T04:29:17.770520Z
2020-11-16,US_13W_YAHOO_IRX,0.07500000298023224,yahoo_query_or_equivalent_authorized_market_data_source,2026-06-25T04:29:17.770520Z
2020-11-17,US_13W_YAHOO_IRX,0.07999999821186066,yahoo_query_or_equivalent_authorized_market_data_source,2026-06-25T04:29:17.770520Z
2020-11-18,US_13W_YAHOO_IRX,0.07500000298023224,yahoo_query_or_equivalent_authorized_market_data_source,2026-06-25T04:29:17.770520Z
2020-11-19,US_13W_YAHOO_IRX,0.05999999865889549,yahoo_query_or_equivalent_authorized_market_data_source,2026-06-25T04:29:17.770520Z
2020-11-20,US_13W_YAHOO_IRX,0.057999998331069946,yahoo_query_or_equivalent_authorized_market_data_source,2026-06-25T04:29:17.770520Z
2020-11-23,US_13W_YAHOO_IRX,0.07000000029802322,yahoo_query_or_equivalent_authorized_market_data_source,2026-06-25T04:29:17.770520Z
2020-11-24,US_13W_YAHOO_IRX,0.07999999821186066,yahoo_query_or_equivalent_authorized_market_data_source,2026-06-25T04:29:17.770520Z
2020-11-25,US_13W_YAHOO_IRX,0.07999999821186066,yahoo_query_or_equivalent_authorized_market_data_source,2026-06-25T04:29:17.770520Z
2020-11-27,US_13W_YAHOO_IRX,0.0729999989271164,yahoo_query_or_equivalent_authorized_market_data_source,2026-06-25T04:29:17.770520Z
2020-11-30,US_13W_YAHOO_IRX,0.07500000298023224,yahoo_query_or_equivalent_authorized_market_data_source,2026-06-25T04:29:17.770520Z
2020-12-01,US_13W_YAHOO_IRX,0.07999999821186066,yahoo_query_or_equivalent_authorized_market_data_source,2026-06-25T04:29:17.770520Z
2020-12-02,US_13W_YAHOO_IRX,0.07500000298023224,yahoo_query_or_equivalent_authorized_market_data_source,2026-06-25T04:29:17.770520Z
2020-12-03,US_13W_YAHOO_IRX,0.07500000298023224,yahoo_query_or_equivalent_authorized_market_data_source,2026-06-25T04:29:17.770520Z
2020-12-04,US_13W_YAHOO_IRX,0.07500000298023224,yahoo_query_or_equivalent_authorized_market_data_source,2026-06-25T04:29:17.770520Z
2020-12-07,US_13W_YAHOO_IRX,0.07000000029802322,yahoo_query_or_equivalent_authorized_market_data_source,2026-06-25T04:29:17.770520Z
2020-12-08,US_13W_YAHOO_IRX,0.06800000369548798,yahoo_query_or_equivalent_authorized_market_data_source,2026-06-25T04:29:17.770520Z
2020-12-09,US_13W_YAHOO_IRX,0.07000000029802322,yahoo_query_or_equivalent_authorized_market_data_source,2026-06-25T04:29:17.770520Z
2020-12-10,US_13W_YAHOO_IRX,0.07000000029802322,yahoo_query_or_equivalent_authorized_market_data_source,2026-06-25T04:29:17.770520Z
2020-12-11,US_13W_YAHOO_IRX,0.06499999761581421,yahoo_query_or_equivalent_authorized_market_data_source,2026-06-25T04:29:17.770520Z
2020-12-14,US_13W_YAHOO_IRX,0.05999999865889549,yahoo_query_or_equivalent_authorized_market_data_source,2026-06-25T04:29:17.770520Z
2020-12-15,US_13W_YAHOO_IRX,0.07000000029802322,yahoo_query_or_equivalent_authorized_market_data_source,2026-06-25T04:29:17.770520Z
2020-12-16,US_13W_YAHOO_IRX,0.07500000298023224,yahoo_query_or_equivalent_authorized_market_data_source,2026-06-25T04:29:17.770520Z
2020-12-17,US_13W_YAHOO_IRX,0.07999999821186066,yahoo_query_or_equivalent_authorized_market_data_source,2026-06-25T04:29:17.770520Z
2020-12-18,US_13W_YAHOO_IRX,0.07999999821186066,yahoo_query_or_equivalent_authorized_market_data_source,2026-06-25T04:29:17.770520Z
2020-12-21,US_13W_YAHOO_IRX,0.07800000160932541,yahoo_query_or_equivalent_authorized_market_data_source,2026-06-25T04:29:17.770520Z
2020-12-22,US_13W_YAHOO_IRX,0.07800000160932541,yahoo_query_or_equivalent_authorized_market_data_source,2026-06-25T04:29:17.770520Z
2020-12-23,US_13W_YAHOO_IRX,0.07500000298023224,yahoo_query_or_equivalent_authorized_market_data_source,2026-06-25T04:29:17.770520Z
2020-12-24,US_13W_YAHOO_IRX,0.07500000298023224,yahoo_query_or_equivalent_authorized_market_data_source,2026-06-25T04:29:17.770520Z
2020-12-28,US_13W_YAHOO_IRX,0.07999999821186066,yahoo_query_or_equivalent_authorized_market_data_source,2026-06-25T04:29:17.770520Z
2020-12-29,US_13W_YAHOO_IRX,0.09000000357627869,yahoo_query_or_equivalent_authorized_market_data_source,2026-06-25T04:29:17.770520Z
2020-12-30,US_13W_YAHOO_IRX,0.07000000029802322,yahoo_query_or_equivalent_authorized_market_data_source,2026-06-25T04:29:17.770520Z
2020-12-31,US_13W_YAHOO_IRX,0.06499999761581421,yahoo_query_or_equivalent_authorized_market_data_source,2026-06-25T04:29:17.770520Z
2021-01-04,US_13W_YAHOO_IRX,0.06800000369548798,yahoo_query_or_equivalent_authorized_market_data_source,2026-06-25T04:29:17.770520Z
2021-01-05,US_13W_YAHOO_IRX,0.07800000160932541,yahoo_query_or_equivalent_authorized_market_data_source,2026-06-25T04:29:17.770520Z
2021-01-06,US_13W_YAHOO_IRX,0.07800000160932541,yahoo_query_or_equivalent_authorized_market_data_source,2026-06-25T04:29:17.770520Z
2021-01-07,US_13W_YAHOO_IRX,0.07999999821186066,yahoo_query_or_equivalent_authorized_market_data_source,2026-06-25T04:29:17.770520Z
2021-01-08,US_13W_YAHOO_IRX,0.07999999821186066,yahoo_query_or_equivalent_authorized_market_data_source,2026-06-25T04:29:17.770520Z
2021-01-11,US_13W_YAHOO_IRX,0.07999999821186066,yahoo_query_or_equivalent_authorized_market_data_source,2026-06-25T04:29:17.770520Z
2021-01-12,US_13W_YAHOO_IRX,0.07999999821186066,yahoo_query_or_equivalent_authorized_market_data_source,2026-06-25T04:29:17.770520Z
2021-01-13,US_13W_YAHOO_IRX,0.07999999821186066,yahoo_query_or_equivalent_authorized_market_data_source,2026-06-25T04:29:17.770520Z
2021-01-14,US_13W_YAHOO_IRX,0.07500000298023224,yahoo_query_or_equivalent_authorized_market_data_source,2026-06-25T04:29:17.770520Z
2021-01-15,US_13W_YAHOO_IRX,0.07500000298023224,yahoo_query_or_equivalent_authorized_market_data_source,2026-06-25T04:29:17.770520Z
2021-01-19,US_13W_YAHOO_IRX,0.0729999989271164,yahoo_query_or_equivalent_authorized_market_data_source,2026-06-25T04:29:17.770520Z
2021-01-20,US_13W_YAHOO_IRX,0.07500000298023224,yahoo_query_or_equivalent_authorized_market_data_source,2026-06-25T04:29:17.770520Z
2021-01-21,US_13W_YAHOO_IRX,0.0729999989271164,yahoo_query_or_equivalent_authorized_market_data_source,2026-06-25T04:29:17.770520Z
2021-01-22,US_13W_YAHOO_IRX,0.07000000029802322,yahoo_query_or_equivalent_authorized_market_data_source,2026-06-25T04:29:17.770520Z
2021-01-25,US_13W_YAHOO_IRX,0.07000000029802322,yahoo_query_or_equivalent_authorized_market_data_source,2026-06-25T04:29:17.770520Z
2021-01-26,US_13W_YAHOO_IRX,0.06800000369548798,yahoo_query_or_equivalent_authorized_market_data_source,2026-06-25T04:29:17.770520Z
2021-01-27,US_13W_YAHOO_IRX,0.05999999865889549,yahoo_query_or_equivalent_authorized_market_data_source,2026-06-25T04:29:17.770520Z
2021-01-28,US_13W_YAHOO_IRX,0.054999999701976776,yahoo_query_or_equivalent_authorized_market_data_source,2026-06-25T04:29:17.770520Z
2021-01-29,US_13W_YAHOO_IRX,0.04800000041723251,yahoo_query_or_equivalent_authorized_market_data_source,2026-06-25T04:29:17.770520Z
2021-02-01,US_13W_YAHOO_IRX,0.04800000041723251,yahoo_query_or_equivalent_authorized_market_data_source,2026-06-25T04:29:17.770520Z
2021-02-02,US_13W_YAHOO_IRX,0.05000000074505806,yahoo_query_or_equivalent_authorized_market_data_source,2026-06-25T04:29:17.770520Z
2021-02-03,US_13W_YAHOO_IRX,0.03999999910593033,yahoo_query_or_equivalent_authorized_market_data_source,2026-06-25T04:29:17.770520Z
2021-02-04,US_13W_YAHOO_IRX,0.029999999329447746,yahoo_query_or_equivalent_authorized_market_data_source,2026-06-25T04:29:17.770520Z
2021-02-05,US_13W_YAHOO_IRX,0.023000000044703484,yahoo_query_or_equivalent_authorized_market_data_source,2026-06-25T04:29:17.770520Z
2021-02-08,US_13W_YAHOO_IRX,0.019999999552965164,yahoo_query_or_equivalent_authorized_market_data_source,2026-06-25T04:29:17.770520Z
2021-02-09,US_13W_YAHOO_IRX,0.032999999821186066,yahoo_query_or_equivalent_authorized_market_data_source,2026-06-25T04:29:17.770520Z
2021-02-10,US_13W_YAHOO_IRX,0.03500000014901161,yahoo_query_or_equivalent_authorized_market_data_source,2026-06-25T04:29:17.770520Z
2021-02-11,US_13W_YAHOO_IRX,0.03500000014901161,yahoo_query_or_equivalent_authorized_market_data_source,2026-06-25T04:29:17.770520Z
2021-02-12,US_13W_YAHOO_IRX,0.03500000014901161,yahoo_query_or_equivalent_authorized_market_data_source,2026-06-25T04:29:17.770520Z
2021-02-16,US_13W_YAHOO_IRX,0.03500000014901161,yahoo_query_or_equivalent_authorized_market_data_source,2026-06-25T04:29:17.770520Z
2021-02-17,US_13W_YAHOO_IRX,0.03500000014901161,yahoo_query_or_equivalent_authorized_market_data_source,2026-06-25T04:29:17.770520Z
2021-02-18,US_13W_YAHOO_IRX,0.023000000044703484,yahoo_query_or_equivalent_authorized_market_data_source,2026-06-25T04:29:17.770520Z
2021-02-19,US_13W_YAHOO_IRX,0.023000000044703484,yahoo_query_or_equivalent_authorized_market_data_source,2026-06-25T04:29:17.770520Z
2021-02-22,US_13W_YAHOO_IRX,0.02500000037252903,yahoo_query_or_equivalent_authorized_market_data_source,2026-06-25T04:29:17.770520Z
2021-02-23,US_13W_YAHOO_IRX,0.023000000044703484,yahoo_query_or_equivalent_authorized_market_data_source,2026-06-25T04:29:17.770520Z
2021-02-24,US_13W_YAHOO_IRX,0.02800000086426735,yahoo_query_or_equivalent_authorized_market_data_source,2026-06-25T04:29:17.770520Z
2021-02-25,US_13W_YAHOO_IRX,0.032999999821186066,yahoo_query_or_equivalent_authorized_market_data_source,2026-06-25T04:29:17.770520Z
2021-02-26,US_13W_YAHOO_IRX,0.03500000014901161,yahoo_query_or_equivalent_authorized_market_data_source,2026-06-25T04:29:17.770520Z
2021-03-01,US_13W_YAHOO_IRX,0.02800000086426735,yahoo_query_or_equivalent_authorized_market_data_source,2026-06-25T04:29:17.770520Z
2021-03-02,US_13W_YAHOO_IRX,0.03500000014901161,yahoo_query_or_equivalent_authorized_market_data_source,2026-06-25T04:29:17.770520Z
2021-03-03,US_13W_YAHOO_IRX,0.03500000014901161,yahoo_query_or_equivalent_authorized_market_data_source,2026-06-25T04:29:17.770520Z
2021-03-04,US_13W_YAHOO_IRX,0.02800000086426735,yahoo_query_or_equivalent_authorized_market_data_source,2026-06-25T04:29:17.770520Z
2021-03-05,US_13W_YAHOO_IRX,0.02800000086426735,yahoo_query_or_equivalent_authorized_market_data_source,2026-06-25T04:29:17.770520Z
2021-03-08,US_13W_YAHOO_IRX,0.03500000014901161,yahoo_query_or_equivalent_authorized_market_data_source,2026-06-25T04:29:17.770520Z
2021-03-09,US_13W_YAHOO_IRX,0.03500000014901161,yahoo_query_or_equivalent_authorized_market_data_source,2026-06-25T04:29:17.770520Z
2021-03-10,US_13W_YAHOO_IRX,0.029999999329447746,yahoo_query_or_equivalent_authorized_market_data_source,2026-06-25T04:29:17.770520Z
2021-03-11,US_13W_YAHOO_IRX,0.02800000086426735,yahoo_query_or_equivalent_authorized_market_data_source,2026-06-25T04:29:17.770520Z
2021-03-12,US_13W_YAHOO_IRX,0.02500000037252903,yahoo_query_or_equivalent_authorized_market_data_source,2026-06-25T04:29:17.770520Z
2021-03-15,US_13W_YAHOO_IRX,0.014999999664723873,yahoo_query_or_equivalent_authorized_market_data_source,2026-06-25T04:29:17.770520Z
2021-03-16,US_13W_YAHOO_IRX,0.00800000037997961,yahoo_query_or_equivalent_authorized_market_data_source,2026-06-25T04:29:17.770520Z
2021-03-17,US_13W_YAHOO_IRX,0.00800000037997961,yahoo_query_or_equivalent_authorized_market_data_source,2026-06-25T04:29:17.770520Z
2021-03-18,US_13W_YAHOO_IRX,0.003000000026077032,yahoo_query_or_equivalent_authorized_market_data_source,2026-06-25T04:29:17.770520Z
2021-03-19,US_13W_YAHOO_IRX,0.004999999888241291,yahoo_query_or_equivalent_authorized_market_data_source,2026-06-25T04:29:17.770520Z
2021-03-22,US_13W_YAHOO_IRX,0.004999999888241291,yahoo_query_or_equivalent_authorized_market_data_source,2026-06-25T04:29:17.770520Z
2021-03-23,US_13W_YAHOO_IRX,0.009999999776482582,yahoo_query_or_equivalent_authorized_market_data_source,2026-06-25T04:29:17.770520Z
2021-03-24,US_13W_YAHOO_IRX,0.014999999664723873,yahoo_query_or_equivalent_authorized_market_data_source,2026-06-25T04:29:17.770520Z
2021-03-25,US_13W_YAHOO_IRX,0.014999999664723873,yahoo_query_or_equivalent_authorized_market_data_source,2026-06-25T04:29:17.770520Z
2021-03-26,US_13W_YAHOO_IRX,0.014999999664723873,yahoo_query_or_equivalent_authorized_market_data_source,2026-06-25T04:29:17.770520Z
2021-03-29,US_13W_YAHOO_IRX,0.00800000037997961,yahoo_query_or_equivalent_authorized_market_data_source,2026-06-25T04:29:17.770520Z
2021-03-30,US_13W_YAHOO_IRX,0.013000000268220901,yahoo_query_or_equivalent_authorized_market_data_source,2026-06-25T04:29:17.770520Z
2021-03-31,US_13W_YAHOO_IRX,0.013000000268220901,yahoo_query_or_equivalent_authorized_market_data_source,2026-06-25T04:29:17.770520Z
2021-04-01,US_13W_YAHOO_IRX,0.00800000037997961,yahoo_query_or_equivalent_authorized_market_data_source,2026-06-25T04:29:17.770520Z
2021-04-05,US_13W_YAHOO_IRX,0.014999999664723873,yahoo_query_or_equivalent_authorized_market_data_source,2026-06-25T04:29:17.770520Z
2021-04-06,US_13W_YAHOO_IRX,0.014999999664723873,yahoo_query_or_equivalent_authorized_market_data_source,2026-06-25T04:29:17.770520Z
2021-04-07,US_13W_YAHOO_IRX,0.009999999776482582,yahoo_query_or_equivalent_authorized_market_data_source,2026-06-25T04:29:17.770520Z
2021-04-08,US_13W_YAHOO_IRX,0.004999999888241291,yahoo_query_or_equivalent_authorized_market_data_source,2026-06-25T04:29:17.770520Z
2021-04-09,US_13W_YAHOO_IRX,0.003000000026077032,yahoo_query_or_equivalent_authorized_market_data_source,2026-06-25T04:29:17.770520Z
2021-04-12,US_13W_YAHOO_IRX,0.009999999776482582,yahoo_query_or_equivalent_authorized_market_data_source,2026-06-25T04:29:17.770520Z
2021-04-13,US_13W_YAHOO_IRX,0.014999999664723873,yahoo_query_or_equivalent_authorized_market_data_source,2026-06-25T04:29:17.770520Z
2021-04-14,US_13W_YAHOO_IRX,0.014999999664723873,yahoo_query_or_equivalent_authorized_market_data_source,2026-06-25T04:29:17.770520Z
2021-04-15,US_13W_YAHOO_IRX,0.009999999776482582,yahoo_query_or_equivalent_authorized_market_data_source,2026-06-25T04:29:17.770520Z
2021-04-16,US_13W_YAHOO_IRX,0.00800000037997961,yahoo_query_or_equivalent_authorized_market_data_source,2026-06-25T04:29:17.770520Z
2021-04-19,US_13W_YAHOO_IRX,0.014999999664723873,yahoo_query_or_equivalent_authorized_market_data_source,2026-06-25T04:29:17.770520Z
2021-04-20,US_13W_YAHOO_IRX,0.014999999664723873,yahoo_query_or_equivalent_authorized_market_data_source,2026-06-25T04:29:17.770520Z
2021-04-21,US_13W_YAHOO_IRX,0.013000000268220901,yahoo_query_or_equivalent_authorized_market_data_source,2026-06-25T04:29:17.770520Z
2021-04-22,US_13W_YAHOO_IRX,0.014999999664723873,yahoo_query_or_equivalent_authorized_market_data_source,2026-06-25T04:29:17.770520Z
2021-04-23,US_13W_YAHOO_IRX,0.014999999664723873,yahoo_query_or_equivalent_authorized_market_data_source,2026-06-25T04:29:17.770520Z
2021-04-26,US_13W_YAHOO_IRX,0.00800000037997961,yahoo_query_or_equivalent_authorized_market_data_source,2026-06-25T04:29:17.770520Z
2021-04-27,US_13W_YAHOO_IRX,0.009999999776482582,yahoo_query_or_equivalent_authorized_market_data_source,2026-06-25T04:29:17.770520Z
2021-04-28,US_13W_YAHOO_IRX,0.00800000037997961,yahoo_query_or_equivalent_authorized_market_data_source,2026-06-25T04:29:17.770520Z
2021-04-29,US_13W_YAHOO_IRX,0.00800000037997961,yahoo_query_or_equivalent_authorized_market_data_source,2026-06-25T04:29:17.770520Z
2021-04-30,US_13W_YAHOO_IRX,0.003000000026077032,yahoo_query_or_equivalent_authorized_market_data_source,2026-06-25T04:29:17.770520Z
2021-05-03,US_13W_YAHOO_IRX,0.004999999888241291,yahoo_query_or_equivalent_authorized_market_data_source,2026-06-25T04:29:17.770520Z
2021-05-04,US_13W_YAHOO_IRX,0.009999999776482582,yahoo_query_or_equivalent_authorized_market_data_source,2026-06-25T04:29:17.770520Z
2021-05-05,US_13W_YAHOO_IRX,0.00800000037997961,yahoo_query_or_equivalent_authorized_market_data_source,2026-06-25T04:29:17.770520Z
2021-05-06,US_13W_YAHOO_IRX,0.00800000037997961,yahoo_query_or_equivalent_authorized_market_data_source,2026-06-25T04:29:17.770520Z
2021-05-07,US_13W_YAHOO_IRX,0.00800000037997961,yahoo_query_or_equivalent_authorized_market_data_source,2026-06-25T04:29:17.770520Z
2021-05-10,US_13W_YAHOO_IRX,0.004999999888241291,yahoo_query_or_equivalent_authorized_market_data_source,2026-06-25T04:29:17.770520Z
2021-05-11,US_13W_YAHOO_IRX,0.009999999776482582,yahoo_query_or_equivalent_authorized_market_data_source,2026-06-25T04:29:17.770520Z
2021-05-12,US_13W_YAHOO_IRX,0.009999999776482582,yahoo_query_or_equivalent_authorized_market_data_source,2026-06-25T04:29:17.770520Z
2021-05-13,US_13W_YAHOO_IRX,0.00800000037997961,yahoo_query_or_equivalent_authorized_market_data_source,2026-06-25T04:29:17.770520Z
2021-05-14,US_13W_YAHOO_IRX,0.004999999888241291,yahoo_query_or_equivalent_authorized_market_data_source,2026-06-25T04:29:17.770520Z
2021-05-17,US_13W_YAHOO_IRX,0.004999999888241291,yahoo_query_or_equivalent_authorized_market_data_source,2026-06-25T04:29:17.770520Z
2021-05-18,US_13W_YAHOO_IRX,0.009999999776482582,yahoo_query_or_equivalent_authorized_market_data_source,2026-06-25T04:29:17.770520Z
2021-05-19,US_13W_YAHOO_IRX,0.004999999888241291,yahoo_query_or_equivalent_authorized_market_data_source,2026-06-25T04:29:17.770520Z
2021-05-20,US_13W_YAHOO_IRX,0.003000000026077032,yahoo_query_or_equivalent_authorized_market_data_source,2026-06-25T04:29:17.770520Z
2021-05-21,US_13W_YAHOO_IRX,0.003000000026077032,yahoo_query_or_equivalent_authorized_market_data_source,2026-06-25T04:29:17.770520Z
2021-05-24,US_13W_YAHOO_IRX,0.003000000026077032,yahoo_query_or_equivalent_authorized_market_data_source,2026-06-25T04:29:17.770520Z
2021-05-25,US_13W_YAHOO_IRX,0.009999999776482582,yahoo_query_or_equivalent_authorized_market_data_source,2026-06-25T04:29:17.770520Z
2021-05-26,US_13W_YAHOO_IRX,0.004999999888241291,yahoo_query_or_equivalent_authorized_market_data_source,2026-06-25T04:29:17.770520Z
2021-05-27,US_13W_YAHOO_IRX,0.004999999888241291,yahoo_query_or_equivalent_authorized_market_data_source,2026-06-25T04:29:17.770520Z
2021-05-28,US_13W_YAHOO_IRX,0.00800000037997961,yahoo_query_or_equivalent_authorized_market_data_source,2026-06-25T04:29:17.770520Z
2021-06-01,US_13W_YAHOO_IRX,0.009999999776482582,yahoo_query_or_equivalent_authorized_market_data_source,2026-06-25T04:29:17.770520Z
2021-06-02,US_13W_YAHOO_IRX,0.014999999664723873,yahoo_query_or_equivalent_authorized_market_data_source,2026-06-25T04:29:17.770520Z
2021-06-03,US_13W_YAHOO_IRX,0.014999999664723873,yahoo_query_or_equivalent_authorized_market_data_source,2026-06-25T04:29:17.770520Z
2021-06-04,US_13W_YAHOO_IRX,0.014999999664723873,yahoo_query_or_equivalent_authorized_market_data_source,2026-06-25T04:29:17.770520Z
2021-06-07,US_13W_YAHOO_IRX,0.017999999225139618,yahoo_query_or_equivalent_authorized_market_data_source,2026-06-25T04:29:17.770520Z
2021-06-08,US_13W_YAHOO_IRX,0.019999999552965164,yahoo_query_or_equivalent_authorized_market_data_source,2026-06-25T04:29:17.770520Z
2021-06-09,US_13W_YAHOO_IRX,0.019999999552965164,yahoo_query_or_equivalent_authorized_market_data_source,2026-06-25T04:29:17.770520Z
2021-06-10,US_13W_YAHOO_IRX,0.019999999552965164,yahoo_query_or_equivalent_authorized_market_data_source,2026-06-25T04:29:17.770520Z
2021-06-11,US_13W_YAHOO_IRX,0.017999999225139618,yahoo_query_or_equivalent_authorized_market_data_source,2026-06-25T04:29:17.770520Z
2021-06-14,US_13W_YAHOO_IRX,0.014999999664723873,yahoo_query_or_equivalent_authorized_market_data_source,2026-06-25T04:29:17.770520Z
2021-06-15,US_13W_YAHOO_IRX,0.019999999552965164,yahoo_query_or_equivalent_authorized_market_data_source,2026-06-25T04:29:17.770520Z
2021-06-16,US_13W_YAHOO_IRX,0.02800000086426735,yahoo_query_or_equivalent_authorized_market_data_source,2026-06-25T04:29:17.770520Z
2021-06-17,US_13W_YAHOO_IRX,0.02800000086426735,yahoo_query_or_equivalent_authorized_market_data_source,2026-06-25T04:29:17.770520Z
2021-06-18,US_13W_YAHOO_IRX,0.02800000086426735,yahoo_query_or_equivalent_authorized_market_data_source,2026-06-25T04:29:17.770520Z
2021-06-21,US_13W_YAHOO_IRX,0.029999999329447746,yahoo_query_or_equivalent_authorized_market_data_source,2026-06-25T04:29:17.770520Z
2021-06-22,US_13W_YAHOO_IRX,0.03799999877810478,yahoo_query_or_equivalent_authorized_market_data_source,2026-06-25T04:29:17.770520Z
2021-06-23,US_13W_YAHOO_IRX,0.03999999910593033,yahoo_query_or_equivalent_authorized_market_data_source,2026-06-25T04:29:17.770520Z
2021-06-24,US_13W_YAHOO_IRX,0.0430000014603138,yahoo_query_or_equivalent_authorized_market_data_source,2026-06-25T04:29:17.770520Z
2021-06-25,US_13W_YAHOO_IRX,0.0430000014603138,yahoo_query_or_equivalent_authorized_market_data_source,2026-06-25T04:29:17.770520Z
2021-06-28,US_13W_YAHOO_IRX,0.03999999910593033,yahoo_query_or_equivalent_authorized_market_data_source,2026-06-25T04:29:17.770520Z
2021-06-29,US_13W_YAHOO_IRX,0.03999999910593033,yahoo_query_or_equivalent_authorized_market_data_source,2026-06-25T04:29:17.770520Z
2021-06-30,US_13W_YAHOO_IRX,0.03999999910593033,yahoo_query_or_equivalent_authorized_market_data_source,2026-06-25T04:29:17.770520Z
2021-07-01,US_13W_YAHOO_IRX,0.03999999910593033,yahoo_query_or_equivalent_authorized_market_data_source,2026-06-25T04:29:17.770520Z
2021-07-02,US_13W_YAHOO_IRX,0.03799999877810478,yahoo_query_or_equivalent_authorized_market_data_source,2026-06-25T04:29:17.770520Z
2021-07-06,US_13W_YAHOO_IRX,0.03999999910593033,yahoo_query_or_equivalent_authorized_market_data_source,2026-06-25T04:29:17.770520Z
2021-07-07,US_13W_YAHOO_IRX,0.0430000014603138,yahoo_query_or_equivalent_authorized_market_data_source,2026-06-25T04:29:17.770520Z
2021-07-08,US_13W_YAHOO_IRX,0.0430000014603138,yahoo_query_or_equivalent_authorized_market_data_source,2026-06-25T04:29:17.770520Z
2021-07-09,US_13W_YAHOO_IRX,0.0430000014603138,yahoo_query_or_equivalent_authorized_market_data_source,2026-06-25T04:29:17.770520Z
2021-07-12,US_13W_YAHOO_IRX,0.0430000014603138,yahoo_query_or_equivalent_authorized_market_data_source,2026-06-25T04:29:17.770520Z
2021-07-13,US_13W_YAHOO_IRX,0.04500000178813934,yahoo_query_or_equivalent_authorized_market_data_source,2026-06-25T04:29:17.770520Z
2021-07-14,US_13W_YAHOO_IRX,0.04500000178813934,yahoo_query_or_equivalent_authorized_market_data_source,2026-06-25T04:29:17.770520Z
2021-07-15,US_13W_YAHOO_IRX,0.03799999877810478,yahoo_query_or_equivalent_authorized_market_data_source,2026-06-25T04:29:17.770520Z
2021-07-16,US_13W_YAHOO_IRX,0.03799999877810478,yahoo_query_or_equivalent_authorized_market_data_source,2026-06-25T04:29:17.770520Z
2021-07-19,US_13W_YAHOO_IRX,0.03999999910593033,yahoo_query_or_equivalent_authorized_market_data_source,2026-06-25T04:29:17.770520Z
2021-07-20,US_13W_YAHOO_IRX,0.04500000178813934,yahoo_query_or_equivalent_authorized_market_data_source,2026-06-25T04:29:17.770520Z
2021-07-21,US_13W_YAHOO_IRX,0.04500000178813934,yahoo_query_or_equivalent_authorized_market_data_source,2026-06-25T04:29:17.770520Z
2021-07-22,US_13W_YAHOO_IRX,0.0430000014603138,yahoo_query_or_equivalent_authorized_market_data_source,2026-06-25T04:29:17.770520Z
2021-07-23,US_13W_YAHOO_IRX,0.04500000178813934,yahoo_query_or_equivalent_authorized_market_data_source,2026-06-25T04:29:17.770520Z
2021-07-26,US_13W_YAHOO_IRX,0.03999999910593033,yahoo_query_or_equivalent_authorized_market_data_source,2026-06-25T04:29:17.770520Z
2021-07-27,US_13W_YAHOO_IRX,0.04500000178813934,yahoo_query_or_equivalent_authorized_market_data_source,2026-06-25T04:29:17.770520Z
2021-07-28,US_13W_YAHOO_IRX,0.04500000178813934,yahoo_query_or_equivalent_authorized_market_data_source,2026-06-25T04:29:17.770520Z
2021-07-29,US_13W_YAHOO_IRX,0.03999999910593033,yahoo_query_or_equivalent_authorized_market_data_source,2026-06-25T04:29:17.770520Z
2021-07-30,US_13W_YAHOO_IRX,0.03999999910593033,yahoo_query_or_equivalent_authorized_market_data_source,2026-06-25T04:29:17.770520Z
2021-08-02,US_13W_YAHOO_IRX,0.03799999877810478,yahoo_query_or_equivalent_authorized_market_data_source,2026-06-25T04:29:17.770520Z
2021-08-03,US_13W_YAHOO_IRX,0.04500000178813934,yahoo_query_or_equivalent_authorized_market_data_source,2026-06-25T04:29:17.770520Z
2021-08-04,US_13W_YAHOO_IRX,0.04500000178813934,yahoo_query_or_equivalent_authorized_market_data_source,2026-06-25T04:29:17.770520Z
2021-08-05,US_13W_YAHOO_IRX,0.0430000014603138,yahoo_query_or_equivalent_authorized_market_data_source,2026-06-25T04:29:17.770520Z
2021-08-06,US_13W_YAHOO_IRX,0.0430000014603138,yahoo_query_or_equivalent_authorized_market_data_source,2026-06-25T04:29:17.770520Z
2021-08-09,US_13W_YAHOO_IRX,0.04500000178813934,yahoo_query_or_equivalent_authorized_market_data_source,2026-06-25T04:29:17.770520Z
2021-08-10,US_13W_YAHOO_IRX,0.05000000074505806,yahoo_query_or_equivalent_authorized_market_data_source,2026-06-25T04:29:17.770520Z
2021-08-11,US_13W_YAHOO_IRX,0.04500000178813934,yahoo_query_or_equivalent_authorized_market_data_source,2026-06-25T04:29:17.770520Z
2021-08-12,US_13W_YAHOO_IRX,0.0430000014603138,yahoo_query_or_equivalent_authorized_market_data_source,2026-06-25T04:29:17.770520Z
2021-08-13,US_13W_YAHOO_IRX,0.04500000178813934,yahoo_query_or_equivalent_authorized_market_data_source,2026-06-25T04:29:17.770520Z
2021-08-16,US_13W_YAHOO_IRX,0.057999998331069946,yahoo_query_or_equivalent_authorized_market_data_source,2026-06-25T04:29:17.770520Z
2021-08-17,US_13W_YAHOO_IRX,0.06300000101327896,yahoo_query_or_equivalent_authorized_market_data_source,2026-06-25T04:29:17.770520Z
2021-08-18,US_13W_YAHOO_IRX,0.054999999701976776,yahoo_query_or_equivalent_authorized_market_data_source,2026-06-25T04:29:17.770520Z
2021-08-19,US_13W_YAHOO_IRX,0.0430000014603138,yahoo_query_or_equivalent_authorized_market_data_source,2026-06-25T04:29:17.770520Z
2021-08-20,US_13W_YAHOO_IRX,0.0430000014603138,yahoo_query_or_equivalent_authorized_market_data_source,2026-06-25T04:29:17.770520Z
2021-08-23,US_13W_YAHOO_IRX,0.03999999910593033,yahoo_query_or_equivalent_authorized_market_data_source,2026-06-25T04:29:17.770520Z
2021-08-24,US_13W_YAHOO_IRX,0.04800000041723251,yahoo_query_or_equivalent_authorized_market_data_source,2026-06-25T04:29:17.770520Z
2021-08-25,US_13W_YAHOO_IRX,0.04500000178813934,yahoo_query_or_equivalent_authorized_market_data_source,2026-06-25T04:29:17.770520Z
2021-08-26,US_13W_YAHOO_IRX,0.0430000014603138,yahoo_query_or_equivalent_authorized_market_data_source,2026-06-25T04:29:17.770520Z
2021-08-27,US_13W_YAHOO_IRX,0.0430000014603138,yahoo_query_or_equivalent_authorized_market_data_source,2026-06-25T04:29:17.770520Z
2021-08-30,US_13W_YAHOO_IRX,0.03799999877810478,yahoo_query_or_equivalent_authorized_market_data_source,2026-06-25T04:29:17.770520Z
2021-08-31,US_13W_YAHOO_IRX,0.03999999910593033,yahoo_query_or_equivalent_authorized_market_data_source,2026-06-25T04:29:17.770520Z
2021-09-01,US_13W_YAHOO_IRX,0.03999999910593033,yahoo_query_or_equivalent_authorized_market_data_source,2026-06-25T04:29:17.770520Z
2021-09-02,US_13W_YAHOO_IRX,0.03999999910593033,yahoo_query_or_equivalent_authorized_market_data_source,2026-06-25T04:29:17.770520Z
2021-09-03,US_13W_YAHOO_IRX,0.03999999910593033,yahoo_query_or_equivalent_authorized_market_data_source,2026-06-25T04:29:17.770520Z
2021-09-07,US_13W_YAHOO_IRX,0.03500000014901161,yahoo_query_or_equivalent_authorized_market_data_source,2026-06-25T04:29:17.770520Z
2021-09-08,US_13W_YAHOO_IRX,0.03999999910593033,yahoo_query_or_equivalent_authorized_market_data_source,2026-06-25T04:29:17.770520Z
2021-09-09,US_13W_YAHOO_IRX,0.03799999877810478,yahoo_query_or_equivalent_authorized_market_data_source,2026-06-25T04:29:17.770520Z
2021-09-10,US_13W_YAHOO_IRX,0.03799999877810478,yahoo_query_or_equivalent_authorized_market_data_source,2026-06-25T04:29:17.770520Z
2021-09-13,US_13W_YAHOO_IRX,0.03799999877810478,yahoo_query_or_equivalent_authorized_market_data_source,2026-06-25T04:29:17.770520Z
2021-09-14,US_13W_YAHOO_IRX,0.03500000014901161,yahoo_query_or_equivalent_authorized_market_data_source,2026-06-25T04:29:17.770520Z
2021-09-15,US_13W_YAHOO_IRX,0.03500000014901161,yahoo_query_or_equivalent_authorized_market_data_source,2026-06-25T04:29:17.770520Z
2021-09-16,US_13W_YAHOO_IRX,0.029999999329447746,yahoo_query_or_equivalent_authorized_market_data_source,2026-06-25T04:29:17.770520Z
2021-09-17,US_13W_YAHOO_IRX,0.02800000086426735,yahoo_query_or_equivalent_authorized_market_data_source,2026-06-25T04:29:17.770520Z
2021-09-20,US_13W_YAHOO_IRX,0.02500000037252903,yahoo_query_or_equivalent_authorized_market_data_source,2026-06-25T04:29:17.770520Z
2021-09-21,US_13W_YAHOO_IRX,0.019999999552965164,yahoo_query_or_equivalent_authorized_market_data_source,2026-06-25T04:29:17.770520Z
2021-09-22,US_13W_YAHOO_IRX,0.02500000037252903,yahoo_query_or_equivalent_authorized_market_data_source,2026-06-25T04:29:17.770520Z
2021-09-23,US_13W_YAHOO_IRX,0.02500000037252903,yahoo_query_or_equivalent_authorized_market_data_source,2026-06-25T04:29:17.770520Z
2021-09-24,US_13W_YAHOO_IRX,0.02500000037252903,yahoo_query_or_equivalent_authorized_market_data_source,2026-06-25T04:29:17.770520Z
2021-09-27,US_13W_YAHOO_IRX,0.02500000037252903,yahoo_query_or_equivalent_authorized_market_data_source,2026-06-25T04:29:17.770520Z
2021-09-28,US_13W_YAHOO_IRX,0.029999999329447746,yahoo_query_or_equivalent_authorized_market_data_source,2026-06-25T04:29:17.770520Z
2021-09-29,US_13W_YAHOO_IRX,0.029999999329447746,yahoo_query_or_equivalent_authorized_market_data_source,2026-06-25T04:29:17.770520Z
2021-09-30,US_13W_YAHOO_IRX,0.02800000086426735,yahoo_query_or_equivalent_authorized_market_data_source,2026-06-25T04:29:17.770520Z
2021-10-01,US_13W_YAHOO_IRX,0.02800000086426735,yahoo_query_or_equivalent_authorized_market_data_source,2026-06-25T04:29:17.770520Z
2021-10-04,US_13W_YAHOO_IRX,0.02800000086426735,yahoo_query_or_equivalent_authorized_market_data_source,2026-06-25T04:29:17.770520Z
2021-10-05,US_13W_YAHOO_IRX,0.03500000014901161,yahoo_query_or_equivalent_authorized_market_data_source,2026-06-25T04:29:17.770520Z
2021-10-06,US_13W_YAHOO_IRX,0.03999999910593033,yahoo_query_or_equivalent_authorized_market_data_source,2026-06-25T04:29:17.770520Z
2021-10-07,US_13W_YAHOO_IRX,0.03999999910593033,yahoo_query_or_equivalent_authorized_market_data_source,2026-06-25T04:29:17.770520Z
2021-10-08,US_13W_YAHOO_IRX,0.03999999910593033,yahoo_query_or_equivalent_authorized_market_data_source,2026-06-25T04:29:17.770520Z
2021-10-11,US_13W_YAHOO_IRX,0.03999999910593033,yahoo_query_or_equivalent_authorized_market_data_source,2026-06-25T04:29:17.770520Z
2021-10-12,US_13W_YAHOO_IRX,0.03999999910593033,yahoo_query_or_equivalent_authorized_market_data_source,2026-06-25T04:29:17.770520Z
2021-10-13,US_13W_YAHOO_IRX,0.04500000178813934,yahoo_query_or_equivalent_authorized_market_data_source,2026-06-25T04:29:17.770520Z
2021-10-14,US_13W_YAHOO_IRX,0.03999999910593033,yahoo_query_or_equivalent_authorized_market_data_source,2026-06-25T04:29:17.770520Z
2021-10-15,US_13W_YAHOO_IRX,0.03799999877810478,yahoo_query_or_equivalent_authorized_market_data_source,2026-06-25T04:29:17.770520Z
2021-10-18,US_13W_YAHOO_IRX,0.0430000014603138,yahoo_query_or_equivalent_authorized_market_data_source,2026-06-25T04:29:17.770520Z
2021-10-19,US_13W_YAHOO_IRX,0.05000000074505806,yahoo_query_or_equivalent_authorized_market_data_source,2026-06-25T04:29:17.770520Z
2021-10-20,US_13W_YAHOO_IRX,0.05000000074505806,yahoo_query_or_equivalent_authorized_market_data_source,2026-06-25T04:29:17.770520Z
2021-10-21,US_13W_YAHOO_IRX,0.05000000074505806,yahoo_query_or_equivalent_authorized_market_data_source,2026-06-25T04:29:17.770520Z
2021-10-22,US_13W_YAHOO_IRX,0.05000000074505806,yahoo_query_or_equivalent_authorized_market_data_source,2026-06-25T04:29:17.770520Z
2021-10-25,US_13W_YAHOO_IRX,0.05000000074505806,yahoo_query_or_equivalent_authorized_market_data_source,2026-06-25T04:29:17.770520Z
2021-10-26,US_13W_YAHOO_IRX,0.05000000074505806,yahoo_query_or_equivalent_authorized_market_data_source,2026-06-25T04:29:17.770520Z
2021-10-27,US_13W_YAHOO_IRX,0.05000000074505806,yahoo_query_or_equivalent_authorized_market_data_source,2026-06-25T04:29:17.770520Z
2021-10-28,US_13W_YAHOO_IRX,0.04800000041723251,yahoo_query_or_equivalent_authorized_market_data_source,2026-06-25T04:29:17.770520Z
2021-10-29,US_13W_YAHOO_IRX,0.04800000041723251,yahoo_query_or_equivalent_authorized_market_data_source,2026-06-25T04:29:17.770520Z
2021-11-01,US_13W_YAHOO_IRX,0.03999999910593033,yahoo_query_or_equivalent_authorized_market_data_source,2026-06-25T04:29:17.770520Z
2021-11-02,US_13W_YAHOO_IRX,0.04500000178813934,yahoo_query_or_equivalent_authorized_market_data_source,2026-06-25T04:29:17.770520Z
2021-11-03,US_13W_YAHOO_IRX,0.04500000178813934,yahoo_query_or_equivalent_authorized_market_data_source,2026-06-25T04:29:17.770520Z
2021-11-04,US_13W_YAHOO_IRX,0.03500000014901161,yahoo_query_or_equivalent_authorized_market_data_source,2026-06-25T04:29:17.770520Z
2021-11-05,US_13W_YAHOO_IRX,0.03999999910593033,yahoo_query_or_equivalent_authorized_market_data_source,2026-06-25T04:29:17.770520Z
2021-11-08,US_13W_YAHOO_IRX,0.03500000014901161,yahoo_query_or_equivalent_authorized_market_data_source,2026-06-25T04:29:17.770520Z
2021-11-09,US_13W_YAHOO_IRX,0.03999999910593033,yahoo_query_or_equivalent_authorized_market_data_source,2026-06-25T04:29:17.770520Z
2021-11-10,US_13W_YAHOO_IRX,0.04500000178813934,yahoo_query_or_equivalent_authorized_market_data_source,2026-06-25T04:29:17.770520Z
2021-11-11,US_13W_YAHOO_IRX,0.03999999910593033,yahoo_query_or_equivalent_authorized_market_data_source,2026-06-25T04:29:17.770520Z
2021-11-12,US_13W_YAHOO_IRX,0.0430000014603138,yahoo_query_or_equivalent_authorized_market_data_source,2026-06-25T04:29:17.770520Z
2021-11-15,US_13W_YAHOO_IRX,0.03799999877810478,yahoo_query_or_equivalent_authorized_market_data_source,2026-06-25T04:29:17.770520Z
2021-11-16,US_13W_YAHOO_IRX,0.03999999910593033,yahoo_query_or_equivalent_authorized_market_data_source,2026-06-25T04:29:17.770520Z
2021-11-17,US_13W_YAHOO_IRX,0.04500000178813934,yahoo_query_or_equivalent_authorized_market_data_source,2026-06-25T04:29:17.770520Z
2021-11-18,US_13W_YAHOO_IRX,0.04500000178813934,yahoo_query_or_equivalent_authorized_market_data_source,2026-06-25T04:29:17.770520Z
2021-11-19,US_13W_YAHOO_IRX,0.04500000178813934,yahoo_query_or_equivalent_authorized_market_data_source,2026-06-25T04:29:17.770520Z
2021-11-22,US_13W_YAHOO_IRX,0.03999999910593033,yahoo_query_or_equivalent_authorized_market_data_source,2026-06-25T04:29:17.770520Z
2021-11-23,US_13W_YAHOO_IRX,0.04500000178813934,yahoo_query_or_equivalent_authorized_market_data_source,2026-06-25T04:29:17.770520Z
2021-11-24,US_13W_YAHOO_IRX,0.05000000074505806,yahoo_query_or_equivalent_authorized_market_data_source,2026-06-25T04:29:17.770520Z
2021-11-26,US_13W_YAHOO_IRX,0.0430000014603138,yahoo_query_or_equivalent_authorized_market_data_source,2026-06-25T04:29:17.770520Z
2021-11-29,US_13W_YAHOO_IRX,0.03799999877810478,yahoo_query_or_equivalent_authorized_market_data_source,2026-06-25T04:29:17.770520Z
2021-11-30,US_13W_YAHOO_IRX,0.04800000041723251,yahoo_query_or_equivalent_authorized_market_data_source,2026-06-25T04:29:17.770520Z
2021-12-01,US_13W_YAHOO_IRX,0.05000000074505806,yahoo_query_or_equivalent_authorized_market_data_source,2026-06-25T04:29:17.770520Z
2021-12-02,US_13W_YAHOO_IRX,0.0430000014603138,yahoo_query_or_equivalent_authorized_market_data_source,2026-06-25T04:29:17.770520Z
2021-12-03,US_13W_YAHOO_IRX,0.0430000014603138,yahoo_query_or_equivalent_authorized_market_data_source,2026-06-25T04:29:17.770520Z
2021-12-06,US_13W_YAHOO_IRX,0.0430000014603138,yahoo_query_or_equivalent_authorized_market_data_source,2026-06-25T04:29:17.770520Z
2021-12-07,US_13W_YAHOO_IRX,0.057999998331069946,yahoo_query_or_equivalent_authorized_market_data_source,2026-06-25T04:29:17.770520Z
2021-12-08,US_13W_YAHOO_IRX,0.05999999865889549,yahoo_query_or_equivalent_authorized_market_data_source,2026-06-25T04:29:17.770520Z
2021-12-09,US_13W_YAHOO_IRX,0.05299999937415123,yahoo_query_or_equivalent_authorized_market_data_source,2026-06-25T04:29:17.770520Z
2021-12-10,US_13W_YAHOO_IRX,0.05000000074505806,yahoo_query_or_equivalent_authorized_market_data_source,2026-06-25T04:29:17.770520Z
2021-12-13,US_13W_YAHOO_IRX,0.0430000014603138,yahoo_query_or_equivalent_authorized_market_data_source,2026-06-25T04:29:17.770520Z
2021-12-14,US_13W_YAHOO_IRX,0.04800000041723251,yahoo_query_or_equivalent_authorized_market_data_source,2026-06-25T04:29:17.770520Z
2021-12-15,US_13W_YAHOO_IRX,0.04500000178813934,yahoo_query_or_equivalent_authorized_market_data_source,2026-06-25T04:29:17.770520Z
2021-12-16,US_13W_YAHOO_IRX,0.03500000014901161,yahoo_query_or_equivalent_authorized_market_data_source,2026-06-25T04:29:17.770520Z
2021-12-17,US_13W_YAHOO_IRX,0.029999999329447746,yahoo_query_or_equivalent_authorized_market_data_source,2026-06-25T04:29:17.770520Z
2021-12-20,US_13W_YAHOO_IRX,0.03799999877810478,yahoo_query_or_equivalent_authorized_market_data_source,2026-06-25T04:29:17.770520Z
2021-12-21,US_13W_YAHOO_IRX,0.06499999761581421,yahoo_query_or_equivalent_authorized_market_data_source,2026-06-25T04:29:17.770520Z
2021-12-22,US_13W_YAHOO_IRX,0.06499999761581421,yahoo_query_or_equivalent_authorized_market_data_source,2026-06-25T04:29:17.770520Z
2021-12-23,US_13W_YAHOO_IRX,0.057999998331069946,yahoo_query_or_equivalent_authorized_market_data_source,2026-06-25T04:29:17.770520Z
2021-12-27,US_13W_YAHOO_IRX,0.0430000014603138,yahoo_query_or_equivalent_authorized_market_data_source,2026-06-25T04:29:17.770520Z
2021-12-28,US_13W_YAHOO_IRX,0.05000000074505806,yahoo_query_or_equivalent_authorized_market_data_source,2026-06-25T04:29:17.770520Z
2021-12-29,US_13W_YAHOO_IRX,0.04500000178813934,yahoo_query_or_equivalent_authorized_market_data_source,2026-06-25T04:29:17.770520Z
2021-12-30,US_13W_YAHOO_IRX,0.02500000037252903,yahoo_query_or_equivalent_authorized_market_data_source,2026-06-25T04:29:17.770520Z
2021-12-31,US_13W_YAHOO_IRX,0.032999999821186066,yahoo_query_or_equivalent_authorized_market_data_source,2026-06-25T04:29:17.770520Z
2022-01-03,US_13W_YAHOO_IRX,0.05299999937415123,yahoo_query_or_equivalent_authorized_market_data_source,2026-06-25T04:29:17.770520Z
2022-01-04,US_13W_YAHOO_IRX,0.07999999821186066,yahoo_query_or_equivalent_authorized_market_data_source,2026-06-25T04:29:17.770520Z
2022-01-05,US_13W_YAHOO_IRX,0.08500000089406967,yahoo_query_or_equivalent_authorized_market_data_source,2026-06-25T04:29:17.770520Z
2022-01-06,US_13W_YAHOO_IRX,0.09000000357627869,yahoo_query_or_equivalent_authorized_market_data_source,2026-06-25T04:29:17.770520Z
2022-01-07,US_13W_YAHOO_IRX,0.08799999952316284,yahoo_query_or_equivalent_authorized_market_data_source,2026-06-25T04:29:17.770520Z
2022-01-10,US_13W_YAHOO_IRX,0.09000000357627869,yahoo_query_or_equivalent_authorized_market_data_source,2026-06-25T04:29:17.770520Z
2022-01-11,US_13W_YAHOO_IRX,0.11800000071525574,yahoo_query_or_equivalent_authorized_market_data_source,2026-06-25T04:29:17.770520Z
2022-01-12,US_13W_YAHOO_IRX,0.11500000208616257,yahoo_query_or_equivalent_authorized_market_data_source,2026-06-25T04:29:17.770520Z
2022-01-13,US_13W_YAHOO_IRX,0.10999999940395355,yahoo_query_or_equivalent_authorized_market_data_source,2026-06-25T04:29:17.770520Z
2022-01-14,US_13W_YAHOO_IRX,0.11800000071525574,yahoo_query_or_equivalent_authorized_market_data_source,2026-06-25T04:29:17.770520Z
2022-01-18,US_13W_YAHOO_IRX,0.12999999523162842,yahoo_query_or_equivalent_authorized_market_data_source,2026-06-25T04:29:17.770520Z
2022-01-19,US_13W_YAHOO_IRX,0.16500000655651093,yahoo_query_or_equivalent_authorized_market_data_source,2026-06-25T04:29:17.770520Z
2022-01-20,US_13W_YAHOO_IRX,0.1679999977350235,yahoo_query_or_equivalent_authorized_market_data_source,2026-06-25T04:29:17.770520Z
2022-01-21,US_13W_YAHOO_IRX,0.15800000727176666,yahoo_query_or_equivalent_authorized_market_data_source,2026-06-25T04:29:17.770520Z
2022-01-24,US_13W_YAHOO_IRX,0.1550000011920929,yahoo_query_or_equivalent_authorized_market_data_source,2026-06-25T04:29:17.770520Z
2022-01-25,US_13W_YAHOO_IRX,0.1850000023841858,yahoo_query_or_equivalent_authorized_market_data_source,2026-06-25T04:29:17.770520Z
2022-01-26,US_13W_YAHOO_IRX,0.17800000309944153,yahoo_query_or_equivalent_authorized_market_data_source,2026-06-25T04:29:17.770520Z
2022-01-27,US_13W_YAHOO_IRX,0.1850000023841858,yahoo_query_or_equivalent_authorized_market_data_source,2026-06-25T04:29:17.770520Z
2022-01-28,US_13W_YAHOO_IRX,0.17299999296665192,yahoo_query_or_equivalent_authorized_market_data_source,2026-06-25T04:29:17.770520Z
2022-01-31,US_13W_YAHOO_IRX,0.17299999296665192,yahoo_query_or_equivalent_authorized_market_data_source,2026-06-25T04:29:17.770520Z
2022-02-01,US_13W_YAHOO_IRX,0.2029999941587448,yahoo_query_or_equivalent_authorized_market_data_source,2026-06-25T04:29:17.770520Z
2022-02-02,US_13W_YAHOO_IRX,0.1850000023841858,yahoo_query_or_equivalent_authorized_market_data_source,2026-06-25T04:29:17.770520Z
2022-02-03,US_13W_YAHOO_IRX,0.19300000369548798,yahoo_query_or_equivalent_authorized_market_data_source,2026-06-25T04:29:17.770520Z
2022-02-04,US_13W_YAHOO_IRX,0.22300000488758087,yahoo_query_or_equivalent_authorized_market_data_source,2026-06-25T04:29:17.770520Z
2022-02-07,US_13W_YAHOO_IRX,0.2029999941587448,yahoo_query_or_equivalent_authorized_market_data_source,2026-06-25T04:29:17.770520Z
2022-02-08,US_13W_YAHOO_IRX,0.2750000059604645,yahoo_query_or_equivalent_authorized_market_data_source,2026-06-25T04:29:17.770520Z
2022-02-09,US_13W_YAHOO_IRX,0.27000001072883606,yahoo_query_or_equivalent_authorized_market_data_source,2026-06-25T04:29:17.770520Z
2022-02-10,US_13W_YAHOO_IRX,0.3700000047683716,yahoo_query_or_equivalent_authorized_market_data_source,2026-06-25T04:29:17.770520Z
2022-02-11,US_13W_YAHOO_IRX,0.33799999952316284,yahoo_query_or_equivalent_authorized_market_data_source,2026-06-25T04:29:17.770520Z
2022-02-14,US_13W_YAHOO_IRX,0.36000001430511475,yahoo_query_or_equivalent_authorized_market_data_source,2026-06-25T04:29:17.770520Z
2022-02-15,US_13W_YAHOO_IRX,0.4000000059604645,yahoo_query_or_equivalent_authorized_market_data_source,2026-06-25T04:29:17.770520Z
2022-02-16,US_13W_YAHOO_IRX,0.37299999594688416,yahoo_query_or_equivalent_authorized_market_data_source,2026-06-25T04:29:17.770520Z
2022-02-17,US_13W_YAHOO_IRX,0.3449999988079071,yahoo_query_or_equivalent_authorized_market_data_source,2026-06-25T04:29:17.770520Z
2022-02-18,US_13W_YAHOO_IRX,0.3179999887943268,yahoo_query_or_equivalent_authorized_market_data_source,2026-06-25T04:29:17.770520Z
2022-02-22,US_13W_YAHOO_IRX,0.33000001311302185,yahoo_query_or_equivalent_authorized_market_data_source,2026-06-25T04:29:17.770520Z
2022-02-23,US_13W_YAHOO_IRX,0.3400000035762787,yahoo_query_or_equivalent_authorized_market_data_source,2026-06-25T04:29:17.770520Z
2022-02-24,US_13W_YAHOO_IRX,0.28299999237060547,yahoo_query_or_equivalent_authorized_market_data_source,2026-06-25T04:29:17.770520Z
2022-02-25,US_13W_YAHOO_IRX,0.2980000078678131,yahoo_query_or_equivalent_authorized_market_data_source,2026-06-25T04:29:17.770520Z
2022-02-28,US_13W_YAHOO_IRX,0.2879999876022339,yahoo_query_or_equivalent_authorized_market_data_source,2026-06-25T04:29:17.770520Z
2022-03-01,US_13W_YAHOO_IRX,0.31299999356269836,yahoo_query_or_equivalent_authorized_market_data_source,2026-06-25T04:29:17.770520Z
2022-03-02,US_13W_YAHOO_IRX,0.32499998807907104,yahoo_query_or_equivalent_authorized_market_data_source,2026-06-25T04:29:17.770520Z
2022-03-03,US_13W_YAHOO_IRX,0.33500000834465027,yahoo_query_or_equivalent_authorized_market_data_source,2026-06-25T04:29:17.770520Z
2022-03-04,US_13W_YAHOO_IRX,0.3050000071525574,yahoo_query_or_equivalent_authorized_market_data_source,2026-06-25T04:29:17.770520Z
2022-03-07,US_13W_YAHOO_IRX,0.3050000071525574,yahoo_query_or_equivalent_authorized_market_data_source,2026-06-25T04:29:17.770520Z
2022-03-08,US_13W_YAHOO_IRX,0.36000001430511475,yahoo_query_or_equivalent_authorized_market_data_source,2026-06-25T04:29:17.770520Z
2022-03-09,US_13W_YAHOO_IRX,0.3700000047683716,yahoo_query_or_equivalent_authorized_market_data_source,2026-06-25T04:29:17.770520Z
2022-03-10,US_13W_YAHOO_IRX,0.36000001430511475,yahoo_query_or_equivalent_authorized_market_data_source,2026-06-25T04:29:17.770520Z
2022-03-11,US_13W_YAHOO_IRX,0.36500000953674316,yahoo_query_or_equivalent_authorized_market_data_source,2026-06-25T04:29:17.770520Z
2022-03-14,US_13W_YAHOO_IRX,0.3779999911785126,yahoo_query_or_equivalent_authorized_market_data_source,2026-06-25T04:29:17.770520Z
2022-03-15,US_13W_YAHOO_IRX,0.4480000138282776,yahoo_query_or_equivalent_authorized_market_data_source,2026-06-25T04:29:17.770520Z
2022-03-16,US_13W_YAHOO_IRX,0.43299999833106995,yahoo_query_or_equivalent_authorized_market_data_source,2026-06-25T04:29:17.770520Z
2022-03-17,US_13W_YAHOO_IRX,0.36000001430511475,yahoo_query_or_equivalent_authorized_market_data_source,2026-06-25T04:29:17.770520Z
2022-03-18,US_13W_YAHOO_IRX,0.382999986410141,yahoo_query_or_equivalent_authorized_market_data_source,2026-06-25T04:29:17.770520Z
2022-03-21,US_13W_YAHOO_IRX,0.45500001311302185,yahoo_query_or_equivalent_authorized_market_data_source,2026-06-25T04:29:17.770520Z
2022-03-22,US_13W_YAHOO_IRX,0.5199999809265137,yahoo_query_or_equivalent_authorized_market_data_source,2026-06-25T04:29:17.770520Z
2022-03-23,US_13W_YAHOO_IRX,0.47999998927116394,yahoo_query_or_equivalent_authorized_market_data_source,2026-06-25T04:29:17.770520Z
2022-03-24,US_13W_YAHOO_IRX,0.4830000102519989,yahoo_query_or_equivalent_authorized_market_data_source,2026-06-25T04:29:17.770520Z
2022-03-25,US_13W_YAHOO_IRX,0.5199999809265137,yahoo_query_or_equivalent_authorized_market_data_source,2026-06-25T04:29:17.770520Z
2022-03-28,US_13W_YAHOO_IRX,0.5080000162124634,yahoo_query_or_equivalent_authorized_market_data_source,2026-06-25T04:29:17.770520Z
2022-03-29,US_13W_YAHOO_IRX,0.5550000071525574,yahoo_query_or_equivalent_authorized_market_data_source,2026-06-25T04:29:17.770520Z
2022-03-30,US_13W_YAHOO_IRX,0.5249999761581421,yahoo_query_or_equivalent_authorized_market_data_source,2026-06-25T04:29:17.770520Z
2022-03-31,US_13W_YAHOO_IRX,0.49300000071525574,yahoo_query_or_equivalent_authorized_market_data_source,2026-06-25T04:29:17.770520Z
2022-04-01,US_13W_YAHOO_IRX,0.5,yahoo_query_or_equivalent_authorized_market_data_source,2026-06-25T04:29:17.770520Z
2022-04-04,US_13W_YAHOO_IRX,0.5379999876022339,yahoo_query_or_equivalent_authorized_market_data_source,2026-06-25T04:29:17.770520Z
2022-04-05,US_13W_YAHOO_IRX,0.6679999828338623,yahoo_query_or_equivalent_authorized_market_data_source,2026-06-25T04:29:17.770520Z
2022-04-06,US_13W_YAHOO_IRX,0.6629999876022339,yahoo_query_or_equivalent_authorized_market_data_source,2026-06-25T04:29:17.770520Z
2022-04-07,US_13W_YAHOO_IRX,0.6600000262260437,yahoo_query_or_equivalent_authorized_market_data_source,2026-06-25T04:29:17.770520Z
2022-04-08,US_13W_YAHOO_IRX,0.6679999828338623,yahoo_query_or_equivalent_authorized_market_data_source,2026-06-25T04:29:17.770520Z
2022-04-11,US_13W_YAHOO_IRX,0.6800000071525574,yahoo_query_or_equivalent_authorized_market_data_source,2026-06-25T04:29:17.770520Z
2022-04-12,US_13W_YAHOO_IRX,0.7379999756813049,yahoo_query_or_equivalent_authorized_market_data_source,2026-06-25T04:29:17.770520Z
2022-04-13,US_13W_YAHOO_IRX,0.7400000095367432,yahoo_query_or_equivalent_authorized_market_data_source,2026-06-25T04:29:17.770520Z
2022-04-14,US_13W_YAHOO_IRX,0.7480000257492065,yahoo_query_or_equivalent_authorized_market_data_source,2026-06-25T04:29:17.770520Z
2022-04-18,US_13W_YAHOO_IRX,0.7549999952316284,yahoo_query_or_equivalent_authorized_market_data_source,2026-06-25T04:29:17.770520Z
2022-04-19,US_13W_YAHOO_IRX,0.8330000042915344,yahoo_query_or_equivalent_authorized_market_data_source,2026-06-25T04:29:17.770520Z
2022-04-20,US_13W_YAHOO_IRX,0.7950000166893005,yahoo_query_or_equivalent_authorized_market_data_source,2026-06-25T04:29:17.770520Z
2022-04-21,US_13W_YAHOO_IRX,0.800000011920929,yahoo_query_or_equivalent_authorized_market_data_source,2026-06-25T04:29:17.770520Z
2022-04-22,US_13W_YAHOO_IRX,0.7799999713897705,yahoo_query_or_equivalent_authorized_market_data_source,2026-06-25T04:29:17.770520Z
2022-04-25,US_13W_YAHOO_IRX,0.7979999780654907,yahoo_query_or_equivalent_authorized_market_data_source,2026-06-25T04:29:17.770520Z
2022-04-26,US_13W_YAHOO_IRX,0.8330000042915344,yahoo_query_or_equivalent_authorized_market_data_source,2026-06-25T04:29:17.770520Z
2022-04-27,US_13W_YAHOO_IRX,0.8080000281333923,yahoo_query_or_equivalent_authorized_market_data_source,2026-06-25T04:29:17.770520Z
2022-04-28,US_13W_YAHOO_IRX,0.7850000262260437,yahoo_query_or_equivalent_authorized_market_data_source,2026-06-25T04:29:17.770520Z
2022-04-29,US_13W_YAHOO_IRX,0.8080000281333923,yahoo_query_or_equivalent_authorized_market_data_source,2026-06-25T04:29:17.770520Z
2022-05-02,US_13W_YAHOO_IRX,0.7649999856948853,yahoo_query_or_equivalent_authorized_market_data_source,2026-06-25T04:29:17.770520Z
2022-05-03,US_13W_YAHOO_IRX,0.8949999809265137,yahoo_query_or_equivalent_authorized_market_data_source,2026-06-25T04:29:17.770520Z
2022-05-04,US_13W_YAHOO_IRX,0.8330000042915344,yahoo_query_or_equivalent_authorized_market_data_source,2026-06-25T04:29:17.770520Z
2022-05-05,US_13W_YAHOO_IRX,0.8029999732971191,yahoo_query_or_equivalent_authorized_market_data_source,2026-06-25T04:29:17.770520Z
2022-05-06,US_13W_YAHOO_IRX,0.8149999976158142,yahoo_query_or_equivalent_authorized_market_data_source,2026-06-25T04:29:17.770520Z
2022-05-09,US_13W_YAHOO_IRX,0.800000011920929,yahoo_query_or_equivalent_authorized_market_data_source,2026-06-25T04:29:17.770520Z
2022-05-10,US_13W_YAHOO_IRX,0.878000020980835,yahoo_query_or_equivalent_authorized_market_data_source,2026-06-25T04:29:17.770520Z
2022-05-11,US_13W_YAHOO_IRX,0.8830000162124634,yahoo_query_or_equivalent_authorized_market_data_source,2026-06-25T04:29:17.770520Z
2022-05-12,US_13W_YAHOO_IRX,0.9049999713897705,yahoo_query_or_equivalent_authorized_market_data_source,2026-06-25T04:29:17.770520Z
2022-05-13,US_13W_YAHOO_IRX,0.9430000185966492,yahoo_query_or_equivalent_authorized_market_data_source,2026-06-25T04:29:17.770520Z
2022-05-16,US_13W_YAHOO_IRX,0.9800000190734863,yahoo_query_or_equivalent_authorized_market_data_source,2026-06-25T04:29:17.770520Z
2022-05-17,US_13W_YAHOO_IRX,1.0379999876022339,yahoo_query_or_equivalent_authorized_market_data_source,2026-06-25T04:29:17.770520Z
2022-05-18,US_13W_YAHOO_IRX,1.003000020980835,yahoo_query_or_equivalent_authorized_market_data_source,2026-06-25T04:29:17.770520Z
2022-05-19,US_13W_YAHOO_IRX,1.0,yahoo_query_or_equivalent_authorized_market_data_source,2026-06-25T04:29:17.770520Z
2022-05-20,US_13W_YAHOO_IRX,0.9779999852180481,yahoo_query_or_equivalent_authorized_market_data_source,2026-06-25T04:29:17.770520Z
2022-05-23,US_13W_YAHOO_IRX,0.9929999709129333,yahoo_query_or_equivalent_authorized_market_data_source,2026-06-25T04:29:17.770520Z
2022-05-24,US_13W_YAHOO_IRX,1.0429999828338623,yahoo_query_or_equivalent_authorized_market_data_source,2026-06-25T04:29:17.770520Z
2022-05-25,US_13W_YAHOO_IRX,1.0449999570846558,yahoo_query_or_equivalent_authorized_market_data_source,2026-06-25T04:29:17.770520Z
2022-05-26,US_13W_YAHOO_IRX,1.027999997138977,yahoo_query_or_equivalent_authorized_market_data_source,2026-06-25T04:29:17.770520Z
2022-05-27,US_13W_YAHOO_IRX,1.024999976158142,yahoo_query_or_equivalent_authorized_market_data_source,2026-06-25T04:29:17.770520Z
2022-05-31,US_13W_YAHOO_IRX,1.0299999713897705,yahoo_query_or_equivalent_authorized_market_data_source,2026-06-25T04:29:17.770520Z
2022-06-01,US_13W_YAHOO_IRX,1.1030000448226929,yahoo_query_or_equivalent_authorized_market_data_source,2026-06-25T04:29:17.770520Z
2022-06-02,US_13W_YAHOO_IRX,1.1130000352859497,yahoo_query_or_equivalent_authorized_market_data_source,2026-06-25T04:29:17.770520Z
2022-06-03,US_13W_YAHOO_IRX,1.1349999904632568,yahoo_query_or_equivalent_authorized_market_data_source,2026-06-25T04:29:17.770520Z
2022-06-06,US_13W_YAHOO_IRX,1.159999966621399,yahoo_query_or_equivalent_authorized_market_data_source,2026-06-25T04:29:17.770520Z
2022-06-07,US_13W_YAHOO_IRX,1.225000023841858,yahoo_query_or_equivalent_authorized_market_data_source,2026-06-25T04:29:17.770520Z
2022-06-08,US_13W_YAHOO_IRX,1.2330000400543213,yahoo_query_or_equivalent_authorized_market_data_source,2026-06-25T04:29:17.770520Z
2022-06-09,US_13W_YAHOO_IRX,1.2380000352859497,yahoo_query_or_equivalent_authorized_market_data_source,2026-06-25T04:29:17.770520Z
2022-06-10,US_13W_YAHOO_IRX,1.2879999876022339,yahoo_query_or_equivalent_authorized_market_data_source,2026-06-25T04:29:17.770520Z
2022-06-13,US_13W_YAHOO_IRX,1.4980000257492065,yahoo_query_or_equivalent_authorized_market_data_source,2026-06-25T04:29:17.770520Z
2022-06-14,US_13W_YAHOO_IRX,1.7430000305175781,yahoo_query_or_equivalent_authorized_market_data_source,2026-06-25T04:29:17.770520Z
2022-06-15,US_13W_YAHOO_IRX,1.6950000524520874,yahoo_query_or_equivalent_authorized_market_data_source,2026-06-25T04:29:17.770520Z
2022-06-16,US_13W_YAHOO_IRX,1.4830000400543213,yahoo_query_or_equivalent_authorized_market_data_source,2026-06-25T04:29:17.770520Z
2022-06-17,US_13W_YAHOO_IRX,1.5099999904632568,yahoo_query_or_equivalent_authorized_market_data_source,2026-06-25T04:29:17.770520Z
2022-06-21,US_13W_YAHOO_IRX,1.4880000352859497,yahoo_query_or_equivalent_authorized_market_data_source,2026-06-25T04:29:17.770520Z
2022-06-22,US_13W_YAHOO_IRX,1.5449999570846558,yahoo_query_or_equivalent_authorized_market_data_source,2026-06-25T04:29:17.770520Z
2022-06-23,US_13W_YAHOO_IRX,1.559999942779541,yahoo_query_or_equivalent_authorized_market_data_source,2026-06-25T04:29:17.770520Z
2022-06-24,US_13W_YAHOO_IRX,1.5980000495910645,yahoo_query_or_equivalent_authorized_market_data_source,2026-06-25T04:29:17.770520Z
2022-06-27,US_13W_YAHOO_IRX,1.6330000162124634,yahoo_query_or_equivalent_authorized_market_data_source,2026-06-25T04:29:17.770520Z
2022-06-28,US_13W_YAHOO_IRX,1.7380000352859497,yahoo_query_or_equivalent_authorized_market_data_source,2026-06-25T04:29:17.770520Z
2022-06-29,US_13W_YAHOO_IRX,1.7050000429153442,yahoo_query_or_equivalent_authorized_market_data_source,2026-06-25T04:29:17.770520Z
2022-06-30,US_13W_YAHOO_IRX,1.600000023841858,yahoo_query_or_equivalent_authorized_market_data_source,2026-06-25T04:29:17.770520Z
2022-07-01,US_13W_YAHOO_IRX,1.6030000448226929,yahoo_query_or_equivalent_authorized_market_data_source,2026-06-25T04:29:17.770520Z
2022-07-05,US_13W_YAHOO_IRX,1.6299999952316284,yahoo_query_or_equivalent_authorized_market_data_source,2026-06-25T04:29:17.770520Z
2022-07-06,US_13W_YAHOO_IRX,1.840000033378601,yahoo_query_or_equivalent_authorized_market_data_source,2026-06-25T04:29:17.770520Z
2022-07-07,US_13W_YAHOO_IRX,1.8530000448226929,yahoo_query_or_equivalent_authorized_market_data_source,2026-06-25T04:29:17.770520Z
2022-07-08,US_13W_YAHOO_IRX,1.843000054359436,yahoo_query_or_equivalent_authorized_market_data_source,2026-06-25T04:29:17.770520Z
2022-07-11,US_13W_YAHOO_IRX,1.9529999494552612,yahoo_query_or_equivalent_authorized_market_data_source,2026-06-25T04:29:17.770520Z
2022-07-12,US_13W_YAHOO_IRX,2.11299991607666,yahoo_query_or_equivalent_authorized_market_data_source,2026-06-25T04:29:17.770520Z
2022-07-13,US_13W_YAHOO_IRX,2.322999954223633,yahoo_query_or_equivalent_authorized_market_data_source,2026-06-25T04:29:17.770520Z
2022-07-14,US_13W_YAHOO_IRX,2.2730000019073486,yahoo_query_or_equivalent_authorized_market_data_source,2026-06-25T04:29:17.770520Z
2022-07-15,US_13W_YAHOO_IRX,2.240000009536743,yahoo_query_or_equivalent_authorized_market_data_source,2026-06-25T04:29:17.770520Z
2022-07-18,US_13W_YAHOO_IRX,2.259999990463257,yahoo_query_or_equivalent_authorized_market_data_source,2026-06-25T04:29:17.770520Z
2022-07-19,US_13W_YAHOO_IRX,2.450000047683716,yahoo_query_or_equivalent_authorized_market_data_source,2026-06-25T04:29:17.770520Z
2022-07-20,US_13W_YAHOO_IRX,2.378000020980835,yahoo_query_or_equivalent_authorized_market_data_source,2026-06-25T04:29:17.770520Z
2022-07-21,US_13W_YAHOO_IRX,2.359999895095825,yahoo_query_or_equivalent_authorized_market_data_source,2026-06-25T04:29:17.770520Z
2022-07-22,US_13W_YAHOO_IRX,2.3550000190734863,yahoo_query_or_equivalent_authorized_market_data_source,2026-06-25T04:29:17.770520Z
2022-07-25,US_13W_YAHOO_IRX,2.3929998874664307,yahoo_query_or_equivalent_authorized_market_data_source,2026-06-25T04:29:17.770520Z
2022-07-26,US_13W_YAHOO_IRX,2.4749999046325684,yahoo_query_or_equivalent_authorized_market_data_source,2026-06-25T04:29:17.770520Z
2022-07-27,US_13W_YAHOO_IRX,2.382999897003174,yahoo_query_or_equivalent_authorized_market_data_source,2026-06-25T04:29:17.770520Z
2022-07-28,US_13W_YAHOO_IRX,2.308000087738037,yahoo_query_or_equivalent_authorized_market_data_source,2026-06-25T04:29:17.770520Z
2022-07-29,US_13W_YAHOO_IRX,2.2980000972747803,yahoo_query_or_equivalent_authorized_market_data_source,2026-06-25T04:29:17.770520Z
2022-08-01,US_13W_YAHOO_IRX,2.265000104904175,yahoo_query_or_equivalent_authorized_market_data_source,2026-06-25T04:29:17.770520Z
2022-08-02,US_13W_YAHOO_IRX,2.4630000591278076,yahoo_query_or_equivalent_authorized_market_data_source,2026-06-25T04:29:17.770520Z
2022-08-03,US_13W_YAHOO_IRX,2.427999973297119,yahoo_query_or_equivalent_authorized_market_data_source,2026-06-25T04:29:17.770520Z
2022-08-04,US_13W_YAHOO_IRX,2.378000020980835,yahoo_query_or_equivalent_authorized_market_data_source,2026-06-25T04:29:17.770520Z
2022-08-05,US_13W_YAHOO_IRX,2.4100000858306885,yahoo_query_or_equivalent_authorized_market_data_source,2026-06-25T04:29:17.770520Z
2022-08-08,US_13W_YAHOO_IRX,2.4600000381469727,yahoo_query_or_equivalent_authorized_market_data_source,2026-06-25T04:29:17.770520Z
2022-08-09,US_13W_YAHOO_IRX,2.569999933242798,yahoo_query_or_equivalent_authorized_market_data_source,2026-06-25T04:29:17.770520Z
2022-08-10,US_13W_YAHOO_IRX,2.5350000858306885,yahoo_query_or_equivalent_authorized_market_data_source,2026-06-25T04:29:17.770520Z
2022-08-11,US_13W_YAHOO_IRX,2.490000009536743,yahoo_query_or_equivalent_authorized_market_data_source,2026-06-25T04:29:17.770520Z
2022-08-12,US_13W_YAHOO_IRX,2.5,yahoo_query_or_equivalent_authorized_market_data_source,2026-06-25T04:29:17.770520Z
2022-08-15,US_13W_YAHOO_IRX,2.513000011444092,yahoo_query_or_equivalent_authorized_market_data_source,2026-06-25T04:29:17.770520Z
2022-08-16,US_13W_YAHOO_IRX,2.5980000495910645,yahoo_query_or_equivalent_authorized_market_data_source,2026-06-25T04:29:17.770520Z
2022-08-17,US_13W_YAHOO_IRX,2.568000078201294,yahoo_query_or_equivalent_authorized_market_data_source,2026-06-25T04:29:17.770520Z
2022-08-18,US_13W_YAHOO_IRX,2.565000057220459,yahoo_query_or_equivalent_authorized_market_data_source,2026-06-25T04:29:17.770520Z
2022-08-19,US_13W_YAHOO_IRX,2.5799999237060547,yahoo_query_or_equivalent_authorized_market_data_source,2026-06-25T04:29:17.770520Z
2022-08-22,US_13W_YAHOO_IRX,2.6480000019073486,yahoo_query_or_equivalent_authorized_market_data_source,2026-06-25T04:29:17.770520Z
2022-08-23,US_13W_YAHOO_IRX,2.703000068664551,yahoo_query_or_equivalent_authorized_market_data_source,2026-06-25T04:29:17.770520Z
2022-08-24,US_13W_YAHOO_IRX,2.7130000591278076,yahoo_query_or_equivalent_authorized_market_data_source,2026-06-25T04:29:17.770520Z
2022-08-25,US_13W_YAHOO_IRX,2.7300000190734863,yahoo_query_or_equivalent_authorized_market_data_source,2026-06-25T04:29:17.770520Z
2022-08-26,US_13W_YAHOO_IRX,2.755000114440918,yahoo_query_or_equivalent_authorized_market_data_source,2026-06-25T04:29:17.770520Z
2022-08-29,US_13W_YAHOO_IRX,2.7980000972747803,yahoo_query_or_equivalent_authorized_market_data_source,2026-06-25T04:29:17.770520Z
2022-08-30,US_13W_YAHOO_IRX,2.872999906539917,yahoo_query_or_equivalent_authorized_market_data_source,2026-06-25T04:29:17.770520Z
2022-08-31,US_13W_YAHOO_IRX,2.859999895095825,yahoo_query_or_equivalent_authorized_market_data_source,2026-06-25T04:29:17.770520Z
2022-09-01,US_13W_YAHOO_IRX,2.86299991607666,yahoo_query_or_equivalent_authorized_market_data_source,2026-06-25T04:29:17.770520Z
2022-09-02,US_13W_YAHOO_IRX,2.819999933242798,yahoo_query_or_equivalent_authorized_market_data_source,2026-06-25T04:29:17.770520Z
2022-09-06,US_13W_YAHOO_IRX,2.8450000286102295,yahoo_query_or_equivalent_authorized_market_data_source,2026-06-25T04:29:17.770520Z
2022-09-07,US_13W_YAHOO_IRX,2.933000087738037,yahoo_query_or_equivalent_authorized_market_data_source,2026-06-25T04:29:17.770520Z
2022-09-08,US_13W_YAHOO_IRX,2.950000047683716,yahoo_query_or_equivalent_authorized_market_data_source,2026-06-25T04:29:17.770520Z
2022-09-09,US_13W_YAHOO_IRX,2.9679999351501465,yahoo_query_or_equivalent_authorized_market_data_source,2026-06-25T04:29:17.770520Z
2022-09-12,US_13W_YAHOO_IRX,2.994999885559082,yahoo_query_or_equivalent_authorized_market_data_source,2026-06-25T04:29:17.770520Z
2022-09-13,US_13W_YAHOO_IRX,3.1530001163482666,yahoo_query_or_equivalent_authorized_market_data_source,2026-06-25T04:29:17.770520Z
2022-09-14,US_13W_YAHOO_IRX,3.128000020980835,yahoo_query_or_equivalent_authorized_market_data_source,2026-06-25T04:29:17.770520Z
2022-09-15,US_13W_YAHOO_IRX,3.0950000286102295,yahoo_query_or_equivalent_authorized_market_data_source,2026-06-25T04:29:17.770520Z
2022-09-16,US_13W_YAHOO_IRX,3.069999933242798,yahoo_query_or_equivalent_authorized_market_data_source,2026-06-25T04:29:17.770520Z
2022-09-19,US_13W_YAHOO_IRX,3.0350000858306885,yahoo_query_or_equivalent_authorized_market_data_source,2026-06-25T04:29:17.770520Z
2022-09-20,US_13W_YAHOO_IRX,3.243000030517578,yahoo_query_or_equivalent_authorized_market_data_source,2026-06-25T04:29:17.770520Z
2022-09-21,US_13W_YAHOO_IRX,3.190000057220459,yahoo_query_or_equivalent_authorized_market_data_source,2026-06-25T04:29:17.770520Z
2022-09-22,US_13W_YAHOO_IRX,3.130000114440918,yahoo_query_or_equivalent_authorized_market_data_source,2026-06-25T04:29:17.770520Z
2022-09-23,US_13W_YAHOO_IRX,3.1080000400543213,yahoo_query_or_equivalent_authorized_market_data_source,2026-06-25T04:29:17.770520Z
2022-09-26,US_13W_YAHOO_IRX,3.1649999618530273,yahoo_query_or_equivalent_authorized_market_data_source,2026-06-25T04:29:17.770520Z
2022-09-27,US_13W_YAHOO_IRX,3.25,yahoo_query_or_equivalent_authorized_market_data_source,2026-06-25T04:29:17.770520Z
2022-09-28,US_13W_YAHOO_IRX,3.2300000190734863,yahoo_query_or_equivalent_authorized_market_data_source,2026-06-25T04:29:17.770520Z
2022-09-29,US_13W_YAHOO_IRX,3.2179999351501465,yahoo_query_or_equivalent_authorized_market_data_source,2026-06-25T04:29:17.770520Z
2022-09-30,US_13W_YAHOO_IRX,3.180000066757202,yahoo_query_or_equivalent_authorized_market_data_source,2026-06-25T04:29:17.770520Z
2022-10-03,US_13W_YAHOO_IRX,3.1500000953674316,yahoo_query_or_equivalent_authorized_market_data_source,2026-06-25T04:29:17.770520Z
2022-10-04,US_13W_YAHOO_IRX,3.315000057220459,yahoo_query_or_equivalent_authorized_market_data_source,2026-06-25T04:29:17.770520Z
2022-10-05,US_13W_YAHOO_IRX,3.2929999828338623,yahoo_query_or_equivalent_authorized_market_data_source,2026-06-25T04:29:17.770520Z
2022-10-06,US_13W_YAHOO_IRX,3.2880001068115234,yahoo_query_or_equivalent_authorized_market_data_source,2026-06-25T04:29:17.770520Z
2022-10-07,US_13W_YAHOO_IRX,3.2929999828338623,yahoo_query_or_equivalent_authorized_market_data_source,2026-06-25T04:29:17.770520Z
2022-10-10,US_13W_YAHOO_IRX,3.2850000858306885,yahoo_query_or_equivalent_authorized_market_data_source,2026-06-25T04:29:17.770520Z
2022-10-11,US_13W_YAHOO_IRX,3.3399999141693115,yahoo_query_or_equivalent_authorized_market_data_source,2026-06-25T04:29:17.770520Z
2022-10-12,US_13W_YAHOO_IRX,3.5329999923706055,yahoo_query_or_equivalent_authorized_market_data_source,2026-06-25T04:29:17.770520Z
2022-10-13,US_13W_YAHOO_IRX,3.5829999446868896,yahoo_query_or_equivalent_authorized_market_data_source,2026-06-25T04:29:17.770520Z
2022-10-14,US_13W_YAHOO_IRX,3.628000020980835,yahoo_query_or_equivalent_authorized_market_data_source,2026-06-25T04:29:17.770520Z
2022-10-17,US_13W_YAHOO_IRX,3.687999963760376,yahoo_query_or_equivalent_authorized_market_data_source,2026-06-25T04:29:17.770520Z
2022-10-18,US_13W_YAHOO_IRX,3.8329999446868896,yahoo_query_or_equivalent_authorized_market_data_source,2026-06-25T04:29:17.770520Z
2022-10-19,US_13W_YAHOO_IRX,3.8929998874664307,yahoo_query_or_equivalent_authorized_market_data_source,2026-06-25T04:29:17.770520Z
2022-10-20,US_13W_YAHOO_IRX,3.890000104904175,yahoo_query_or_equivalent_authorized_market_data_source,2026-06-25T04:29:17.770520Z
2022-10-21,US_13W_YAHOO_IRX,3.884999990463257,yahoo_query_or_equivalent_authorized_market_data_source,2026-06-25T04:29:17.770520Z
2022-10-24,US_13W_YAHOO_IRX,3.9130001068115234,yahoo_query_or_equivalent_authorized_market_data_source,2026-06-25T04:29:17.770520Z
2022-10-25,US_13W_YAHOO_IRX,3.9649999141693115,yahoo_query_or_equivalent_authorized_market_data_source,2026-06-25T04:29:17.770520Z
2022-10-26,US_13W_YAHOO_IRX,3.930000066757202,yahoo_query_or_equivalent_authorized_market_data_source,2026-06-25T04:29:17.770520Z
2022-10-27,US_13W_YAHOO_IRX,3.930000066757202,yahoo_query_or_equivalent_authorized_market_data_source,2026-06-25T04:29:17.770520Z
2022-10-28,US_13W_YAHOO_IRX,3.9700000286102295,yahoo_query_or_equivalent_authorized_market_data_source,2026-06-25T04:29:17.770520Z
2022-10-31,US_13W_YAHOO_IRX,3.9749999046325684,yahoo_query_or_equivalent_authorized_market_data_source,2026-06-25T04:29:17.770520Z
2022-11-01,US_13W_YAHOO_IRX,4.050000190734863,yahoo_query_or_equivalent_authorized_market_data_source,2026-06-25T04:29:17.770520Z
2022-11-02,US_13W_YAHOO_IRX,4.025000095367432,yahoo_query_or_equivalent_authorized_market_data_source,2026-06-25T04:29:17.770520Z
2022-11-03,US_13W_YAHOO_IRX,4.025000095367432,yahoo_query_or_equivalent_authorized_market_data_source,2026-06-25T04:29:17.770520Z
2022-11-04,US_13W_YAHOO_IRX,4.013000011444092,yahoo_query_or_equivalent_authorized_market_data_source,2026-06-25T04:29:17.770520Z
2022-11-07,US_13W_YAHOO_IRX,3.9830000400543213,yahoo_query_or_equivalent_authorized_market_data_source,2026-06-25T04:29:17.770520Z
2022-11-08,US_13W_YAHOO_IRX,4.090000152587891,yahoo_query_or_equivalent_authorized_market_data_source,2026-06-25T04:29:17.770520Z
2022-11-09,US_13W_YAHOO_IRX,4.0929999351501465,yahoo_query_or_equivalent_authorized_market_data_source,2026-06-25T04:29:17.770520Z
2022-11-10,US_13W_YAHOO_IRX,4.054999828338623,yahoo_query_or_equivalent_authorized_market_data_source,2026-06-25T04:29:17.770520Z
2022-11-11,US_13W_YAHOO_IRX,4.063000202178955,yahoo_query_or_equivalent_authorized_market_data_source,2026-06-25T04:29:17.770520Z
2022-11-14,US_13W_YAHOO_IRX,4.067999839782715,yahoo_query_or_equivalent_authorized_market_data_source,2026-06-25T04:29:17.770520Z
2022-11-15,US_13W_YAHOO_IRX,4.130000114440918,yahoo_query_or_equivalent_authorized_market_data_source,2026-06-25T04:29:17.770520Z
2022-11-16,US_13W_YAHOO_IRX,4.125,yahoo_query_or_equivalent_authorized_market_data_source,2026-06-25T04:29:17.770520Z
2022-11-17,US_13W_YAHOO_IRX,4.11299991607666,yahoo_query_or_equivalent_authorized_market_data_source,2026-06-25T04:29:17.770520Z
2022-11-18,US_13W_YAHOO_IRX,4.135000228881836,yahoo_query_or_equivalent_authorized_market_data_source,2026-06-25T04:29:17.770520Z
2022-11-21,US_13W_YAHOO_IRX,4.0980000495910645,yahoo_query_or_equivalent_authorized_market_data_source,2026-06-25T04:29:17.770520Z
2022-11-22,US_13W_YAHOO_IRX,4.197999954223633,yahoo_query_or_equivalent_authorized_market_data_source,2026-06-25T04:29:17.770520Z
2022-11-23,US_13W_YAHOO_IRX,4.199999809265137,yahoo_query_or_equivalent_authorized_market_data_source,2026-06-25T04:29:17.770520Z
2022-11-25,US_13W_YAHOO_IRX,4.175000190734863,yahoo_query_or_equivalent_authorized_market_data_source,2026-06-25T04:29:17.770520Z
2022-11-28,US_13W_YAHOO_IRX,4.183000087738037,yahoo_query_or_equivalent_authorized_market_data_source,2026-06-25T04:29:17.770520Z
2022-11-29,US_13W_YAHOO_IRX,4.252999782562256,yahoo_query_or_equivalent_authorized_market_data_source,2026-06-25T04:29:17.770520Z
2022-11-30,US_13W_YAHOO_IRX,4.252999782562256,yahoo_query_or_equivalent_authorized_market_data_source,2026-06-25T04:29:17.770520Z
2022-12-01,US_13W_YAHOO_IRX,4.192999839782715,yahoo_query_or_equivalent_authorized_market_data_source,2026-06-25T04:29:17.770520Z
2022-12-02,US_13W_YAHOO_IRX,4.208000183105469,yahoo_query_or_equivalent_authorized_market_data_source,2026-06-25T04:29:17.770520Z
2022-12-05,US_13W_YAHOO_IRX,4.1579999923706055,yahoo_query_or_equivalent_authorized_market_data_source,2026-06-25T04:29:17.770520Z
2022-12-06,US_13W_YAHOO_IRX,4.21999979019165,yahoo_query_or_equivalent_authorized_market_data_source,2026-06-25T04:29:17.770520Z
2022-12-07,US_13W_YAHOO_IRX,4.183000087738037,yahoo_query_or_equivalent_authorized_market_data_source,2026-06-25T04:29:17.770520Z
2022-12-08,US_13W_YAHOO_IRX,4.150000095367432,yahoo_query_or_equivalent_authorized_market_data_source,2026-06-25T04:29:17.770520Z
2022-12-09,US_13W_YAHOO_IRX,4.172999858856201,yahoo_query_or_equivalent_authorized_market_data_source,2026-06-25T04:29:17.770520Z
2022-12-12,US_13W_YAHOO_IRX,4.168000221252441,yahoo_query_or_equivalent_authorized_market_data_source,2026-06-25T04:29:17.770520Z
2022-12-13,US_13W_YAHOO_IRX,4.248000144958496,yahoo_query_or_equivalent_authorized_market_data_source,2026-06-25T04:29:17.770520Z
2022-12-14,US_13W_YAHOO_IRX,4.21999979019165,yahoo_query_or_equivalent_authorized_market_data_source,2026-06-25T04:29:17.770520Z
2022-12-15,US_13W_YAHOO_IRX,4.2129998207092285,yahoo_query_or_equivalent_authorized_market_data_source,2026-06-25T04:29:17.770520Z
2022-12-16,US_13W_YAHOO_IRX,4.163000106811523,yahoo_query_or_equivalent_authorized_market_data_source,2026-06-25T04:29:17.770520Z
2022-12-19,US_13W_YAHOO_IRX,4.163000106811523,yahoo_query_or_equivalent_authorized_market_data_source,2026-06-25T04:29:17.770520Z
2022-12-20,US_13W_YAHOO_IRX,4.230000019073486,yahoo_query_or_equivalent_authorized_market_data_source,2026-06-25T04:29:17.770520Z
2022-12-21,US_13W_YAHOO_IRX,4.204999923706055,yahoo_query_or_equivalent_authorized_market_data_source,2026-06-25T04:29:17.770520Z
2022-12-22,US_13W_YAHOO_IRX,4.208000183105469,yahoo_query_or_equivalent_authorized_market_data_source,2026-06-25T04:29:17.770520Z
2022-12-23,US_13W_YAHOO_IRX,4.192999839782715,yahoo_query_or_equivalent_authorized_market_data_source,2026-06-25T04:29:17.770520Z
2022-12-27,US_13W_YAHOO_IRX,4.195000171661377,yahoo_query_or_equivalent_authorized_market_data_source,2026-06-25T04:29:17.770520Z
2022-12-28,US_13W_YAHOO_IRX,4.3379998207092285,yahoo_query_or_equivalent_authorized_market_data_source,2026-06-25T04:29:17.770520Z
2022-12-29,US_13W_YAHOO_IRX,4.295000076293945,yahoo_query_or_equivalent_authorized_market_data_source,2026-06-25T04:29:17.770520Z
2022-12-30,US_13W_YAHOO_IRX,4.260000228881836,yahoo_query_or_equivalent_authorized_market_data_source,2026-06-25T04:29:17.770520Z
2023-01-03,US_13W_YAHOO_IRX,4.255000114440918,yahoo_query_or_equivalent_authorized_market_data_source,2026-06-25T04:29:17.770520Z
2023-01-04,US_13W_YAHOO_IRX,4.400000095367432,yahoo_query_or_equivalent_authorized_market_data_source,2026-06-25T04:29:17.770520Z
2023-01-05,US_13W_YAHOO_IRX,4.498000144958496,yahoo_query_or_equivalent_authorized_market_data_source,2026-06-25T04:29:17.770520Z
2023-01-06,US_13W_YAHOO_IRX,4.493000030517578,yahoo_query_or_equivalent_authorized_market_data_source,2026-06-25T04:29:17.770520Z
2023-01-09,US_13W_YAHOO_IRX,4.482999801635742,yahoo_query_or_equivalent_authorized_market_data_source,2026-06-25T04:29:17.770520Z
2023-01-10,US_13W_YAHOO_IRX,4.565000057220459,yahoo_query_or_equivalent_authorized_market_data_source,2026-06-25T04:29:17.770520Z
2023-01-11,US_13W_YAHOO_IRX,4.554999828338623,yahoo_query_or_equivalent_authorized_market_data_source,2026-06-25T04:29:17.770520Z
2023-01-12,US_13W_YAHOO_IRX,4.474999904632568,yahoo_query_or_equivalent_authorized_market_data_source,2026-06-25T04:29:17.770520Z
2023-01-13,US_13W_YAHOO_IRX,4.48799991607666,yahoo_query_or_equivalent_authorized_market_data_source,2026-06-25T04:29:17.770520Z
2023-01-17,US_13W_YAHOO_IRX,4.493000030517578,yahoo_query_or_equivalent_authorized_market_data_source,2026-06-25T04:29:17.770520Z
2023-01-18,US_13W_YAHOO_IRX,4.53000020980835,yahoo_query_or_equivalent_authorized_market_data_source,2026-06-25T04:29:17.770520Z
2023-01-19,US_13W_YAHOO_IRX,4.525000095367432,yahoo_query_or_equivalent_authorized_market_data_source,2026-06-25T04:29:17.770520Z
2023-01-20,US_13W_YAHOO_IRX,4.538000106811523,yahoo_query_or_equivalent_authorized_market_data_source,2026-06-25T04:29:17.770520Z
2023-01-23,US_13W_YAHOO_IRX,4.534999847412109,yahoo_query_or_equivalent_authorized_market_data_source,2026-06-25T04:29:17.770520Z
2023-01-24,US_13W_YAHOO_IRX,4.572999954223633,yahoo_query_or_equivalent_authorized_market_data_source,2026-06-25T04:29:17.770520Z
2023-01-25,US_13W_YAHOO_IRX,4.545000076293945,yahoo_query_or_equivalent_authorized_market_data_source,2026-06-25T04:29:17.770520Z
2023-01-26,US_13W_YAHOO_IRX,4.543000221252441,yahoo_query_or_equivalent_authorized_market_data_source,2026-06-25T04:29:17.770520Z
2023-01-27,US_13W_YAHOO_IRX,4.547999858856201,yahoo_query_or_equivalent_authorized_market_data_source,2026-06-25T04:29:17.770520Z
2023-01-30,US_13W_YAHOO_IRX,4.534999847412109,yahoo_query_or_equivalent_authorized_market_data_source,2026-06-25T04:29:17.770520Z
2023-01-31,US_13W_YAHOO_IRX,4.570000171661377,yahoo_query_or_equivalent_authorized_market_data_source,2026-06-25T04:29:17.770520Z
2023-02-01,US_13W_YAHOO_IRX,4.519999980926514,yahoo_query_or_equivalent_authorized_market_data_source,2026-06-25T04:29:17.770520Z
2023-02-02,US_13W_YAHOO_IRX,4.510000228881836,yahoo_query_or_equivalent_authorized_market_data_source,2026-06-25T04:29:17.770520Z
2023-02-03,US_13W_YAHOO_IRX,4.5229997634887695,yahoo_query_or_equivalent_authorized_market_data_source,2026-06-25T04:29:17.770520Z
2023-02-06,US_13W_YAHOO_IRX,4.5329999923706055,yahoo_query_or_equivalent_authorized_market_data_source,2026-06-25T04:29:17.770520Z
2023-02-07,US_13W_YAHOO_IRX,4.570000171661377,yahoo_query_or_equivalent_authorized_market_data_source,2026-06-25T04:29:17.770520Z
2023-02-08,US_13W_YAHOO_IRX,4.585000038146973,yahoo_query_or_equivalent_authorized_market_data_source,2026-06-25T04:29:17.770520Z
2023-02-09,US_13W_YAHOO_IRX,4.61299991607666,yahoo_query_or_equivalent_authorized_market_data_source,2026-06-25T04:29:17.770520Z
2023-02-10,US_13W_YAHOO_IRX,4.635000228881836,yahoo_query_or_equivalent_authorized_market_data_source,2026-06-25T04:29:17.770520Z
2023-02-13,US_13W_YAHOO_IRX,4.644999980926514,yahoo_query_or_equivalent_authorized_market_data_source,2026-06-25T04:29:17.770520Z
2023-02-14,US_13W_YAHOO_IRX,4.659999847412109,yahoo_query_or_equivalent_authorized_market_data_source,2026-06-25T04:29:17.770520Z
2023-02-15,US_13W_YAHOO_IRX,4.64300012588501,yahoo_query_or_equivalent_authorized_market_data_source,2026-06-25T04:29:17.770520Z
2023-02-16,US_13W_YAHOO_IRX,4.664999961853027,yahoo_query_or_equivalent_authorized_market_data_source,2026-06-25T04:29:17.770520Z
2023-02-17,US_13W_YAHOO_IRX,4.679999828338623,yahoo_query_or_equivalent_authorized_market_data_source,2026-06-25T04:29:17.770520Z
2023-02-21,US_13W_YAHOO_IRX,4.688000202178955,yahoo_query_or_equivalent_authorized_market_data_source,2026-06-25T04:29:17.770520Z
2023-02-22,US_13W_YAHOO_IRX,4.695000171661377,yahoo_query_or_equivalent_authorized_market_data_source,2026-06-25T04:29:17.770520Z
2023-02-23,US_13W_YAHOO_IRX,4.690000057220459,yahoo_query_or_equivalent_authorized_market_data_source,2026-06-25T04:29:17.770520Z
2023-02-24,US_13W_YAHOO_IRX,4.703000068664551,yahoo_query_or_equivalent_authorized_market_data_source,2026-06-25T04:29:17.770520Z
2023-02-27,US_13W_YAHOO_IRX,4.664999961853027,yahoo_query_or_equivalent_authorized_market_data_source,2026-06-25T04:29:17.770520Z
2023-02-28,US_13W_YAHOO_IRX,4.710000038146973,yahoo_query_or_equivalent_authorized_market_data_source,2026-06-25T04:29:17.770520Z
2023-03-01,US_13W_YAHOO_IRX,4.724999904632568,yahoo_query_or_equivalent_authorized_market_data_source,2026-06-25T04:29:17.770520Z
2023-03-02,US_13W_YAHOO_IRX,4.7230000495910645,yahoo_query_or_equivalent_authorized_market_data_source,2026-06-25T04:29:17.770520Z
2023-03-03,US_13W_YAHOO_IRX,4.7179999351501465,yahoo_query_or_equivalent_authorized_market_data_source,2026-06-25T04:29:17.770520Z
2023-03-06,US_13W_YAHOO_IRX,4.728000164031982,yahoo_query_or_equivalent_authorized_market_data_source,2026-06-25T04:29:17.770520Z
2023-03-07,US_13W_YAHOO_IRX,4.84499979019165,yahoo_query_or_equivalent_authorized_market_data_source,2026-06-25T04:29:17.770520Z
2023-03-08,US_13W_YAHOO_IRX,4.882999897003174,yahoo_query_or_equivalent_authorized_market_data_source,2026-06-25T04:29:17.770520Z
2023-03-09,US_13W_YAHOO_IRX,4.8480000495910645,yahoo_query_or_equivalent_authorized_market_data_source,2026-06-25T04:29:17.770520Z
2023-03-10,US_13W_YAHOO_IRX,4.802999973297119,yahoo_query_or_equivalent_authorized_market_data_source,2026-06-25T04:29:17.770520Z
2023-03-13,US_13W_YAHOO_IRX,4.6579999923706055,yahoo_query_or_equivalent_authorized_market_data_source,2026-06-25T04:29:17.770520Z
2023-03-14,US_13W_YAHOO_IRX,4.679999828338623,yahoo_query_or_equivalent_authorized_market_data_source,2026-06-25T04:29:17.770520Z
2023-03-15,US_13W_YAHOO_IRX,4.558000087738037,yahoo_query_or_equivalent_authorized_market_data_source,2026-06-25T04:29:17.770520Z
2023-03-16,US_13W_YAHOO_IRX,4.53000020980835,yahoo_query_or_equivalent_authorized_market_data_source,2026-06-25T04:29:17.770520Z
2023-03-17,US_13W_YAHOO_IRX,4.293000221252441,yahoo_query_or_equivalent_authorized_market_data_source,2026-06-25T04:29:17.770520Z
2023-03-20,US_13W_YAHOO_IRX,4.465000152587891,yahoo_query_or_equivalent_authorized_market_data_source,2026-06-25T04:29:17.770520Z
2023-03-21,US_13W_YAHOO_IRX,4.605000019073486,yahoo_query_or_equivalent_authorized_market_data_source,2026-06-25T04:29:17.770520Z
2023-03-22,US_13W_YAHOO_IRX,4.563000202178955,yahoo_query_or_equivalent_authorized_market_data_source,2026-06-25T04:29:17.770520Z
2023-03-23,US_13W_YAHOO_IRX,4.502999782562256,yahoo_query_or_equivalent_authorized_market_data_source,2026-06-25T04:29:17.770520Z
2023-03-24,US_13W_YAHOO_IRX,4.502999782562256,yahoo_query_or_equivalent_authorized_market_data_source,2026-06-25T04:29:17.770520Z
2023-03-27,US_13W_YAHOO_IRX,4.583000183105469,yahoo_query_or_equivalent_authorized_market_data_source,2026-06-25T04:29:17.770520Z
2023-03-28,US_13W_YAHOO_IRX,4.627999782562256,yahoo_query_or_equivalent_authorized_market_data_source,2026-06-25T04:29:17.770520Z
2023-03-29,US_13W_YAHOO_IRX,4.630000114440918,yahoo_query_or_equivalent_authorized_market_data_source,2026-06-25T04:29:17.770520Z
2023-03-30,US_13W_YAHOO_IRX,4.664999961853027,yahoo_query_or_equivalent_authorized_market_data_source,2026-06-25T04:29:17.770520Z
2023-03-31,US_13W_YAHOO_IRX,4.585000038146973,yahoo_query_or_equivalent_authorized_market_data_source,2026-06-25T04:29:17.770520Z
2023-04-03,US_13W_YAHOO_IRX,4.570000171661377,yahoo_query_or_equivalent_authorized_market_data_source,2026-06-25T04:29:17.770520Z
2023-04-04,US_13W_YAHOO_IRX,4.728000164031982,yahoo_query_or_equivalent_authorized_market_data_source,2026-06-25T04:29:17.770520Z
2023-04-05,US_13W_YAHOO_IRX,4.704999923706055,yahoo_query_or_equivalent_authorized_market_data_source,2026-06-25T04:29:17.770520Z
2023-04-06,US_13W_YAHOO_IRX,4.710000038146973,yahoo_query_or_equivalent_authorized_market_data_source,2026-06-25T04:29:17.770520Z
2023-04-10,US_13W_YAHOO_IRX,4.8379998207092285,yahoo_query_or_equivalent_authorized_market_data_source,2026-06-25T04:29:17.770520Z
2023-04-11,US_13W_YAHOO_IRX,4.880000114440918,yahoo_query_or_equivalent_authorized_market_data_source,2026-06-25T04:29:17.770520Z
2023-04-12,US_13W_YAHOO_IRX,4.860000133514404,yahoo_query_or_equivalent_authorized_market_data_source,2026-06-25T04:29:17.770520Z
2023-04-13,US_13W_YAHOO_IRX,4.855000019073486,yahoo_query_or_equivalent_authorized_market_data_source,2026-06-25T04:29:17.770520Z
2023-04-14,US_13W_YAHOO_IRX,4.9029998779296875,yahoo_query_or_equivalent_authorized_market_data_source,2026-06-25T04:29:17.770520Z
2023-04-17,US_13W_YAHOO_IRX,4.922999858856201,yahoo_query_or_equivalent_authorized_market_data_source,2026-06-25T04:29:17.770520Z
2023-04-18,US_13W_YAHOO_IRX,5.03000020980835,yahoo_query_or_equivalent_authorized_market_data_source,2026-06-25T04:29:17.770520Z
2023-04-19,US_13W_YAHOO_IRX,4.994999885559082,yahoo_query_or_equivalent_authorized_market_data_source,2026-06-25T04:29:17.770520Z
2023-04-20,US_13W_YAHOO_IRX,4.945000171661377,yahoo_query_or_equivalent_authorized_market_data_source,2026-06-25T04:29:17.770520Z
2023-04-21,US_13W_YAHOO_IRX,4.949999809265137,yahoo_query_or_equivalent_authorized_market_data_source,2026-06-25T04:29:17.770520Z
2023-04-24,US_13W_YAHOO_IRX,4.873000144958496,yahoo_query_or_equivalent_authorized_market_data_source,2026-06-25T04:29:17.770520Z
2023-04-25,US_13W_YAHOO_IRX,4.953000068664551,yahoo_query_or_equivalent_authorized_market_data_source,2026-06-25T04:29:17.770520Z
2023-04-26,US_13W_YAHOO_IRX,4.985000133514404,yahoo_query_or_equivalent_authorized_market_data_source,2026-06-25T04:29:17.770520Z
2023-04-27,US_13W_YAHOO_IRX,5.0,yahoo_query_or_equivalent_authorized_market_data_source,2026-06-25T04:29:17.770520Z
2023-04-28,US_13W_YAHOO_IRX,4.922999858856201,yahoo_query_or_equivalent_authorized_market_data_source,2026-06-25T04:29:17.770520Z
2023-05-01,US_13W_YAHOO_IRX,4.864999771118164,yahoo_query_or_equivalent_authorized_market_data_source,2026-06-25T04:29:17.770520Z
2023-05-02,US_13W_YAHOO_IRX,5.039999961853027,yahoo_query_or_equivalent_authorized_market_data_source,2026-06-25T04:29:17.770520Z
2023-05-03,US_13W_YAHOO_IRX,5.09499979019165,yahoo_query_or_equivalent_authorized_market_data_source,2026-06-25T04:29:17.770520Z
2023-05-04,US_13W_YAHOO_IRX,5.054999828338623,yahoo_query_or_equivalent_authorized_market_data_source,2026-06-25T04:29:17.770520Z
2023-05-05,US_13W_YAHOO_IRX,5.079999923706055,yahoo_query_or_equivalent_authorized_market_data_source,2026-06-25T04:29:17.770520Z
2023-05-08,US_13W_YAHOO_IRX,5.083000183105469,yahoo_query_or_equivalent_authorized_market_data_source,2026-06-25T04:29:17.770520Z
2023-05-09,US_13W_YAHOO_IRX,5.123000144958496,yahoo_query_or_equivalent_authorized_market_data_source,2026-06-25T04:29:17.770520Z
2023-05-10,US_13W_YAHOO_IRX,5.065000057220459,yahoo_query_or_equivalent_authorized_market_data_source,2026-06-25T04:29:17.770520Z
2023-05-11,US_13W_YAHOO_IRX,5.014999866485596,yahoo_query_or_equivalent_authorized_market_data_source,2026-06-25T04:29:17.770520Z
2023-05-12,US_13W_YAHOO_IRX,5.0279998779296875,yahoo_query_or_equivalent_authorized_market_data_source,2026-06-25T04:29:17.770520Z
2023-05-15,US_13W_YAHOO_IRX,5.0,yahoo_query_or_equivalent_authorized_market_data_source,2026-06-25T04:29:17.770520Z
2023-05-16,US_13W_YAHOO_IRX,5.058000087738037,yahoo_query_or_equivalent_authorized_market_data_source,2026-06-25T04:29:17.770520Z
2023-05-17,US_13W_YAHOO_IRX,5.0879998207092285,yahoo_query_or_equivalent_authorized_market_data_source,2026-06-25T04:29:17.770520Z
2023-05-18,US_13W_YAHOO_IRX,5.125,yahoo_query_or_equivalent_authorized_market_data_source,2026-06-25T04:29:17.770520Z
2023-05-19,US_13W_YAHOO_IRX,5.085000038146973,yahoo_query_or_equivalent_authorized_market_data_source,2026-06-25T04:29:17.770520Z
2023-05-22,US_13W_YAHOO_IRX,5.09499979019165,yahoo_query_or_equivalent_authorized_market_data_source,2026-06-25T04:29:17.770520Z
2023-05-23,US_13W_YAHOO_IRX,5.1529998779296875,yahoo_query_or_equivalent_authorized_market_data_source,2026-06-25T04:29:17.770520Z
2023-05-24,US_13W_YAHOO_IRX,5.184999942779541,yahoo_query_or_equivalent_authorized_market_data_source,2026-06-25T04:29:17.770520Z
2023-05-25,US_13W_YAHOO_IRX,5.163000106811523,yahoo_query_or_equivalent_authorized_market_data_source,2026-06-25T04:29:17.770520Z
2023-05-26,US_13W_YAHOO_IRX,5.114999771118164,yahoo_query_or_equivalent_authorized_market_data_source,2026-06-25T04:29:17.770520Z
2023-05-30,US_13W_YAHOO_IRX,5.14300012588501,yahoo_query_or_equivalent_authorized_market_data_source,2026-06-25T04:29:17.770520Z
2023-05-31,US_13W_YAHOO_IRX,5.248000144958496,yahoo_query_or_equivalent_authorized_market_data_source,2026-06-25T04:29:17.770520Z
2023-06-01,US_13W_YAHOO_IRX,5.203000068664551,yahoo_query_or_equivalent_authorized_market_data_source,2026-06-25T04:29:17.770520Z
2023-06-02,US_13W_YAHOO_IRX,5.215000152587891,yahoo_query_or_equivalent_authorized_market_data_source,2026-06-25T04:29:17.770520Z
2023-06-05,US_13W_YAHOO_IRX,5.14300012588501,yahoo_query_or_equivalent_authorized_market_data_source,2026-06-25T04:29:17.770520Z
2023-06-06,US_13W_YAHOO_IRX,5.1579999923706055,yahoo_query_or_equivalent_authorized_market_data_source,2026-06-25T04:29:17.770520Z
2023-06-07,US_13W_YAHOO_IRX,5.1529998779296875,yahoo_query_or_equivalent_authorized_market_data_source,2026-06-25T04:29:17.770520Z
2023-06-08,US_13W_YAHOO_IRX,5.099999904632568,yahoo_query_or_equivalent_authorized_market_data_source,2026-06-25T04:29:17.770520Z
2023-06-09,US_13W_YAHOO_IRX,5.09499979019165,yahoo_query_or_equivalent_authorized_market_data_source,2026-06-25T04:29:17.770520Z
2023-06-12,US_13W_YAHOO_IRX,5.09499979019165,yahoo_query_or_equivalent_authorized_market_data_source,2026-06-25T04:29:17.770520Z
2023-06-13,US_13W_YAHOO_IRX,5.099999904632568,yahoo_query_or_equivalent_authorized_market_data_source,2026-06-25T04:29:17.770520Z
2023-06-14,US_13W_YAHOO_IRX,5.079999923706055,yahoo_query_or_equivalent_authorized_market_data_source,2026-06-25T04:29:17.770520Z
2023-06-15,US_13W_YAHOO_IRX,5.054999828338623,yahoo_query_or_equivalent_authorized_market_data_source,2026-06-25T04:29:17.770520Z
2023-06-16,US_13W_YAHOO_IRX,5.065000057220459,yahoo_query_or_equivalent_authorized_market_data_source,2026-06-25T04:29:17.770520Z
2023-06-20,US_13W_YAHOO_IRX,5.074999809265137,yahoo_query_or_equivalent_authorized_market_data_source,2026-06-25T04:29:17.770520Z
2023-06-21,US_13W_YAHOO_IRX,5.135000228881836,yahoo_query_or_equivalent_authorized_market_data_source,2026-06-25T04:29:17.770520Z
2023-06-22,US_13W_YAHOO_IRX,5.135000228881836,yahoo_query_or_equivalent_authorized_market_data_source,2026-06-25T04:29:17.770520Z
2023-06-23,US_13W_YAHOO_IRX,5.138000011444092,yahoo_query_or_equivalent_authorized_market_data_source,2026-06-25T04:29:17.770520Z
2023-06-26,US_13W_YAHOO_IRX,5.15500020980835,yahoo_query_or_equivalent_authorized_market_data_source,2026-06-25T04:29:17.770520Z
2023-06-27,US_13W_YAHOO_IRX,5.179999828338623,yahoo_query_or_equivalent_authorized_market_data_source,2026-06-25T04:29:17.770520Z
2023-06-28,US_13W_YAHOO_IRX,5.170000076293945,yahoo_query_or_equivalent_authorized_market_data_source,2026-06-25T04:29:17.770520Z
2023-06-29,US_13W_YAHOO_IRX,5.175000190734863,yahoo_query_or_equivalent_authorized_market_data_source,2026-06-25T04:29:17.770520Z
2023-06-30,US_13W_YAHOO_IRX,5.1529998779296875,yahoo_query_or_equivalent_authorized_market_data_source,2026-06-25T04:29:17.770520Z
2023-07-03,US_13W_YAHOO_IRX,5.144999980926514,yahoo_query_or_equivalent_authorized_market_data_source,2026-06-25T04:29:17.770520Z
2023-07-05,US_13W_YAHOO_IRX,5.192999839782715,yahoo_query_or_equivalent_authorized_market_data_source,2026-06-25T04:29:17.770520Z
2023-07-06,US_13W_YAHOO_IRX,5.2129998207092285,yahoo_query_or_equivalent_authorized_market_data_source,2026-06-25T04:29:17.770520Z
2023-07-07,US_13W_YAHOO_IRX,5.2129998207092285,yahoo_query_or_equivalent_authorized_market_data_source,2026-06-25T04:29:17.770520Z
2023-07-10,US_13W_YAHOO_IRX,5.224999904632568,yahoo_query_or_equivalent_authorized_market_data_source,2026-06-25T04:29:17.770520Z
2023-07-11,US_13W_YAHOO_IRX,5.243000030517578,yahoo_query_or_equivalent_authorized_market_data_source,2026-06-25T04:29:17.770520Z
2023-07-12,US_13W_YAHOO_IRX,5.230000019073486,yahoo_query_or_equivalent_authorized_market_data_source,2026-06-25T04:29:17.770520Z
2023-07-13,US_13W_YAHOO_IRX,5.2230000495910645,yahoo_query_or_equivalent_authorized_market_data_source,2026-06-25T04:29:17.770520Z
2023-07-14,US_13W_YAHOO_IRX,5.215000152587891,yahoo_query_or_equivalent_authorized_market_data_source,2026-06-25T04:29:17.770520Z
2023-07-17,US_13W_YAHOO_IRX,5.232999801635742,yahoo_query_or_equivalent_authorized_market_data_source,2026-06-25T04:29:17.770520Z
2023-07-18,US_13W_YAHOO_IRX,5.248000144958496,yahoo_query_or_equivalent_authorized_market_data_source,2026-06-25T04:29:17.770520Z
2023-07-19,US_13W_YAHOO_IRX,5.244999885559082,yahoo_query_or_equivalent_authorized_market_data_source,2026-06-25T04:29:17.770520Z
2023-07-20,US_13W_YAHOO_IRX,5.243000030517578,yahoo_query_or_equivalent_authorized_market_data_source,2026-06-25T04:29:17.770520Z
2023-07-21,US_13W_YAHOO_IRX,5.248000144958496,yahoo_query_or_equivalent_authorized_market_data_source,2026-06-25T04:29:17.770520Z
2023-07-24,US_13W_YAHOO_IRX,5.25,yahoo_query_or_equivalent_authorized_market_data_source,2026-06-25T04:29:17.770520Z
2023-07-25,US_13W_YAHOO_IRX,5.264999866485596,yahoo_query_or_equivalent_authorized_market_data_source,2026-06-25T04:29:17.770520Z
2023-07-26,US_13W_YAHOO_IRX,5.26800012588501,yahoo_query_or_equivalent_authorized_market_data_source,2026-06-25T04:29:17.770520Z
2023-07-27,US_13W_YAHOO_IRX,5.26800012588501,yahoo_query_or_equivalent_authorized_market_data_source,2026-06-25T04:29:17.770520Z
2023-07-28,US_13W_YAHOO_IRX,5.255000114440918,yahoo_query_or_equivalent_authorized_market_data_source,2026-06-25T04:29:17.770520Z
2023-07-31,US_13W_YAHOO_IRX,5.248000144958496,yahoo_query_or_equivalent_authorized_market_data_source,2026-06-25T04:29:17.770520Z
2023-08-01,US_13W_YAHOO_IRX,5.260000228881836,yahoo_query_or_equivalent_authorized_market_data_source,2026-06-25T04:29:17.770520Z
2023-08-02,US_13W_YAHOO_IRX,5.260000228881836,yahoo_query_or_equivalent_authorized_market_data_source,2026-06-25T04:29:17.770520Z
2023-08-03,US_13W_YAHOO_IRX,5.257999897003174,yahoo_query_or_equivalent_authorized_market_data_source,2026-06-25T04:29:17.770520Z
2023-08-04,US_13W_YAHOO_IRX,5.252999782562256,yahoo_query_or_equivalent_authorized_market_data_source,2026-06-25T04:29:17.770520Z
2023-08-07,US_13W_YAHOO_IRX,5.260000228881836,yahoo_query_or_equivalent_authorized_market_data_source,2026-06-25T04:29:17.770520Z
2023-08-08,US_13W_YAHOO_IRX,5.275000095367432,yahoo_query_or_equivalent_authorized_market_data_source,2026-06-25T04:29:17.770520Z
2023-08-09,US_13W_YAHOO_IRX,5.28000020980835,yahoo_query_or_equivalent_authorized_market_data_source,2026-06-25T04:29:17.770520Z
2023-08-10,US_13W_YAHOO_IRX,5.26800012588501,yahoo_query_or_equivalent_authorized_market_data_source,2026-06-25T04:29:17.770520Z
2023-08-11,US_13W_YAHOO_IRX,5.264999866485596,yahoo_query_or_equivalent_authorized_market_data_source,2026-06-25T04:29:17.770520Z
2023-08-14,US_13W_YAHOO_IRX,5.269999980926514,yahoo_query_or_equivalent_authorized_market_data_source,2026-06-25T04:29:17.770520Z
2023-08-15,US_13W_YAHOO_IRX,5.28000020980835,yahoo_query_or_equivalent_authorized_market_data_source,2026-06-25T04:29:17.770520Z
2023-08-16,US_13W_YAHOO_IRX,5.284999847412109,yahoo_query_or_equivalent_authorized_market_data_source,2026-06-25T04:29:17.770520Z
2023-08-17,US_13W_YAHOO_IRX,5.2779998779296875,yahoo_query_or_equivalent_authorized_market_data_source,2026-06-25T04:29:17.770520Z
2023-08-18,US_13W_YAHOO_IRX,5.2779998779296875,yahoo_query_or_equivalent_authorized_market_data_source,2026-06-25T04:29:17.770520Z
2023-08-21,US_13W_YAHOO_IRX,5.28000020980835,yahoo_query_or_equivalent_authorized_market_data_source,2026-06-25T04:29:17.770520Z
2023-08-22,US_13W_YAHOO_IRX,5.295000076293945,yahoo_query_or_equivalent_authorized_market_data_source,2026-06-25T04:29:17.770520Z
2023-08-23,US_13W_YAHOO_IRX,5.295000076293945,yahoo_query_or_equivalent_authorized_market_data_source,2026-06-25T04:29:17.770520Z
2023-08-24,US_13W_YAHOO_IRX,5.302999973297119,yahoo_query_or_equivalent_authorized_market_data_source,2026-06-25T04:29:17.770520Z
2023-08-25,US_13W_YAHOO_IRX,5.315000057220459,yahoo_query_or_equivalent_authorized_market_data_source,2026-06-25T04:29:17.770520Z
2023-08-28,US_13W_YAHOO_IRX,5.322999954223633,yahoo_query_or_equivalent_authorized_market_data_source,2026-06-25T04:29:17.770520Z
2023-08-29,US_13W_YAHOO_IRX,5.320000171661377,yahoo_query_or_equivalent_authorized_market_data_source,2026-06-25T04:29:17.770520Z
2023-08-30,US_13W_YAHOO_IRX,5.315000057220459,yahoo_query_or_equivalent_authorized_market_data_source,2026-06-25T04:29:17.770520Z
2023-08-31,US_13W_YAHOO_IRX,5.297999858856201,yahoo_query_or_equivalent_authorized_market_data_source,2026-06-25T04:29:17.770520Z
2023-09-01,US_13W_YAHOO_IRX,5.26800012588501,yahoo_query_or_equivalent_authorized_market_data_source,2026-06-25T04:29:17.770520Z
2023-09-05,US_13W_YAHOO_IRX,5.2779998779296875,yahoo_query_or_equivalent_authorized_market_data_source,2026-06-25T04:29:17.770520Z
2023-09-06,US_13W_YAHOO_IRX,5.300000190734863,yahoo_query_or_equivalent_authorized_market_data_source,2026-06-25T04:29:17.770520Z
2023-09-07,US_13W_YAHOO_IRX,5.2829999923706055,yahoo_query_or_equivalent_authorized_market_data_source,2026-06-25T04:29:17.770520Z
2023-09-08,US_13W_YAHOO_IRX,5.293000221252441,yahoo_query_or_equivalent_authorized_market_data_source,2026-06-25T04:29:17.770520Z
2023-09-11,US_13W_YAHOO_IRX,5.293000221252441,yahoo_query_or_equivalent_authorized_market_data_source,2026-06-25T04:29:17.770520Z
2023-09-12,US_13W_YAHOO_IRX,5.304999828338623,yahoo_query_or_equivalent_authorized_market_data_source,2026-06-25T04:29:17.770520Z
2023-09-13,US_13W_YAHOO_IRX,5.304999828338623,yahoo_query_or_equivalent_authorized_market_data_source,2026-06-25T04:29:17.770520Z
2023-09-14,US_13W_YAHOO_IRX,5.295000076293945,yahoo_query_or_equivalent_authorized_market_data_source,2026-06-25T04:29:17.770520Z
2023-09-15,US_13W_YAHOO_IRX,5.297999858856201,yahoo_query_or_equivalent_authorized_market_data_source,2026-06-25T04:29:17.770520Z
2023-09-18,US_13W_YAHOO_IRX,5.300000190734863,yahoo_query_or_equivalent_authorized_market_data_source,2026-06-25T04:29:17.770520Z
2023-09-19,US_13W_YAHOO_IRX,5.309999942779541,yahoo_query_or_equivalent_authorized_market_data_source,2026-06-25T04:29:17.770520Z
2023-09-20,US_13W_YAHOO_IRX,5.315000057220459,yahoo_query_or_equivalent_authorized_market_data_source,2026-06-25T04:29:17.770520Z
2023-09-21,US_13W_YAHOO_IRX,5.304999828338623,yahoo_query_or_equivalent_authorized_market_data_source,2026-06-25T04:29:17.770520Z
2023-09-22,US_13W_YAHOO_IRX,5.304999828338623,yahoo_query_or_equivalent_authorized_market_data_source,2026-06-25T04:29:17.770520Z
2023-09-25,US_13W_YAHOO_IRX,5.313000202178955,yahoo_query_or_equivalent_authorized_market_data_source,2026-06-25T04:29:17.770520Z
2023-09-26,US_13W_YAHOO_IRX,5.324999809265137,yahoo_query_or_equivalent_authorized_market_data_source,2026-06-25T04:29:17.770520Z
2023-09-27,US_13W_YAHOO_IRX,5.329999923706055,yahoo_query_or_equivalent_authorized_market_data_source,2026-06-25T04:29:17.770520Z
2023-09-28,US_13W_YAHOO_IRX,5.308000087738037,yahoo_query_or_equivalent_authorized_market_data_source,2026-06-25T04:29:17.770520Z
2023-09-29,US_13W_YAHOO_IRX,5.300000190734863,yahoo_query_or_equivalent_authorized_market_data_source,2026-06-25T04:29:17.770520Z
2023-10-02,US_13W_YAHOO_IRX,5.315000057220459,yahoo_query_or_equivalent_authorized_market_data_source,2026-06-25T04:29:17.770520Z
2023-10-03,US_13W_YAHOO_IRX,5.340000152587891,yahoo_query_or_equivalent_authorized_market_data_source,2026-06-25T04:29:17.770520Z
2023-10-04,US_13W_YAHOO_IRX,5.335000038146973,yahoo_query_or_equivalent_authorized_market_data_source,2026-06-25T04:29:17.770520Z
2023-10-05,US_13W_YAHOO_IRX,5.324999809265137,yahoo_query_or_equivalent_authorized_market_data_source,2026-06-25T04:29:17.770520Z
2023-10-06,US_13W_YAHOO_IRX,5.3480000495910645,yahoo_query_or_equivalent_authorized_market_data_source,2026-06-25T04:29:17.770520Z
2023-10-09,US_13W_YAHOO_IRX,5.3480000495910645,yahoo_query_or_equivalent_authorized_market_data_source,2026-06-25T04:29:17.770520Z
2023-10-10,US_13W_YAHOO_IRX,5.322999954223633,yahoo_query_or_equivalent_authorized_market_data_source,2026-06-25T04:29:17.770520Z
2023-10-11,US_13W_YAHOO_IRX,5.335000038146973,yahoo_query_or_equivalent_authorized_market_data_source,2026-06-25T04:29:17.770520Z
2023-10-12,US_13W_YAHOO_IRX,5.335000038146973,yahoo_query_or_equivalent_authorized_market_data_source,2026-06-25T04:29:17.770520Z
2023-10-13,US_13W_YAHOO_IRX,5.328000068664551,yahoo_query_or_equivalent_authorized_market_data_source,2026-06-25T04:29:17.770520Z
2023-10-16,US_13W_YAHOO_IRX,5.328000068664551,yahoo_query_or_equivalent_authorized_market_data_source,2026-06-25T04:29:17.770520Z
2023-10-17,US_13W_YAHOO_IRX,5.340000152587891,yahoo_query_or_equivalent_authorized_market_data_source,2026-06-25T04:29:17.770520Z
2023-10-18,US_13W_YAHOO_IRX,5.329999923706055,yahoo_query_or_equivalent_authorized_market_data_source,2026-06-25T04:29:17.770520Z
2023-10-19,US_13W_YAHOO_IRX,5.309999942779541,yahoo_query_or_equivalent_authorized_market_data_source,2026-06-25T04:29:17.770520Z
2023-10-20,US_13W_YAHOO_IRX,5.300000190734863,yahoo_query_or_equivalent_authorized_market_data_source,2026-06-25T04:29:17.770520Z
2023-10-23,US_13W_YAHOO_IRX,5.293000221252441,yahoo_query_or_equivalent_authorized_market_data_source,2026-06-25T04:29:17.770520Z
2023-10-24,US_13W_YAHOO_IRX,5.308000087738037,yahoo_query_or_equivalent_authorized_market_data_source,2026-06-25T04:29:17.770520Z
2023-10-25,US_13W_YAHOO_IRX,5.315000057220459,yahoo_query_or_equivalent_authorized_market_data_source,2026-06-25T04:29:17.770520Z
2023-10-26,US_13W_YAHOO_IRX,5.300000190734863,yahoo_query_or_equivalent_authorized_market_data_source,2026-06-25T04:29:17.770520Z
2023-10-27,US_13W_YAHOO_IRX,5.304999828338623,yahoo_query_or_equivalent_authorized_market_data_source,2026-06-25T04:29:17.770520Z
2023-10-30,US_13W_YAHOO_IRX,5.313000202178955,yahoo_query_or_equivalent_authorized_market_data_source,2026-06-25T04:29:17.770520Z
2023-10-31,US_13W_YAHOO_IRX,5.320000171661377,yahoo_query_or_equivalent_authorized_market_data_source,2026-06-25T04:29:17.770520Z
2023-11-01,US_13W_YAHOO_IRX,5.300000190734863,yahoo_query_or_equivalent_authorized_market_data_source,2026-06-25T04:29:17.770520Z
2023-11-02,US_13W_YAHOO_IRX,5.269999980926514,yahoo_query_or_equivalent_authorized_market_data_source,2026-06-25T04:29:17.770520Z
2023-11-03,US_13W_YAHOO_IRX,5.252999782562256,yahoo_query_or_equivalent_authorized_market_data_source,2026-06-25T04:29:17.770520Z
2023-11-06,US_13W_YAHOO_IRX,5.260000228881836,yahoo_query_or_equivalent_authorized_market_data_source,2026-06-25T04:29:17.770520Z
2023-11-07,US_13W_YAHOO_IRX,5.2729997634887695,yahoo_query_or_equivalent_authorized_market_data_source,2026-06-25T04:29:17.770520Z
2023-11-08,US_13W_YAHOO_IRX,5.26800012588501,yahoo_query_or_equivalent_authorized_market_data_source,2026-06-25T04:29:17.770520Z
2023-11-09,US_13W_YAHOO_IRX,5.263000011444092,yahoo_query_or_equivalent_authorized_market_data_source,2026-06-25T04:29:17.770520Z
2023-11-10,US_13W_YAHOO_IRX,5.25,yahoo_query_or_equivalent_authorized_market_data_source,2026-06-25T04:29:17.770520Z
2023-11-13,US_13W_YAHOO_IRX,5.260000228881836,yahoo_query_or_equivalent_authorized_market_data_source,2026-06-25T04:29:17.770520Z
2023-11-14,US_13W_YAHOO_IRX,5.252999782562256,yahoo_query_or_equivalent_authorized_market_data_source,2026-06-25T04:29:17.770520Z
2023-11-15,US_13W_YAHOO_IRX,5.255000114440918,yahoo_query_or_equivalent_authorized_market_data_source,2026-06-25T04:29:17.770520Z
2023-11-16,US_13W_YAHOO_IRX,5.243000030517578,yahoo_query_or_equivalent_authorized_market_data_source,2026-06-25T04:29:17.770520Z
2023-11-17,US_13W_YAHOO_IRX,5.232999801635742,yahoo_query_or_equivalent_authorized_market_data_source,2026-06-25T04:29:17.770520Z
2023-11-20,US_13W_YAHOO_IRX,5.23799991607666,yahoo_query_or_equivalent_authorized_market_data_source,2026-06-25T04:29:17.770520Z
2023-11-21,US_13W_YAHOO_IRX,5.255000114440918,yahoo_query_or_equivalent_authorized_market_data_source,2026-06-25T04:29:17.770520Z
2023-11-22,US_13W_YAHOO_IRX,5.264999866485596,yahoo_query_or_equivalent_authorized_market_data_source,2026-06-25T04:29:17.770520Z
2023-11-24,US_13W_YAHOO_IRX,5.252999782562256,yahoo_query_or_equivalent_authorized_market_data_source,2026-06-25T04:29:17.770520Z
2023-11-27,US_13W_YAHOO_IRX,5.257999897003174,yahoo_query_or_equivalent_authorized_market_data_source,2026-06-25T04:29:17.770520Z
2023-11-28,US_13W_YAHOO_IRX,5.260000228881836,yahoo_query_or_equivalent_authorized_market_data_source,2026-06-25T04:29:17.770520Z
2023-11-29,US_13W_YAHOO_IRX,5.239999771118164,yahoo_query_or_equivalent_authorized_market_data_source,2026-06-25T04:29:17.770520Z
2023-11-30,US_13W_YAHOO_IRX,5.23799991607666,yahoo_query_or_equivalent_authorized_market_data_source,2026-06-25T04:29:17.770520Z
2023-12-01,US_13W_YAHOO_IRX,5.215000152587891,yahoo_query_or_equivalent_authorized_market_data_source,2026-06-25T04:29:17.770520Z
2023-12-04,US_13W_YAHOO_IRX,5.2230000495910645,yahoo_query_or_equivalent_authorized_market_data_source,2026-06-25T04:29:17.770520Z
2023-12-05,US_13W_YAHOO_IRX,5.243000030517578,yahoo_query_or_equivalent_authorized_market_data_source,2026-06-25T04:29:17.770520Z
2023-12-06,US_13W_YAHOO_IRX,5.243000030517578,yahoo_query_or_equivalent_authorized_market_data_source,2026-06-25T04:29:17.770520Z
2023-12-07,US_13W_YAHOO_IRX,5.232999801635742,yahoo_query_or_equivalent_authorized_market_data_source,2026-06-25T04:29:17.770520Z
2023-12-08,US_13W_YAHOO_IRX,5.232999801635742,yahoo_query_or_equivalent_authorized_market_data_source,2026-06-25T04:29:17.770520Z
2023-12-11,US_13W_YAHOO_IRX,5.232999801635742,yahoo_query_or_equivalent_authorized_market_data_source,2026-06-25T04:29:17.770520Z
2023-12-12,US_13W_YAHOO_IRX,5.248000144958496,yahoo_query_or_equivalent_authorized_market_data_source,2026-06-25T04:29:17.770520Z
2023-12-13,US_13W_YAHOO_IRX,5.2230000495910645,yahoo_query_or_equivalent_authorized_market_data_source,2026-06-25T04:29:17.770520Z
2023-12-14,US_13W_YAHOO_IRX,5.215000152587891,yahoo_query_or_equivalent_authorized_market_data_source,2026-06-25T04:29:17.770520Z
2023-12-15,US_13W_YAHOO_IRX,5.224999904632568,yahoo_query_or_equivalent_authorized_market_data_source,2026-06-25T04:29:17.770520Z
2023-12-18,US_13W_YAHOO_IRX,5.224999904632568,yahoo_query_or_equivalent_authorized_market_data_source,2026-06-25T04:29:17.770520Z
2023-12-19,US_13W_YAHOO_IRX,5.23799991607666,yahoo_query_or_equivalent_authorized_market_data_source,2026-06-25T04:29:17.770520Z
2023-12-20,US_13W_YAHOO_IRX,5.230000019073486,yahoo_query_or_equivalent_authorized_market_data_source,2026-06-25T04:29:17.770520Z
2023-12-21,US_13W_YAHOO_IRX,5.210000038146973,yahoo_query_or_equivalent_authorized_market_data_source,2026-06-25T04:29:17.770520Z
2023-12-22,US_13W_YAHOO_IRX,5.208000183105469,yahoo_query_or_equivalent_authorized_market_data_source,2026-06-25T04:29:17.770520Z
2023-12-26,US_13W_YAHOO_IRX,5.203000068664551,yahoo_query_or_equivalent_authorized_market_data_source,2026-06-25T04:29:17.770520Z
2023-12-27,US_13W_YAHOO_IRX,5.235000133514404,yahoo_query_or_equivalent_authorized_market_data_source,2026-06-25T04:29:17.770520Z
2023-12-28,US_13W_YAHOO_IRX,5.2179999351501465,yahoo_query_or_equivalent_authorized_market_data_source,2026-06-25T04:29:17.770520Z
2023-12-29,US_13W_YAHOO_IRX,5.179999828338623,yahoo_query_or_equivalent_authorized_market_data_source,2026-06-25T04:29:17.770520Z
2024-01-02,US_13W_YAHOO_IRX,5.2129998207092285,yahoo_query_or_equivalent_authorized_market_data_source,2026-06-25T04:29:17.770520Z
2024-01-03,US_13W_YAHOO_IRX,5.235000133514404,yahoo_query_or_equivalent_authorized_market_data_source,2026-06-25T04:29:17.770520Z
2024-01-04,US_13W_YAHOO_IRX,5.228000164031982,yahoo_query_or_equivalent_authorized_market_data_source,2026-06-25T04:29:17.770520Z
2024-01-05,US_13W_YAHOO_IRX,5.21999979019165,yahoo_query_or_equivalent_authorized_market_data_source,2026-06-25T04:29:17.770520Z
2024-01-08,US_13W_YAHOO_IRX,5.21999979019165,yahoo_query_or_equivalent_authorized_market_data_source,2026-06-25T04:29:17.770520Z
2024-01-09,US_13W_YAHOO_IRX,5.230000019073486,yahoo_query_or_equivalent_authorized_market_data_source,2026-06-25T04:29:17.770520Z
2024-01-10,US_13W_YAHOO_IRX,5.224999904632568,yahoo_query_or_equivalent_authorized_market_data_source,2026-06-25T04:29:17.770520Z
2024-01-11,US_13W_YAHOO_IRX,5.2179999351501465,yahoo_query_or_equivalent_authorized_market_data_source,2026-06-25T04:29:17.770520Z
2024-01-12,US_13W_YAHOO_IRX,5.197999954223633,yahoo_query_or_equivalent_authorized_market_data_source,2026-06-25T04:29:17.770520Z
2024-01-16,US_13W_YAHOO_IRX,5.203000068664551,yahoo_query_or_equivalent_authorized_market_data_source,2026-06-25T04:29:17.770520Z
2024-01-17,US_13W_YAHOO_IRX,5.215000152587891,yahoo_query_or_equivalent_authorized_market_data_source,2026-06-25T04:29:17.770520Z
2024-01-18,US_13W_YAHOO_IRX,5.199999809265137,yahoo_query_or_equivalent_authorized_market_data_source,2026-06-25T04:29:17.770520Z
2024-01-19,US_13W_YAHOO_IRX,5.197999954223633,yahoo_query_or_equivalent_authorized_market_data_source,2026-06-25T04:29:17.770520Z
2024-01-22,US_13W_YAHOO_IRX,5.199999809265137,yahoo_query_or_equivalent_authorized_market_data_source,2026-06-25T04:29:17.770520Z
2024-01-23,US_13W_YAHOO_IRX,5.210000038146973,yahoo_query_or_equivalent_authorized_market_data_source,2026-06-25T04:29:17.770520Z
2024-01-24,US_13W_YAHOO_IRX,5.210000038146973,yahoo_query_or_equivalent_authorized_market_data_source,2026-06-25T04:29:17.770520Z
2024-01-25,US_13W_YAHOO_IRX,5.195000171661377,yahoo_query_or_equivalent_authorized_market_data_source,2026-06-25T04:29:17.770520Z
2024-01-26,US_13W_YAHOO_IRX,5.199999809265137,yahoo_query_or_equivalent_authorized_market_data_source,2026-06-25T04:29:17.770520Z
2024-01-29,US_13W_YAHOO_IRX,5.199999809265137,yahoo_query_or_equivalent_authorized_market_data_source,2026-06-25T04:29:17.770520Z
2024-01-30,US_13W_YAHOO_IRX,5.203000068664551,yahoo_query_or_equivalent_authorized_market_data_source,2026-06-25T04:29:17.770520Z
2024-01-31,US_13W_YAHOO_IRX,5.188000202178955,yahoo_query_or_equivalent_authorized_market_data_source,2026-06-25T04:29:17.770520Z
2024-02-01,US_13W_YAHOO_IRX,5.199999809265137,yahoo_query_or_equivalent_authorized_market_data_source,2026-06-25T04:29:17.770520Z
2024-02-02,US_13W_YAHOO_IRX,5.210000038146973,yahoo_query_or_equivalent_authorized_market_data_source,2026-06-25T04:29:17.770520Z
2024-02-05,US_13W_YAHOO_IRX,5.228000164031982,yahoo_query_or_equivalent_authorized_market_data_source,2026-06-25T04:29:17.770520Z
2024-02-06,US_13W_YAHOO_IRX,5.2230000495910645,yahoo_query_or_equivalent_authorized_market_data_source,2026-06-25T04:29:17.770520Z
2024-02-07,US_13W_YAHOO_IRX,5.2230000495910645,yahoo_query_or_equivalent_authorized_market_data_source,2026-06-25T04:29:17.770520Z
2024-02-08,US_13W_YAHOO_IRX,5.2179999351501465,yahoo_query_or_equivalent_authorized_market_data_source,2026-06-25T04:29:17.770520Z
2024-02-09,US_13W_YAHOO_IRX,5.21999979019165,yahoo_query_or_equivalent_authorized_market_data_source,2026-06-25T04:29:17.770520Z
2024-02-12,US_13W_YAHOO_IRX,5.228000164031982,yahoo_query_or_equivalent_authorized_market_data_source,2026-06-25T04:29:17.770520Z
2024-02-13,US_13W_YAHOO_IRX,5.232999801635742,yahoo_query_or_equivalent_authorized_market_data_source,2026-06-25T04:29:17.770520Z
2024-02-14,US_13W_YAHOO_IRX,5.2179999351501465,yahoo_query_or_equivalent_authorized_market_data_source,2026-06-25T04:29:17.770520Z
2024-02-15,US_13W_YAHOO_IRX,5.2179999351501465,yahoo_query_or_equivalent_authorized_market_data_source,2026-06-25T04:29:17.770520Z
2024-02-16,US_13W_YAHOO_IRX,5.2230000495910645,yahoo_query_or_equivalent_authorized_market_data_source,2026-06-25T04:29:17.770520Z
2024-02-20,US_13W_YAHOO_IRX,5.2129998207092285,yahoo_query_or_equivalent_authorized_market_data_source,2026-06-25T04:29:17.770520Z
2024-02-21,US_13W_YAHOO_IRX,5.235000133514404,yahoo_query_or_equivalent_authorized_market_data_source,2026-06-25T04:29:17.770520Z
2024-02-22,US_13W_YAHOO_IRX,5.232999801635742,yahoo_query_or_equivalent_authorized_market_data_source,2026-06-25T04:29:17.770520Z
2024-02-23,US_13W_YAHOO_IRX,5.239999771118164,yahoo_query_or_equivalent_authorized_market_data_source,2026-06-25T04:29:17.770520Z
2024-02-26,US_13W_YAHOO_IRX,5.25,yahoo_query_or_equivalent_authorized_market_data_source,2026-06-25T04:29:17.770520Z
2024-02-27,US_13W_YAHOO_IRX,5.244999885559082,yahoo_query_or_equivalent_authorized_market_data_source,2026-06-25T04:29:17.770520Z
2024-02-28,US_13W_YAHOO_IRX,5.239999771118164,yahoo_query_or_equivalent_authorized_market_data_source,2026-06-25T04:29:17.770520Z
2024-02-29,US_13W_YAHOO_IRX,5.2230000495910645,yahoo_query_or_equivalent_authorized_market_data_source,2026-06-25T04:29:17.770520Z
2024-03-01,US_13W_YAHOO_IRX,5.215000152587891,yahoo_query_or_equivalent_authorized_market_data_source,2026-06-25T04:29:17.770520Z
2024-03-04,US_13W_YAHOO_IRX,5.2230000495910645,yahoo_query_or_equivalent_authorized_market_data_source,2026-06-25T04:29:17.770520Z
2024-03-05,US_13W_YAHOO_IRX,5.224999904632568,yahoo_query_or_equivalent_authorized_market_data_source,2026-06-25T04:29:17.770520Z
2024-03-06,US_13W_YAHOO_IRX,5.230000019073486,yahoo_query_or_equivalent_authorized_market_data_source,2026-06-25T04:29:17.770520Z
2024-03-07,US_13W_YAHOO_IRX,5.228000164031982,yahoo_query_or_equivalent_authorized_market_data_source,2026-06-25T04:29:17.770520Z
2024-03-08,US_13W_YAHOO_IRX,5.228000164031982,yahoo_query_or_equivalent_authorized_market_data_source,2026-06-25T04:29:17.770520Z
2024-03-11,US_13W_YAHOO_IRX,5.239999771118164,yahoo_query_or_equivalent_authorized_market_data_source,2026-06-25T04:29:17.770520Z
2024-03-12,US_13W_YAHOO_IRX,5.239999771118164,yahoo_query_or_equivalent_authorized_market_data_source,2026-06-25T04:29:17.770520Z
2024-03-13,US_13W_YAHOO_IRX,5.23799991607666,yahoo_query_or_equivalent_authorized_market_data_source,2026-06-25T04:29:17.770520Z
2024-03-14,US_13W_YAHOO_IRX,5.23799991607666,yahoo_query_or_equivalent_authorized_market_data_source,2026-06-25T04:29:17.770520Z
2024-03-15,US_13W_YAHOO_IRX,5.23799991607666,yahoo_query_or_equivalent_authorized_market_data_source,2026-06-25T04:29:17.770520Z
2024-03-18,US_13W_YAHOO_IRX,5.23799991607666,yahoo_query_or_equivalent_authorized_market_data_source,2026-06-25T04:29:17.770520Z
2024-03-19,US_13W_YAHOO_IRX,5.23799991607666,yahoo_query_or_equivalent_authorized_market_data_source,2026-06-25T04:29:17.770520Z
2024-03-20,US_13W_YAHOO_IRX,5.228000164031982,yahoo_query_or_equivalent_authorized_market_data_source,2026-06-25T04:29:17.770520Z
2024-03-21,US_13W_YAHOO_IRX,5.228000164031982,yahoo_query_or_equivalent_authorized_market_data_source,2026-06-25T04:29:17.770520Z
2024-03-22,US_13W_YAHOO_IRX,5.21999979019165,yahoo_query_or_equivalent_authorized_market_data_source,2026-06-25T04:29:17.770520Z
2024-03-25,US_13W_YAHOO_IRX,5.2179999351501465,yahoo_query_or_equivalent_authorized_market_data_source,2026-06-25T04:29:17.770520Z
2024-03-26,US_13W_YAHOO_IRX,5.2179999351501465,yahoo_query_or_equivalent_authorized_market_data_source,2026-06-25T04:29:17.770520Z
2024-03-27,US_13W_YAHOO_IRX,5.215000152587891,yahoo_query_or_equivalent_authorized_market_data_source,2026-06-25T04:29:17.770520Z
2024-03-28,US_13W_YAHOO_IRX,5.203000068664551,yahoo_query_or_equivalent_authorized_market_data_source,2026-06-25T04:29:17.770520Z
2024-04-01,US_13W_YAHOO_IRX,5.2179999351501465,yahoo_query_or_equivalent_authorized_market_data_source,2026-06-25T04:29:17.770520Z
2024-04-02,US_13W_YAHOO_IRX,5.2129998207092285,yahoo_query_or_equivalent_authorized_market_data_source,2026-06-25T04:29:17.770520Z
2024-04-03,US_13W_YAHOO_IRX,5.210000038146973,yahoo_query_or_equivalent_authorized_market_data_source,2026-06-25T04:29:17.770520Z
2024-04-04,US_13W_YAHOO_IRX,5.203000068664551,yahoo_query_or_equivalent_authorized_market_data_source,2026-06-25T04:29:17.770520Z
2024-04-05,US_13W_YAHOO_IRX,5.215000152587891,yahoo_query_or_equivalent_authorized_market_data_source,2026-06-25T04:29:17.770520Z
2024-04-08,US_13W_YAHOO_IRX,5.2230000495910645,yahoo_query_or_equivalent_authorized_market_data_source,2026-06-25T04:29:17.770520Z
2024-04-09,US_13W_YAHOO_IRX,5.21999979019165,yahoo_query_or_equivalent_authorized_market_data_source,2026-06-25T04:29:17.770520Z
2024-04-10,US_13W_YAHOO_IRX,5.243000030517578,yahoo_query_or_equivalent_authorized_market_data_source,2026-06-25T04:29:17.770520Z
2024-04-11,US_13W_YAHOO_IRX,5.23799991607666,yahoo_query_or_equivalent_authorized_market_data_source,2026-06-25T04:29:17.770520Z
2024-04-12,US_13W_YAHOO_IRX,5.230000019073486,yahoo_query_or_equivalent_authorized_market_data_source,2026-06-25T04:29:17.770520Z
2024-04-15,US_13W_YAHOO_IRX,5.23799991607666,yahoo_query_or_equivalent_authorized_market_data_source,2026-06-25T04:29:17.770520Z
2024-04-16,US_13W_YAHOO_IRX,5.232999801635742,yahoo_query_or_equivalent_authorized_market_data_source,2026-06-25T04:29:17.770520Z
2024-04-17,US_13W_YAHOO_IRX,5.239999771118164,yahoo_query_or_equivalent_authorized_market_data_source,2026-06-25T04:29:17.770520Z
2024-04-18,US_13W_YAHOO_IRX,5.243000030517578,yahoo_query_or_equivalent_authorized_market_data_source,2026-06-25T04:29:17.770520Z
2024-04-19,US_13W_YAHOO_IRX,5.244999885559082,yahoo_query_or_equivalent_authorized_market_data_source,2026-06-25T04:29:17.770520Z
2024-04-22,US_13W_YAHOO_IRX,5.244999885559082,yahoo_query_or_equivalent_authorized_market_data_source,2026-06-25T04:29:17.770520Z
2024-04-23,US_13W_YAHOO_IRX,5.244999885559082,yahoo_query_or_equivalent_authorized_market_data_source,2026-06-25T04:29:17.770520Z
2024-04-24,US_13W_YAHOO_IRX,5.255000114440918,yahoo_query_or_equivalent_authorized_market_data_source,2026-06-25T04:29:17.770520Z
2024-04-25,US_13W_YAHOO_IRX,5.244999885559082,yahoo_query_or_equivalent_authorized_market_data_source,2026-06-25T04:29:17.770520Z
2024-04-26,US_13W_YAHOO_IRX,5.23799991607666,yahoo_query_or_equivalent_authorized_market_data_source,2026-06-25T04:29:17.770520Z
2024-04-29,US_13W_YAHOO_IRX,5.243000030517578,yahoo_query_or_equivalent_authorized_market_data_source,2026-06-25T04:29:17.770520Z
2024-04-30,US_13W_YAHOO_IRX,5.244999885559082,yahoo_query_or_equivalent_authorized_market_data_source,2026-06-25T04:29:17.770520Z
2024-05-01,US_13W_YAHOO_IRX,5.25,yahoo_query_or_equivalent_authorized_market_data_source,2026-06-25T04:29:17.770520Z
2024-05-02,US_13W_YAHOO_IRX,5.23799991607666,yahoo_query_or_equivalent_authorized_market_data_source,2026-06-25T04:29:17.770520Z
2024-05-03,US_13W_YAHOO_IRX,5.235000133514404,yahoo_query_or_equivalent_authorized_market_data_source,2026-06-25T04:29:17.770520Z
2024-05-06,US_13W_YAHOO_IRX,5.239999771118164,yahoo_query_or_equivalent_authorized_market_data_source,2026-06-25T04:29:17.770520Z
2024-05-07,US_13W_YAHOO_IRX,5.243000030517578,yahoo_query_or_equivalent_authorized_market_data_source,2026-06-25T04:29:17.770520Z
2024-05-08,US_13W_YAHOO_IRX,5.244999885559082,yahoo_query_or_equivalent_authorized_market_data_source,2026-06-25T04:29:17.770520Z
2024-05-09,US_13W_YAHOO_IRX,5.239999771118164,yahoo_query_or_equivalent_authorized_market_data_source,2026-06-25T04:29:17.770520Z
2024-05-10,US_13W_YAHOO_IRX,5.243000030517578,yahoo_query_or_equivalent_authorized_market_data_source,2026-06-25T04:29:17.770520Z
2024-05-13,US_13W_YAHOO_IRX,5.239999771118164,yahoo_query_or_equivalent_authorized_market_data_source,2026-06-25T04:29:17.770520Z
2024-05-14,US_13W_YAHOO_IRX,5.235000133514404,yahoo_query_or_equivalent_authorized_market_data_source,2026-06-25T04:29:17.770520Z
2024-05-15,US_13W_YAHOO_IRX,5.239999771118164,yahoo_query_or_equivalent_authorized_market_data_source,2026-06-25T04:29:17.770520Z
2024-05-16,US_13W_YAHOO_IRX,5.243000030517578,yahoo_query_or_equivalent_authorized_market_data_source,2026-06-25T04:29:17.770520Z
2024-05-17,US_13W_YAHOO_IRX,5.239999771118164,yahoo_query_or_equivalent_authorized_market_data_source,2026-06-25T04:29:17.770520Z
2024-05-20,US_13W_YAHOO_IRX,5.239999771118164,yahoo_query_or_equivalent_authorized_market_data_source,2026-06-25T04:29:17.770520Z
2024-05-21,US_13W_YAHOO_IRX,5.239999771118164,yahoo_query_or_equivalent_authorized_market_data_source,2026-06-25T04:29:17.770520Z
2024-05-22,US_13W_YAHOO_IRX,5.244999885559082,yahoo_query_or_equivalent_authorized_market_data_source,2026-06-25T04:29:17.770520Z
2024-05-23,US_13W_YAHOO_IRX,5.244999885559082,yahoo_query_or_equivalent_authorized_market_data_source,2026-06-25T04:29:17.770520Z
2024-05-24,US_13W_YAHOO_IRX,5.244999885559082,yahoo_query_or_equivalent_authorized_market_data_source,2026-06-25T04:29:17.770520Z
2024-05-28,US_13W_YAHOO_IRX,5.248000144958496,yahoo_query_or_equivalent_authorized_market_data_source,2026-06-25T04:29:17.770520Z
2024-05-29,US_13W_YAHOO_IRX,5.25,yahoo_query_or_equivalent_authorized_market_data_source,2026-06-25T04:29:17.770520Z
2024-05-30,US_13W_YAHOO_IRX,5.248000144958496,yahoo_query_or_equivalent_authorized_market_data_source,2026-06-25T04:29:17.770520Z
2024-05-31,US_13W_YAHOO_IRX,5.244999885559082,yahoo_query_or_equivalent_authorized_market_data_source,2026-06-25T04:29:17.770520Z
2024-06-03,US_13W_YAHOO_IRX,5.243000030517578,yahoo_query_or_equivalent_authorized_market_data_source,2026-06-25T04:29:17.770520Z
2024-06-04,US_13W_YAHOO_IRX,5.239999771118164,yahoo_query_or_equivalent_authorized_market_data_source,2026-06-25T04:29:17.770520Z
2024-06-05,US_13W_YAHOO_IRX,5.239999771118164,yahoo_query_or_equivalent_authorized_market_data_source,2026-06-25T04:29:17.770520Z
2024-06-06,US_13W_YAHOO_IRX,5.232999801635742,yahoo_query_or_equivalent_authorized_market_data_source,2026-06-25T04:29:17.770520Z
2024-06-07,US_13W_YAHOO_IRX,5.23799991607666,yahoo_query_or_equivalent_authorized_market_data_source,2026-06-25T04:29:17.770520Z
2024-06-10,US_13W_YAHOO_IRX,5.232999801635742,yahoo_query_or_equivalent_authorized_market_data_source,2026-06-25T04:29:17.770520Z
2024-06-11,US_13W_YAHOO_IRX,5.244999885559082,yahoo_query_or_equivalent_authorized_market_data_source,2026-06-25T04:29:17.770520Z
2024-06-12,US_13W_YAHOO_IRX,5.243000030517578,yahoo_query_or_equivalent_authorized_market_data_source,2026-06-25T04:29:17.770520Z
2024-06-13,US_13W_YAHOO_IRX,5.239999771118164,yahoo_query_or_equivalent_authorized_market_data_source,2026-06-25T04:29:17.770520Z
2024-06-14,US_13W_YAHOO_IRX,5.239999771118164,yahoo_query_or_equivalent_authorized_market_data_source,2026-06-25T04:29:17.770520Z
2024-06-17,US_13W_YAHOO_IRX,5.243000030517578,yahoo_query_or_equivalent_authorized_market_data_source,2026-06-25T04:29:17.770520Z
2024-06-18,US_13W_YAHOO_IRX,5.235000133514404,yahoo_query_or_equivalent_authorized_market_data_source,2026-06-25T04:29:17.770520Z
2024-06-20,US_13W_YAHOO_IRX,5.224999904632568,yahoo_query_or_equivalent_authorized_market_data_source,2026-06-25T04:29:17.770520Z
2024-06-21,US_13W_YAHOO_IRX,5.215000152587891,yahoo_query_or_equivalent_authorized_market_data_source,2026-06-25T04:29:17.770520Z
2024-06-24,US_13W_YAHOO_IRX,5.210000038146973,yahoo_query_or_equivalent_authorized_market_data_source,2026-06-25T04:29:17.770520Z
2024-06-25,US_13W_YAHOO_IRX,5.2230000495910645,yahoo_query_or_equivalent_authorized_market_data_source,2026-06-25T04:29:17.770520Z
2024-06-26,US_13W_YAHOO_IRX,5.230000019073486,yahoo_query_or_equivalent_authorized_market_data_source,2026-06-25T04:29:17.770520Z
2024-06-27,US_13W_YAHOO_IRX,5.2230000495910645,yahoo_query_or_equivalent_authorized_market_data_source,2026-06-25T04:29:17.770520Z
2024-06-28,US_13W_YAHOO_IRX,5.2129998207092285,yahoo_query_or_equivalent_authorized_market_data_source,2026-06-25T04:29:17.770520Z
2024-07-01,US_13W_YAHOO_IRX,5.2179999351501465,yahoo_query_or_equivalent_authorized_market_data_source,2026-06-25T04:29:17.770520Z
2024-07-02,US_13W_YAHOO_IRX,5.228000164031982,yahoo_query_or_equivalent_authorized_market_data_source,2026-06-25T04:29:17.770520Z
2024-07-03,US_13W_YAHOO_IRX,5.230000019073486,yahoo_query_or_equivalent_authorized_market_data_source,2026-06-25T04:29:17.770520Z
2024-07-05,US_13W_YAHOO_IRX,5.224999904632568,yahoo_query_or_equivalent_authorized_market_data_source,2026-06-25T04:29:17.770520Z
2024-07-08,US_13W_YAHOO_IRX,5.2179999351501465,yahoo_query_or_equivalent_authorized_market_data_source,2026-06-25T04:29:17.770520Z
2024-07-09,US_13W_YAHOO_IRX,5.224999904632568,yahoo_query_or_equivalent_authorized_market_data_source,2026-06-25T04:29:17.770520Z
2024-07-10,US_13W_YAHOO_IRX,5.224999904632568,yahoo_query_or_equivalent_authorized_market_data_source,2026-06-25T04:29:17.770520Z
2024-07-11,US_13W_YAHOO_IRX,5.197999954223633,yahoo_query_or_equivalent_authorized_market_data_source,2026-06-25T04:29:17.770520Z
2024-07-12,US_13W_YAHOO_IRX,5.197999954223633,yahoo_query_or_equivalent_authorized_market_data_source,2026-06-25T04:29:17.770520Z
2024-07-15,US_13W_YAHOO_IRX,5.192999839782715,yahoo_query_or_equivalent_authorized_market_data_source,2026-06-25T04:29:17.770520Z
2024-07-16,US_13W_YAHOO_IRX,5.192999839782715,yahoo_query_or_equivalent_authorized_market_data_source,2026-06-25T04:29:17.770520Z
2024-07-17,US_13W_YAHOO_IRX,5.195000171661377,yahoo_query_or_equivalent_authorized_market_data_source,2026-06-25T04:29:17.770520Z
2024-07-18,US_13W_YAHOO_IRX,5.192999839782715,yahoo_query_or_equivalent_authorized_market_data_source,2026-06-25T04:29:17.770520Z
2024-07-19,US_13W_YAHOO_IRX,5.192999839782715,yahoo_query_or_equivalent_authorized_market_data_source,2026-06-25T04:29:17.770520Z
2024-07-22,US_13W_YAHOO_IRX,5.190000057220459,yahoo_query_or_equivalent_authorized_market_data_source,2026-06-25T04:29:17.770520Z
2024-07-23,US_13W_YAHOO_IRX,5.172999858856201,yahoo_query_or_equivalent_authorized_market_data_source,2026-06-25T04:29:17.770520Z
2024-07-24,US_13W_YAHOO_IRX,5.170000076293945,yahoo_query_or_equivalent_authorized_market_data_source,2026-06-25T04:29:17.770520Z
2024-07-25,US_13W_YAHOO_IRX,5.159999847412109,yahoo_query_or_equivalent_authorized_market_data_source,2026-06-25T04:29:17.770520Z
2024-07-26,US_13W_YAHOO_IRX,5.15500020980835,yahoo_query_or_equivalent_authorized_market_data_source,2026-06-25T04:29:17.770520Z
2024-07-29,US_13W_YAHOO_IRX,5.146999835968018,yahoo_query_or_equivalent_authorized_market_data_source,2026-06-25T04:29:17.770520Z
2024-07-30,US_13W_YAHOO_IRX,5.135000228881836,yahoo_query_or_equivalent_authorized_market_data_source,2026-06-25T04:29:17.770520Z
2024-07-31,US_13W_YAHOO_IRX,5.135000228881836,yahoo_query_or_equivalent_authorized_market_data_source,2026-06-25T04:29:17.770520Z
2024-08-01,US_13W_YAHOO_IRX,5.114999771118164,yahoo_query_or_equivalent_authorized_market_data_source,2026-06-25T04:29:17.770520Z
2024-08-02,US_13W_YAHOO_IRX,5.03000020980835,yahoo_query_or_equivalent_authorized_market_data_source,2026-06-25T04:29:17.770520Z
2024-08-05,US_13W_YAHOO_IRX,5.059999942779541,yahoo_query_or_equivalent_authorized_market_data_source,2026-06-25T04:29:17.770520Z
2024-08-06,US_13W_YAHOO_IRX,5.079999923706055,yahoo_query_or_equivalent_authorized_market_data_source,2026-06-25T04:29:17.770520Z
2024-08-07,US_13W_YAHOO_IRX,5.079999923706055,yahoo_query_or_equivalent_authorized_market_data_source,2026-06-25T04:29:17.770520Z
2024-08-08,US_13W_YAHOO_IRX,5.083000183105469,yahoo_query_or_equivalent_authorized_market_data_source,2026-06-25T04:29:17.770520Z
2024-08-09,US_13W_YAHOO_IRX,5.074999809265137,yahoo_query_or_equivalent_authorized_market_data_source,2026-06-25T04:29:17.770520Z
2024-08-12,US_13W_YAHOO_IRX,5.072999954223633,yahoo_query_or_equivalent_authorized_market_data_source,2026-06-25T04:29:17.770520Z
2024-08-13,US_13W_YAHOO_IRX,5.052999973297119,yahoo_query_or_equivalent_authorized_market_data_source,2026-06-25T04:29:17.770520Z
2024-08-14,US_13W_YAHOO_IRX,5.063000202178955,yahoo_query_or_equivalent_authorized_market_data_source,2026-06-25T04:29:17.770520Z
2024-08-15,US_13W_YAHOO_IRX,5.079999923706055,yahoo_query_or_equivalent_authorized_market_data_source,2026-06-25T04:29:17.770520Z
2024-08-16,US_13W_YAHOO_IRX,5.074999809265137,yahoo_query_or_equivalent_authorized_market_data_source,2026-06-25T04:29:17.770520Z
2024-08-19,US_13W_YAHOO_IRX,5.063000202178955,yahoo_query_or_equivalent_authorized_market_data_source,2026-06-25T04:29:17.770520Z
2024-08-20,US_13W_YAHOO_IRX,5.0329999923706055,yahoo_query_or_equivalent_authorized_market_data_source,2026-06-25T04:29:17.770520Z
2024-08-21,US_13W_YAHOO_IRX,5.005000114440918,yahoo_query_or_equivalent_authorized_market_data_source,2026-06-25T04:29:17.770520Z
2024-08-22,US_13W_YAHOO_IRX,5.025000095367432,yahoo_query_or_equivalent_authorized_market_data_source,2026-06-25T04:29:17.770520Z
2024-08-23,US_13W_YAHOO_IRX,5.0,yahoo_query_or_equivalent_authorized_market_data_source,2026-06-25T04:29:17.770520Z
2024-08-26,US_13W_YAHOO_IRX,4.998000144958496,yahoo_query_or_equivalent_authorized_market_data_source,2026-06-25T04:29:17.770520Z
2024-08-27,US_13W_YAHOO_IRX,4.9679999351501465,yahoo_query_or_equivalent_authorized_market_data_source,2026-06-25T04:29:17.770520Z
2024-08-28,US_13W_YAHOO_IRX,4.954999923706055,yahoo_query_or_equivalent_authorized_market_data_source,2026-06-25T04:29:17.770520Z
2024-08-29,US_13W_YAHOO_IRX,4.965000152587891,yahoo_query_or_equivalent_authorized_market_data_source,2026-06-25T04:29:17.770520Z
2024-08-30,US_13W_YAHOO_IRX,4.9679999351501465,yahoo_query_or_equivalent_authorized_market_data_source,2026-06-25T04:29:17.770520Z
2024-09-03,US_13W_YAHOO_IRX,4.96999979019165,yahoo_query_or_equivalent_authorized_market_data_source,2026-06-25T04:29:17.770520Z
2024-09-04,US_13W_YAHOO_IRX,4.947999954223633,yahoo_query_or_equivalent_authorized_market_data_source,2026-06-25T04:29:17.770520Z
2024-09-05,US_13W_YAHOO_IRX,4.932000160217285,yahoo_query_or_equivalent_authorized_market_data_source,2026-06-25T04:29:17.770520Z
2024-09-06,US_13W_YAHOO_IRX,4.9079999923706055,yahoo_query_or_equivalent_authorized_market_data_source,2026-06-25T04:29:17.770520Z
2024-09-09,US_13W_YAHOO_IRX,4.894999980926514,yahoo_query_or_equivalent_authorized_market_data_source,2026-06-25T04:29:17.770520Z
2024-09-10,US_13W_YAHOO_IRX,4.835000038146973,yahoo_query_or_equivalent_authorized_market_data_source,2026-06-25T04:29:17.770520Z
2024-09-11,US_13W_YAHOO_IRX,4.875,yahoo_query_or_equivalent_authorized_market_data_source,2026-06-25T04:29:17.770520Z
2024-09-12,US_13W_YAHOO_IRX,4.840000152587891,yahoo_query_or_equivalent_authorized_market_data_source,2026-06-25T04:29:17.770520Z
2024-09-13,US_13W_YAHOO_IRX,4.763000011444092,yahoo_query_or_equivalent_authorized_market_data_source,2026-06-25T04:29:17.770520Z
2024-09-16,US_13W_YAHOO_IRX,4.744999885559082,yahoo_query_or_equivalent_authorized_market_data_source,2026-06-25T04:29:17.770520Z
2024-09-17,US_13W_YAHOO_IRX,4.735000133514404,yahoo_query_or_equivalent_authorized_market_data_source,2026-06-25T04:29:17.770520Z
2024-09-18,US_13W_YAHOO_IRX,4.614999771118164,yahoo_query_or_equivalent_authorized_market_data_source,2026-06-25T04:29:17.770520Z
2024-09-19,US_13W_YAHOO_IRX,4.5929999351501465,yahoo_query_or_equivalent_authorized_market_data_source,2026-06-25T04:29:17.770520Z
2024-09-20,US_13W_YAHOO_IRX,4.545000076293945,yahoo_query_or_equivalent_authorized_market_data_source,2026-06-25T04:29:17.770520Z
2024-09-23,US_13W_YAHOO_IRX,4.502999782562256,yahoo_query_or_equivalent_authorized_market_data_source,2026-06-25T04:29:17.770520Z
2024-09-24,US_13W_YAHOO_IRX,4.494999885559082,yahoo_query_or_equivalent_authorized_market_data_source,2026-06-25T04:29:17.770520Z
2024-09-25,US_13W_YAHOO_IRX,4.486999988555908,yahoo_query_or_equivalent_authorized_market_data_source,2026-06-25T04:29:17.770520Z
2024-09-26,US_13W_YAHOO_IRX,4.4679999351501465,yahoo_query_or_equivalent_authorized_market_data_source,2026-06-25T04:29:17.770520Z
2024-09-27,US_13W_YAHOO_IRX,4.48199987411499,yahoo_query_or_equivalent_authorized_market_data_source,2026-06-25T04:29:17.770520Z
2024-09-30,US_13W_YAHOO_IRX,4.498000144958496,yahoo_query_or_equivalent_authorized_market_data_source,2026-06-25T04:29:17.770520Z
2024-10-01,US_13W_YAHOO_IRX,4.48199987411499,yahoo_query_or_equivalent_authorized_market_data_source,2026-06-25T04:29:17.770520Z
2024-10-02,US_13W_YAHOO_IRX,4.4730000495910645,yahoo_query_or_equivalent_authorized_market_data_source,2026-06-25T04:29:17.770520Z
2024-10-03,US_13W_YAHOO_IRX,4.465000152587891,yahoo_query_or_equivalent_authorized_market_data_source,2026-06-25T04:29:17.770520Z
2024-10-04,US_13W_YAHOO_IRX,4.505000114440918,yahoo_query_or_equivalent_authorized_market_data_source,2026-06-25T04:29:17.770520Z
2024-10-07,US_13W_YAHOO_IRX,4.525000095367432,yahoo_query_or_equivalent_authorized_market_data_source,2026-06-25T04:29:17.770520Z
2024-10-08,US_13W_YAHOO_IRX,4.5279998779296875,yahoo_query_or_equivalent_authorized_market_data_source,2026-06-25T04:29:17.770520Z
2024-10-09,US_13W_YAHOO_IRX,4.534999847412109,yahoo_query_or_equivalent_authorized_market_data_source,2026-06-25T04:29:17.770520Z
2024-10-10,US_13W_YAHOO_IRX,4.53000020980835,yahoo_query_or_equivalent_authorized_market_data_source,2026-06-25T04:29:17.770520Z
2024-10-11,US_13W_YAHOO_IRX,4.514999866485596,yahoo_query_or_equivalent_authorized_market_data_source,2026-06-25T04:29:17.770520Z
2024-10-14,US_13W_YAHOO_IRX,4.51800012588501,yahoo_query_or_equivalent_authorized_market_data_source,2026-06-25T04:29:17.770520Z
2024-10-15,US_13W_YAHOO_IRX,4.514999866485596,yahoo_query_or_equivalent_authorized_market_data_source,2026-06-25T04:29:17.770520Z
2024-10-16,US_13W_YAHOO_IRX,4.502999782562256,yahoo_query_or_equivalent_authorized_market_data_source,2026-06-25T04:29:17.770520Z
2024-10-17,US_13W_YAHOO_IRX,4.514999866485596,yahoo_query_or_equivalent_authorized_market_data_source,2026-06-25T04:29:17.770520Z
2024-10-18,US_13W_YAHOO_IRX,4.513000011444092,yahoo_query_or_equivalent_authorized_market_data_source,2026-06-25T04:29:17.770520Z
2024-10-21,US_13W_YAHOO_IRX,4.51800012588501,yahoo_query_or_equivalent_authorized_market_data_source,2026-06-25T04:29:17.770520Z
2024-10-22,US_13W_YAHOO_IRX,4.5,yahoo_query_or_equivalent_authorized_market_data_source,2026-06-25T04:29:17.770520Z
2024-10-23,US_13W_YAHOO_IRX,4.505000114440918,yahoo_query_or_equivalent_authorized_market_data_source,2026-06-25T04:29:17.770520Z
2024-10-24,US_13W_YAHOO_IRX,4.486999988555908,yahoo_query_or_equivalent_authorized_market_data_source,2026-06-25T04:29:17.770520Z
2024-10-25,US_13W_YAHOO_IRX,4.510000228881836,yahoo_query_or_equivalent_authorized_market_data_source,2026-06-25T04:29:17.770520Z
2024-10-28,US_13W_YAHOO_IRX,4.48199987411499,yahoo_query_or_equivalent_authorized_market_data_source,2026-06-25T04:29:17.770520Z
2024-10-29,US_13W_YAHOO_IRX,4.480000019073486,yahoo_query_or_equivalent_authorized_market_data_source,2026-06-25T04:29:17.770520Z
2024-10-30,US_13W_YAHOO_IRX,4.4629998207092285,yahoo_query_or_equivalent_authorized_market_data_source,2026-06-25T04:29:17.770520Z
2024-10-31,US_13W_YAHOO_IRX,4.432000160217285,yahoo_query_or_equivalent_authorized_market_data_source,2026-06-25T04:29:17.770520Z
2024-11-01,US_13W_YAHOO_IRX,4.400000095367432,yahoo_query_or_equivalent_authorized_market_data_source,2026-06-25T04:29:17.770520Z
2024-11-04,US_13W_YAHOO_IRX,4.418000221252441,yahoo_query_or_equivalent_authorized_market_data_source,2026-06-25T04:29:17.770520Z
2024-11-05,US_13W_YAHOO_IRX,4.422999858856201,yahoo_query_or_equivalent_authorized_market_data_source,2026-06-25T04:29:17.770520Z
2024-11-06,US_13W_YAHOO_IRX,4.429999828338623,yahoo_query_or_equivalent_authorized_market_data_source,2026-06-25T04:29:17.770520Z
2024-11-07,US_13W_YAHOO_IRX,4.420000076293945,yahoo_query_or_equivalent_authorized_market_data_source,2026-06-25T04:29:17.770520Z
2024-11-08,US_13W_YAHOO_IRX,4.422999858856201,yahoo_query_or_equivalent_authorized_market_data_source,2026-06-25T04:29:17.770520Z
2024-11-11,US_13W_YAHOO_IRX,4.414999961853027,yahoo_query_or_equivalent_authorized_market_data_source,2026-06-25T04:29:17.770520Z
2024-11-12,US_13W_YAHOO_IRX,4.422999858856201,yahoo_query_or_equivalent_authorized_market_data_source,2026-06-25T04:29:17.770520Z
2024-11-13,US_13W_YAHOO_IRX,4.389999866485596,yahoo_query_or_equivalent_authorized_market_data_source,2026-06-25T04:29:17.770520Z
2024-11-14,US_13W_YAHOO_IRX,4.382999897003174,yahoo_query_or_equivalent_authorized_market_data_source,2026-06-25T04:29:17.770520Z
2024-11-15,US_13W_YAHOO_IRX,4.39300012588501,yahoo_query_or_equivalent_authorized_market_data_source,2026-06-25T04:29:17.770520Z
2024-11-18,US_13W_YAHOO_IRX,4.4029998779296875,yahoo_query_or_equivalent_authorized_market_data_source,2026-06-25T04:29:17.770520Z
2024-11-19,US_13W_YAHOO_IRX,4.4079999923706055,yahoo_query_or_equivalent_authorized_market_data_source,2026-06-25T04:29:17.770520Z
2024-11-20,US_13W_YAHOO_IRX,4.409999847412109,yahoo_query_or_equivalent_authorized_market_data_source,2026-06-25T04:29:17.770520Z
2024-11-21,US_13W_YAHOO_IRX,4.413000106811523,yahoo_query_or_equivalent_authorized_market_data_source,2026-06-25T04:29:17.770520Z
2024-11-22,US_13W_YAHOO_IRX,4.414999961853027,yahoo_query_or_equivalent_authorized_market_data_source,2026-06-25T04:29:17.770520Z
2024-11-25,US_13W_YAHOO_IRX,4.40500020980835,yahoo_query_or_equivalent_authorized_market_data_source,2026-06-25T04:29:17.770520Z
2024-11-26,US_13W_YAHOO_IRX,4.394999980926514,yahoo_query_or_equivalent_authorized_market_data_source,2026-06-25T04:29:17.770520Z
2024-11-27,US_13W_YAHOO_IRX,4.385000228881836,yahoo_query_or_equivalent_authorized_market_data_source,2026-06-25T04:29:17.770520Z
2024-11-29,US_13W_YAHOO_IRX,4.373000144958496,yahoo_query_or_equivalent_authorized_market_data_source,2026-06-25T04:29:17.770520Z
2024-12-02,US_13W_YAHOO_IRX,4.380000114440918,yahoo_query_or_equivalent_authorized_market_data_source,2026-06-25T04:29:17.770520Z
2024-12-03,US_13W_YAHOO_IRX,4.35699987411499,yahoo_query_or_equivalent_authorized_market_data_source,2026-06-25T04:29:17.770520Z
2024-12-04,US_13W_YAHOO_IRX,4.34499979019165,yahoo_query_or_equivalent_authorized_market_data_source,2026-06-25T04:29:17.770520Z
2024-12-05,US_13W_YAHOO_IRX,4.329999923706055,yahoo_query_or_equivalent_authorized_market_data_source,2026-06-25T04:29:17.770520Z
2024-12-06,US_13W_YAHOO_IRX,4.295000076293945,yahoo_query_or_equivalent_authorized_market_data_source,2026-06-25T04:29:17.770520Z
2024-12-09,US_13W_YAHOO_IRX,4.293000221252441,yahoo_query_or_equivalent_authorized_market_data_source,2026-06-25T04:29:17.770520Z
2024-12-10,US_13W_YAHOO_IRX,4.284999847412109,yahoo_query_or_equivalent_authorized_market_data_source,2026-06-25T04:29:17.770520Z
2024-12-11,US_13W_YAHOO_IRX,4.255000114440918,yahoo_query_or_equivalent_authorized_market_data_source,2026-06-25T04:29:17.770520Z
2024-12-12,US_13W_YAHOO_IRX,4.2230000495910645,yahoo_query_or_equivalent_authorized_market_data_source,2026-06-25T04:29:17.770520Z
2024-12-13,US_13W_YAHOO_IRX,4.2179999351501465,yahoo_query_or_equivalent_authorized_market_data_source,2026-06-25T04:29:17.770520Z
2024-12-16,US_13W_YAHOO_IRX,4.228000164031982,yahoo_query_or_equivalent_authorized_market_data_source,2026-06-25T04:29:17.770520Z
2024-12-17,US_13W_YAHOO_IRX,4.239999771118164,yahoo_query_or_equivalent_authorized_market_data_source,2026-06-25T04:29:17.770520Z
2024-12-18,US_13W_YAHOO_IRX,4.23199987411499,yahoo_query_or_equivalent_authorized_market_data_source,2026-06-25T04:29:17.770520Z
2024-12-19,US_13W_YAHOO_IRX,4.21999979019165,yahoo_query_or_equivalent_authorized_market_data_source,2026-06-25T04:29:17.770520Z
2024-12-20,US_13W_YAHOO_IRX,4.215000152587891,yahoo_query_or_equivalent_authorized_market_data_source,2026-06-25T04:29:17.770520Z
2024-12-23,US_13W_YAHOO_IRX,4.215000152587891,yahoo_query_or_equivalent_authorized_market_data_source,2026-06-25T04:29:17.770520Z
2024-12-24,US_13W_YAHOO_IRX,4.199999809265137,yahoo_query_or_equivalent_authorized_market_data_source,2026-06-25T04:29:17.770520Z
2024-12-26,US_13W_YAHOO_IRX,4.215000152587891,yahoo_query_or_equivalent_authorized_market_data_source,2026-06-25T04:29:17.770520Z
2024-12-27,US_13W_YAHOO_IRX,4.177999973297119,yahoo_query_or_equivalent_authorized_market_data_source,2026-06-25T04:29:17.770520Z
2024-12-30,US_13W_YAHOO_IRX,4.182000160217285,yahoo_query_or_equivalent_authorized_market_data_source,2026-06-25T04:29:17.770520Z
2024-12-31,US_13W_YAHOO_IRX,4.208000183105469,yahoo_query_or_equivalent_authorized_market_data_source,2026-06-25T04:29:17.770520Z
2025-01-02,US_13W_YAHOO_IRX,4.208000183105469,yahoo_query_or_equivalent_authorized_market_data_source,2026-06-25T04:29:17.770520Z
2025-01-03,US_13W_YAHOO_IRX,4.192999839782715,yahoo_query_or_equivalent_authorized_market_data_source,2026-06-25T04:29:17.770520Z
2025-01-06,US_13W_YAHOO_IRX,4.190000057220459,yahoo_query_or_equivalent_authorized_market_data_source,2026-06-25T04:29:17.770520Z
2025-01-07,US_13W_YAHOO_IRX,4.203000068664551,yahoo_query_or_equivalent_authorized_market_data_source,2026-06-25T04:29:17.770520Z
2025-01-08,US_13W_YAHOO_IRX,4.204999923706055,yahoo_query_or_equivalent_authorized_market_data_source,2026-06-25T04:29:17.770520Z
2025-01-10,US_13W_YAHOO_IRX,4.2129998207092285,yahoo_query_or_equivalent_authorized_market_data_source,2026-06-25T04:29:17.770520Z
2025-01-13,US_13W_YAHOO_IRX,4.2179999351501465,yahoo_query_or_equivalent_authorized_market_data_source,2026-06-25T04:29:17.770520Z
2025-01-14,US_13W_YAHOO_IRX,4.2129998207092285,yahoo_query_or_equivalent_authorized_market_data_source,2026-06-25T04:29:17.770520Z
2025-01-15,US_13W_YAHOO_IRX,4.204999923706055,yahoo_query_or_equivalent_authorized_market_data_source,2026-06-25T04:29:17.770520Z
2025-01-16,US_13W_YAHOO_IRX,4.195000171661377,yahoo_query_or_equivalent_authorized_market_data_source,2026-06-25T04:29:17.770520Z
2025-01-17,US_13W_YAHOO_IRX,4.192999839782715,yahoo_query_or_equivalent_authorized_market_data_source,2026-06-25T04:29:17.770520Z
2025-01-21,US_13W_YAHOO_IRX,4.197000026702881,yahoo_query_or_equivalent_authorized_market_data_source,2026-06-25T04:29:17.770520Z
2025-01-22,US_13W_YAHOO_IRX,4.215000152587891,yahoo_query_or_equivalent_authorized_market_data_source,2026-06-25T04:29:17.770520Z
2025-01-23,US_13W_YAHOO_IRX,4.2129998207092285,yahoo_query_or_equivalent_authorized_market_data_source,2026-06-25T04:29:17.770520Z
2025-01-24,US_13W_YAHOO_IRX,4.204999923706055,yahoo_query_or_equivalent_authorized_market_data_source,2026-06-25T04:29:17.770520Z
2025-01-27,US_13W_YAHOO_IRX,4.188000202178955,yahoo_query_or_equivalent_authorized_market_data_source,2026-06-25T04:29:17.770520Z
2025-01-28,US_13W_YAHOO_IRX,4.190000057220459,yahoo_query_or_equivalent_authorized_market_data_source,2026-06-25T04:29:17.770520Z
2025-01-29,US_13W_YAHOO_IRX,4.188000202178955,yahoo_query_or_equivalent_authorized_market_data_source,2026-06-25T04:29:17.770520Z
2025-01-30,US_13W_YAHOO_IRX,4.182000160217285,yahoo_query_or_equivalent_authorized_market_data_source,2026-06-25T04:29:17.770520Z
2025-01-31,US_13W_YAHOO_IRX,4.188000202178955,yahoo_query_or_equivalent_authorized_market_data_source,2026-06-25T04:29:17.770520Z
2025-02-03,US_13W_YAHOO_IRX,4.190000057220459,yahoo_query_or_equivalent_authorized_market_data_source,2026-06-25T04:29:17.770520Z
2025-02-04,US_13W_YAHOO_IRX,4.2129998207092285,yahoo_query_or_equivalent_authorized_market_data_source,2026-06-25T04:29:17.770520Z
2025-02-05,US_13W_YAHOO_IRX,4.210000038146973,yahoo_query_or_equivalent_authorized_market_data_source,2026-06-25T04:29:17.770520Z
2025-02-06,US_13W_YAHOO_IRX,4.2129998207092285,yahoo_query_or_equivalent_authorized_market_data_source,2026-06-25T04:29:17.770520Z
2025-02-07,US_13W_YAHOO_IRX,4.228000164031982,yahoo_query_or_equivalent_authorized_market_data_source,2026-06-25T04:29:17.770520Z
2025-02-10,US_13W_YAHOO_IRX,4.228000164031982,yahoo_query_or_equivalent_authorized_market_data_source,2026-06-25T04:29:17.770520Z
2025-02-11,US_13W_YAHOO_IRX,4.224999904632568,yahoo_query_or_equivalent_authorized_market_data_source,2026-06-25T04:29:17.770520Z
2025-02-12,US_13W_YAHOO_IRX,4.228000164031982,yahoo_query_or_equivalent_authorized_market_data_source,2026-06-25T04:29:17.770520Z
2025-02-13,US_13W_YAHOO_IRX,4.2129998207092285,yahoo_query_or_equivalent_authorized_market_data_source,2026-06-25T04:29:17.770520Z
2025-02-14,US_13W_YAHOO_IRX,4.2129998207092285,yahoo_query_or_equivalent_authorized_market_data_source,2026-06-25T04:29:17.770520Z
2025-02-18,US_13W_YAHOO_IRX,4.2129998207092285,yahoo_query_or_equivalent_authorized_market_data_source,2026-06-25T04:29:17.770520Z
2025-02-19,US_13W_YAHOO_IRX,4.2179999351501465,yahoo_query_or_equivalent_authorized_market_data_source,2026-06-25T04:29:17.770520Z
2025-02-20,US_13W_YAHOO_IRX,4.204999923706055,yahoo_query_or_equivalent_authorized_market_data_source,2026-06-25T04:29:17.770520Z
2025-02-21,US_13W_YAHOO_IRX,4.197000026702881,yahoo_query_or_equivalent_authorized_market_data_source,2026-06-25T04:29:17.770520Z
2025-02-24,US_13W_YAHOO_IRX,4.190000057220459,yahoo_query_or_equivalent_authorized_market_data_source,2026-06-25T04:29:17.770520Z
2025-02-25,US_13W_YAHOO_IRX,4.182000160217285,yahoo_query_or_equivalent_authorized_market_data_source,2026-06-25T04:29:17.770520Z
2025-02-26,US_13W_YAHOO_IRX,4.192999839782715,yahoo_query_or_equivalent_authorized_market_data_source,2026-06-25T04:29:17.770520Z
2025-02-27,US_13W_YAHOO_IRX,4.195000171661377,yahoo_query_or_equivalent_authorized_market_data_source,2026-06-25T04:29:17.770520Z
2025-02-28,US_13W_YAHOO_IRX,4.192999839782715,yahoo_query_or_equivalent_authorized_market_data_source,2026-06-25T04:29:17.770520Z
2025-03-03,US_13W_YAHOO_IRX,4.192999839782715,yahoo_query_or_equivalent_authorized_market_data_source,2026-06-25T04:29:17.770520Z
2025-03-04,US_13W_YAHOO_IRX,4.195000171661377,yahoo_query_or_equivalent_authorized_market_data_source,2026-06-25T04:29:17.770520Z
2025-03-05,US_13W_YAHOO_IRX,4.204999923706055,yahoo_query_or_equivalent_authorized_market_data_source,2026-06-25T04:29:17.770520Z
2025-03-06,US_13W_YAHOO_IRX,4.197000026702881,yahoo_query_or_equivalent_authorized_market_data_source,2026-06-25T04:29:17.770520Z
2025-03-07,US_13W_YAHOO_IRX,4.197000026702881,yahoo_query_or_equivalent_authorized_market_data_source,2026-06-25T04:29:17.770520Z
2025-03-10,US_13W_YAHOO_IRX,4.184999942779541,yahoo_query_or_equivalent_authorized_market_data_source,2026-06-25T04:29:17.770520Z
2025-03-11,US_13W_YAHOO_IRX,4.195000171661377,yahoo_query_or_equivalent_authorized_market_data_source,2026-06-25T04:29:17.770520Z
2025-03-12,US_13W_YAHOO_IRX,4.197000026702881,yahoo_query_or_equivalent_authorized_market_data_source,2026-06-25T04:29:17.770520Z
2025-03-13,US_13W_YAHOO_IRX,4.188000202178955,yahoo_query_or_equivalent_authorized_market_data_source,2026-06-25T04:29:17.770520Z
2025-03-14,US_13W_YAHOO_IRX,4.188000202178955,yahoo_query_or_equivalent_authorized_market_data_source,2026-06-25T04:29:17.770520Z
2025-03-17,US_13W_YAHOO_IRX,4.188000202178955,yahoo_query_or_equivalent_authorized_market_data_source,2026-06-25T04:29:17.770520Z
2025-03-18,US_13W_YAHOO_IRX,4.195000171661377,yahoo_query_or_equivalent_authorized_market_data_source,2026-06-25T04:29:17.770520Z
2025-03-19,US_13W_YAHOO_IRX,4.190000057220459,yahoo_query_or_equivalent_authorized_market_data_source,2026-06-25T04:29:17.770520Z
2025-03-20,US_13W_YAHOO_IRX,4.182000160217285,yahoo_query_or_equivalent_authorized_market_data_source,2026-06-25T04:29:17.770520Z
2025-03-21,US_13W_YAHOO_IRX,4.184999942779541,yahoo_query_or_equivalent_authorized_market_data_source,2026-06-25T04:29:17.770520Z
2025-03-24,US_13W_YAHOO_IRX,4.182000160217285,yahoo_query_or_equivalent_authorized_market_data_source,2026-06-25T04:29:17.770520Z
2025-03-25,US_13W_YAHOO_IRX,4.182000160217285,yahoo_query_or_equivalent_authorized_market_data_source,2026-06-25T04:29:17.770520Z
2025-03-26,US_13W_YAHOO_IRX,4.190000057220459,yahoo_query_or_equivalent_authorized_market_data_source,2026-06-25T04:29:17.770520Z
2025-03-27,US_13W_YAHOO_IRX,4.188000202178955,yahoo_query_or_equivalent_authorized_market_data_source,2026-06-25T04:29:17.770520Z
2025-03-28,US_13W_YAHOO_IRX,4.188000202178955,yahoo_query_or_equivalent_authorized_market_data_source,2026-06-25T04:29:17.770520Z
2025-03-31,US_13W_YAHOO_IRX,4.192999839782715,yahoo_query_or_equivalent_authorized_market_data_source,2026-06-25T04:29:17.770520Z
2025-04-01,US_13W_YAHOO_IRX,4.199999809265137,yahoo_query_or_equivalent_authorized_market_data_source,2026-06-25T04:29:17.770520Z
2025-04-02,US_13W_YAHOO_IRX,4.203000068664551,yahoo_query_or_equivalent_authorized_market_data_source,2026-06-25T04:29:17.770520Z
2025-04-03,US_13W_YAHOO_IRX,4.184999942779541,yahoo_query_or_equivalent_authorized_market_data_source,2026-06-25T04:29:17.770520Z
2025-04-04,US_13W_YAHOO_IRX,4.15500020980835,yahoo_query_or_equivalent_authorized_market_data_source,2026-06-25T04:29:17.770520Z
2025-04-07,US_13W_YAHOO_IRX,4.150000095367432,yahoo_query_or_equivalent_authorized_market_data_source,2026-06-25T04:29:17.770520Z
2025-04-08,US_13W_YAHOO_IRX,4.177999973297119,yahoo_query_or_equivalent_authorized_market_data_source,2026-06-25T04:29:17.770520Z
2025-04-09,US_13W_YAHOO_IRX,4.228000164031982,yahoo_query_or_equivalent_authorized_market_data_source,2026-06-25T04:29:17.770520Z
2025-04-10,US_13W_YAHOO_IRX,4.197000026702881,yahoo_query_or_equivalent_authorized_market_data_source,2026-06-25T04:29:17.770520Z
2025-04-11,US_13W_YAHOO_IRX,4.2129998207092285,yahoo_query_or_equivalent_authorized_market_data_source,2026-06-25T04:29:17.770520Z
2025-04-14,US_13W_YAHOO_IRX,4.195000171661377,yahoo_query_or_equivalent_authorized_market_data_source,2026-06-25T04:29:17.770520Z
2025-04-15,US_13W_YAHOO_IRX,4.199999809265137,yahoo_query_or_equivalent_authorized_market_data_source,2026-06-25T04:29:17.770520Z
2025-04-16,US_13W_YAHOO_IRX,4.208000183105469,yahoo_query_or_equivalent_authorized_market_data_source,2026-06-25T04:29:17.770520Z
2025-04-17,US_13W_YAHOO_IRX,4.204999923706055,yahoo_query_or_equivalent_authorized_market_data_source,2026-06-25T04:29:17.770520Z
2025-04-21,US_13W_YAHOO_IRX,4.210000038146973,yahoo_query_or_equivalent_authorized_market_data_source,2026-06-25T04:29:17.770520Z
2025-04-22,US_13W_YAHOO_IRX,4.2129998207092285,yahoo_query_or_equivalent_authorized_market_data_source,2026-06-25T04:29:17.770520Z
2025-04-23,US_13W_YAHOO_IRX,4.208000183105469,yahoo_query_or_equivalent_authorized_market_data_source,2026-06-25T04:29:17.770520Z
2025-04-24,US_13W_YAHOO_IRX,4.197000026702881,yahoo_query_or_equivalent_authorized_market_data_source,2026-06-25T04:29:17.770520Z
2025-04-25,US_13W_YAHOO_IRX,4.192999839782715,yahoo_query_or_equivalent_authorized_market_data_source,2026-06-25T04:29:17.770520Z
2025-04-28,US_13W_YAHOO_IRX,4.192999839782715,yahoo_query_or_equivalent_authorized_market_data_source,2026-06-25T04:29:17.770520Z
2025-04-29,US_13W_YAHOO_IRX,4.190000057220459,yahoo_query_or_equivalent_authorized_market_data_source,2026-06-25T04:29:17.770520Z
2025-04-30,US_13W_YAHOO_IRX,4.190000057220459,yahoo_query_or_equivalent_authorized_market_data_source,2026-06-25T04:29:17.770520Z
2025-05-01,US_13W_YAHOO_IRX,4.184999942779541,yahoo_query_or_equivalent_authorized_market_data_source,2026-06-25T04:29:17.770520Z
2025-05-02,US_13W_YAHOO_IRX,4.208000183105469,yahoo_query_or_equivalent_authorized_market_data_source,2026-06-25T04:29:17.770520Z
2025-05-05,US_13W_YAHOO_IRX,4.208000183105469,yahoo_query_or_equivalent_authorized_market_data_source,2026-06-25T04:29:17.770520Z
2025-05-06,US_13W_YAHOO_IRX,4.210000038146973,yahoo_query_or_equivalent_authorized_market_data_source,2026-06-25T04:29:17.770520Z
2025-05-07,US_13W_YAHOO_IRX,4.215000152587891,yahoo_query_or_equivalent_authorized_market_data_source,2026-06-25T04:29:17.770520Z
2025-05-08,US_13W_YAHOO_IRX,4.215000152587891,yahoo_query_or_equivalent_authorized_market_data_source,2026-06-25T04:29:17.770520Z
2025-05-09,US_13W_YAHOO_IRX,4.215000152587891,yahoo_query_or_equivalent_authorized_market_data_source,2026-06-25T04:29:17.770520Z
2025-05-12,US_13W_YAHOO_IRX,4.28000020980835,yahoo_query_or_equivalent_authorized_market_data_source,2026-06-25T04:29:17.770520Z
2025-05-13,US_13W_YAHOO_IRX,4.284999847412109,yahoo_query_or_equivalent_authorized_market_data_source,2026-06-25T04:29:17.770520Z
2025-05-14,US_13W_YAHOO_IRX,4.284999847412109,yahoo_query_or_equivalent_authorized_market_data_source,2026-06-25T04:29:17.770520Z
2025-05-15,US_13W_YAHOO_IRX,4.257999897003174,yahoo_query_or_equivalent_authorized_market_data_source,2026-06-25T04:29:17.770520Z
2025-05-16,US_13W_YAHOO_IRX,4.236999988555908,yahoo_query_or_equivalent_authorized_market_data_source,2026-06-25T04:29:17.770520Z
2025-05-19,US_13W_YAHOO_IRX,4.239999771118164,yahoo_query_or_equivalent_authorized_market_data_source,2026-06-25T04:29:17.770520Z
2025-05-20,US_13W_YAHOO_IRX,4.248000144958496,yahoo_query_or_equivalent_authorized_market_data_source,2026-06-25T04:29:17.770520Z
2025-05-21,US_13W_YAHOO_IRX,4.235000133514404,yahoo_query_or_equivalent_authorized_market_data_source,2026-06-25T04:29:17.770520Z
2025-05-22,US_13W_YAHOO_IRX,4.23199987411499,yahoo_query_or_equivalent_authorized_market_data_source,2026-06-25T04:29:17.770520Z
2025-05-23,US_13W_YAHOO_IRX,4.230000019073486,yahoo_query_or_equivalent_authorized_market_data_source,2026-06-25T04:29:17.770520Z
2025-05-27,US_13W_YAHOO_IRX,4.203000068664551,yahoo_query_or_equivalent_authorized_market_data_source,2026-06-25T04:29:17.770520Z
2025-05-28,US_13W_YAHOO_IRX,4.224999904632568,yahoo_query_or_equivalent_authorized_market_data_source,2026-06-25T04:29:17.770520Z
2025-05-29,US_13W_YAHOO_IRX,4.230000019073486,yahoo_query_or_equivalent_authorized_market_data_source,2026-06-25T04:29:17.770520Z
2025-05-30,US_13W_YAHOO_IRX,4.23199987411499,yahoo_query_or_equivalent_authorized_market_data_source,2026-06-25T04:29:17.770520Z
2025-06-02,US_13W_YAHOO_IRX,4.23199987411499,yahoo_query_or_equivalent_authorized_market_data_source,2026-06-25T04:29:17.770520Z
2025-06-03,US_13W_YAHOO_IRX,4.235000133514404,yahoo_query_or_equivalent_authorized_market_data_source,2026-06-25T04:29:17.770520Z
2025-06-04,US_13W_YAHOO_IRX,4.239999771118164,yahoo_query_or_equivalent_authorized_market_data_source,2026-06-25T04:29:17.770520Z
2025-06-05,US_13W_YAHOO_IRX,4.23199987411499,yahoo_query_or_equivalent_authorized_market_data_source,2026-06-25T04:29:17.770520Z
2025-06-06,US_13W_YAHOO_IRX,4.23199987411499,yahoo_query_or_equivalent_authorized_market_data_source,2026-06-25T04:29:17.770520Z
2025-06-09,US_13W_YAHOO_IRX,4.239999771118164,yahoo_query_or_equivalent_authorized_market_data_source,2026-06-25T04:29:17.770520Z
2025-06-10,US_13W_YAHOO_IRX,4.25,yahoo_query_or_equivalent_authorized_market_data_source,2026-06-25T04:29:17.770520Z
2025-06-11,US_13W_YAHOO_IRX,4.25,yahoo_query_or_equivalent_authorized_market_data_source,2026-06-25T04:29:17.770520Z
2025-06-12,US_13W_YAHOO_IRX,4.257999897003174,yahoo_query_or_equivalent_authorized_market_data_source,2026-06-25T04:29:17.770520Z
2025-06-13,US_13W_YAHOO_IRX,4.239999771118164,yahoo_query_or_equivalent_authorized_market_data_source,2026-06-25T04:29:17.770520Z
2025-06-16,US_13W_YAHOO_IRX,4.248000144958496,yahoo_query_or_equivalent_authorized_market_data_source,2026-06-25T04:29:17.770520Z
2025-06-17,US_13W_YAHOO_IRX,4.2179999351501465,yahoo_query_or_equivalent_authorized_market_data_source,2026-06-25T04:29:17.770520Z
2025-06-18,US_13W_YAHOO_IRX,4.2230000495910645,yahoo_query_or_equivalent_authorized_market_data_source,2026-06-25T04:29:17.770520Z
2025-06-20,US_13W_YAHOO_IRX,4.195000171661377,yahoo_query_or_equivalent_authorized_market_data_source,2026-06-25T04:29:17.770520Z
2025-06-23,US_13W_YAHOO_IRX,4.1579999923706055,yahoo_query_or_equivalent_authorized_market_data_source,2026-06-25T04:29:17.770520Z
2025-06-24,US_13W_YAHOO_IRX,4.182000160217285,yahoo_query_or_equivalent_authorized_market_data_source,2026-06-25T04:29:17.770520Z
2025-06-25,US_13W_YAHOO_IRX,4.188000202178955,yahoo_query_or_equivalent_authorized_market_data_source,2026-06-25T04:29:17.770520Z
2025-06-26,US_13W_YAHOO_IRX,4.192999839782715,yahoo_query_or_equivalent_authorized_market_data_source,2026-06-25T04:29:17.770520Z
2025-06-27,US_13W_YAHOO_IRX,4.197000026702881,yahoo_query_or_equivalent_authorized_market_data_source,2026-06-25T04:29:17.770520Z
2025-06-30,US_13W_YAHOO_IRX,4.190000057220459,yahoo_query_or_equivalent_authorized_market_data_source,2026-06-25T04:29:17.770520Z
2025-07-01,US_13W_YAHOO_IRX,4.224999904632568,yahoo_query_or_equivalent_authorized_market_data_source,2026-06-25T04:29:17.770520Z
2025-07-02,US_13W_YAHOO_IRX,4.2230000495910645,yahoo_query_or_equivalent_authorized_market_data_source,2026-06-25T04:29:17.770520Z
2025-07-03,US_13W_YAHOO_IRX,4.239999771118164,yahoo_query_or_equivalent_authorized_market_data_source,2026-06-25T04:29:17.770520Z
2025-07-07,US_13W_YAHOO_IRX,4.244999885559082,yahoo_query_or_equivalent_authorized_market_data_source,2026-06-25T04:29:17.770520Z
2025-07-08,US_13W_YAHOO_IRX,4.25,yahoo_query_or_equivalent_authorized_market_data_source,2026-06-25T04:29:17.770520Z
2025-07-09,US_13W_YAHOO_IRX,4.244999885559082,yahoo_query_or_equivalent_authorized_market_data_source,2026-06-25T04:29:17.770520Z
2025-07-10,US_13W_YAHOO_IRX,4.239999771118164,yahoo_query_or_equivalent_authorized_market_data_source,2026-06-25T04:29:17.770520Z
2025-07-11,US_13W_YAHOO_IRX,4.236999988555908,yahoo_query_or_equivalent_authorized_market_data_source,2026-06-25T04:29:17.770520Z
2025-07-14,US_13W_YAHOO_IRX,4.228000164031982,yahoo_query_or_equivalent_authorized_market_data_source,2026-06-25T04:29:17.770520Z
2025-07-15,US_13W_YAHOO_IRX,4.23199987411499,yahoo_query_or_equivalent_authorized_market_data_source,2026-06-25T04:29:17.770520Z
2025-07-16,US_13W_YAHOO_IRX,4.224999904632568,yahoo_query_or_equivalent_authorized_market_data_source,2026-06-25T04:29:17.770520Z
2025-07-17,US_13W_YAHOO_IRX,4.235000133514404,yahoo_query_or_equivalent_authorized_market_data_source,2026-06-25T04:29:17.770520Z
2025-07-18,US_13W_YAHOO_IRX,4.230000019073486,yahoo_query_or_equivalent_authorized_market_data_source,2026-06-25T04:29:17.770520Z
2025-07-21,US_13W_YAHOO_IRX,4.2230000495910645,yahoo_query_or_equivalent_authorized_market_data_source,2026-06-25T04:29:17.770520Z
2025-07-22,US_13W_YAHOO_IRX,4.230000019073486,yahoo_query_or_equivalent_authorized_market_data_source,2026-06-25T04:29:17.770520Z
2025-07-23,US_13W_YAHOO_IRX,4.239999771118164,yahoo_query_or_equivalent_authorized_market_data_source,2026-06-25T04:29:17.770520Z
2025-07-24,US_13W_YAHOO_IRX,4.244999885559082,yahoo_query_or_equivalent_authorized_market_data_source,2026-06-25T04:29:17.770520Z
2025-07-25,US_13W_YAHOO_IRX,4.244999885559082,yahoo_query_or_equivalent_authorized_market_data_source,2026-06-25T04:29:17.770520Z
2025-07-28,US_13W_YAHOO_IRX,4.235000133514404,yahoo_query_or_equivalent_authorized_market_data_source,2026-06-25T04:29:17.770520Z
2025-07-29,US_13W_YAHOO_IRX,4.230000019073486,yahoo_query_or_equivalent_authorized_market_data_source,2026-06-25T04:29:17.770520Z
2025-07-30,US_13W_YAHOO_IRX,4.23199987411499,yahoo_query_or_equivalent_authorized_market_data_source,2026-06-25T04:29:17.770520Z
2025-07-31,US_13W_YAHOO_IRX,4.235000133514404,yahoo_query_or_equivalent_authorized_market_data_source,2026-06-25T04:29:17.770520Z
2025-08-01,US_13W_YAHOO_IRX,4.182000160217285,yahoo_query_or_equivalent_authorized_market_data_source,2026-06-25T04:29:17.770520Z
2025-08-04,US_13W_YAHOO_IRX,4.1529998779296875,yahoo_query_or_equivalent_authorized_market_data_source,2026-06-25T04:29:17.770520Z
2025-08-05,US_13W_YAHOO_IRX,4.150000095367432,yahoo_query_or_equivalent_authorized_market_data_source,2026-06-25T04:29:17.770520Z
2025-08-06,US_13W_YAHOO_IRX,4.132999897003174,yahoo_query_or_equivalent_authorized_market_data_source,2026-06-25T04:29:17.770520Z
2025-08-07,US_13W_YAHOO_IRX,4.138000011444092,yahoo_query_or_equivalent_authorized_market_data_source,2026-06-25T04:29:17.770520Z
2025-08-08,US_13W_YAHOO_IRX,4.132999897003174,yahoo_query_or_equivalent_authorized_market_data_source,2026-06-25T04:29:17.770520Z
2025-08-11,US_13W_YAHOO_IRX,4.14300012588501,yahoo_query_or_equivalent_authorized_market_data_source,2026-06-25T04:29:17.770520Z
2025-08-12,US_13W_YAHOO_IRX,4.130000114440918,yahoo_query_or_equivalent_authorized_market_data_source,2026-06-25T04:29:17.770520Z
2025-08-13,US_13W_YAHOO_IRX,4.110000133514404,yahoo_query_or_equivalent_authorized_market_data_source,2026-06-25T04:29:17.770520Z
2025-08-14,US_13W_YAHOO_IRX,4.111999988555908,yahoo_query_or_equivalent_authorized_market_data_source,2026-06-25T04:29:17.770520Z
2025-08-15,US_13W_YAHOO_IRX,4.111999988555908,yahoo_query_or_equivalent_authorized_market_data_source,2026-06-25T04:29:17.770520Z
2025-08-18,US_13W_YAHOO_IRX,4.123000144958496,yahoo_query_or_equivalent_authorized_market_data_source,2026-06-25T04:29:17.770520Z
2025-08-19,US_13W_YAHOO_IRX,4.110000133514404,yahoo_query_or_equivalent_authorized_market_data_source,2026-06-25T04:29:17.770520Z
2025-08-20,US_13W_YAHOO_IRX,4.114999771118164,yahoo_query_or_equivalent_authorized_market_data_source,2026-06-25T04:29:17.770520Z
2025-08-21,US_13W_YAHOO_IRX,4.127999782562256,yahoo_query_or_equivalent_authorized_market_data_source,2026-06-25T04:29:17.770520Z
2025-08-22,US_13W_YAHOO_IRX,4.0879998207092285,yahoo_query_or_equivalent_authorized_market_data_source,2026-06-25T04:29:17.770520Z
2025-08-25,US_13W_YAHOO_IRX,4.0929999351501465,yahoo_query_or_equivalent_authorized_market_data_source,2026-06-25T04:29:17.770520Z
2025-08-26,US_13W_YAHOO_IRX,4.0879998207092285,yahoo_query_or_equivalent_authorized_market_data_source,2026-06-25T04:29:17.770520Z
2025-08-27,US_13W_YAHOO_IRX,4.059999942779541,yahoo_query_or_equivalent_authorized_market_data_source,2026-06-25T04:29:17.770520Z
2025-08-28,US_13W_YAHOO_IRX,4.072000026702881,yahoo_query_or_equivalent_authorized_market_data_source,2026-06-25T04:29:17.770520Z
2025-08-29,US_13W_YAHOO_IRX,4.043000221252441,yahoo_query_or_equivalent_authorized_market_data_source,2026-06-25T04:29:17.770520Z
2025-09-02,US_13W_YAHOO_IRX,4.0320000648498535,yahoo_query_or_equivalent_authorized_market_data_source,2026-06-25T04:29:17.770520Z
2025-09-03,US_13W_YAHOO_IRX,4.01800012588501,yahoo_query_or_equivalent_authorized_market_data_source,2026-06-25T04:29:17.770520Z
2025-09-04,US_13W_YAHOO_IRX,3.997999906539917,yahoo_query_or_equivalent_authorized_market_data_source,2026-06-25T04:29:17.770520Z
2025-09-05,US_13W_YAHOO_IRX,3.9100000858306885,yahoo_query_or_equivalent_authorized_market_data_source,2026-06-25T04:29:17.770520Z
2025-09-08,US_13W_YAHOO_IRX,3.927999973297119,yahoo_query_or_equivalent_authorized_market_data_source,2026-06-25T04:29:17.770520Z
2025-09-09,US_13W_YAHOO_IRX,3.943000078201294,yahoo_query_or_equivalent_authorized_market_data_source,2026-06-25T04:29:17.770520Z
2025-09-10,US_13W_YAHOO_IRX,3.930000066757202,yahoo_query_or_equivalent_authorized_market_data_source,2026-06-25T04:29:17.770520Z
2025-09-11,US_13W_YAHOO_IRX,3.927999973297119,yahoo_query_or_equivalent_authorized_market_data_source,2026-06-25T04:29:17.770520Z
2025-09-12,US_13W_YAHOO_IRX,3.927999973297119,yahoo_query_or_equivalent_authorized_market_data_source,2026-06-25T04:29:17.770520Z
2025-09-15,US_13W_YAHOO_IRX,3.9000000953674316,yahoo_query_or_equivalent_authorized_market_data_source,2026-06-25T04:29:17.770520Z
2025-09-16,US_13W_YAHOO_IRX,3.890000104904175,yahoo_query_or_equivalent_authorized_market_data_source,2026-06-25T04:29:17.770520Z
2025-09-17,US_13W_YAHOO_IRX,3.868000030517578,yahoo_query_or_equivalent_authorized_market_data_source,2026-06-25T04:29:17.770520Z
2025-09-18,US_13W_YAHOO_IRX,3.880000114440918,yahoo_query_or_equivalent_authorized_market_data_source,2026-06-25T04:29:17.770520Z
2025-09-19,US_13W_YAHOO_IRX,3.878000020980835,yahoo_query_or_equivalent_authorized_market_data_source,2026-06-25T04:29:17.770520Z
2025-09-22,US_13W_YAHOO_IRX,3.8480000495910645,yahoo_query_or_equivalent_authorized_market_data_source,2026-06-25T04:29:17.770520Z
2025-09-23,US_13W_YAHOO_IRX,3.8450000286102295,yahoo_query_or_equivalent_authorized_market_data_source,2026-06-25T04:29:17.770520Z
2025-09-24,US_13W_YAHOO_IRX,3.8580000400543213,yahoo_query_or_equivalent_authorized_market_data_source,2026-06-25T04:29:17.770520Z
2025-09-25,US_13W_YAHOO_IRX,3.882999897003174,yahoo_query_or_equivalent_authorized_market_data_source,2026-06-25T04:29:17.770520Z
2025-09-26,US_13W_YAHOO_IRX,3.859999895095825,yahoo_query_or_equivalent_authorized_market_data_source,2026-06-25T04:29:17.770520Z
2025-09-29,US_13W_YAHOO_IRX,3.86299991607666,yahoo_query_or_equivalent_authorized_market_data_source,2026-06-25T04:29:17.770520Z
2025-09-30,US_13W_YAHOO_IRX,3.8450000286102295,yahoo_query_or_equivalent_authorized_market_data_source,2026-06-25T04:29:17.770520Z
2025-10-01,US_13W_YAHOO_IRX,3.8450000286102295,yahoo_query_or_equivalent_authorized_market_data_source,2026-06-25T04:29:17.770520Z
2025-10-02,US_13W_YAHOO_IRX,3.8480000495910645,yahoo_query_or_equivalent_authorized_market_data_source,2026-06-25T04:29:17.770520Z
2025-10-03,US_13W_YAHOO_IRX,3.8580000400543213,yahoo_query_or_equivalent_authorized_market_data_source,2026-06-25T04:29:17.770520Z
2025-10-06,US_13W_YAHOO_IRX,3.859999895095825,yahoo_query_or_equivalent_authorized_market_data_source,2026-06-25T04:29:17.770520Z
2025-10-07,US_13W_YAHOO_IRX,3.8429999351501465,yahoo_query_or_equivalent_authorized_market_data_source,2026-06-25T04:29:17.770520Z
2025-10-08,US_13W_YAHOO_IRX,3.8429999351501465,yahoo_query_or_equivalent_authorized_market_data_source,2026-06-25T04:29:17.770520Z
2025-10-09,US_13W_YAHOO_IRX,3.8529999256134033,yahoo_query_or_equivalent_authorized_market_data_source,2026-06-25T04:29:17.770520Z
2025-10-10,US_13W_YAHOO_IRX,3.8529999256134033,yahoo_query_or_equivalent_authorized_market_data_source,2026-06-25T04:29:17.770520Z
2025-10-13,US_13W_YAHOO_IRX,3.8529999256134033,yahoo_query_or_equivalent_authorized_market_data_source,2026-06-25T04:29:17.770520Z
2025-10-14,US_13W_YAHOO_IRX,3.8529999256134033,yahoo_query_or_equivalent_authorized_market_data_source,2026-06-25T04:29:17.770520Z
2025-10-15,US_13W_YAHOO_IRX,3.8580000400543213,yahoo_query_or_equivalent_authorized_market_data_source,2026-06-25T04:29:17.770520Z
2025-10-16,US_13W_YAHOO_IRX,3.8529999256134033,yahoo_query_or_equivalent_authorized_market_data_source,2026-06-25T04:29:17.770520Z
2025-10-17,US_13W_YAHOO_IRX,3.8320000171661377,yahoo_query_or_equivalent_authorized_market_data_source,2026-06-25T04:29:17.770520Z
2025-10-20,US_13W_YAHOO_IRX,3.7980000972747803,yahoo_query_or_equivalent_authorized_market_data_source,2026-06-25T04:29:17.770520Z
2025-10-21,US_13W_YAHOO_IRX,3.7850000858306885,yahoo_query_or_equivalent_authorized_market_data_source,2026-06-25T04:29:17.770520Z
2025-10-22,US_13W_YAHOO_IRX,3.7880001068115234,yahoo_query_or_equivalent_authorized_market_data_source,2026-06-25T04:29:17.770520Z
2025-10-23,US_13W_YAHOO_IRX,3.7880001068115234,yahoo_query_or_equivalent_authorized_market_data_source,2026-06-25T04:29:17.770520Z
2025-10-24,US_13W_YAHOO_IRX,3.763000011444092,yahoo_query_or_equivalent_authorized_market_data_source,2026-06-25T04:29:17.770520Z
2025-10-27,US_13W_YAHOO_IRX,3.7179999351501465,yahoo_query_or_equivalent_authorized_market_data_source,2026-06-25T04:29:17.770520Z
2025-10-28,US_13W_YAHOO_IRX,3.7200000286102295,yahoo_query_or_equivalent_authorized_market_data_source,2026-06-25T04:29:17.770520Z
2025-10-29,US_13W_YAHOO_IRX,3.7300000190734863,yahoo_query_or_equivalent_authorized_market_data_source,2026-06-25T04:29:17.770520Z
2025-10-30,US_13W_YAHOO_IRX,3.756999969482422,yahoo_query_or_equivalent_authorized_market_data_source,2026-06-25T04:29:17.770520Z
2025-10-31,US_13W_YAHOO_IRX,3.7179999351501465,yahoo_query_or_equivalent_authorized_market_data_source,2026-06-25T04:29:17.770520Z
2025-11-03,US_13W_YAHOO_IRX,3.7829999923706055,yahoo_query_or_equivalent_authorized_market_data_source,2026-06-25T04:29:17.770520Z
2025-11-04,US_13W_YAHOO_IRX,3.7929999828338623,yahoo_query_or_equivalent_authorized_market_data_source,2026-06-25T04:29:17.770520Z
2025-11-05,US_13W_YAHOO_IRX,3.7880001068115234,yahoo_query_or_equivalent_authorized_market_data_source,2026-06-25T04:29:17.770520Z
2025-11-06,US_13W_YAHOO_IRX,3.763000011444092,yahoo_query_or_equivalent_authorized_market_data_source,2026-06-25T04:29:17.770520Z
2025-11-07,US_13W_YAHOO_IRX,3.756999969482422,yahoo_query_or_equivalent_authorized_market_data_source,2026-06-25T04:29:17.770520Z
2025-11-10,US_13W_YAHOO_IRX,3.7829999923706055,yahoo_query_or_equivalent_authorized_market_data_source,2026-06-25T04:29:17.770520Z
2025-11-11,US_13W_YAHOO_IRX,3.7829999923706055,yahoo_query_or_equivalent_authorized_market_data_source,2026-06-25T04:29:17.770520Z
2025-11-12,US_13W_YAHOO_IRX,3.7780001163482666,yahoo_query_or_equivalent_authorized_market_data_source,2026-06-25T04:29:17.770520Z
2025-11-13,US_13W_YAHOO_IRX,3.7929999828338623,yahoo_query_or_equivalent_authorized_market_data_source,2026-06-25T04:29:17.770520Z
2025-11-14,US_13W_YAHOO_IRX,3.7880001068115234,yahoo_query_or_equivalent_authorized_market_data_source,2026-06-25T04:29:17.770520Z
2025-11-17,US_13W_YAHOO_IRX,3.7720000743865967,yahoo_query_or_equivalent_authorized_market_data_source,2026-06-25T04:29:17.770520Z
2025-11-18,US_13W_YAHOO_IRX,3.7720000743865967,yahoo_query_or_equivalent_authorized_market_data_source,2026-06-25T04:29:17.770520Z
2025-11-19,US_13W_YAHOO_IRX,3.7720000743865967,yahoo_query_or_equivalent_authorized_market_data_source,2026-06-25T04:29:17.770520Z
2025-11-20,US_13W_YAHOO_IRX,3.7750000953674316,yahoo_query_or_equivalent_authorized_market_data_source,2026-06-25T04:29:17.770520Z
2025-11-21,US_13W_YAHOO_IRX,3.740000009536743,yahoo_query_or_equivalent_authorized_market_data_source,2026-06-25T04:29:17.770520Z
2025-11-24,US_13W_YAHOO_IRX,3.7300000190734863,yahoo_query_or_equivalent_authorized_market_data_source,2026-06-25T04:29:17.770520Z
2025-11-25,US_13W_YAHOO_IRX,3.7320001125335693,yahoo_query_or_equivalent_authorized_market_data_source,2026-06-25T04:29:17.770520Z
2025-11-26,US_13W_YAHOO_IRX,3.753000020980835,yahoo_query_or_equivalent_authorized_market_data_source,2026-06-25T04:29:17.770520Z
2025-11-28,US_13W_YAHOO_IRX,3.697000026702881,yahoo_query_or_equivalent_authorized_market_data_source,2026-06-25T04:29:17.770520Z
2025-12-01,US_13W_YAHOO_IRX,3.693000078201294,yahoo_query_or_equivalent_authorized_market_data_source,2026-06-25T04:29:17.770520Z
2025-12-02,US_13W_YAHOO_IRX,3.671999931335449,yahoo_query_or_equivalent_authorized_market_data_source,2026-06-25T04:29:17.770520Z
2025-12-03,US_13W_YAHOO_IRX,3.634999990463257,yahoo_query_or_equivalent_authorized_market_data_source,2026-06-25T04:29:17.770520Z
2025-12-04,US_13W_YAHOO_IRX,3.611999988555908,yahoo_query_or_equivalent_authorized_market_data_source,2026-06-25T04:29:17.770520Z
2025-12-05,US_13W_YAHOO_IRX,3.6029999256134033,yahoo_query_or_equivalent_authorized_market_data_source,2026-06-25T04:29:17.770520Z
2025-12-08,US_13W_YAHOO_IRX,3.618000030517578,yahoo_query_or_equivalent_authorized_market_data_source,2026-06-25T04:29:17.770520Z
2025-12-09,US_13W_YAHOO_IRX,3.631999969482422,yahoo_query_or_equivalent_authorized_market_data_source,2026-06-25T04:29:17.770520Z
2025-12-10,US_13W_YAHOO_IRX,3.5929999351501465,yahoo_query_or_equivalent_authorized_market_data_source,2026-06-25T04:29:17.770520Z
2025-12-11,US_13W_YAHOO_IRX,3.568000078201294,yahoo_query_or_equivalent_authorized_market_data_source,2026-06-25T04:29:17.770520Z
2025-12-12,US_13W_YAHOO_IRX,3.5250000953674316,yahoo_query_or_equivalent_authorized_market_data_source,2026-06-25T04:29:17.770520Z
2025-12-15,US_13W_YAHOO_IRX,3.5380001068115234,yahoo_query_or_equivalent_authorized_market_data_source,2026-06-25T04:29:17.770520Z
2025-12-16,US_13W_YAHOO_IRX,3.5450000762939453,yahoo_query_or_equivalent_authorized_market_data_source,2026-06-25T04:29:17.770520Z
2025-12-17,US_13W_YAHOO_IRX,3.5429999828338623,yahoo_query_or_equivalent_authorized_market_data_source,2026-06-25T04:29:17.770520Z
2025-12-18,US_13W_YAHOO_IRX,3.5220000743865967,yahoo_query_or_equivalent_authorized_market_data_source,2026-06-25T04:29:17.770520Z
2025-12-19,US_13W_YAHOO_IRX,3.5220000743865967,yahoo_query_or_equivalent_authorized_market_data_source,2026-06-25T04:29:17.770520Z
2025-12-22,US_13W_YAHOO_IRX,3.5280001163482666,yahoo_query_or_equivalent_authorized_market_data_source,2026-06-25T04:29:17.770520Z
2025-12-23,US_13W_YAHOO_IRX,3.546999931335449,yahoo_query_or_equivalent_authorized_market_data_source,2026-06-25T04:29:17.770520Z
2025-12-24,US_13W_YAHOO_IRX,3.555000066757202,yahoo_query_or_equivalent_authorized_market_data_source,2026-06-25T04:29:17.770520Z
2025-12-26,US_13W_YAHOO_IRX,3.5429999828338623,yahoo_query_or_equivalent_authorized_market_data_source,2026-06-25T04:29:17.770520Z
2025-12-29,US_13W_YAHOO_IRX,3.5380001068115234,yahoo_query_or_equivalent_authorized_market_data_source,2026-06-25T04:29:17.770520Z
2025-12-30,US_13W_YAHOO_IRX,3.5399999618530273,yahoo_query_or_equivalent_authorized_market_data_source,2026-06-25T04:29:17.770520Z
2025-12-31,US_13W_YAHOO_IRX,3.546999931335449,yahoo_query_or_equivalent_authorized_market_data_source,2026-06-25T04:29:17.770520Z
2026-01-02,US_13W_YAHOO_IRX,3.5329999923706055,yahoo_query_or_equivalent_authorized_market_data_source,2026-06-25T04:29:17.770520Z
2026-01-05,US_13W_YAHOO_IRX,3.515000104904175,yahoo_query_or_equivalent_authorized_market_data_source,2026-06-25T04:29:17.770520Z
2026-01-06,US_13W_YAHOO_IRX,3.5199999809265137,yahoo_query_or_equivalent_authorized_market_data_source,2026-06-25T04:29:17.770520Z
2026-01-07,US_13W_YAHOO_IRX,3.515000104904175,yahoo_query_or_equivalent_authorized_market_data_source,2026-06-25T04:29:17.770520Z
2026-01-08,US_13W_YAHOO_IRX,3.506999969482422,yahoo_query_or_equivalent_authorized_market_data_source,2026-06-25T04:29:17.770520Z
2026-01-09,US_13W_YAHOO_IRX,3.513000011444092,yahoo_query_or_equivalent_authorized_market_data_source,2026-06-25T04:29:17.770520Z
2026-01-12,US_13W_YAHOO_IRX,3.5329999923706055,yahoo_query_or_equivalent_authorized_market_data_source,2026-06-25T04:29:17.770520Z
2026-01-13,US_13W_YAHOO_IRX,3.559999942779541,yahoo_query_or_equivalent_authorized_market_data_source,2026-06-25T04:29:17.770520Z
2026-01-14,US_13W_YAHOO_IRX,3.559999942779541,yahoo_query_or_equivalent_authorized_market_data_source,2026-06-25T04:29:17.770520Z
2026-01-15,US_13W_YAHOO_IRX,3.565000057220459,yahoo_query_or_equivalent_authorized_market_data_source,2026-06-25T04:29:17.770520Z
2026-01-16,US_13W_YAHOO_IRX,3.556999921798706,yahoo_query_or_equivalent_authorized_market_data_source,2026-06-25T04:29:17.770520Z
2026-01-20,US_13W_YAHOO_IRX,3.572000026702881,yahoo_query_or_equivalent_authorized_market_data_source,2026-06-25T04:29:17.770520Z
2026-01-21,US_13W_YAHOO_IRX,3.5880000591278076,yahoo_query_or_equivalent_authorized_market_data_source,2026-06-25T04:29:17.770520Z
2026-01-22,US_13W_YAHOO_IRX,3.5880000591278076,yahoo_query_or_equivalent_authorized_market_data_source,2026-06-25T04:29:17.770520Z
2026-01-23,US_13W_YAHOO_IRX,3.5820000171661377,yahoo_query_or_equivalent_authorized_market_data_source,2026-06-25T04:29:17.770520Z
2026-01-26,US_13W_YAHOO_IRX,3.575000047683716,yahoo_query_or_equivalent_authorized_market_data_source,2026-06-25T04:29:17.770520Z
2026-01-27,US_13W_YAHOO_IRX,3.569999933242798,yahoo_query_or_equivalent_authorized_market_data_source,2026-06-25T04:29:17.770520Z
2026-01-28,US_13W_YAHOO_IRX,3.5820000171661377,yahoo_query_or_equivalent_authorized_market_data_source,2026-06-25T04:29:17.770520Z
2026-01-29,US_13W_YAHOO_IRX,3.5799999237060547,yahoo_query_or_equivalent_authorized_market_data_source,2026-06-25T04:29:17.770520Z
2026-01-30,US_13W_YAHOO_IRX,3.572000026702881,yahoo_query_or_equivalent_authorized_market_data_source,2026-06-25T04:29:17.770520Z
2026-02-02,US_13W_YAHOO_IRX,3.578000068664551,yahoo_query_or_equivalent_authorized_market_data_source,2026-06-25T04:29:17.770520Z
2026-02-03,US_13W_YAHOO_IRX,3.5899999141693115,yahoo_query_or_equivalent_authorized_market_data_source,2026-06-25T04:29:17.770520Z
2026-02-04,US_13W_YAHOO_IRX,3.5950000286102295,yahoo_query_or_equivalent_authorized_market_data_source,2026-06-25T04:29:17.770520Z
2026-02-05,US_13W_YAHOO_IRX,3.578000068664551,yahoo_query_or_equivalent_authorized_market_data_source,2026-06-25T04:29:17.770520Z
2026-02-06,US_13W_YAHOO_IRX,3.5899999141693115,yahoo_query_or_equivalent_authorized_market_data_source,2026-06-25T04:29:17.770520Z
2026-02-09,US_13W_YAHOO_IRX,3.5929999351501465,yahoo_query_or_equivalent_authorized_market_data_source,2026-06-25T04:29:17.770520Z
2026-02-10,US_13W_YAHOO_IRX,3.5899999141693115,yahoo_query_or_equivalent_authorized_market_data_source,2026-06-25T04:29:17.770520Z
2026-02-11,US_13W_YAHOO_IRX,3.5999999046325684,yahoo_query_or_equivalent_authorized_market_data_source,2026-06-25T04:29:17.770520Z
2026-02-12,US_13W_YAHOO_IRX,3.5980000495910645,yahoo_query_or_equivalent_authorized_market_data_source,2026-06-25T04:29:17.770520Z
2026-02-13,US_13W_YAHOO_IRX,3.5929999351501465,yahoo_query_or_equivalent_authorized_market_data_source,2026-06-25T04:29:17.770520Z
2026-02-17,US_13W_YAHOO_IRX,3.5929999351501465,yahoo_query_or_equivalent_authorized_market_data_source,2026-06-25T04:29:17.770520Z
2026-02-18,US_13W_YAHOO_IRX,3.6029999256134033,yahoo_query_or_equivalent_authorized_market_data_source,2026-06-25T04:29:17.770520Z
2026-02-19,US_13W_YAHOO_IRX,3.5950000286102295,yahoo_query_or_equivalent_authorized_market_data_source,2026-06-25T04:29:17.770520Z
2026-02-20,US_13W_YAHOO_IRX,3.5950000286102295,yahoo_query_or_equivalent_authorized_market_data_source,2026-06-25T04:29:17.770520Z
2026-02-23,US_13W_YAHOO_IRX,3.5880000591278076,yahoo_query_or_equivalent_authorized_market_data_source,2026-06-25T04:29:17.770520Z
2026-02-24,US_13W_YAHOO_IRX,3.5880000591278076,yahoo_query_or_equivalent_authorized_market_data_source,2026-06-25T04:29:17.770520Z
2026-02-25,US_13W_YAHOO_IRX,3.5880000591278076,yahoo_query_or_equivalent_authorized_market_data_source,2026-06-25T04:29:17.770520Z
2026-02-26,US_13W_YAHOO_IRX,3.5880000591278076,yahoo_query_or_equivalent_authorized_market_data_source,2026-06-25T04:29:17.770520Z
2026-02-27,US_13W_YAHOO_IRX,3.578000068664551,yahoo_query_or_equivalent_authorized_market_data_source,2026-06-25T04:29:17.770520Z
2026-03-02,US_13W_YAHOO_IRX,3.5899999141693115,yahoo_query_or_equivalent_authorized_market_data_source,2026-06-25T04:29:17.770520Z
2026-03-03,US_13W_YAHOO_IRX,3.5950000286102295,yahoo_query_or_equivalent_authorized_market_data_source,2026-06-25T04:29:17.770520Z
2026-03-04,US_13W_YAHOO_IRX,3.5950000286102295,yahoo_query_or_equivalent_authorized_market_data_source,2026-06-25T04:29:17.770520Z
2026-03-05,US_13W_YAHOO_IRX,3.5880000591278076,yahoo_query_or_equivalent_authorized_market_data_source,2026-06-25T04:29:17.770520Z
2026-03-06,US_13W_YAHOO_IRX,3.569999933242798,yahoo_query_or_equivalent_authorized_market_data_source,2026-06-25T04:29:17.770520Z
2026-03-09,US_13W_YAHOO_IRX,3.5929999351501465,yahoo_query_or_equivalent_authorized_market_data_source,2026-06-25T04:29:17.770520Z
2026-03-10,US_13W_YAHOO_IRX,3.5950000286102295,yahoo_query_or_equivalent_authorized_market_data_source,2026-06-25T04:29:17.770520Z
2026-03-11,US_13W_YAHOO_IRX,3.5999999046325684,yahoo_query_or_equivalent_authorized_market_data_source,2026-06-25T04:29:17.770520Z
2026-03-12,US_13W_YAHOO_IRX,3.6050000190734863,yahoo_query_or_equivalent_authorized_market_data_source,2026-06-25T04:29:17.770520Z
2026-03-13,US_13W_YAHOO_IRX,3.6029999256134033,yahoo_query_or_equivalent_authorized_market_data_source,2026-06-25T04:29:17.770520Z
2026-03-16,US_13W_YAHOO_IRX,3.6050000190734863,yahoo_query_or_equivalent_authorized_market_data_source,2026-06-25T04:29:17.770520Z
2026-03-17,US_13W_YAHOO_IRX,3.6050000190734863,yahoo_query_or_equivalent_authorized_market_data_source,2026-06-25T04:29:17.770520Z
2026-03-18,US_13W_YAHOO_IRX,3.609999895095825,yahoo_query_or_equivalent_authorized_market_data_source,2026-06-25T04:29:17.770520Z
2026-03-19,US_13W_YAHOO_IRX,3.611999988555908,yahoo_query_or_equivalent_authorized_market_data_source,2026-06-25T04:29:17.770520Z
2026-03-20,US_13W_YAHOO_IRX,3.618000030517578,yahoo_query_or_equivalent_authorized_market_data_source,2026-06-25T04:29:17.770520Z
2026-03-23,US_13W_YAHOO_IRX,3.611999988555908,yahoo_query_or_equivalent_authorized_market_data_source,2026-06-25T04:29:17.770520Z
2026-03-24,US_13W_YAHOO_IRX,3.619999885559082,yahoo_query_or_equivalent_authorized_market_data_source,2026-06-25T04:29:17.770520Z
2026-03-25,US_13W_YAHOO_IRX,3.619999885559082,yahoo_query_or_equivalent_authorized_market_data_source,2026-06-25T04:29:17.770520Z
2026-03-26,US_13W_YAHOO_IRX,3.619999885559082,yahoo_query_or_equivalent_authorized_market_data_source,2026-06-25T04:29:17.770520Z
2026-03-27,US_13W_YAHOO_IRX,3.6070001125335693,yahoo_query_or_equivalent_authorized_market_data_source,2026-06-25T04:29:17.770520Z
2026-03-30,US_13W_YAHOO_IRX,3.5980000495910645,yahoo_query_or_equivalent_authorized_market_data_source,2026-06-25T04:29:17.770520Z
2026-03-31,US_13W_YAHOO_IRX,3.5999999046325684,yahoo_query_or_equivalent_authorized_market_data_source,2026-06-25T04:29:17.770520Z
2026-04-01,US_13W_YAHOO_IRX,3.6050000190734863,yahoo_query_or_equivalent_authorized_market_data_source,2026-06-25T04:29:17.770520Z
2026-04-02,US_13W_YAHOO_IRX,3.6070001125335693,yahoo_query_or_equivalent_authorized_market_data_source,2026-06-25T04:29:17.770520Z
2026-04-06,US_13W_YAHOO_IRX,3.622999906539917,yahoo_query_or_equivalent_authorized_market_data_source,2026-06-25T04:29:17.770520Z
2026-04-07,US_13W_YAHOO_IRX,3.615000009536743,yahoo_query_or_equivalent_authorized_market_data_source,2026-06-25T04:29:17.770520Z
2026-04-08,US_13W_YAHOO_IRX,3.5999999046325684,yahoo_query_or_equivalent_authorized_market_data_source,2026-06-25T04:29:17.770520Z
2026-04-09,US_13W_YAHOO_IRX,3.5880000591278076,yahoo_query_or_equivalent_authorized_market_data_source,2026-06-25T04:29:17.770520Z
2026-04-10,US_13W_YAHOO_IRX,3.5929999351501465,yahoo_query_or_equivalent_authorized_market_data_source,2026-06-25T04:29:17.770520Z
2026-04-13,US_13W_YAHOO_IRX,3.6029999256134033,yahoo_query_or_equivalent_authorized_market_data_source,2026-06-25T04:29:17.770520Z
2026-04-14,US_13W_YAHOO_IRX,3.611999988555908,yahoo_query_or_equivalent_authorized_market_data_source,2026-06-25T04:29:17.770520Z
2026-04-15,US_13W_YAHOO_IRX,3.611999988555908,yahoo_query_or_equivalent_authorized_market_data_source,2026-06-25T04:29:17.770520Z
2026-04-16,US_13W_YAHOO_IRX,3.609999895095825,yahoo_query_or_equivalent_authorized_market_data_source,2026-06-25T04:29:17.770520Z
2026-04-17,US_13W_YAHOO_IRX,3.5999999046325684,yahoo_query_or_equivalent_authorized_market_data_source,2026-06-25T04:29:17.770520Z
2026-04-20,US_13W_YAHOO_IRX,3.5980000495910645,yahoo_query_or_equivalent_authorized_market_data_source,2026-06-25T04:29:17.770520Z
2026-04-21,US_13W_YAHOO_IRX,3.5980000495910645,yahoo_query_or_equivalent_authorized_market_data_source,2026-06-25T04:29:17.770520Z
2026-04-22,US_13W_YAHOO_IRX,3.5950000286102295,yahoo_query_or_equivalent_authorized_market_data_source,2026-06-25T04:29:17.770520Z
2026-04-23,US_13W_YAHOO_IRX,3.5950000286102295,yahoo_query_or_equivalent_authorized_market_data_source,2026-06-25T04:29:17.770520Z
2026-04-24,US_13W_YAHOO_IRX,3.5929999351501465,yahoo_query_or_equivalent_authorized_market_data_source,2026-06-25T04:29:17.770520Z
2026-04-27,US_13W_YAHOO_IRX,3.5899999141693115,yahoo_query_or_equivalent_authorized_market_data_source,2026-06-25T04:29:17.770520Z
2026-04-28,US_13W_YAHOO_IRX,3.5899999141693115,yahoo_query_or_equivalent_authorized_market_data_source,2026-06-25T04:29:17.770520Z
2026-04-29,US_13W_YAHOO_IRX,3.5899999141693115,yahoo_query_or_equivalent_authorized_market_data_source,2026-06-25T04:29:17.770520Z
2026-04-30,US_13W_YAHOO_IRX,3.5850000381469727,yahoo_query_or_equivalent_authorized_market_data_source,2026-06-25T04:29:17.770520Z
2026-05-01,US_13W_YAHOO_IRX,3.575000047683716,yahoo_query_or_equivalent_authorized_market_data_source,2026-06-25T04:29:17.770520Z
2026-05-04,US_13W_YAHOO_IRX,3.5899999141693115,yahoo_query_or_equivalent_authorized_market_data_source,2026-06-25T04:29:17.770520Z
2026-05-05,US_13W_YAHOO_IRX,3.5999999046325684,yahoo_query_or_equivalent_authorized_market_data_source,2026-06-25T04:29:17.770520Z
2026-05-06,US_13W_YAHOO_IRX,3.5999999046325684,yahoo_query_or_equivalent_authorized_market_data_source,2026-06-25T04:29:17.770520Z
2026-05-07,US_13W_YAHOO_IRX,3.5980000495910645,yahoo_query_or_equivalent_authorized_market_data_source,2026-06-25T04:29:17.770520Z
2026-05-08,US_13W_YAHOO_IRX,3.5950000286102295,yahoo_query_or_equivalent_authorized_market_data_source,2026-06-25T04:29:17.770520Z
2026-05-11,US_13W_YAHOO_IRX,3.5999999046325684,yahoo_query_or_equivalent_authorized_market_data_source,2026-06-25T04:29:17.770520Z
2026-05-12,US_13W_YAHOO_IRX,3.6029999256134033,yahoo_query_or_equivalent_authorized_market_data_source,2026-06-25T04:29:17.770520Z
2026-05-13,US_13W_YAHOO_IRX,3.5999999046325684,yahoo_query_or_equivalent_authorized_market_data_source,2026-06-25T04:29:17.770520Z
2026-05-14,US_13W_YAHOO_IRX,3.5880000591278076,yahoo_query_or_equivalent_authorized_market_data_source,2026-06-25T04:29:17.770520Z
2026-05-15,US_13W_YAHOO_IRX,3.5880000591278076,yahoo_query_or_equivalent_authorized_market_data_source,2026-06-25T04:29:17.770520Z
2026-05-18,US_13W_YAHOO_IRX,3.568000078201294,yahoo_query_or_equivalent_authorized_market_data_source,2026-06-25T04:29:17.770520Z
2026-05-19,US_13W_YAHOO_IRX,3.575000047683716,yahoo_query_or_equivalent_authorized_market_data_source,2026-06-25T04:29:17.770520Z
2026-05-20,US_13W_YAHOO_IRX,3.556999921798706,yahoo_query_or_equivalent_authorized_market_data_source,2026-06-25T04:29:17.770520Z
2026-05-21,US_13W_YAHOO_IRX,3.5820000171661377,yahoo_query_or_equivalent_authorized_market_data_source,2026-06-25T04:29:17.770520Z
2026-05-22,US_13W_YAHOO_IRX,3.5850000381469727,yahoo_query_or_equivalent_authorized_market_data_source,2026-06-25T04:29:17.770520Z
2026-05-26,US_13W_YAHOO_IRX,3.5820000171661377,yahoo_query_or_equivalent_authorized_market_data_source,2026-06-25T04:29:17.770520Z
2026-05-27,US_13W_YAHOO_IRX,3.5850000381469727,yahoo_query_or_equivalent_authorized_market_data_source,2026-06-25T04:29:17.770520Z
2026-05-28,US_13W_YAHOO_IRX,3.5899999141693115,yahoo_query_or_equivalent_authorized_market_data_source,2026-06-25T04:29:17.770520Z
2026-05-29,US_13W_YAHOO_IRX,3.5880000591278076,yahoo_query_or_equivalent_authorized_market_data_source,2026-06-25T04:29:17.770520Z
2026-06-01,US_13W_YAHOO_IRX,3.619999885559082,yahoo_query_or_equivalent_authorized_market_data_source,2026-06-25T04:29:17.770520Z
2026-06-02,US_13W_YAHOO_IRX,3.618000030517578,yahoo_query_or_equivalent_authorized_market_data_source,2026-06-25T04:29:17.770520Z
2026-06-03,US_13W_YAHOO_IRX,3.622999906539917,yahoo_query_or_equivalent_authorized_market_data_source,2026-06-25T04:29:17.770520Z
2026-06-04,US_13W_YAHOO_IRX,3.619999885559082,yahoo_query_or_equivalent_authorized_market_data_source,2026-06-25T04:29:17.770520Z
2026-06-05,US_13W_YAHOO_IRX,3.625,yahoo_query_or_equivalent_authorized_market_data_source,2026-06-25T04:29:17.770520Z
2026-06-08,US_13W_YAHOO_IRX,3.628000020980835,yahoo_query_or_equivalent_authorized_market_data_source,2026-06-25T04:29:17.770520Z
2026-06-09,US_13W_YAHOO_IRX,3.634999990463257,yahoo_query_or_equivalent_authorized_market_data_source,2026-06-25T04:29:17.770520Z
2026-06-10,US_13W_YAHOO_IRX,3.634999990463257,yahoo_query_or_equivalent_authorized_market_data_source,2026-06-25T04:29:17.770520Z
2026-06-11,US_13W_YAHOO_IRX,3.622999906539917,yahoo_query_or_equivalent_authorized_market_data_source,2026-06-25T04:29:17.770520Z
2026-06-12,US_13W_YAHOO_IRX,3.618000030517578,yahoo_query_or_equivalent_authorized_market_data_source,2026-06-25T04:29:17.770520Z
2026-06-15,US_13W_YAHOO_IRX,3.618000030517578,yahoo_query_or_equivalent_authorized_market_data_source,2026-06-25T04:29:17.770520Z
2026-06-16,US_13W_YAHOO_IRX,3.630000114440918,yahoo_query_or_equivalent_authorized_market_data_source,2026-06-25T04:29:17.770520Z
2026-06-17,US_13W_YAHOO_IRX,3.6470000743865967,yahoo_query_or_equivalent_authorized_market_data_source,2026-06-25T04:29:17.770520Z
2026-06-18,US_13W_YAHOO_IRX,3.6579999923706055,yahoo_query_or_equivalent_authorized_market_data_source,2026-06-25T04:29:17.770520Z
2026-06-24,US_13W_YAHOO_IRX,3.690000057220459,yahoo_query_or_equivalent_authorized_market_data_source,2026-06-25T04:29:17.770520Z
