date,series_id,value,frequency,source,downloaded_at,generated_at
2018-01-01,global_epu,100.427508,daily,authorized_policy_uncertainty_proxy,2026-06-25T05:22:11.584014Z,2018-01-01T23:59:00Z
2018-01-01,china_epu,100.855017,daily,authorized_policy_uncertainty_proxy,2026-06-25T05:22:11.584014Z,2018-01-01T23:59:00Z
2018-01-02,global_epu,100.434983,daily,authorized_policy_uncertainty_proxy,2026-06-25T05:22:11.584014Z,2018-01-02T23:59:00Z
2018-01-02,china_epu,100.869966,daily,authorized_policy_uncertainty_proxy,2026-06-25T05:22:11.584014Z,2018-01-02T23:59:00Z
2018-01-03,global_epu,100.0,daily,authorized_policy_uncertainty_proxy,2026-06-25T05:22:11.584014Z,2018-01-03T23:59:00Z
2018-01-03,china_epu,100.0,daily,authorized_policy_uncertainty_proxy,2026-06-25T05:22:11.584014Z,2018-01-03T23:59:00Z
2018-01-04,global_epu,100.232494,daily,authorized_policy_uncertainty_proxy,2026-06-25T05:22:11.584014Z,2018-01-04T23:59:00Z
2018-01-04,china_epu,100.464988,daily,authorized_policy_uncertainty_proxy,2026-06-25T05:22:11.584014Z,2018-01-04T23:59:00Z
2018-01-05,global_epu,100.0,daily,authorized_policy_uncertainty_proxy,2026-06-25T05:22:11.584014Z,2018-01-05T23:59:00Z
2018-01-05,china_epu,100.0,daily,authorized_policy_uncertainty_proxy,2026-06-25T05:22:11.584014Z,2018-01-05T23:59:00Z
2018-01-08,global_epu,100.0,daily,authorized_policy_uncertainty_proxy,2026-06-25T05:22:11.584014Z,2018-01-08T23:59:00Z
2018-01-08,china_epu,100.0,daily,authorized_policy_uncertainty_proxy,2026-06-25T05:22:11.584014Z,2018-01-08T23:59:00Z
2018-01-09,global_epu,100.0,daily,authorized_policy_uncertainty_proxy,2026-06-25T05:22:11.584014Z,2018-01-09T23:59:00Z
2018-01-09,china_epu,100.0,daily,authorized_policy_uncertainty_proxy,2026-06-25T05:22:11.584014Z,2018-01-09T23:59:00Z
2018-01-10,global_epu,102.20499,daily,authorized_policy_uncertainty_proxy,2026-06-25T05:22:11.584014Z,2018-01-10T23:59:00Z
2018-01-10,china_epu,104.409981,daily,authorized_policy_uncertainty_proxy,2026-06-25T05:22:11.584014Z,2018-01-10T23:59:00Z
2018-01-11,global_epu,100.539982,daily,authorized_policy_uncertainty_proxy,2026-06-25T05:22:11.584014Z,2018-01-11T23:59:00Z
2018-01-11,china_epu,101.079965,daily,authorized_policy_uncertainty_proxy,2026-06-25T05:22:11.584014Z,2018-01-11T23:59:00Z
2018-01-12,global_epu,100.0,daily,authorized_policy_uncertainty_proxy,2026-06-25T05:22:11.584014Z,2018-01-12T23:59:00Z
2018-01-12,china_epu,100.0,daily,authorized_policy_uncertainty_proxy,2026-06-25T05:22:11.584014Z,2018-01-12T23:59:00Z
2018-01-15,global_epu,100.0,daily,authorized_policy_uncertainty_proxy,2026-06-25T05:22:11.584014Z,2018-01-15T23:59:00Z
2018-01-15,china_epu,100.0,daily,authorized_policy_uncertainty_proxy,2026-06-25T05:22:11.584014Z,2018-01-15T23:59:00Z
2018-01-16,global_epu,100.0,daily,authorized_policy_uncertainty_proxy,2026-06-25T05:22:11.584014Z,2018-01-16T23:59:00Z
2018-01-16,china_epu,100.0,daily,authorized_policy_uncertainty_proxy,2026-06-25T05:22:11.584014Z,2018-01-16T23:59:00Z
2018-01-17,global_epu,100.0,daily,authorized_policy_uncertainty_proxy,2026-06-25T05:22:11.584014Z,2018-01-17T23:59:00Z
2018-01-17,china_epu,100.0,daily,authorized_policy_uncertainty_proxy,2026-06-25T05:22:11.584014Z,2018-01-17T23:59:00Z
2018-01-18,global_epu,100.0,daily,authorized_policy_uncertainty_proxy,2026-06-25T05:22:11.584014Z,2018-01-18T23:59:00Z
2018-01-18,china_epu,100.0,daily,authorized_policy_uncertainty_proxy,2026-06-25T05:22:11.584014Z,2018-01-18T23:59:00Z
2018-01-19,global_epu,100.0,daily,authorized_policy_uncertainty_proxy,2026-06-25T05:22:11.584014Z,2018-01-19T23:59:00Z
2018-01-19,china_epu,100.0,daily,authorized_policy_uncertainty_proxy,2026-06-25T05:22:11.584014Z,2018-01-19T23:59:00Z
2018-01-22,global_epu,100.0,daily,authorized_policy_uncertainty_proxy,2026-06-25T05:22:11.584014Z,2018-01-22T23:59:00Z
2018-01-22,china_epu,100.0,daily,authorized_policy_uncertainty_proxy,2026-06-25T05:22:11.584014Z,2018-01-22T23:59:00Z
2018-01-23,global_epu,100.0,daily,authorized_policy_uncertainty_proxy,2026-06-25T05:22:11.584014Z,2018-01-23T23:59:00Z
2018-01-23,china_epu,100.0,daily,authorized_policy_uncertainty_proxy,2026-06-25T05:22:11.584014Z,2018-01-23T23:59:00Z
2018-01-24,global_epu,100.0,daily,authorized_policy_uncertainty_proxy,2026-06-25T05:22:11.584014Z,2018-01-24T23:59:00Z
2018-01-24,china_epu,100.0,daily,authorized_policy_uncertainty_proxy,2026-06-25T05:22:11.584014Z,2018-01-24T23:59:00Z
2018-01-25,global_epu,100.0,daily,authorized_policy_uncertainty_proxy,2026-06-25T05:22:11.584014Z,2018-01-25T23:59:00Z
2018-01-25,china_epu,100.0,daily,authorized_policy_uncertainty_proxy,2026-06-25T05:22:11.584014Z,2018-01-25T23:59:00Z
2018-01-26,global_epu,100.0,daily,authorized_policy_uncertainty_proxy,2026-06-25T05:22:11.584014Z,2018-01-26T23:59:00Z
2018-01-26,china_epu,100.0,daily,authorized_policy_uncertainty_proxy,2026-06-25T05:22:11.584014Z,2018-01-26T23:59:00Z
2018-01-29,global_epu,100.0,daily,authorized_policy_uncertainty_proxy,2026-06-25T05:22:11.584014Z,2018-01-29T23:59:00Z
2018-01-29,china_epu,100.0,daily,authorized_policy_uncertainty_proxy,2026-06-25T05:22:11.584014Z,2018-01-29T23:59:00Z
2018-01-30,global_epu,100.0,daily,authorized_policy_uncertainty_proxy,2026-06-25T05:22:11.584014Z,2018-01-30T23:59:00Z
2018-01-30,china_epu,100.0,daily,authorized_policy_uncertainty_proxy,2026-06-25T05:22:11.584014Z,2018-01-30T23:59:00Z
2018-01-31,global_epu,100.0,daily,authorized_policy_uncertainty_proxy,2026-06-25T05:22:11.584014Z,2018-01-31T23:59:00Z
2018-01-31,china_epu,100.0,daily,authorized_policy_uncertainty_proxy,2026-06-25T05:22:11.584014Z,2018-01-31T23:59:00Z
2018-02-01,global_epu,100.0,daily,authorized_policy_uncertainty_proxy,2026-06-25T05:22:11.584014Z,2018-02-01T23:59:00Z
2018-02-01,china_epu,100.0,daily,authorized_policy_uncertainty_proxy,2026-06-25T05:22:11.584014Z,2018-02-01T23:59:00Z
2018-02-02,global_epu,119.404,daily,authorized_policy_uncertainty_proxy,2026-06-25T05:22:11.584014Z,2018-02-02T23:59:00Z
2018-02-02,china_epu,111.088,daily,authorized_policy_uncertainty_proxy,2026-06-25T05:22:11.584014Z,2018-02-02T23:59:00Z
2018-02-05,global_epu,287.488,daily,authorized_policy_uncertainty_proxy,2026-06-25T05:22:11.584014Z,2018-02-05T23:59:00Z
2018-02-05,china_epu,207.136,daily,authorized_policy_uncertainty_proxy,2026-06-25T05:22:11.584014Z,2018-02-05T23:59:00Z
2018-02-06,global_epu,225.832,daily,authorized_policy_uncertainty_proxy,2026-06-25T05:22:11.584014Z,2018-02-06T23:59:00Z
2018-02-06,china_epu,171.904,daily,authorized_policy_uncertainty_proxy,2026-06-25T05:22:11.584014Z,2018-02-06T23:59:00Z
2018-02-07,global_epu,206.932,daily,authorized_policy_uncertainty_proxy,2026-06-25T05:22:11.584014Z,2018-02-07T23:59:00Z
2018-02-07,china_epu,161.104,daily,authorized_policy_uncertainty_proxy,2026-06-25T05:22:11.584014Z,2018-02-07T23:59:00Z
2018-02-08,global_epu,255.064,daily,authorized_policy_uncertainty_proxy,2026-06-25T05:22:11.584014Z,2018-02-08T23:59:00Z
2018-02-08,china_epu,188.608,daily,authorized_policy_uncertainty_proxy,2026-06-25T05:22:11.584014Z,2018-02-08T23:59:00Z
2018-02-09,global_epu,218.104,daily,authorized_policy_uncertainty_proxy,2026-06-25T05:22:11.584014Z,2018-02-09T23:59:00Z
2018-02-09,china_epu,167.488,daily,authorized_policy_uncertainty_proxy,2026-06-25T05:22:11.584014Z,2018-02-09T23:59:00Z
2018-02-12,global_epu,189.124,daily,authorized_policy_uncertainty_proxy,2026-06-25T05:22:11.584014Z,2018-02-12T23:59:00Z
2018-02-12,china_epu,150.928,daily,authorized_policy_uncertainty_proxy,2026-06-25T05:22:11.584014Z,2018-02-12T23:59:00Z
2018-02-13,global_epu,183.748,daily,authorized_policy_uncertainty_proxy,2026-06-25T05:22:11.584014Z,2018-02-13T23:59:00Z
2018-02-13,china_epu,147.856,daily,authorized_policy_uncertainty_proxy,2026-06-25T05:22:11.584014Z,2018-02-13T23:59:00Z
2018-02-14,global_epu,135.784,daily,authorized_policy_uncertainty_proxy,2026-06-25T05:22:11.584014Z,2018-02-14T23:59:00Z
2018-02-14,china_epu,120.448,daily,authorized_policy_uncertainty_proxy,2026-06-25T05:22:11.584014Z,2018-02-14T23:59:00Z
2018-02-15,global_epu,134.692,daily,authorized_policy_uncertainty_proxy,2026-06-25T05:22:11.584014Z,2018-02-15T23:59:00Z
2018-02-15,china_epu,119.824,daily,authorized_policy_uncertainty_proxy,2026-06-25T05:22:11.584014Z,2018-02-15T23:59:00Z
2018-02-16,global_epu,137.464,daily,authorized_policy_uncertainty_proxy,2026-06-25T05:22:11.584014Z,2018-02-16T23:59:00Z
2018-02-16,china_epu,121.408,daily,authorized_policy_uncertainty_proxy,2026-06-25T05:22:11.584014Z,2018-02-16T23:59:00Z
2018-02-19,global_epu,100.0,daily,authorized_policy_uncertainty_proxy,2026-06-25T05:22:11.584014Z,2018-02-19T23:59:00Z
2018-02-19,china_epu,100.0,daily,authorized_policy_uncertainty_proxy,2026-06-25T05:22:11.584014Z,2018-02-19T23:59:00Z
2018-02-20,global_epu,147.04,daily,authorized_policy_uncertainty_proxy,2026-06-25T05:22:11.584014Z,2018-02-20T23:59:00Z
2018-02-20,china_epu,126.88,daily,authorized_policy_uncertainty_proxy,2026-06-25T05:22:11.584014Z,2018-02-20T23:59:00Z
2018-02-21,global_epu,142.168,daily,authorized_policy_uncertainty_proxy,2026-06-25T05:22:11.584014Z,2018-02-21T23:59:00Z
2018-02-21,china_epu,124.096,daily,authorized_policy_uncertainty_proxy,2026-06-25T05:22:11.584014Z,2018-02-21T23:59:00Z
2018-02-22,global_epu,131.248,daily,authorized_policy_uncertainty_proxy,2026-06-25T05:22:11.584014Z,2018-02-22T23:59:00Z
2018-02-22,china_epu,117.856,daily,authorized_policy_uncertainty_proxy,2026-06-25T05:22:11.584014Z,2018-02-22T23:59:00Z
2018-02-23,global_epu,112.516,daily,authorized_policy_uncertainty_proxy,2026-06-25T05:22:11.584014Z,2018-02-23T23:59:00Z
2018-02-23,china_epu,107.152,daily,authorized_policy_uncertainty_proxy,2026-06-25T05:22:11.584014Z,2018-02-23T23:59:00Z
2018-02-26,global_epu,106.72,daily,authorized_policy_uncertainty_proxy,2026-06-25T05:22:11.584014Z,2018-02-26T23:59:00Z
2018-02-26,china_epu,103.84,daily,authorized_policy_uncertainty_proxy,2026-06-25T05:22:11.584014Z,2018-02-26T23:59:00Z
2018-02-27,global_epu,130.156,daily,authorized_policy_uncertainty_proxy,2026-06-25T05:22:11.584014Z,2018-02-27T23:59:00Z
2018-02-27,china_epu,117.232,daily,authorized_policy_uncertainty_proxy,2026-06-25T05:22:11.584014Z,2018-02-27T23:59:00Z
2018-02-28,global_epu,140.74,daily,authorized_policy_uncertainty_proxy,2026-06-25T05:22:11.584014Z,2018-02-28T23:59:00Z
2018-02-28,china_epu,123.28,daily,authorized_policy_uncertainty_proxy,2026-06-25T05:22:11.584014Z,2018-02-28T23:59:00Z
2018-03-01,global_epu,162.748,daily,authorized_policy_uncertainty_proxy,2026-06-25T05:22:11.584014Z,2018-03-01T23:59:00Z
2018-03-01,china_epu,135.856,daily,authorized_policy_uncertainty_proxy,2026-06-25T05:22:11.584014Z,2018-03-01T23:59:00Z
2018-03-02,global_epu,138.556,daily,authorized_policy_uncertainty_proxy,2026-06-25T05:22:11.584014Z,2018-03-02T23:59:00Z
2018-03-02,china_epu,122.032,daily,authorized_policy_uncertainty_proxy,2026-06-25T05:22:11.584014Z,2018-03-02T23:59:00Z
2018-03-05,global_epu,131.332,daily,authorized_policy_uncertainty_proxy,2026-06-25T05:22:11.584014Z,2018-03-05T23:59:00Z
2018-03-05,china_epu,117.904,daily,authorized_policy_uncertainty_proxy,2026-06-25T05:22:11.584014Z,2018-03-05T23:59:00Z
2018-03-06,global_epu,128.224,daily,authorized_policy_uncertainty_proxy,2026-06-25T05:22:11.584014Z,2018-03-06T23:59:00Z
2018-03-06,china_epu,116.128,daily,authorized_policy_uncertainty_proxy,2026-06-25T05:22:11.584014Z,2018-03-06T23:59:00Z
2018-03-07,global_epu,123.184,daily,authorized_policy_uncertainty_proxy,2026-06-25T05:22:11.584014Z,2018-03-07T23:59:00Z
2018-03-07,china_epu,113.248,daily,authorized_policy_uncertainty_proxy,2026-06-25T05:22:11.584014Z,2018-03-07T23:59:00Z
2018-03-08,global_epu,112.936,daily,authorized_policy_uncertainty_proxy,2026-06-25T05:22:11.584014Z,2018-03-08T23:59:00Z
2018-03-08,china_epu,107.392,daily,authorized_policy_uncertainty_proxy,2026-06-25T05:22:11.584014Z,2018-03-08T23:59:00Z
2018-03-09,global_epu,100.0,daily,authorized_policy_uncertainty_proxy,2026-06-25T05:22:11.584014Z,2018-03-09T23:59:00Z
2018-03-09,china_epu,100.0,daily,authorized_policy_uncertainty_proxy,2026-06-25T05:22:11.584014Z,2018-03-09T23:59:00Z
2018-03-12,global_epu,106.552,daily,authorized_policy_uncertainty_proxy,2026-06-25T05:22:11.584014Z,2018-03-12T23:59:00Z
2018-03-12,china_epu,103.744,daily,authorized_policy_uncertainty_proxy,2026-06-25T05:22:11.584014Z,2018-03-12T23:59:00Z
2018-03-13,global_epu,111.34,daily,authorized_policy_uncertainty_proxy,2026-06-25T05:22:11.584014Z,2018-03-13T23:59:00Z
2018-03-13,china_epu,106.48,daily,authorized_policy_uncertainty_proxy,2026-06-25T05:22:11.584014Z,2018-03-13T23:59:00Z
2018-03-14,global_epu,118.732,daily,authorized_policy_uncertainty_proxy,2026-06-25T05:22:11.584014Z,2018-03-14T23:59:00Z
2018-03-14,china_epu,110.704,daily,authorized_policy_uncertainty_proxy,2026-06-25T05:22:11.584014Z,2018-03-14T23:59:00Z
2018-03-15,global_epu,113.356,daily,authorized_policy_uncertainty_proxy,2026-06-25T05:22:11.584014Z,2018-03-15T23:59:00Z
2018-03-15,china_epu,107.632,daily,authorized_policy_uncertainty_proxy,2026-06-25T05:22:11.584014Z,2018-03-15T23:59:00Z
2018-03-16,global_epu,106.72,daily,authorized_policy_uncertainty_proxy,2026-06-25T05:22:11.584014Z,2018-03-16T23:59:00Z
2018-03-16,china_epu,103.84,daily,authorized_policy_uncertainty_proxy,2026-06-25T05:22:11.584014Z,2018-03-16T23:59:00Z
2018-03-19,global_epu,133.768,daily,authorized_policy_uncertainty_proxy,2026-06-25T05:22:11.584014Z,2018-03-19T23:59:00Z
2018-03-19,china_epu,119.296,daily,authorized_policy_uncertainty_proxy,2026-06-25T05:22:11.584014Z,2018-03-19T23:59:00Z
2018-03-20,global_epu,126.88,daily,authorized_policy_uncertainty_proxy,2026-06-25T05:22:11.584014Z,2018-03-20T23:59:00Z
2018-03-20,china_epu,115.36,daily,authorized_policy_uncertainty_proxy,2026-06-25T05:22:11.584014Z,2018-03-20T23:59:00Z
2018-03-21,global_epu,124.024,daily,authorized_policy_uncertainty_proxy,2026-06-25T05:22:11.584014Z,2018-03-21T23:59:00Z
2018-03-21,china_epu,113.728,daily,authorized_policy_uncertainty_proxy,2026-06-25T05:22:11.584014Z,2018-03-21T23:59:00Z
2018-03-22,global_epu,170.056,daily,authorized_policy_uncertainty_proxy,2026-06-25T05:22:11.584014Z,2018-03-22T23:59:00Z
2018-03-22,china_epu,140.032,daily,authorized_policy_uncertainty_proxy,2026-06-25T05:22:11.584014Z,2018-03-22T23:59:00Z
2018-03-23,global_epu,182.908,daily,authorized_policy_uncertainty_proxy,2026-06-25T05:22:11.584014Z,2018-03-23T23:59:00Z
2018-03-23,china_epu,147.376,daily,authorized_policy_uncertainty_proxy,2026-06-25T05:22:11.584014Z,2018-03-23T23:59:00Z
2018-03-25,global_epu,100.0,daily,authorized_policy_uncertainty_proxy,2026-06-25T05:22:11.584014Z,2018-03-25T23:59:00Z
2018-03-25,china_epu,100.0,daily,authorized_policy_uncertainty_proxy,2026-06-25T05:22:11.584014Z,2018-03-25T23:59:00Z
2018-03-26,global_epu,150.652,daily,authorized_policy_uncertainty_proxy,2026-06-25T05:22:11.584014Z,2018-03-26T23:59:00Z
2018-03-26,china_epu,128.944,daily,authorized_policy_uncertainty_proxy,2026-06-25T05:22:11.584014Z,2018-03-26T23:59:00Z
2018-03-27,global_epu,163.0,daily,authorized_policy_uncertainty_proxy,2026-06-25T05:22:11.584014Z,2018-03-27T23:59:00Z
2018-03-27,china_epu,136.0,daily,authorized_policy_uncertainty_proxy,2026-06-25T05:22:11.584014Z,2018-03-27T23:59:00Z
2018-03-28,global_epu,166.108,daily,authorized_policy_uncertainty_proxy,2026-06-25T05:22:11.584014Z,2018-03-28T23:59:00Z
2018-03-28,china_epu,137.776,daily,authorized_policy_uncertainty_proxy,2026-06-25T05:22:11.584014Z,2018-03-28T23:59:00Z
2018-03-29,global_epu,141.748,daily,authorized_policy_uncertainty_proxy,2026-06-25T05:22:11.584014Z,2018-03-29T23:59:00Z
2018-03-29,china_epu,123.856,daily,authorized_policy_uncertainty_proxy,2026-06-25T05:22:11.584014Z,2018-03-29T23:59:00Z
2018-04-01,global_epu,100.0,daily,authorized_policy_uncertainty_proxy,2026-06-25T05:22:11.584014Z,2018-04-01T23:59:00Z
2018-04-01,china_epu,100.0,daily,authorized_policy_uncertainty_proxy,2026-06-25T05:22:11.584014Z,2018-04-01T23:59:00Z
2018-04-02,global_epu,172.408,daily,authorized_policy_uncertainty_proxy,2026-06-25T05:22:11.584014Z,2018-04-02T23:59:00Z
2018-04-02,china_epu,141.376,daily,authorized_policy_uncertainty_proxy,2026-06-25T05:22:11.584014Z,2018-04-02T23:59:00Z
2018-04-03,global_epu,151.24,daily,authorized_policy_uncertainty_proxy,2026-06-25T05:22:11.584014Z,2018-04-03T23:59:00Z
2018-04-03,china_epu,129.28,daily,authorized_policy_uncertainty_proxy,2026-06-25T05:22:11.584014Z,2018-04-03T23:59:00Z
2018-04-04,global_epu,142.504,daily,authorized_policy_uncertainty_proxy,2026-06-25T05:22:11.584014Z,2018-04-04T23:59:00Z
2018-04-04,china_epu,124.288,daily,authorized_policy_uncertainty_proxy,2026-06-25T05:22:11.584014Z,2018-04-04T23:59:00Z
2018-04-05,global_epu,133.096,daily,authorized_policy_uncertainty_proxy,2026-06-25T05:22:11.584014Z,2018-04-05T23:59:00Z
2018-04-05,china_epu,118.912,daily,authorized_policy_uncertainty_proxy,2026-06-25T05:22:11.584014Z,2018-04-05T23:59:00Z
2018-04-06,global_epu,154.516,daily,authorized_policy_uncertainty_proxy,2026-06-25T05:22:11.584014Z,2018-04-06T23:59:00Z
2018-04-06,china_epu,131.152,daily,authorized_policy_uncertainty_proxy,2026-06-25T05:22:11.584014Z,2018-04-06T23:59:00Z
2018-04-08,global_epu,100.0,daily,authorized_policy_uncertainty_proxy,2026-06-25T05:22:11.584014Z,2018-04-08T23:59:00Z
2018-04-08,china_epu,100.0,daily,authorized_policy_uncertainty_proxy,2026-06-25T05:22:11.584014Z,2018-04-08T23:59:00Z
2018-04-09,global_epu,156.868,daily,authorized_policy_uncertainty_proxy,2026-06-25T05:22:11.584014Z,2018-04-09T23:59:00Z
2018-04-09,china_epu,132.496,daily,authorized_policy_uncertainty_proxy,2026-06-25T05:22:11.584014Z,2018-04-09T23:59:00Z
2018-04-10,global_epu,145.948,daily,authorized_policy_uncertainty_proxy,2026-06-25T05:22:11.584014Z,2018-04-10T23:59:00Z
2018-04-10,china_epu,126.256,daily,authorized_policy_uncertainty_proxy,2026-06-25T05:22:11.584014Z,2018-04-10T23:59:00Z
2018-04-11,global_epu,144.016,daily,authorized_policy_uncertainty_proxy,2026-06-25T05:22:11.584014Z,2018-04-11T23:59:00Z
2018-04-11,china_epu,125.152,daily,authorized_policy_uncertainty_proxy,2026-06-25T05:22:11.584014Z,2018-04-11T23:59:00Z
2018-04-12,global_epu,129.316,daily,authorized_policy_uncertainty_proxy,2026-06-25T05:22:11.584014Z,2018-04-12T23:59:00Z
2018-04-12,china_epu,116.752,daily,authorized_policy_uncertainty_proxy,2026-06-25T05:22:11.584014Z,2018-04-12T23:59:00Z
2018-04-13,global_epu,120.244,daily,authorized_policy_uncertainty_proxy,2026-06-25T05:22:11.584014Z,2018-04-13T23:59:00Z
2018-04-13,china_epu,111.568,daily,authorized_policy_uncertainty_proxy,2026-06-25T05:22:11.584014Z,2018-04-13T23:59:00Z
2018-04-15,global_epu,100.0,daily,authorized_policy_uncertainty_proxy,2026-06-25T05:22:11.584014Z,2018-04-15T23:59:00Z
2018-04-15,china_epu,100.0,daily,authorized_policy_uncertainty_proxy,2026-06-25T05:22:11.584014Z,2018-04-15T23:59:00Z
2018-04-16,global_epu,113.104,daily,authorized_policy_uncertainty_proxy,2026-06-25T05:22:11.584014Z,2018-04-16T23:59:00Z
2018-04-16,china_epu,107.488,daily,authorized_policy_uncertainty_proxy,2026-06-25T05:22:11.584014Z,2018-04-16T23:59:00Z
2018-04-17,global_epu,102.1,daily,authorized_policy_uncertainty_proxy,2026-06-25T05:22:11.584014Z,2018-04-17T23:59:00Z
2018-04-17,china_epu,101.2,daily,authorized_policy_uncertainty_proxy,2026-06-25T05:22:11.584014Z,2018-04-17T23:59:00Z
2018-04-18,global_epu,105.04,daily,authorized_policy_uncertainty_proxy,2026-06-25T05:22:11.584014Z,2018-04-18T23:59:00Z
2018-04-18,china_epu,102.88,daily,authorized_policy_uncertainty_proxy,2026-06-25T05:22:11.584014Z,2018-04-18T23:59:00Z
2018-04-19,global_epu,108.064,daily,authorized_policy_uncertainty_proxy,2026-06-25T05:22:11.584014Z,2018-04-19T23:59:00Z
2018-04-19,china_epu,104.608,daily,authorized_policy_uncertainty_proxy,2026-06-25T05:22:11.584014Z,2018-04-19T23:59:00Z
2018-04-20,global_epu,115.792,daily,authorized_policy_uncertainty_proxy,2026-06-25T05:22:11.584014Z,2018-04-20T23:59:00Z
2018-04-20,china_epu,109.024,daily,authorized_policy_uncertainty_proxy,2026-06-25T05:22:11.584014Z,2018-04-20T23:59:00Z
2018-04-22,global_epu,100.0,daily,authorized_policy_uncertainty_proxy,2026-06-25T05:22:11.584014Z,2018-04-22T23:59:00Z
2018-04-22,china_epu,100.0,daily,authorized_policy_uncertainty_proxy,2026-06-25T05:22:11.584014Z,2018-04-22T23:59:00Z
2018-04-23,global_epu,111.256,daily,authorized_policy_uncertainty_proxy,2026-06-25T05:22:11.584014Z,2018-04-23T23:59:00Z
2018-04-23,china_epu,106.432,daily,authorized_policy_uncertainty_proxy,2026-06-25T05:22:11.584014Z,2018-04-23T23:59:00Z
2018-04-24,global_epu,125.368,daily,authorized_policy_uncertainty_proxy,2026-06-25T05:22:11.584014Z,2018-04-24T23:59:00Z
2018-04-24,china_epu,114.496,daily,authorized_policy_uncertainty_proxy,2026-06-25T05:22:11.584014Z,2018-04-24T23:59:00Z
2018-04-25,global_epu,123.856,daily,authorized_policy_uncertainty_proxy,2026-06-25T05:22:11.584014Z,2018-04-25T23:59:00Z
2018-04-25,china_epu,113.632,daily,authorized_policy_uncertainty_proxy,2026-06-25T05:22:11.584014Z,2018-04-25T23:59:00Z
2018-04-26,global_epu,110.416,daily,authorized_policy_uncertainty_proxy,2026-06-25T05:22:11.584014Z,2018-04-26T23:59:00Z
2018-04-26,china_epu,105.952,daily,authorized_policy_uncertainty_proxy,2026-06-25T05:22:11.584014Z,2018-04-26T23:59:00Z
2018-04-27,global_epu,103.444,daily,authorized_policy_uncertainty_proxy,2026-06-25T05:22:11.584014Z,2018-04-27T23:59:00Z
2018-04-27,china_epu,101.968,daily,authorized_policy_uncertainty_proxy,2026-06-25T05:22:11.584014Z,2018-04-27T23:59:00Z
2018-04-29,global_epu,100.0,daily,authorized_policy_uncertainty_proxy,2026-06-25T05:22:11.584014Z,2018-04-29T23:59:00Z
2018-04-29,china_epu,100.0,daily,authorized_policy_uncertainty_proxy,2026-06-25T05:22:11.584014Z,2018-04-29T23:59:00Z
2018-04-30,global_epu,107.812,daily,authorized_policy_uncertainty_proxy,2026-06-25T05:22:11.584014Z,2018-04-30T23:59:00Z
2018-04-30,china_epu,104.464,daily,authorized_policy_uncertainty_proxy,2026-06-25T05:22:11.584014Z,2018-04-30T23:59:00Z
2018-05-01,global_epu,104.116,daily,authorized_policy_uncertainty_proxy,2026-06-25T05:22:11.584014Z,2018-05-01T23:59:00Z
2018-05-01,china_epu,102.352,daily,authorized_policy_uncertainty_proxy,2026-06-25T05:22:11.584014Z,2018-05-01T23:59:00Z
2018-05-02,global_epu,108.148,daily,authorized_policy_uncertainty_proxy,2026-06-25T05:22:11.584014Z,2018-05-02T23:59:00Z
2018-05-02,china_epu,104.656,daily,authorized_policy_uncertainty_proxy,2026-06-25T05:22:11.584014Z,2018-05-02T23:59:00Z
2018-05-03,global_epu,107.56,daily,authorized_policy_uncertainty_proxy,2026-06-25T05:22:11.584014Z,2018-05-03T23:59:00Z
2018-05-03,china_epu,104.32,daily,authorized_policy_uncertainty_proxy,2026-06-25T05:22:11.584014Z,2018-05-03T23:59:00Z
2018-05-04,global_epu,100.0,daily,authorized_policy_uncertainty_proxy,2026-06-25T05:22:11.584014Z,2018-05-04T23:59:00Z
2018-05-04,china_epu,100.0,daily,authorized_policy_uncertainty_proxy,2026-06-25T05:22:11.584014Z,2018-05-04T23:59:00Z
2018-05-06,global_epu,100.0,daily,authorized_policy_uncertainty_proxy,2026-06-25T05:22:11.584014Z,2018-05-06T23:59:00Z
2018-05-06,china_epu,100.0,daily,authorized_policy_uncertainty_proxy,2026-06-25T05:22:11.584014Z,2018-05-06T23:59:00Z
2018-05-07,global_epu,100.0,daily,authorized_policy_uncertainty_proxy,2026-06-25T05:22:11.584014Z,2018-05-07T23:59:00Z
2018-05-07,china_epu,100.0,daily,authorized_policy_uncertainty_proxy,2026-06-25T05:22:11.584014Z,2018-05-07T23:59:00Z
2018-05-08,global_epu,100.0,daily,authorized_policy_uncertainty_proxy,2026-06-25T05:22:11.584014Z,2018-05-08T23:59:00Z
2018-05-08,china_epu,100.0,daily,authorized_policy_uncertainty_proxy,2026-06-25T05:22:11.584014Z,2018-05-08T23:59:00Z
2018-05-09,global_epu,100.0,daily,authorized_policy_uncertainty_proxy,2026-06-25T05:22:11.584014Z,2018-05-09T23:59:00Z
2018-05-09,china_epu,100.0,daily,authorized_policy_uncertainty_proxy,2026-06-25T05:22:11.584014Z,2018-05-09T23:59:00Z
2018-05-10,global_epu,100.0,daily,authorized_policy_uncertainty_proxy,2026-06-25T05:22:11.584014Z,2018-05-10T23:59:00Z
2018-05-10,china_epu,100.0,daily,authorized_policy_uncertainty_proxy,2026-06-25T05:22:11.584014Z,2018-05-10T23:59:00Z
2018-05-11,global_epu,100.0,daily,authorized_policy_uncertainty_proxy,2026-06-25T05:22:11.584014Z,2018-05-11T23:59:00Z
2018-05-11,china_epu,100.0,daily,authorized_policy_uncertainty_proxy,2026-06-25T05:22:11.584014Z,2018-05-11T23:59:00Z
2018-05-13,global_epu,100.0,daily,authorized_policy_uncertainty_proxy,2026-06-25T05:22:11.584014Z,2018-05-13T23:59:00Z
2018-05-13,china_epu,100.0,daily,authorized_policy_uncertainty_proxy,2026-06-25T05:22:11.584014Z,2018-05-13T23:59:00Z
2018-05-14,global_epu,100.0,daily,authorized_policy_uncertainty_proxy,2026-06-25T05:22:11.584014Z,2018-05-14T23:59:00Z
2018-05-14,china_epu,100.0,daily,authorized_policy_uncertainty_proxy,2026-06-25T05:22:11.584014Z,2018-05-14T23:59:00Z
2018-05-15,global_epu,100.0,daily,authorized_policy_uncertainty_proxy,2026-06-25T05:22:11.584014Z,2018-05-15T23:59:00Z
2018-05-15,china_epu,100.0,daily,authorized_policy_uncertainty_proxy,2026-06-25T05:22:11.584014Z,2018-05-15T23:59:00Z
2018-05-16,global_epu,100.0,daily,authorized_policy_uncertainty_proxy,2026-06-25T05:22:11.584014Z,2018-05-16T23:59:00Z
2018-05-16,china_epu,100.0,daily,authorized_policy_uncertainty_proxy,2026-06-25T05:22:11.584014Z,2018-05-16T23:59:00Z
2018-05-17,global_epu,100.0,daily,authorized_policy_uncertainty_proxy,2026-06-25T05:22:11.584014Z,2018-05-17T23:59:00Z
2018-05-17,china_epu,100.0,daily,authorized_policy_uncertainty_proxy,2026-06-25T05:22:11.584014Z,2018-05-17T23:59:00Z
2018-05-18,global_epu,100.0,daily,authorized_policy_uncertainty_proxy,2026-06-25T05:22:11.584014Z,2018-05-18T23:59:00Z
2018-05-18,china_epu,100.0,daily,authorized_policy_uncertainty_proxy,2026-06-25T05:22:11.584014Z,2018-05-18T23:59:00Z
2018-05-20,global_epu,100.0,daily,authorized_policy_uncertainty_proxy,2026-06-25T05:22:11.584014Z,2018-05-20T23:59:00Z
2018-05-20,china_epu,100.0,daily,authorized_policy_uncertainty_proxy,2026-06-25T05:22:11.584014Z,2018-05-20T23:59:00Z
2018-05-21,global_epu,100.0,daily,authorized_policy_uncertainty_proxy,2026-06-25T05:22:11.584014Z,2018-05-21T23:59:00Z
2018-05-21,china_epu,100.0,daily,authorized_policy_uncertainty_proxy,2026-06-25T05:22:11.584014Z,2018-05-21T23:59:00Z
2018-05-22,global_epu,100.0,daily,authorized_policy_uncertainty_proxy,2026-06-25T05:22:11.584014Z,2018-05-22T23:59:00Z
2018-05-22,china_epu,100.0,daily,authorized_policy_uncertainty_proxy,2026-06-25T05:22:11.584014Z,2018-05-22T23:59:00Z
2018-05-23,global_epu,100.0,daily,authorized_policy_uncertainty_proxy,2026-06-25T05:22:11.584014Z,2018-05-23T23:59:00Z
2018-05-23,china_epu,100.0,daily,authorized_policy_uncertainty_proxy,2026-06-25T05:22:11.584014Z,2018-05-23T23:59:00Z
2018-05-24,global_epu,100.0,daily,authorized_policy_uncertainty_proxy,2026-06-25T05:22:11.584014Z,2018-05-24T23:59:00Z
2018-05-24,china_epu,100.0,daily,authorized_policy_uncertainty_proxy,2026-06-25T05:22:11.584014Z,2018-05-24T23:59:00Z
2018-05-25,global_epu,100.0,daily,authorized_policy_uncertainty_proxy,2026-06-25T05:22:11.584014Z,2018-05-25T23:59:00Z
2018-05-25,china_epu,100.0,daily,authorized_policy_uncertainty_proxy,2026-06-25T05:22:11.584014Z,2018-05-25T23:59:00Z
2018-05-27,global_epu,100.0,daily,authorized_policy_uncertainty_proxy,2026-06-25T05:22:11.584014Z,2018-05-27T23:59:00Z
2018-05-27,china_epu,100.0,daily,authorized_policy_uncertainty_proxy,2026-06-25T05:22:11.584014Z,2018-05-27T23:59:00Z
2018-05-28,global_epu,100.0,daily,authorized_policy_uncertainty_proxy,2026-06-25T05:22:11.584014Z,2018-05-28T23:59:00Z
2018-05-28,china_epu,100.0,daily,authorized_policy_uncertainty_proxy,2026-06-25T05:22:11.584014Z,2018-05-28T23:59:00Z
2018-05-29,global_epu,116.968,daily,authorized_policy_uncertainty_proxy,2026-06-25T05:22:11.584014Z,2018-05-29T23:59:00Z
2018-05-29,china_epu,109.696,daily,authorized_policy_uncertainty_proxy,2026-06-25T05:22:11.584014Z,2018-05-29T23:59:00Z
2018-05-30,global_epu,100.0,daily,authorized_policy_uncertainty_proxy,2026-06-25T05:22:11.584014Z,2018-05-30T23:59:00Z
2018-05-30,china_epu,100.0,daily,authorized_policy_uncertainty_proxy,2026-06-25T05:22:11.584014Z,2018-05-30T23:59:00Z
2018-05-31,global_epu,103.612,daily,authorized_policy_uncertainty_proxy,2026-06-25T05:22:11.584014Z,2018-05-31T23:59:00Z
2018-05-31,china_epu,102.064,daily,authorized_policy_uncertainty_proxy,2026-06-25T05:22:11.584014Z,2018-05-31T23:59:00Z
2018-06-01,global_epu,100.0,daily,authorized_policy_uncertainty_proxy,2026-06-25T05:22:11.584014Z,2018-06-01T23:59:00Z
2018-06-01,china_epu,100.0,daily,authorized_policy_uncertainty_proxy,2026-06-25T05:22:11.584014Z,2018-06-01T23:59:00Z
2018-06-03,global_epu,100.0,daily,authorized_policy_uncertainty_proxy,2026-06-25T05:22:11.584014Z,2018-06-03T23:59:00Z
2018-06-03,china_epu,100.0,daily,authorized_policy_uncertainty_proxy,2026-06-25T05:22:11.584014Z,2018-06-03T23:59:00Z
2018-06-04,global_epu,100.0,daily,authorized_policy_uncertainty_proxy,2026-06-25T05:22:11.584014Z,2018-06-04T23:59:00Z
2018-06-04,china_epu,100.0,daily,authorized_policy_uncertainty_proxy,2026-06-25T05:22:11.584014Z,2018-06-04T23:59:00Z
2018-06-05,global_epu,100.0,daily,authorized_policy_uncertainty_proxy,2026-06-25T05:22:11.584014Z,2018-06-05T23:59:00Z
2018-06-05,china_epu,100.0,daily,authorized_policy_uncertainty_proxy,2026-06-25T05:22:11.584014Z,2018-06-05T23:59:00Z
2018-06-06,global_epu,100.0,daily,authorized_policy_uncertainty_proxy,2026-06-25T05:22:11.584014Z,2018-06-06T23:59:00Z
2018-06-06,china_epu,100.0,daily,authorized_policy_uncertainty_proxy,2026-06-25T05:22:11.584014Z,2018-06-06T23:59:00Z
2018-06-07,global_epu,100.0,daily,authorized_policy_uncertainty_proxy,2026-06-25T05:22:11.584014Z,2018-06-07T23:59:00Z
2018-06-07,china_epu,100.0,daily,authorized_policy_uncertainty_proxy,2026-06-25T05:22:11.584014Z,2018-06-07T23:59:00Z
2018-06-08,global_epu,100.0,daily,authorized_policy_uncertainty_proxy,2026-06-25T05:22:11.584014Z,2018-06-08T23:59:00Z
2018-06-08,china_epu,100.0,daily,authorized_policy_uncertainty_proxy,2026-06-25T05:22:11.584014Z,2018-06-08T23:59:00Z
2018-06-10,global_epu,100.0,daily,authorized_policy_uncertainty_proxy,2026-06-25T05:22:11.584014Z,2018-06-10T23:59:00Z
2018-06-10,china_epu,100.0,daily,authorized_policy_uncertainty_proxy,2026-06-25T05:22:11.584014Z,2018-06-10T23:59:00Z
2018-06-11,global_epu,100.0,daily,authorized_policy_uncertainty_proxy,2026-06-25T05:22:11.584014Z,2018-06-11T23:59:00Z
2018-06-11,china_epu,100.0,daily,authorized_policy_uncertainty_proxy,2026-06-25T05:22:11.584014Z,2018-06-11T23:59:00Z
2018-06-12,global_epu,100.0,daily,authorized_policy_uncertainty_proxy,2026-06-25T05:22:11.584014Z,2018-06-12T23:59:00Z
2018-06-12,china_epu,100.0,daily,authorized_policy_uncertainty_proxy,2026-06-25T05:22:11.584014Z,2018-06-12T23:59:00Z
2018-06-13,global_epu,100.0,daily,authorized_policy_uncertainty_proxy,2026-06-25T05:22:11.584014Z,2018-06-13T23:59:00Z
2018-06-13,china_epu,100.0,daily,authorized_policy_uncertainty_proxy,2026-06-25T05:22:11.584014Z,2018-06-13T23:59:00Z
2018-06-14,global_epu,100.0,daily,authorized_policy_uncertainty_proxy,2026-06-25T05:22:11.584014Z,2018-06-14T23:59:00Z
2018-06-14,china_epu,100.0,daily,authorized_policy_uncertainty_proxy,2026-06-25T05:22:11.584014Z,2018-06-14T23:59:00Z
2018-06-15,global_epu,100.0,daily,authorized_policy_uncertainty_proxy,2026-06-25T05:22:11.584014Z,2018-06-15T23:59:00Z
2018-06-15,china_epu,100.0,daily,authorized_policy_uncertainty_proxy,2026-06-25T05:22:11.584014Z,2018-06-15T23:59:00Z
2018-06-17,global_epu,100.0,daily,authorized_policy_uncertainty_proxy,2026-06-25T05:22:11.584014Z,2018-06-17T23:59:00Z
2018-06-17,china_epu,100.0,daily,authorized_policy_uncertainty_proxy,2026-06-25T05:22:11.584014Z,2018-06-17T23:59:00Z
2018-06-18,global_epu,100.0,daily,authorized_policy_uncertainty_proxy,2026-06-25T05:22:11.584014Z,2018-06-18T23:59:00Z
2018-06-18,china_epu,100.0,daily,authorized_policy_uncertainty_proxy,2026-06-25T05:22:11.584014Z,2018-06-18T23:59:00Z
2018-06-19,global_epu,100.0,daily,authorized_policy_uncertainty_proxy,2026-06-25T05:22:11.584014Z,2018-06-19T23:59:00Z
2018-06-19,china_epu,100.0,daily,authorized_policy_uncertainty_proxy,2026-06-25T05:22:11.584014Z,2018-06-19T23:59:00Z
2018-06-20,global_epu,100.0,daily,authorized_policy_uncertainty_proxy,2026-06-25T05:22:11.584014Z,2018-06-20T23:59:00Z
2018-06-20,china_epu,100.0,daily,authorized_policy_uncertainty_proxy,2026-06-25T05:22:11.584014Z,2018-06-20T23:59:00Z
2018-06-21,global_epu,100.0,daily,authorized_policy_uncertainty_proxy,2026-06-25T05:22:11.584014Z,2018-06-21T23:59:00Z
2018-06-21,china_epu,100.0,daily,authorized_policy_uncertainty_proxy,2026-06-25T05:22:11.584014Z,2018-06-21T23:59:00Z
2018-06-22,global_epu,100.0,daily,authorized_policy_uncertainty_proxy,2026-06-25T05:22:11.584014Z,2018-06-22T23:59:00Z
2018-06-22,china_epu,100.0,daily,authorized_policy_uncertainty_proxy,2026-06-25T05:22:11.584014Z,2018-06-22T23:59:00Z
2018-06-24,global_epu,100.322509,daily,authorized_policy_uncertainty_proxy,2026-06-25T05:22:11.584014Z,2018-06-24T23:59:00Z
2018-06-24,china_epu,100.645018,daily,authorized_policy_uncertainty_proxy,2026-06-25T05:22:11.584014Z,2018-06-24T23:59:00Z
2018-06-25,global_epu,122.497003,daily,authorized_policy_uncertainty_proxy,2026-06-25T05:22:11.584014Z,2018-06-25T23:59:00Z
2018-06-25,china_epu,117.034005,daily,authorized_policy_uncertainty_proxy,2026-06-25T05:22:11.584014Z,2018-06-25T23:59:00Z
2018-06-26,global_epu,113.6005,daily,authorized_policy_uncertainty_proxy,2026-06-25T05:22:11.584014Z,2018-06-26T23:59:00Z
2018-06-26,china_epu,116.161,daily,authorized_policy_uncertainty_proxy,2026-06-25T05:22:11.584014Z,2018-06-26T23:59:00Z
2018-06-27,global_epu,132.086508,daily,authorized_policy_uncertainty_proxy,2026-06-25T05:22:11.584014Z,2018-06-27T23:59:00Z
2018-06-27,china_epu,129.253015,daily,authorized_policy_uncertainty_proxy,2026-06-25T05:22:11.584014Z,2018-06-27T23:59:00Z
2018-06-28,global_epu,125.094994,daily,authorized_policy_uncertainty_proxy,2026-06-25T05:22:11.584014Z,2018-06-28T23:59:00Z
2018-06-28,china_epu,127.989988,daily,authorized_policy_uncertainty_proxy,2026-06-25T05:22:11.584014Z,2018-06-28T23:59:00Z
2018-06-29,global_epu,109.156,daily,authorized_policy_uncertainty_proxy,2026-06-25T05:22:11.584014Z,2018-06-29T23:59:00Z
2018-06-29,china_epu,105.232,daily,authorized_policy_uncertainty_proxy,2026-06-25T05:22:11.584014Z,2018-06-29T23:59:00Z
2018-07-01,global_epu,109.3225,daily,authorized_policy_uncertainty_proxy,2026-06-25T05:22:11.584014Z,2018-07-01T23:59:00Z
2018-07-01,china_epu,118.645,daily,authorized_policy_uncertainty_proxy,2026-06-25T05:22:11.584014Z,2018-07-01T23:59:00Z
2018-07-02,global_epu,117.542491,daily,authorized_policy_uncertainty_proxy,2026-06-25T05:22:11.584014Z,2018-07-02T23:59:00Z
2018-07-02,china_epu,127.884983,daily,authorized_policy_uncertainty_proxy,2026-06-25T05:22:11.584014Z,2018-07-02T23:59:00Z
2018-07-03,global_epu,120.150985,daily,authorized_policy_uncertainty_proxy,2026-06-25T05:22:11.584014Z,2018-07-03T23:59:00Z
2018-07-03,china_epu,126.621969,daily,authorized_policy_uncertainty_proxy,2026-06-25T05:22:11.584014Z,2018-07-03T23:59:00Z
2018-07-04,global_epu,109.847498,daily,authorized_policy_uncertainty_proxy,2026-06-25T05:22:11.584014Z,2018-07-04T23:59:00Z
2018-07-04,china_epu,119.694996,daily,authorized_policy_uncertainty_proxy,2026-06-25T05:22:11.584014Z,2018-07-04T23:59:00Z
2018-07-05,global_epu,110.259986,daily,authorized_policy_uncertainty_proxy,2026-06-25T05:22:11.584014Z,2018-07-05T23:59:00Z
2018-07-05,china_epu,120.519972,daily,authorized_policy_uncertainty_proxy,2026-06-25T05:22:11.584014Z,2018-07-05T23:59:00Z
2018-07-06,global_epu,100.0,daily,authorized_policy_uncertainty_proxy,2026-06-25T05:22:11.584014Z,2018-07-06T23:59:00Z
2018-07-06,china_epu,100.0,daily,authorized_policy_uncertainty_proxy,2026-06-25T05:22:11.584014Z,2018-07-06T23:59:00Z
2018-07-08,global_epu,110.440016,daily,authorized_policy_uncertainty_proxy,2026-06-25T05:22:11.584014Z,2018-07-08T23:59:00Z
2018-07-08,china_epu,120.880032,daily,authorized_policy_uncertainty_proxy,2026-06-25T05:22:11.584014Z,2018-07-08T23:59:00Z
2018-07-09,global_epu,108.640003,daily,authorized_policy_uncertainty_proxy,2026-06-25T05:22:11.584014Z,2018-07-09T23:59:00Z
2018-07-09,china_epu,117.280006,daily,authorized_policy_uncertainty_proxy,2026-06-25T05:22:11.584014Z,2018-07-09T23:59:00Z
2018-07-10,global_epu,109.855008,daily,authorized_policy_uncertainty_proxy,2026-06-25T05:22:11.584014Z,2018-07-10T23:59:00Z
2018-07-10,china_epu,119.710016,daily,authorized_policy_uncertainty_proxy,2026-06-25T05:22:11.584014Z,2018-07-10T23:59:00Z
2018-07-11,global_epu,113.709986,daily,authorized_policy_uncertainty_proxy,2026-06-25T05:22:11.584014Z,2018-07-11T23:59:00Z
2018-07-11,china_epu,127.419972,daily,authorized_policy_uncertainty_proxy,2026-06-25T05:22:11.584014Z,2018-07-11T23:59:00Z
2018-07-12,global_epu,112.442517,daily,authorized_policy_uncertainty_proxy,2026-06-25T05:22:11.584014Z,2018-07-12T23:59:00Z
2018-07-12,china_epu,124.885035,daily,authorized_policy_uncertainty_proxy,2026-06-25T05:22:11.584014Z,2018-07-12T23:59:00Z
2018-07-13,global_epu,100.0,daily,authorized_policy_uncertainty_proxy,2026-06-25T05:22:11.584014Z,2018-07-13T23:59:00Z
2018-07-13,china_epu,100.0,daily,authorized_policy_uncertainty_proxy,2026-06-25T05:22:11.584014Z,2018-07-13T23:59:00Z
2018-07-15,global_epu,114.595008,daily,authorized_policy_uncertainty_proxy,2026-06-25T05:22:11.584014Z,2018-07-15T23:59:00Z
2018-07-15,china_epu,129.190016,daily,authorized_policy_uncertainty_proxy,2026-06-25T05:22:11.584014Z,2018-07-15T23:59:00Z
2018-07-16,global_epu,114.369988,daily,authorized_policy_uncertainty_proxy,2026-06-25T05:22:11.584014Z,2018-07-16T23:59:00Z
2018-07-16,china_epu,128.739977,daily,authorized_policy_uncertainty_proxy,2026-06-25T05:22:11.584014Z,2018-07-16T23:59:00Z
2018-07-17,global_epu,115.509999,daily,authorized_policy_uncertainty_proxy,2026-06-25T05:22:11.584014Z,2018-07-17T23:59:00Z
2018-07-17,china_epu,131.019998,daily,authorized_policy_uncertainty_proxy,2026-06-25T05:22:11.584014Z,2018-07-17T23:59:00Z
2018-07-18,global_epu,116.3275,daily,authorized_policy_uncertainty_proxy,2026-06-25T05:22:11.584014Z,2018-07-18T23:59:00Z
2018-07-18,china_epu,132.655001,daily,authorized_policy_uncertainty_proxy,2026-06-25T05:22:11.584014Z,2018-07-18T23:59:00Z
2018-07-19,global_epu,120.377493,daily,authorized_policy_uncertainty_proxy,2026-06-25T05:22:11.584014Z,2018-07-19T23:59:00Z
2018-07-19,china_epu,140.754986,daily,authorized_policy_uncertainty_proxy,2026-06-25T05:22:11.584014Z,2018-07-19T23:59:00Z
2018-07-20,global_epu,100.0,daily,authorized_policy_uncertainty_proxy,2026-06-25T05:22:11.584014Z,2018-07-20T23:59:00Z
2018-07-20,china_epu,100.0,daily,authorized_policy_uncertainty_proxy,2026-06-25T05:22:11.584014Z,2018-07-20T23:59:00Z
2018-07-22,global_epu,119.357502,daily,authorized_policy_uncertainty_proxy,2026-06-25T05:22:11.584014Z,2018-07-22T23:59:00Z
2018-07-22,china_epu,138.715005,daily,authorized_policy_uncertainty_proxy,2026-06-25T05:22:11.584014Z,2018-07-22T23:59:00Z
2018-07-23,global_epu,121.899986,daily,authorized_policy_uncertainty_proxy,2026-06-25T05:22:11.584014Z,2018-07-23T23:59:00Z
2018-07-23,china_epu,143.799973,daily,authorized_policy_uncertainty_proxy,2026-06-25T05:22:11.584014Z,2018-07-23T23:59:00Z
2018-07-24,global_epu,121.787512,daily,authorized_policy_uncertainty_proxy,2026-06-25T05:22:11.584014Z,2018-07-24T23:59:00Z
2018-07-24,china_epu,143.575025,daily,authorized_policy_uncertainty_proxy,2026-06-25T05:22:11.584014Z,2018-07-24T23:59:00Z
2018-07-25,global_epu,120.152509,daily,authorized_policy_uncertainty_proxy,2026-06-25T05:22:11.584014Z,2018-07-25T23:59:00Z
2018-07-25,china_epu,140.305018,daily,authorized_policy_uncertainty_proxy,2026-06-25T05:22:11.584014Z,2018-07-25T23:59:00Z
2018-07-26,global_epu,121.210015,daily,authorized_policy_uncertainty_proxy,2026-06-25T05:22:11.584014Z,2018-07-26T23:59:00Z
2018-07-26,china_epu,142.42003,daily,authorized_policy_uncertainty_proxy,2026-06-25T05:22:11.584014Z,2018-07-26T23:59:00Z
2018-07-27,global_epu,100.0,daily,authorized_policy_uncertainty_proxy,2026-06-25T05:22:11.584014Z,2018-07-27T23:59:00Z
2018-07-27,china_epu,100.0,daily,authorized_policy_uncertainty_proxy,2026-06-25T05:22:11.584014Z,2018-07-27T23:59:00Z
2018-07-29,global_epu,123.452485,daily,authorized_policy_uncertainty_proxy,2026-06-25T05:22:11.584014Z,2018-07-29T23:59:00Z
2018-07-29,china_epu,146.904969,daily,authorized_policy_uncertainty_proxy,2026-06-25T05:22:11.584014Z,2018-07-29T23:59:00Z
2018-07-30,global_epu,123.617494,daily,authorized_policy_uncertainty_proxy,2026-06-25T05:22:11.584014Z,2018-07-30T23:59:00Z
2018-07-30,china_epu,147.234988,daily,authorized_policy_uncertainty_proxy,2026-06-25T05:22:11.584014Z,2018-07-30T23:59:00Z
2018-07-31,global_epu,123.37749,daily,authorized_policy_uncertainty_proxy,2026-06-25T05:22:11.584014Z,2018-07-31T23:59:00Z
2018-07-31,china_epu,146.75498,daily,authorized_policy_uncertainty_proxy,2026-06-25T05:22:11.584014Z,2018-07-31T23:59:00Z
2018-08-01,global_epu,124.194992,daily,authorized_policy_uncertainty_proxy,2026-06-25T05:22:11.584014Z,2018-08-01T23:59:00Z
2018-08-01,china_epu,148.389983,daily,authorized_policy_uncertainty_proxy,2026-06-25T05:22:11.584014Z,2018-08-01T23:59:00Z
2018-08-02,global_epu,124.959993,daily,authorized_policy_uncertainty_proxy,2026-06-25T05:22:11.584014Z,2018-08-02T23:59:00Z
2018-08-02,china_epu,149.919987,daily,authorized_policy_uncertainty_proxy,2026-06-25T05:22:11.584014Z,2018-08-02T23:59:00Z
2018-08-03,global_epu,100.0,daily,authorized_policy_uncertainty_proxy,2026-06-25T05:22:11.584014Z,2018-08-03T23:59:00Z
2018-08-03,china_epu,100.0,daily,authorized_policy_uncertainty_proxy,2026-06-25T05:22:11.584014Z,2018-08-03T23:59:00Z
2018-08-05,global_epu,124.989998,daily,authorized_policy_uncertainty_proxy,2026-06-25T05:22:11.584014Z,2018-08-05T23:59:00Z
2018-08-05,china_epu,149.979997,daily,authorized_policy_uncertainty_proxy,2026-06-25T05:22:11.584014Z,2018-08-05T23:59:00Z
2018-08-06,global_epu,126.557517,daily,authorized_policy_uncertainty_proxy,2026-06-25T05:22:11.584014Z,2018-08-06T23:59:00Z
2018-08-06,china_epu,153.115034,daily,authorized_policy_uncertainty_proxy,2026-06-25T05:22:11.584014Z,2018-08-06T23:59:00Z
2018-08-07,global_epu,125.020003,daily,authorized_policy_uncertainty_proxy,2026-06-25T05:22:11.584014Z,2018-08-07T23:59:00Z
2018-08-07,china_epu,150.040007,daily,authorized_policy_uncertainty_proxy,2026-06-25T05:22:11.584014Z,2018-08-07T23:59:00Z
2018-08-08,global_epu,125.139987,daily,authorized_policy_uncertainty_proxy,2026-06-25T05:22:11.584014Z,2018-08-08T23:59:00Z
2018-08-08,china_epu,150.279975,daily,authorized_policy_uncertainty_proxy,2026-06-25T05:22:11.584014Z,2018-08-08T23:59:00Z
2018-08-09,global_epu,123.790014,daily,authorized_policy_uncertainty_proxy,2026-06-25T05:22:11.584014Z,2018-08-09T23:59:00Z
2018-08-09,china_epu,147.580028,daily,authorized_policy_uncertainty_proxy,2026-06-25T05:22:11.584014Z,2018-08-09T23:59:00Z
2018-08-10,global_epu,100.0,daily,authorized_policy_uncertainty_proxy,2026-06-25T05:22:11.584014Z,2018-08-10T23:59:00Z
2018-08-10,china_epu,100.0,daily,authorized_policy_uncertainty_proxy,2026-06-25T05:22:11.584014Z,2018-08-10T23:59:00Z
2018-08-12,global_epu,125.964999,daily,authorized_policy_uncertainty_proxy,2026-06-25T05:22:11.584014Z,2018-08-12T23:59:00Z
2018-08-12,china_epu,151.929998,daily,authorized_policy_uncertainty_proxy,2026-06-25T05:22:11.584014Z,2018-08-12T23:59:00Z
2018-08-13,global_epu,129.205,daily,authorized_policy_uncertainty_proxy,2026-06-25T05:22:11.584014Z,2018-08-13T23:59:00Z
2018-08-13,china_epu,158.410001,daily,authorized_policy_uncertainty_proxy,2026-06-25T05:22:11.584014Z,2018-08-13T23:59:00Z
2018-08-14,global_epu,128.852487,daily,authorized_policy_uncertainty_proxy,2026-06-25T05:22:11.584014Z,2018-08-14T23:59:00Z
2018-08-14,china_epu,157.704973,daily,authorized_policy_uncertainty_proxy,2026-06-25T05:22:11.584014Z,2018-08-14T23:59:00Z
2018-08-15,global_epu,132.535017,daily,authorized_policy_uncertainty_proxy,2026-06-25T05:22:11.584014Z,2018-08-15T23:59:00Z
2018-08-15,china_epu,165.070033,daily,authorized_policy_uncertainty_proxy,2026-06-25T05:22:11.584014Z,2018-08-15T23:59:00Z
2018-08-16,global_epu,128.612483,daily,authorized_policy_uncertainty_proxy,2026-06-25T05:22:11.584014Z,2018-08-16T23:59:00Z
2018-08-16,china_epu,157.224965,daily,authorized_policy_uncertainty_proxy,2026-06-25T05:22:11.584014Z,2018-08-16T23:59:00Z
2018-08-17,global_epu,100.0,daily,authorized_policy_uncertainty_proxy,2026-06-25T05:22:11.584014Z,2018-08-17T23:59:00Z
2018-08-17,china_epu,100.0,daily,authorized_policy_uncertainty_proxy,2026-06-25T05:22:11.584014Z,2018-08-17T23:59:00Z
2018-08-19,global_epu,128.244984,daily,authorized_policy_uncertainty_proxy,2026-06-25T05:22:11.584014Z,2018-08-19T23:59:00Z
2018-08-19,china_epu,156.489968,daily,authorized_policy_uncertainty_proxy,2026-06-25T05:22:11.584014Z,2018-08-19T23:59:00Z
2018-08-20,global_epu,126.760006,daily,authorized_policy_uncertainty_proxy,2026-06-25T05:22:11.584014Z,2018-08-20T23:59:00Z
2018-08-20,china_epu,153.520012,daily,authorized_policy_uncertainty_proxy,2026-06-25T05:22:11.584014Z,2018-08-20T23:59:00Z
2018-08-21,global_epu,125.912499,daily,authorized_policy_uncertainty_proxy,2026-06-25T05:22:11.584014Z,2018-08-21T23:59:00Z
2018-08-21,china_epu,151.824999,daily,authorized_policy_uncertainty_proxy,2026-06-25T05:22:11.584014Z,2018-08-21T23:59:00Z
2018-08-22,global_epu,125.740016,daily,authorized_policy_uncertainty_proxy,2026-06-25T05:22:11.584014Z,2018-08-22T23:59:00Z
2018-08-22,china_epu,151.480031,daily,authorized_policy_uncertainty_proxy,2026-06-25T05:22:11.584014Z,2018-08-22T23:59:00Z
2018-08-23,global_epu,128.312504,daily,authorized_policy_uncertainty_proxy,2026-06-25T05:22:11.584014Z,2018-08-23T23:59:00Z
2018-08-23,china_epu,156.625009,daily,authorized_policy_uncertainty_proxy,2026-06-25T05:22:11.584014Z,2018-08-23T23:59:00Z
2018-08-24,global_epu,100.0,daily,authorized_policy_uncertainty_proxy,2026-06-25T05:22:11.584014Z,2018-08-24T23:59:00Z
2018-08-24,china_epu,100.0,daily,authorized_policy_uncertainty_proxy,2026-06-25T05:22:11.584014Z,2018-08-24T23:59:00Z
2018-08-26,global_epu,122.545004,daily,authorized_policy_uncertainty_proxy,2026-06-25T05:22:11.584014Z,2018-08-26T23:59:00Z
2018-08-26,china_epu,145.090008,daily,authorized_policy_uncertainty_proxy,2026-06-25T05:22:11.584014Z,2018-08-26T23:59:00Z
2018-08-27,global_epu,123.49751,daily,authorized_policy_uncertainty_proxy,2026-06-25T05:22:11.584014Z,2018-08-27T23:59:00Z
2018-08-27,china_epu,146.99502,daily,authorized_policy_uncertainty_proxy,2026-06-25T05:22:11.584014Z,2018-08-27T23:59:00Z
2018-08-28,global_epu,122.815013,daily,authorized_policy_uncertainty_proxy,2026-06-25T05:22:11.584014Z,2018-08-28T23:59:00Z
2018-08-28,china_epu,145.630026,daily,authorized_policy_uncertainty_proxy,2026-06-25T05:22:11.584014Z,2018-08-28T23:59:00Z
2018-08-29,global_epu,123.902488,daily,authorized_policy_uncertainty_proxy,2026-06-25T05:22:11.584014Z,2018-08-29T23:59:00Z
2018-08-29,china_epu,147.804976,daily,authorized_policy_uncertainty_proxy,2026-06-25T05:22:11.584014Z,2018-08-29T23:59:00Z
2018-08-30,global_epu,125.732505,daily,authorized_policy_uncertainty_proxy,2026-06-25T05:22:11.584014Z,2018-08-30T23:59:00Z
2018-08-30,china_epu,151.465011,daily,authorized_policy_uncertainty_proxy,2026-06-25T05:22:11.584014Z,2018-08-30T23:59:00Z
2018-08-31,global_epu,100.0,daily,authorized_policy_uncertainty_proxy,2026-06-25T05:22:11.584014Z,2018-08-31T23:59:00Z
2018-08-31,china_epu,100.0,daily,authorized_policy_uncertainty_proxy,2026-06-25T05:22:11.584014Z,2018-08-31T23:59:00Z
2018-09-02,global_epu,125.094998,daily,authorized_policy_uncertainty_proxy,2026-06-25T05:22:11.584014Z,2018-09-02T23:59:00Z
2018-09-02,china_epu,150.189996,daily,authorized_policy_uncertainty_proxy,2026-06-25T05:22:11.584014Z,2018-09-02T23:59:00Z
2018-09-03,global_epu,124.157512,daily,authorized_policy_uncertainty_proxy,2026-06-25T05:22:11.584014Z,2018-09-03T23:59:00Z
2018-09-03,china_epu,148.315024,daily,authorized_policy_uncertainty_proxy,2026-06-25T05:22:11.584014Z,2018-09-03T23:59:00Z
2018-09-04,global_epu,125.687516,daily,authorized_policy_uncertainty_proxy,2026-06-25T05:22:11.584014Z,2018-09-04T23:59:00Z
2018-09-04,china_epu,151.375031,daily,authorized_policy_uncertainty_proxy,2026-06-25T05:22:11.584014Z,2018-09-04T23:59:00Z
2018-09-05,global_epu,124.749994,daily,authorized_policy_uncertainty_proxy,2026-06-25T05:22:11.584014Z,2018-09-05T23:59:00Z
2018-09-05,china_epu,149.499989,daily,authorized_policy_uncertainty_proxy,2026-06-25T05:22:11.584014Z,2018-09-05T23:59:00Z
2018-09-06,global_epu,125.080013,daily,authorized_policy_uncertainty_proxy,2026-06-25T05:22:11.584014Z,2018-09-06T23:59:00Z
2018-09-06,china_epu,150.160027,daily,authorized_policy_uncertainty_proxy,2026-06-25T05:22:11.584014Z,2018-09-06T23:59:00Z
2018-09-07,global_epu,100.0,daily,authorized_policy_uncertainty_proxy,2026-06-25T05:22:11.584014Z,2018-09-07T23:59:00Z
2018-09-07,china_epu,100.0,daily,authorized_policy_uncertainty_proxy,2026-06-25T05:22:11.584014Z,2018-09-07T23:59:00Z
2018-09-09,global_epu,125.432491,daily,authorized_policy_uncertainty_proxy,2026-06-25T05:22:11.584014Z,2018-09-09T23:59:00Z
2018-09-09,china_epu,150.864983,daily,authorized_policy_uncertainty_proxy,2026-06-25T05:22:11.584014Z,2018-09-09T23:59:00Z
2018-09-10,global_epu,126.647496,daily,authorized_policy_uncertainty_proxy,2026-06-25T05:22:11.584014Z,2018-09-10T23:59:00Z
2018-09-10,china_epu,153.294992,daily,authorized_policy_uncertainty_proxy,2026-06-25T05:22:11.584014Z,2018-09-10T23:59:00Z
2018-09-11,global_epu,128.08001,daily,authorized_policy_uncertainty_proxy,2026-06-25T05:22:11.584014Z,2018-09-11T23:59:00Z
2018-09-11,china_epu,156.160021,daily,authorized_policy_uncertainty_proxy,2026-06-25T05:22:11.584014Z,2018-09-11T23:59:00Z
2018-09-12,global_epu,126.9925,daily,authorized_policy_uncertainty_proxy,2026-06-25T05:22:11.584014Z,2018-09-12T23:59:00Z
2018-09-12,china_epu,153.985,daily,authorized_policy_uncertainty_proxy,2026-06-25T05:22:11.584014Z,2018-09-12T23:59:00Z
2018-09-13,global_epu,125.717485,daily,authorized_policy_uncertainty_proxy,2026-06-25T05:22:11.584014Z,2018-09-13T23:59:00Z
2018-09-13,china_epu,151.43497,daily,authorized_policy_uncertainty_proxy,2026-06-25T05:22:11.584014Z,2018-09-13T23:59:00Z
2018-09-14,global_epu,100.0,daily,authorized_policy_uncertainty_proxy,2026-06-25T05:22:11.584014Z,2018-09-14T23:59:00Z
2018-09-14,china_epu,100.0,daily,authorized_policy_uncertainty_proxy,2026-06-25T05:22:11.584014Z,2018-09-14T23:59:00Z
2018-09-16,global_epu,127.420008,daily,authorized_policy_uncertainty_proxy,2026-06-25T05:22:11.584014Z,2018-09-16T23:59:00Z
2018-09-16,china_epu,154.840016,daily,authorized_policy_uncertainty_proxy,2026-06-25T05:22:11.584014Z,2018-09-16T23:59:00Z
2018-09-17,global_epu,126.662517,daily,authorized_policy_uncertainty_proxy,2026-06-25T05:22:11.584014Z,2018-09-17T23:59:00Z
2018-09-17,china_epu,153.325033,daily,authorized_policy_uncertainty_proxy,2026-06-25T05:22:11.584014Z,2018-09-17T23:59:00Z
2018-09-18,global_epu,127.014995,daily,authorized_policy_uncertainty_proxy,2026-06-25T05:22:11.584014Z,2018-09-18T23:59:00Z
2018-09-18,china_epu,154.029989,daily,authorized_policy_uncertainty_proxy,2026-06-25T05:22:11.584014Z,2018-09-18T23:59:00Z
2018-09-19,global_epu,126.017499,daily,authorized_policy_uncertainty_proxy,2026-06-25T05:22:11.584014Z,2018-09-19T23:59:00Z
2018-09-19,china_epu,152.034998,daily,authorized_policy_uncertainty_proxy,2026-06-25T05:22:11.584014Z,2018-09-19T23:59:00Z
2018-09-20,global_epu,125.942504,daily,authorized_policy_uncertainty_proxy,2026-06-25T05:22:11.584014Z,2018-09-20T23:59:00Z
2018-09-20,china_epu,151.885009,daily,authorized_policy_uncertainty_proxy,2026-06-25T05:22:11.584014Z,2018-09-20T23:59:00Z
2018-09-21,global_epu,100.0,daily,authorized_policy_uncertainty_proxy,2026-06-25T05:22:11.584014Z,2018-09-21T23:59:00Z
2018-09-21,china_epu,100.0,daily,authorized_policy_uncertainty_proxy,2026-06-25T05:22:11.584014Z,2018-09-21T23:59:00Z
2018-09-23,global_epu,126.752496,daily,authorized_policy_uncertainty_proxy,2026-06-25T05:22:11.584014Z,2018-09-23T23:59:00Z
2018-09-23,china_epu,153.504992,daily,authorized_policy_uncertainty_proxy,2026-06-25T05:22:11.584014Z,2018-09-23T23:59:00Z
2018-09-24,global_epu,128.005016,daily,authorized_policy_uncertainty_proxy,2026-06-25T05:22:11.584014Z,2018-09-24T23:59:00Z
2018-09-24,china_epu,156.010032,daily,authorized_policy_uncertainty_proxy,2026-06-25T05:22:11.584014Z,2018-09-24T23:59:00Z
2018-09-25,global_epu,127.472508,daily,authorized_policy_uncertainty_proxy,2026-06-25T05:22:11.584014Z,2018-09-25T23:59:00Z
2018-09-25,china_epu,154.945016,daily,authorized_policy_uncertainty_proxy,2026-06-25T05:22:11.584014Z,2018-09-25T23:59:00Z
2018-09-26,global_epu,128.207505,daily,authorized_policy_uncertainty_proxy,2026-06-25T05:22:11.584014Z,2018-09-26T23:59:00Z
2018-09-26,china_epu,156.415009,daily,authorized_policy_uncertainty_proxy,2026-06-25T05:22:11.584014Z,2018-09-26T23:59:00Z
2018-09-27,global_epu,128.522503,daily,authorized_policy_uncertainty_proxy,2026-06-25T05:22:11.584014Z,2018-09-27T23:59:00Z
2018-09-27,china_epu,157.045007,daily,authorized_policy_uncertainty_proxy,2026-06-25T05:22:11.584014Z,2018-09-27T23:59:00Z
2018-09-28,global_epu,100.0,daily,authorized_policy_uncertainty_proxy,2026-06-25T05:22:11.584014Z,2018-09-28T23:59:00Z
2018-09-28,china_epu,100.0,daily,authorized_policy_uncertainty_proxy,2026-06-25T05:22:11.584014Z,2018-09-28T23:59:00Z
2018-09-30,global_epu,127.592492,daily,authorized_policy_uncertainty_proxy,2026-06-25T05:22:11.584014Z,2018-09-30T23:59:00Z
2018-09-30,china_epu,155.184984,daily,authorized_policy_uncertainty_proxy,2026-06-25T05:22:11.584014Z,2018-09-30T23:59:00Z
2018-10-01,global_epu,127.592492,daily,authorized_policy_uncertainty_proxy,2026-06-25T05:22:11.584014Z,2018-10-01T23:59:00Z
2018-10-01,china_epu,155.184984,daily,authorized_policy_uncertainty_proxy,2026-06-25T05:22:11.584014Z,2018-10-01T23:59:00Z
2018-10-02,global_epu,127.592492,daily,authorized_policy_uncertainty_proxy,2026-06-25T05:22:11.584014Z,2018-10-02T23:59:00Z
2018-10-02,china_epu,155.184984,daily,authorized_policy_uncertainty_proxy,2026-06-25T05:22:11.584014Z,2018-10-02T23:59:00Z
2018-10-03,global_epu,127.585018,daily,authorized_policy_uncertainty_proxy,2026-06-25T05:22:11.584014Z,2018-10-03T23:59:00Z
2018-10-03,china_epu,155.170035,daily,authorized_policy_uncertainty_proxy,2026-06-25T05:22:11.584014Z,2018-10-03T23:59:00Z
2018-10-04,global_epu,127.592492,daily,authorized_policy_uncertainty_proxy,2026-06-25T05:22:11.584014Z,2018-10-04T23:59:00Z
2018-10-04,china_epu,155.184984,daily,authorized_policy_uncertainty_proxy,2026-06-25T05:22:11.584014Z,2018-10-04T23:59:00Z
2018-10-05,global_epu,100.0,daily,authorized_policy_uncertainty_proxy,2026-06-25T05:22:11.584014Z,2018-10-05T23:59:00Z
2018-10-05,china_epu,100.0,daily,authorized_policy_uncertainty_proxy,2026-06-25T05:22:11.584014Z,2018-10-05T23:59:00Z
2018-10-07,global_epu,126.917505,daily,authorized_policy_uncertainty_proxy,2026-06-25T05:22:11.584014Z,2018-10-07T23:59:00Z
2018-10-07,china_epu,153.835011,daily,authorized_policy_uncertainty_proxy,2026-06-25T05:22:11.584014Z,2018-10-07T23:59:00Z
2018-10-08,global_epu,138.031003,daily,authorized_policy_uncertainty_proxy,2026-06-25T05:22:11.584014Z,2018-10-08T23:59:00Z
2018-10-08,china_epu,167.782005,daily,authorized_policy_uncertainty_proxy,2026-06-25T05:22:11.584014Z,2018-10-08T23:59:00Z
2018-10-09,global_epu,139.61501,daily,authorized_policy_uncertainty_proxy,2026-06-25T05:22:11.584014Z,2018-10-09T23:59:00Z
2018-10-09,china_epu,167.83002,daily,authorized_policy_uncertainty_proxy,2026-06-25T05:22:11.584014Z,2018-10-09T23:59:00Z
2018-10-10,global_epu,198.611484,daily,authorized_policy_uncertainty_proxy,2026-06-25T05:22:11.584014Z,2018-10-10T23:59:00Z
2018-10-10,china_epu,201.702968,daily,authorized_policy_uncertainty_proxy,2026-06-25T05:22:11.584014Z,2018-10-10T23:59:00Z
2018-10-11,global_epu,212.97699,daily,authorized_policy_uncertainty_proxy,2026-06-25T05:22:11.584014Z,2018-10-11T23:59:00Z
2018-10-11,china_epu,206.193981,daily,authorized_policy_uncertainty_proxy,2026-06-25T05:22:11.584014Z,2018-10-11T23:59:00Z
2018-10-12,global_epu,153.004,daily,authorized_policy_uncertainty_proxy,2026-06-25T05:22:11.584014Z,2018-10-12T23:59:00Z
2018-10-12,china_epu,130.288,daily,authorized_policy_uncertainty_proxy,2026-06-25T05:22:11.584014Z,2018-10-12T23:59:00Z
2018-10-14,global_epu,131.589985,daily,authorized_policy_uncertainty_proxy,2026-06-25T05:22:11.584014Z,2018-10-14T23:59:00Z
2018-10-14,china_epu,163.17997,daily,authorized_policy_uncertainty_proxy,2026-06-25T05:22:11.584014Z,2018-10-14T23:59:00Z
2018-10-15,global_epu,184.112517,daily,authorized_policy_uncertainty_proxy,2026-06-25T05:22:11.584014Z,2018-10-15T23:59:00Z
2018-10-15,china_epu,192.625035,daily,authorized_policy_uncertainty_proxy,2026-06-25T05:22:11.584014Z,2018-10-15T23:59:00Z
2018-10-16,global_epu,152.832983,daily,authorized_policy_uncertainty_proxy,2026-06-25T05:22:11.584014Z,2018-10-16T23:59:00Z
2018-10-16,china_epu,174.225966,daily,authorized_policy_uncertainty_proxy,2026-06-25T05:22:11.584014Z,2018-10-16T23:59:00Z
2018-10-17,global_epu,152.132504,daily,authorized_policy_uncertainty_proxy,2026-06-25T05:22:11.584014Z,2018-10-17T23:59:00Z
2018-10-17,china_epu,175.465007,daily,authorized_policy_uncertainty_proxy,2026-06-25T05:22:11.584014Z,2018-10-17T23:59:00Z
2018-10-18,global_epu,175.25649,daily,authorized_policy_uncertainty_proxy,2026-06-25T05:22:11.584014Z,2018-10-18T23:59:00Z
2018-10-18,china_epu,189.79298,daily,authorized_policy_uncertainty_proxy,2026-06-25T05:22:11.584014Z,2018-10-18T23:59:00Z
2018-10-19,global_epu,141.076,daily,authorized_policy_uncertainty_proxy,2026-06-25T05:22:11.584014Z,2018-10-19T23:59:00Z
2018-10-19,china_epu,123.472,daily,authorized_policy_uncertainty_proxy,2026-06-25T05:22:11.584014Z,2018-10-19T23:59:00Z
2018-10-21,global_epu,132.144988,daily,authorized_policy_uncertainty_proxy,2026-06-25T05:22:11.584014Z,2018-10-21T23:59:00Z
2018-10-21,china_epu,164.289975,daily,authorized_policy_uncertainty_proxy,2026-06-25T05:22:11.584014Z,2018-10-21T23:59:00Z
2018-10-22,global_epu,172.463487,daily,authorized_policy_uncertainty_proxy,2026-06-25T05:22:11.584014Z,2018-10-22T23:59:00Z
2018-10-22,china_epu,189.246974,daily,authorized_policy_uncertainty_proxy,2026-06-25T05:22:11.584014Z,2018-10-22T23:59:00Z
2018-10-23,global_epu,180.76899,daily,authorized_policy_uncertainty_proxy,2026-06-25T05:22:11.584014Z,2018-10-23T23:59:00Z
2018-10-23,china_epu,193.01798,daily,authorized_policy_uncertainty_proxy,2026-06-25T05:22:11.584014Z,2018-10-23T23:59:00Z
2018-10-24,global_epu,219.156988,daily,authorized_policy_uncertainty_proxy,2026-06-25T05:22:11.584014Z,2018-10-24T23:59:00Z
2018-10-24,china_epu,215.553976,daily,authorized_policy_uncertainty_proxy,2026-06-25T05:22:11.584014Z,2018-10-24T23:59:00Z
2018-10-25,global_epu,211.047997,daily,authorized_policy_uncertainty_proxy,2026-06-25T05:22:11.584014Z,2018-10-25T23:59:00Z
2018-10-25,china_epu,211.455993,daily,authorized_policy_uncertainty_proxy,2026-06-25T05:22:11.584014Z,2018-10-25T23:59:00Z
2018-10-26,global_epu,176.944,daily,authorized_policy_uncertainty_proxy,2026-06-25T05:22:11.584014Z,2018-10-26T23:59:00Z
2018-10-26,china_epu,143.968,daily,authorized_policy_uncertainty_proxy,2026-06-25T05:22:11.584014Z,2018-10-26T23:59:00Z
2018-10-29,global_epu,214.667509,daily,authorized_policy_uncertainty_proxy,2026-06-25T05:22:11.584014Z,2018-10-29T23:59:00Z
2018-10-29,china_epu,212.935017,daily,authorized_policy_uncertainty_proxy,2026-06-25T05:22:11.584014Z,2018-10-29T23:59:00Z
2018-10-30,global_epu,204.0325,daily,authorized_policy_uncertainty_proxy,2026-06-25T05:22:11.584014Z,2018-10-30T23:59:00Z
2018-10-30,china_epu,207.865001,daily,authorized_policy_uncertainty_proxy,2026-06-25T05:22:11.584014Z,2018-10-30T23:59:00Z
2018-10-31,global_epu,187.304501,daily,authorized_policy_uncertainty_proxy,2026-06-25T05:22:11.584014Z,2018-10-31T23:59:00Z
2018-10-31,china_epu,199.849002,daily,authorized_policy_uncertainty_proxy,2026-06-25T05:22:11.584014Z,2018-10-31T23:59:00Z
2018-11-01,global_epu,172.058498,daily,authorized_policy_uncertainty_proxy,2026-06-25T05:22:11.584014Z,2018-11-01T23:59:00Z
2018-11-01,china_epu,192.036996,daily,authorized_policy_uncertainty_proxy,2026-06-25T05:22:11.584014Z,2018-11-01T23:59:00Z
2018-11-02,global_epu,169.564,daily,authorized_policy_uncertainty_proxy,2026-06-25T05:22:11.584014Z,2018-11-02T23:59:00Z
2018-11-02,china_epu,185.008,daily,authorized_policy_uncertainty_proxy,2026-06-25T05:22:11.584014Z,2018-11-02T23:59:00Z
2018-11-05,global_epu,170.906516,daily,authorized_policy_uncertainty_proxy,2026-06-25T05:22:11.584014Z,2018-11-05T23:59:00Z
2018-11-05,china_epu,182.293031,daily,authorized_policy_uncertainty_proxy,2026-06-25T05:22:11.584014Z,2018-11-05T23:59:00Z
2018-11-06,global_epu,173.103994,daily,authorized_policy_uncertainty_proxy,2026-06-25T05:22:11.584014Z,2018-11-06T23:59:00Z
2018-11-06,china_epu,187.287988,daily,authorized_policy_uncertainty_proxy,2026-06-25T05:22:11.584014Z,2018-11-06T23:59:00Z
2018-11-07,global_epu,142.811496,daily,authorized_policy_uncertainty_proxy,2026-06-25T05:22:11.584014Z,2018-11-07T23:59:00Z
2018-11-07,china_epu,169.302992,daily,authorized_policy_uncertainty_proxy,2026-06-25T05:22:11.584014Z,2018-11-07T23:59:00Z
2018-11-08,global_epu,145.197989,daily,authorized_policy_uncertainty_proxy,2026-06-25T05:22:11.584014Z,2018-11-08T23:59:00Z
2018-11-08,china_epu,169.755977,daily,authorized_policy_uncertainty_proxy,2026-06-25T05:22:11.584014Z,2018-11-08T23:59:00Z
2018-11-09,global_epu,152.336486,daily,authorized_policy_uncertainty_proxy,2026-06-25T05:22:11.584014Z,2018-11-09T23:59:00Z
2018-11-09,china_epu,176.352972,daily,authorized_policy_uncertainty_proxy,2026-06-25T05:22:11.584014Z,2018-11-09T23:59:00Z
2018-11-12,global_epu,179.972514,daily,authorized_policy_uncertainty_proxy,2026-06-25T05:22:11.584014Z,2018-11-12T23:59:00Z
2018-11-12,china_epu,194.545029,daily,authorized_policy_uncertainty_proxy,2026-06-25T05:22:11.584014Z,2018-11-12T23:59:00Z
2018-11-13,global_epu,176.855507,daily,authorized_policy_uncertainty_proxy,2026-06-25T05:22:11.584014Z,2018-11-13T23:59:00Z
2018-11-13,china_epu,193.471014,daily,authorized_policy_uncertainty_proxy,2026-06-25T05:22:11.584014Z,2018-11-13T23:59:00Z
2018-11-14,global_epu,186.640015,daily,authorized_policy_uncertainty_proxy,2026-06-25T05:22:11.584014Z,2018-11-14T23:59:00Z
2018-11-14,china_epu,198.280029,daily,authorized_policy_uncertainty_proxy,2026-06-25T05:22:11.584014Z,2018-11-14T23:59:00Z
2018-11-15,global_epu,175.544506,daily,authorized_policy_uncertainty_proxy,2026-06-25T05:22:11.584014Z,2018-11-15T23:59:00Z
2018-11-15,china_epu,191.329013,daily,authorized_policy_uncertainty_proxy,2026-06-25T05:22:11.584014Z,2018-11-15T23:59:00Z
2018-11-16,global_epu,159.241,daily,authorized_policy_uncertainty_proxy,2026-06-25T05:22:11.584014Z,2018-11-16T23:59:00Z
2018-11-16,china_epu,180.802,daily,authorized_policy_uncertainty_proxy,2026-06-25T05:22:11.584014Z,2018-11-16T23:59:00Z
2018-11-19,global_epu,175.614985,daily,authorized_policy_uncertainty_proxy,2026-06-25T05:22:11.584014Z,2018-11-19T23:59:00Z
2018-11-19,china_epu,190.02997,daily,authorized_policy_uncertainty_proxy,2026-06-25T05:22:11.584014Z,2018-11-19T23:59:00Z
2018-11-20,global_epu,195.906999,daily,authorized_policy_uncertainty_proxy,2026-06-25T05:22:11.584014Z,2018-11-20T23:59:00Z
2018-11-20,china_epu,202.053998,daily,authorized_policy_uncertainty_proxy,2026-06-25T05:22:11.584014Z,2018-11-20T23:59:00Z
2018-11-21,global_epu,182.049988,daily,authorized_policy_uncertainty_proxy,2026-06-25T05:22:11.584014Z,2018-11-21T23:59:00Z
2018-11-21,china_epu,194.499975,daily,authorized_policy_uncertainty_proxy,2026-06-25T05:22:11.584014Z,2018-11-21T23:59:00Z
2018-11-22,global_epu,131.964993,daily,authorized_policy_uncertainty_proxy,2026-06-25T05:22:11.584014Z,2018-11-22T23:59:00Z
2018-11-22,china_epu,163.929987,daily,authorized_policy_uncertainty_proxy,2026-06-25T05:22:11.584014Z,2018-11-22T23:59:00Z
2018-11-23,global_epu,187.093017,daily,authorized_policy_uncertainty_proxy,2026-06-25T05:22:11.584014Z,2018-11-23T23:59:00Z
2018-11-23,china_epu,195.946035,daily,authorized_policy_uncertainty_proxy,2026-06-25T05:22:11.584014Z,2018-11-23T23:59:00Z
2018-11-26,global_epu,166.322517,daily,authorized_policy_uncertainty_proxy,2026-06-25T05:22:11.584014Z,2018-11-26T23:59:00Z
2018-11-26,china_epu,185.845034,daily,authorized_policy_uncertainty_proxy,2026-06-25T05:22:11.584014Z,2018-11-26T23:59:00Z
2018-11-27,global_epu,166.077997,daily,authorized_policy_uncertainty_proxy,2026-06-25T05:22:11.584014Z,2018-11-27T23:59:00Z
2018-11-27,china_epu,183.915994,daily,authorized_policy_uncertainty_proxy,2026-06-25T05:22:11.584014Z,2018-11-27T23:59:00Z
2018-11-28,global_epu,163.111011,daily,authorized_policy_uncertainty_proxy,2026-06-25T05:22:11.584014Z,2018-11-28T23:59:00Z
2018-11-28,china_epu,184.342022,daily,authorized_policy_uncertainty_proxy,2026-06-25T05:22:11.584014Z,2018-11-28T23:59:00Z
2018-11-29,global_epu,165.803495,daily,authorized_policy_uncertainty_proxy,2026-06-25T05:22:11.584014Z,2018-11-29T23:59:00Z
2018-11-29,china_epu,186.12699,daily,authorized_policy_uncertainty_proxy,2026-06-25T05:22:11.584014Z,2018-11-29T23:59:00Z
2018-11-30,global_epu,158.900514,daily,authorized_policy_uncertainty_proxy,2026-06-25T05:22:11.584014Z,2018-11-30T23:59:00Z
2018-11-30,china_epu,180.961028,daily,authorized_policy_uncertainty_proxy,2026-06-25T05:22:11.584014Z,2018-11-30T23:59:00Z
2018-12-03,global_epu,146.446014,daily,authorized_policy_uncertainty_proxy,2026-06-25T05:22:11.584014Z,2018-12-03T23:59:00Z
2018-12-03,china_epu,175.612027,daily,authorized_policy_uncertainty_proxy,2026-06-25T05:22:11.584014Z,2018-12-03T23:59:00Z
2018-12-04,global_epu,176.888493,daily,authorized_policy_uncertainty_proxy,2026-06-25T05:22:11.584014Z,2018-12-04T23:59:00Z
2018-12-04,china_epu,184.896985,daily,authorized_policy_uncertainty_proxy,2026-06-25T05:22:11.584014Z,2018-12-04T23:59:00Z
2018-12-05,global_epu,125.222492,daily,authorized_policy_uncertainty_proxy,2026-06-25T05:22:11.584014Z,2018-12-05T23:59:00Z
2018-12-05,china_epu,150.444984,daily,authorized_policy_uncertainty_proxy,2026-06-25T05:22:11.584014Z,2018-12-05T23:59:00Z
2018-12-06,global_epu,178.681011,daily,authorized_policy_uncertainty_proxy,2026-06-25T05:22:11.584014Z,2018-12-06T23:59:00Z
2018-12-06,china_epu,183.082023,daily,authorized_policy_uncertainty_proxy,2026-06-25T05:22:11.584014Z,2018-12-06T23:59:00Z
2018-12-07,global_epu,197.759503,daily,authorized_policy_uncertainty_proxy,2026-06-25T05:22:11.584014Z,2018-12-07T23:59:00Z
2018-12-07,china_epu,196.759006,daily,authorized_policy_uncertainty_proxy,2026-06-25T05:22:11.584014Z,2018-12-07T23:59:00Z
2018-12-10,global_epu,192.278505,daily,authorized_policy_uncertainty_proxy,2026-06-25T05:22:11.584014Z,2018-12-10T23:59:00Z
2018-12-10,china_epu,192.87701,daily,authorized_policy_uncertainty_proxy,2026-06-25T05:22:11.584014Z,2018-12-10T23:59:00Z
2018-12-11,global_epu,187.608983,daily,authorized_policy_uncertainty_proxy,2026-06-25T05:22:11.584014Z,2018-12-11T23:59:00Z
2018-12-11,china_epu,194.097966,daily,authorized_policy_uncertainty_proxy,2026-06-25T05:22:11.584014Z,2018-12-11T23:59:00Z
2018-12-12,global_epu,184.189013,daily,authorized_policy_uncertainty_proxy,2026-06-25T05:22:11.584014Z,2018-12-12T23:59:00Z
2018-12-12,china_epu,190.858025,daily,authorized_policy_uncertainty_proxy,2026-06-25T05:22:11.584014Z,2018-12-12T23:59:00Z
2018-12-13,global_epu,175.885014,daily,authorized_policy_uncertainty_proxy,2026-06-25T05:22:11.584014Z,2018-12-13T23:59:00Z
2018-12-13,china_epu,183.970028,daily,authorized_policy_uncertainty_proxy,2026-06-25T05:22:11.584014Z,2018-12-13T23:59:00Z
2018-12-14,global_epu,184.244508,daily,authorized_policy_uncertainty_proxy,2026-06-25T05:22:11.584014Z,2018-12-14T23:59:00Z
2018-12-14,china_epu,188.929017,daily,authorized_policy_uncertainty_proxy,2026-06-25T05:22:11.584014Z,2018-12-14T23:59:00Z
2018-12-17,global_epu,210.463,daily,authorized_policy_uncertainty_proxy,2026-06-25T05:22:11.584014Z,2018-12-17T23:59:00Z
2018-12-17,china_epu,206.686,daily,authorized_policy_uncertainty_proxy,2026-06-25T05:22:11.584014Z,2018-12-17T23:59:00Z
2018-12-18,global_epu,218.587014,daily,authorized_policy_uncertainty_proxy,2026-06-25T05:22:11.584014Z,2018-12-18T23:59:00Z
2018-12-18,china_epu,210.214027,daily,authorized_policy_uncertainty_proxy,2026-06-25T05:22:11.584014Z,2018-12-18T23:59:00Z
2018-12-19,global_epu,218.436989,daily,authorized_policy_uncertainty_proxy,2026-06-25T05:22:11.584014Z,2018-12-19T23:59:00Z
2018-12-19,china_epu,209.913977,daily,authorized_policy_uncertainty_proxy,2026-06-25T05:22:11.584014Z,2018-12-19T23:59:00Z
2018-12-20,global_epu,241.716985,daily,authorized_policy_uncertainty_proxy,2026-06-25T05:22:11.584014Z,2018-12-20T23:59:00Z
2018-12-20,china_epu,222.873969,daily,authorized_policy_uncertainty_proxy,2026-06-25T05:22:11.584014Z,2018-12-20T23:59:00Z
2018-12-21,global_epu,255.731497,daily,authorized_policy_uncertainty_proxy,2026-06-25T05:22:11.584014Z,2018-12-21T23:59:00Z
2018-12-21,china_epu,230.142994,daily,authorized_policy_uncertainty_proxy,2026-06-25T05:22:11.584014Z,2018-12-21T23:59:00Z
2018-12-24,global_epu,307.392985,daily,authorized_policy_uncertainty_proxy,2026-06-25T05:22:11.584014Z,2018-12-24T23:59:00Z
2018-12-24,china_epu,261.94597,daily,authorized_policy_uncertainty_proxy,2026-06-25T05:22:11.584014Z,2018-12-24T23:59:00Z
2018-12-25,global_epu,129.857492,daily,authorized_policy_uncertainty_proxy,2026-06-25T05:22:11.584014Z,2018-12-25T23:59:00Z
2018-12-25,china_epu,159.714985,daily,authorized_policy_uncertainty_proxy,2026-06-25T05:22:11.584014Z,2018-12-25T23:59:00Z
2018-12-26,global_epu,259.316513,daily,authorized_policy_uncertainty_proxy,2026-06-25T05:22:11.584014Z,2018-12-26T23:59:00Z
2018-12-26,china_epu,233.713026,daily,authorized_policy_uncertainty_proxy,2026-06-25T05:22:11.584014Z,2018-12-26T23:59:00Z
2018-12-27,global_epu,255.521492,daily,authorized_policy_uncertainty_proxy,2026-06-25T05:22:11.584014Z,2018-12-27T23:59:00Z
2018-12-27,china_epu,231.522985,daily,authorized_policy_uncertainty_proxy,2026-06-25T05:22:11.584014Z,2018-12-27T23:59:00Z
2018-12-28,global_epu,239.453513,daily,authorized_policy_uncertainty_proxy,2026-06-25T05:22:11.584014Z,2018-12-28T23:59:00Z
2018-12-28,china_epu,218.827027,daily,authorized_policy_uncertainty_proxy,2026-06-25T05:22:11.584014Z,2018-12-28T23:59:00Z
2018-12-31,global_epu,215.818009,daily,authorized_policy_uncertainty_proxy,2026-06-25T05:22:11.584014Z,2018-12-31T23:59:00Z
2018-12-31,china_epu,206.596019,daily,authorized_policy_uncertainty_proxy,2026-06-25T05:22:11.584014Z,2018-12-31T23:59:00Z
2019-01-01,global_epu,128.320014,daily,authorized_policy_uncertainty_proxy,2026-06-25T05:22:11.584014Z,2019-01-01T23:59:00Z
2019-01-01,china_epu,156.640029,daily,authorized_policy_uncertainty_proxy,2026-06-25T05:22:11.584014Z,2019-01-01T23:59:00Z
2019-01-02,global_epu,197.360504,daily,authorized_policy_uncertainty_proxy,2026-06-25T05:22:11.584014Z,2019-01-02T23:59:00Z
2019-01-02,china_epu,196.081009,daily,authorized_policy_uncertainty_proxy,2026-06-25T05:22:11.584014Z,2019-01-02T23:59:00Z
2019-01-03,global_epu,214.862515,daily,authorized_policy_uncertainty_proxy,2026-06-25T05:22:11.584014Z,2019-01-03T23:59:00Z
2019-01-03,china_epu,204.32503,daily,authorized_policy_uncertainty_proxy,2026-06-25T05:22:11.584014Z,2019-01-03T23:59:00Z
2019-01-04,global_epu,181.424496,daily,authorized_policy_uncertainty_proxy,2026-06-25T05:22:11.584014Z,2019-01-04T23:59:00Z
2019-01-04,china_epu,186.288992,daily,authorized_policy_uncertainty_proxy,2026-06-25T05:22:11.584014Z,2019-01-04T23:59:00Z
2019-01-07,global_epu,181.390007,daily,authorized_policy_uncertainty_proxy,2026-06-25T05:22:11.584014Z,2019-01-07T23:59:00Z
2019-01-07,china_epu,185.980015,daily,authorized_policy_uncertainty_proxy,2026-06-25T05:22:11.584014Z,2019-01-07T23:59:00Z
2019-01-08,global_epu,172.197993,daily,authorized_policy_uncertainty_proxy,2026-06-25T05:22:11.584014Z,2019-01-08T23:59:00Z
2019-01-08,china_epu,178.755986,daily,authorized_policy_uncertainty_proxy,2026-06-25T05:22:11.584014Z,2019-01-08T23:59:00Z
2019-01-09,global_epu,168.247002,daily,authorized_policy_uncertainty_proxy,2026-06-25T05:22:11.584014Z,2019-01-09T23:59:00Z
2019-01-09,china_epu,176.734005,daily,authorized_policy_uncertainty_proxy,2026-06-25T05:22:11.584014Z,2019-01-09T23:59:00Z
2019-01-10,global_epu,161.469994,daily,authorized_policy_uncertainty_proxy,2026-06-25T05:22:11.584014Z,2019-01-10T23:59:00Z
2019-01-10,china_epu,168.939988,daily,authorized_policy_uncertainty_proxy,2026-06-25T05:22:11.584014Z,2019-01-10T23:59:00Z
2019-01-11,global_epu,148.358493,daily,authorized_policy_uncertainty_proxy,2026-06-25T05:22:11.584014Z,2019-01-11T23:59:00Z
2019-01-11,china_epu,158.436986,daily,authorized_policy_uncertainty_proxy,2026-06-25T05:22:11.584014Z,2019-01-11T23:59:00Z
2019-01-14,global_epu,153.838006,daily,authorized_policy_uncertainty_proxy,2026-06-25T05:22:11.584014Z,2019-01-14T23:59:00Z
2019-01-14,china_epu,158.836013,daily,authorized_policy_uncertainty_proxy,2026-06-25T05:22:11.584014Z,2019-01-14T23:59:00Z
2019-01-15,global_epu,150.272489,daily,authorized_policy_uncertainty_proxy,2026-06-25T05:22:11.584014Z,2019-01-15T23:59:00Z
2019-01-15,china_epu,157.344979,daily,authorized_policy_uncertainty_proxy,2026-06-25T05:22:11.584014Z,2019-01-15T23:59:00Z
2019-01-16,global_epu,152.760995,daily,authorized_policy_uncertainty_proxy,2026-06-25T05:22:11.584014Z,2019-01-16T23:59:00Z
2019-01-16,china_epu,157.041989,daily,authorized_policy_uncertainty_proxy,2026-06-25T05:22:11.584014Z,2019-01-16T23:59:00Z
2019-01-17,global_epu,144.904003,daily,authorized_policy_uncertainty_proxy,2026-06-25T05:22:11.584014Z,2019-01-17T23:59:00Z
2019-01-17,china_epu,153.088006,daily,authorized_policy_uncertainty_proxy,2026-06-25T05:22:11.584014Z,2019-01-17T23:59:00Z
2019-01-18,global_epu,144.175012,daily,authorized_policy_uncertainty_proxy,2026-06-25T05:22:11.584014Z,2019-01-18T23:59:00Z
2019-01-18,china_epu,154.750024,daily,authorized_policy_uncertainty_proxy,2026-06-25T05:22:11.584014Z,2019-01-18T23:59:00Z
2019-01-21,global_epu,120.835006,daily,authorized_policy_uncertainty_proxy,2026-06-25T05:22:11.584014Z,2019-01-21T23:59:00Z
2019-01-21,china_epu,141.670012,daily,authorized_policy_uncertainty_proxy,2026-06-25T05:22:11.584014Z,2019-01-21T23:59:00Z
2019-01-22,global_epu,171.01749,daily,authorized_policy_uncertainty_proxy,2026-06-25T05:22:11.584014Z,2019-01-22T23:59:00Z
2019-01-22,china_epu,172.434979,daily,authorized_policy_uncertainty_proxy,2026-06-25T05:22:11.584014Z,2019-01-22T23:59:00Z
2019-01-23,global_epu,160.993012,daily,authorized_policy_uncertainty_proxy,2026-06-25T05:22:11.584014Z,2019-01-23T23:59:00Z
2019-01-23,china_epu,167.746024,daily,authorized_policy_uncertainty_proxy,2026-06-25T05:22:11.584014Z,2019-01-23T23:59:00Z
2019-01-24,global_epu,154.500992,daily,authorized_policy_uncertainty_proxy,2026-06-25T05:22:11.584014Z,2019-01-24T23:59:00Z
2019-01-24,china_epu,162.321983,daily,authorized_policy_uncertainty_proxy,2026-06-25T05:22:11.584014Z,2019-01-24T23:59:00Z
2019-01-25,global_epu,141.898003,daily,authorized_policy_uncertainty_proxy,2026-06-25T05:22:11.584014Z,2019-01-25T23:59:00Z
2019-01-25,china_epu,154.756006,daily,authorized_policy_uncertainty_proxy,2026-06-25T05:22:11.584014Z,2019-01-25T23:59:00Z
2019-01-28,global_epu,150.987991,daily,authorized_policy_uncertainty_proxy,2026-06-25T05:22:11.584014Z,2019-01-28T23:59:00Z
2019-01-28,china_epu,155.535982,daily,authorized_policy_uncertainty_proxy,2026-06-25T05:22:11.584014Z,2019-01-28T23:59:00Z
2019-01-29,global_epu,153.014492,daily,authorized_policy_uncertainty_proxy,2026-06-25T05:22:11.584014Z,2019-01-29T23:59:00Z
2019-01-29,china_epu,156.468983,daily,authorized_policy_uncertainty_proxy,2026-06-25T05:22:11.584014Z,2019-01-29T23:59:00Z
2019-01-30,global_epu,139.743991,daily,authorized_policy_uncertainty_proxy,2026-06-25T05:22:11.584014Z,2019-01-30T23:59:00Z
2019-01-30,china_epu,147.567981,daily,authorized_policy_uncertainty_proxy,2026-06-25T05:22:11.584014Z,2019-01-30T23:59:00Z
2019-01-31,global_epu,129.350491,daily,authorized_policy_uncertainty_proxy,2026-06-25T05:22:11.584014Z,2019-01-31T23:59:00Z
2019-01-31,china_epu,139.860982,daily,authorized_policy_uncertainty_proxy,2026-06-25T05:22:11.584014Z,2019-01-31T23:59:00Z
2019-02-01,global_epu,124.561001,daily,authorized_policy_uncertainty_proxy,2026-06-25T05:22:11.584014Z,2019-02-01T23:59:00Z
2019-02-01,china_epu,135.442002,daily,authorized_policy_uncertainty_proxy,2026-06-25T05:22:11.584014Z,2019-02-01T23:59:00Z
2019-02-04,global_epu,124.417012,daily,authorized_policy_uncertainty_proxy,2026-06-25T05:22:11.584014Z,2019-02-04T23:59:00Z
2019-02-04,china_epu,140.074024,daily,authorized_policy_uncertainty_proxy,2026-06-25T05:22:11.584014Z,2019-02-04T23:59:00Z
2019-02-05,global_epu,123.073012,daily,authorized_policy_uncertainty_proxy,2026-06-25T05:22:11.584014Z,2019-02-05T23:59:00Z
2019-02-05,china_epu,139.306024,daily,authorized_policy_uncertainty_proxy,2026-06-25T05:22:11.584014Z,2019-02-05T23:59:00Z
2019-02-06,global_epu,120.80199,daily,authorized_policy_uncertainty_proxy,2026-06-25T05:22:11.584014Z,2019-02-06T23:59:00Z
2019-02-06,china_epu,137.043979,daily,authorized_policy_uncertainty_proxy,2026-06-25T05:22:11.584014Z,2019-02-06T23:59:00Z
2019-02-07,global_epu,129.793012,daily,authorized_policy_uncertainty_proxy,2026-06-25T05:22:11.584014Z,2019-02-07T23:59:00Z
2019-02-07,china_epu,143.146024,daily,authorized_policy_uncertainty_proxy,2026-06-25T05:22:11.584014Z,2019-02-07T23:59:00Z
2019-02-08,global_epu,124.333012,daily,authorized_policy_uncertainty_proxy,2026-06-25T05:22:11.584014Z,2019-02-08T23:59:00Z
2019-02-08,china_epu,140.026024,daily,authorized_policy_uncertainty_proxy,2026-06-25T05:22:11.584014Z,2019-02-08T23:59:00Z
2019-02-11,global_epu,126.433012,daily,authorized_policy_uncertainty_proxy,2026-06-25T05:22:11.584014Z,2019-02-11T23:59:00Z
2019-02-11,china_epu,141.226024,daily,authorized_policy_uncertainty_proxy,2026-06-25T05:22:11.584014Z,2019-02-11T23:59:00Z
2019-02-12,global_epu,125.466997,daily,authorized_policy_uncertainty_proxy,2026-06-25T05:22:11.584014Z,2019-02-12T23:59:00Z
2019-02-12,china_epu,145.773993,daily,authorized_policy_uncertainty_proxy,2026-06-25T05:22:11.584014Z,2019-02-12T23:59:00Z
2019-02-13,global_epu,125.934982,daily,authorized_policy_uncertainty_proxy,2026-06-25T05:22:11.584014Z,2019-02-13T23:59:00Z
2019-02-13,china_epu,144.069965,daily,authorized_policy_uncertainty_proxy,2026-06-25T05:22:11.584014Z,2019-02-13T23:59:00Z
2019-02-14,global_epu,129.702992,daily,authorized_policy_uncertainty_proxy,2026-06-25T05:22:11.584014Z,2019-02-14T23:59:00Z
2019-02-14,china_epu,144.765984,daily,authorized_policy_uncertainty_proxy,2026-06-25T05:22:11.584014Z,2019-02-14T23:59:00Z
2019-02-15,global_epu,120.340014,daily,authorized_policy_uncertainty_proxy,2026-06-25T05:22:11.584014Z,2019-02-15T23:59:00Z
2019-02-15,china_epu,140.680027,daily,authorized_policy_uncertainty_proxy,2026-06-25T05:22:11.584014Z,2019-02-15T23:59:00Z
2019-02-18,global_epu,120.407498,daily,authorized_policy_uncertainty_proxy,2026-06-25T05:22:11.584014Z,2019-02-18T23:59:00Z
2019-02-18,china_epu,140.814996,daily,authorized_policy_uncertainty_proxy,2026-06-25T05:22:11.584014Z,2019-02-18T23:59:00Z
2019-02-19,global_epu,119.92749,daily,authorized_policy_uncertainty_proxy,2026-06-25T05:22:11.584014Z,2019-02-19T23:59:00Z
2019-02-19,china_epu,139.85498,daily,authorized_policy_uncertainty_proxy,2026-06-25T05:22:11.584014Z,2019-02-19T23:59:00Z
2019-02-20,global_epu,119.327497,daily,authorized_policy_uncertainty_proxy,2026-06-25T05:22:11.584014Z,2019-02-20T23:59:00Z
2019-02-20,china_epu,138.654995,daily,authorized_policy_uncertainty_proxy,2026-06-25T05:22:11.584014Z,2019-02-20T23:59:00Z
2019-02-21,global_epu,116.522515,daily,authorized_policy_uncertainty_proxy,2026-06-25T05:22:11.584014Z,2019-02-21T23:59:00Z
2019-02-21,china_epu,133.04503,daily,authorized_policy_uncertainty_proxy,2026-06-25T05:22:11.584014Z,2019-02-21T23:59:00Z
2019-02-22,global_epu,116.4325,daily,authorized_policy_uncertainty_proxy,2026-06-25T05:22:11.584014Z,2019-02-22T23:59:00Z
2019-02-22,china_epu,132.865,daily,authorized_policy_uncertainty_proxy,2026-06-25T05:22:11.584014Z,2019-02-22T23:59:00Z
2019-02-25,global_epu,115.990007,daily,authorized_policy_uncertainty_proxy,2026-06-25T05:22:11.584014Z,2019-02-25T23:59:00Z
2019-02-25,china_epu,131.980014,daily,authorized_policy_uncertainty_proxy,2026-06-25T05:22:11.584014Z,2019-02-25T23:59:00Z
2019-02-26,global_epu,115.557984,daily,authorized_policy_uncertainty_proxy,2026-06-25T05:22:11.584014Z,2019-02-26T23:59:00Z
2019-02-26,china_epu,129.075969,daily,authorized_policy_uncertainty_proxy,2026-06-25T05:22:11.584014Z,2019-02-26T23:59:00Z
2019-02-27,global_epu,114.940012,daily,authorized_policy_uncertainty_proxy,2026-06-25T05:22:11.584014Z,2019-02-27T23:59:00Z
2019-02-27,china_epu,129.880023,daily,authorized_policy_uncertainty_proxy,2026-06-25T05:22:11.584014Z,2019-02-27T23:59:00Z
2019-02-28,global_epu,113.965011,daily,authorized_policy_uncertainty_proxy,2026-06-25T05:22:11.584014Z,2019-02-28T23:59:00Z
2019-02-28,china_epu,127.930021,daily,authorized_policy_uncertainty_proxy,2026-06-25T05:22:11.584014Z,2019-02-28T23:59:00Z
2019-03-01,global_epu,114.474988,daily,authorized_policy_uncertainty_proxy,2026-06-25T05:22:11.584014Z,2019-03-01T23:59:00Z
2019-03-01,china_epu,128.949976,daily,authorized_policy_uncertainty_proxy,2026-06-25T05:22:11.584014Z,2019-03-01T23:59:00Z
2019-03-04,global_epu,115.404999,daily,authorized_policy_uncertainty_proxy,2026-06-25T05:22:11.584014Z,2019-03-04T23:59:00Z
2019-03-04,china_epu,130.809999,daily,authorized_policy_uncertainty_proxy,2026-06-25T05:22:11.584014Z,2019-03-04T23:59:00Z
2019-03-05,global_epu,115.472484,daily,authorized_policy_uncertainty_proxy,2026-06-25T05:22:11.584014Z,2019-03-05T23:59:00Z
2019-03-05,china_epu,130.944967,daily,authorized_policy_uncertainty_proxy,2026-06-25T05:22:11.584014Z,2019-03-05T23:59:00Z
2019-03-06,global_epu,121.711014,daily,authorized_policy_uncertainty_proxy,2026-06-25T05:22:11.584014Z,2019-03-06T23:59:00Z
2019-03-06,china_epu,134.542028,daily,authorized_policy_uncertainty_proxy,2026-06-25T05:22:11.584014Z,2019-03-06T23:59:00Z
2019-03-07,global_epu,129.173487,daily,authorized_policy_uncertainty_proxy,2026-06-25T05:22:11.584014Z,2019-03-07T23:59:00Z
2019-03-07,china_epu,139.266974,daily,authorized_policy_uncertainty_proxy,2026-06-25T05:22:11.584014Z,2019-03-07T23:59:00Z
2019-03-08,global_epu,124.877491,daily,authorized_policy_uncertainty_proxy,2026-06-25T05:22:11.584014Z,2019-03-08T23:59:00Z
2019-03-08,china_epu,137.154983,daily,authorized_policy_uncertainty_proxy,2026-06-25T05:22:11.584014Z,2019-03-08T23:59:00Z
2019-03-11,global_epu,116.54501,daily,authorized_policy_uncertainty_proxy,2026-06-25T05:22:11.584014Z,2019-03-11T23:59:00Z
2019-03-11,china_epu,133.090019,daily,authorized_policy_uncertainty_proxy,2026-06-25T05:22:11.584014Z,2019-03-11T23:59:00Z
2019-03-12,global_epu,116.912508,daily,authorized_policy_uncertainty_proxy,2026-06-25T05:22:11.584014Z,2019-03-12T23:59:00Z
2019-03-12,china_epu,133.825016,daily,authorized_policy_uncertainty_proxy,2026-06-25T05:22:11.584014Z,2019-03-12T23:59:00Z
2019-03-13,global_epu,115.570009,daily,authorized_policy_uncertainty_proxy,2026-06-25T05:22:11.584014Z,2019-03-13T23:59:00Z
2019-03-13,china_epu,131.140018,daily,authorized_policy_uncertainty_proxy,2026-06-25T05:22:11.584014Z,2019-03-13T23:59:00Z
2019-03-14,global_epu,115.457499,daily,authorized_policy_uncertainty_proxy,2026-06-25T05:22:11.584014Z,2019-03-14T23:59:00Z
2019-03-14,china_epu,130.914998,daily,authorized_policy_uncertainty_proxy,2026-06-25T05:22:11.584014Z,2019-03-14T23:59:00Z
2019-03-15,global_epu,116.650009,daily,authorized_policy_uncertainty_proxy,2026-06-25T05:22:11.584014Z,2019-03-15T23:59:00Z
2019-03-15,china_epu,133.300018,daily,authorized_policy_uncertainty_proxy,2026-06-25T05:22:11.584014Z,2019-03-15T23:59:00Z
2019-03-18,global_epu,115.960002,daily,authorized_policy_uncertainty_proxy,2026-06-25T05:22:11.584014Z,2019-03-18T23:59:00Z
2019-03-18,china_epu,131.920004,daily,authorized_policy_uncertainty_proxy,2026-06-25T05:22:11.584014Z,2019-03-18T23:59:00Z
2019-03-19,global_epu,115.232515,daily,authorized_policy_uncertainty_proxy,2026-06-25T05:22:11.584014Z,2019-03-19T23:59:00Z
2019-03-19,china_epu,130.465031,daily,authorized_policy_uncertainty_proxy,2026-06-25T05:22:11.584014Z,2019-03-19T23:59:00Z
2019-03-20,global_epu,115.824997,daily,authorized_policy_uncertainty_proxy,2026-06-25T05:22:11.584014Z,2019-03-20T23:59:00Z
2019-03-20,china_epu,131.649995,daily,authorized_policy_uncertainty_proxy,2026-06-25T05:22:11.584014Z,2019-03-20T23:59:00Z
2019-03-21,global_epu,114.520013,daily,authorized_policy_uncertainty_proxy,2026-06-25T05:22:11.584014Z,2019-03-21T23:59:00Z
2019-03-21,china_epu,129.040027,daily,authorized_policy_uncertainty_proxy,2026-06-25T05:22:11.584014Z,2019-03-21T23:59:00Z
2019-03-22,global_epu,127.297017,daily,authorized_policy_uncertainty_proxy,2026-06-25T05:22:11.584014Z,2019-03-22T23:59:00Z
2019-03-22,china_epu,136.834034,daily,authorized_policy_uncertainty_proxy,2026-06-25T05:22:11.584014Z,2019-03-22T23:59:00Z
2019-03-25,global_epu,127.454511,daily,authorized_policy_uncertainty_proxy,2026-06-25T05:22:11.584014Z,2019-03-25T23:59:00Z
2019-03-25,china_epu,138.949022,daily,authorized_policy_uncertainty_proxy,2026-06-25T05:22:11.584014Z,2019-03-25T23:59:00Z
2019-03-26,global_epu,115.629983,daily,authorized_policy_uncertainty_proxy,2026-06-25T05:22:11.584014Z,2019-03-26T23:59:00Z
2019-03-26,china_epu,131.259966,daily,authorized_policy_uncertainty_proxy,2026-06-25T05:22:11.584014Z,2019-03-26T23:59:00Z
2019-03-27,global_epu,117.362517,daily,authorized_policy_uncertainty_proxy,2026-06-25T05:22:11.584014Z,2019-03-27T23:59:00Z
2019-03-27,china_epu,132.925033,daily,authorized_policy_uncertainty_proxy,2026-06-25T05:22:11.584014Z,2019-03-27T23:59:00Z
2019-03-28,global_epu,116.965008,daily,authorized_policy_uncertainty_proxy,2026-06-25T05:22:11.584014Z,2019-03-28T23:59:00Z
2019-03-28,china_epu,133.930016,daily,authorized_policy_uncertainty_proxy,2026-06-25T05:22:11.584014Z,2019-03-28T23:59:00Z
2019-03-29,global_epu,117.857504,daily,authorized_policy_uncertainty_proxy,2026-06-25T05:22:11.584014Z,2019-03-29T23:59:00Z
2019-03-29,china_epu,135.715008,daily,authorized_policy_uncertainty_proxy,2026-06-25T05:22:11.584014Z,2019-03-29T23:59:00Z
2019-03-31,global_epu,115.832508,daily,authorized_policy_uncertainty_proxy,2026-06-25T05:22:11.584014Z,2019-03-31T23:59:00Z
2019-03-31,china_epu,131.665015,daily,authorized_policy_uncertainty_proxy,2026-06-25T05:22:11.584014Z,2019-03-31T23:59:00Z
2019-04-01,global_epu,115.787482,daily,authorized_policy_uncertainty_proxy,2026-06-25T05:22:11.584014Z,2019-04-01T23:59:00Z
2019-04-01,china_epu,131.574965,daily,authorized_policy_uncertainty_proxy,2026-06-25T05:22:11.584014Z,2019-04-01T23:59:00Z
2019-04-02,global_epu,116.680014,daily,authorized_policy_uncertainty_proxy,2026-06-25T05:22:11.584014Z,2019-04-02T23:59:00Z
2019-04-02,china_epu,133.360028,daily,authorized_policy_uncertainty_proxy,2026-06-25T05:22:11.584014Z,2019-04-02T23:59:00Z
2019-04-03,global_epu,115.104985,daily,authorized_policy_uncertainty_proxy,2026-06-25T05:22:11.584014Z,2019-04-03T23:59:00Z
2019-04-03,china_epu,130.20997,daily,authorized_policy_uncertainty_proxy,2026-06-25T05:22:11.584014Z,2019-04-03T23:59:00Z
2019-04-04,global_epu,116.244996,daily,authorized_policy_uncertainty_proxy,2026-06-25T05:22:11.584014Z,2019-04-04T23:59:00Z
2019-04-04,china_epu,132.489991,daily,authorized_policy_uncertainty_proxy,2026-06-25T05:22:11.584014Z,2019-04-04T23:59:00Z
2019-04-05,global_epu,100.0,daily,authorized_policy_uncertainty_proxy,2026-06-25T05:22:11.584014Z,2019-04-05T23:59:00Z
2019-04-05,china_epu,100.0,daily,authorized_policy_uncertainty_proxy,2026-06-25T05:22:11.584014Z,2019-04-05T23:59:00Z
2019-04-07,global_epu,116.26749,daily,authorized_policy_uncertainty_proxy,2026-06-25T05:22:11.584014Z,2019-04-07T23:59:00Z
2019-04-07,china_epu,132.534981,daily,authorized_policy_uncertainty_proxy,2026-06-25T05:22:11.584014Z,2019-04-07T23:59:00Z
2019-04-08,global_epu,116.155016,daily,authorized_policy_uncertainty_proxy,2026-06-25T05:22:11.584014Z,2019-04-08T23:59:00Z
2019-04-08,china_epu,132.310033,daily,authorized_policy_uncertainty_proxy,2026-06-25T05:22:11.584014Z,2019-04-08T23:59:00Z
2019-04-09,global_epu,115.810013,daily,authorized_policy_uncertainty_proxy,2026-06-25T05:22:11.584014Z,2019-04-09T23:59:00Z
2019-04-09,china_epu,131.620026,daily,authorized_policy_uncertainty_proxy,2026-06-25T05:22:11.584014Z,2019-04-09T23:59:00Z
2019-04-10,global_epu,116.155016,daily,authorized_policy_uncertainty_proxy,2026-06-25T05:22:11.584014Z,2019-04-10T23:59:00Z
2019-04-10,china_epu,132.310033,daily,authorized_policy_uncertainty_proxy,2026-06-25T05:22:11.584014Z,2019-04-10T23:59:00Z
2019-04-11,global_epu,116.38751,daily,authorized_policy_uncertainty_proxy,2026-06-25T05:22:11.584014Z,2019-04-11T23:59:00Z
2019-04-11,china_epu,132.775021,daily,authorized_policy_uncertainty_proxy,2026-06-25T05:22:11.584014Z,2019-04-11T23:59:00Z
2019-04-12,global_epu,100.0,daily,authorized_policy_uncertainty_proxy,2026-06-25T05:22:11.584014Z,2019-04-12T23:59:00Z
2019-04-12,china_epu,100.0,daily,authorized_policy_uncertainty_proxy,2026-06-25T05:22:11.584014Z,2019-04-12T23:59:00Z
2019-04-14,global_epu,115.23999,daily,authorized_policy_uncertainty_proxy,2026-06-25T05:22:11.584014Z,2019-04-14T23:59:00Z
2019-04-14,china_epu,130.47998,daily,authorized_policy_uncertainty_proxy,2026-06-25T05:22:11.584014Z,2019-04-14T23:59:00Z
2019-04-15,global_epu,115.577483,daily,authorized_policy_uncertainty_proxy,2026-06-25T05:22:11.584014Z,2019-04-15T23:59:00Z
2019-04-15,china_epu,131.154966,daily,authorized_policy_uncertainty_proxy,2026-06-25T05:22:11.584014Z,2019-04-15T23:59:00Z
2019-04-16,global_epu,115.840018,daily,authorized_policy_uncertainty_proxy,2026-06-25T05:22:11.584014Z,2019-04-16T23:59:00Z
2019-04-16,china_epu,131.680036,daily,authorized_policy_uncertainty_proxy,2026-06-25T05:22:11.584014Z,2019-04-16T23:59:00Z
2019-04-17,global_epu,114.040005,daily,authorized_policy_uncertainty_proxy,2026-06-25T05:22:11.584014Z,2019-04-17T23:59:00Z
2019-04-17,china_epu,128.08001,daily,authorized_policy_uncertainty_proxy,2026-06-25T05:22:11.584014Z,2019-04-17T23:59:00Z
2019-04-18,global_epu,115.607488,daily,authorized_policy_uncertainty_proxy,2026-06-25T05:22:11.584014Z,2019-04-18T23:59:00Z
2019-04-18,china_epu,131.214976,daily,authorized_policy_uncertainty_proxy,2026-06-25T05:22:11.584014Z,2019-04-18T23:59:00Z
2019-04-21,global_epu,115.25501,daily,authorized_policy_uncertainty_proxy,2026-06-25T05:22:11.584014Z,2019-04-21T23:59:00Z
2019-04-21,china_epu,130.51002,daily,authorized_policy_uncertainty_proxy,2026-06-25T05:22:11.584014Z,2019-04-21T23:59:00Z
2019-04-22,global_epu,115.637493,daily,authorized_policy_uncertainty_proxy,2026-06-25T05:22:11.584014Z,2019-04-22T23:59:00Z
2019-04-22,china_epu,131.274986,daily,authorized_policy_uncertainty_proxy,2026-06-25T05:22:11.584014Z,2019-04-22T23:59:00Z
2019-04-23,global_epu,116.867483,daily,authorized_policy_uncertainty_proxy,2026-06-25T05:22:11.584014Z,2019-04-23T23:59:00Z
2019-04-23,china_epu,133.734965,daily,authorized_policy_uncertainty_proxy,2026-06-25T05:22:11.584014Z,2019-04-23T23:59:00Z
2019-04-24,global_epu,116.567504,daily,authorized_policy_uncertainty_proxy,2026-06-25T05:22:11.584014Z,2019-04-24T23:59:00Z
2019-04-24,china_epu,133.135009,daily,authorized_policy_uncertainty_proxy,2026-06-25T05:22:11.584014Z,2019-04-24T23:59:00Z
2019-04-25,global_epu,118.157482,daily,authorized_policy_uncertainty_proxy,2026-06-25T05:22:11.584014Z,2019-04-25T23:59:00Z
2019-04-25,china_epu,136.314964,daily,authorized_policy_uncertainty_proxy,2026-06-25T05:22:11.584014Z,2019-04-25T23:59:00Z
2019-04-26,global_epu,100.0,daily,authorized_policy_uncertainty_proxy,2026-06-25T05:22:11.584014Z,2019-04-26T23:59:00Z
2019-04-26,china_epu,100.0,daily,authorized_policy_uncertainty_proxy,2026-06-25T05:22:11.584014Z,2019-04-26T23:59:00Z
2019-04-28,global_epu,117.159986,daily,authorized_policy_uncertainty_proxy,2026-06-25T05:22:11.584014Z,2019-04-28T23:59:00Z
2019-04-28,china_epu,134.319973,daily,authorized_policy_uncertainty_proxy,2026-06-25T05:22:11.584014Z,2019-04-28T23:59:00Z
2019-04-29,global_epu,117.429996,daily,authorized_policy_uncertainty_proxy,2026-06-25T05:22:11.584014Z,2019-04-29T23:59:00Z
2019-04-29,china_epu,134.859991,daily,authorized_policy_uncertainty_proxy,2026-06-25T05:22:11.584014Z,2019-04-29T23:59:00Z
2019-04-30,global_epu,117.534995,daily,authorized_policy_uncertainty_proxy,2026-06-25T05:22:11.584014Z,2019-04-30T23:59:00Z
2019-04-30,china_epu,135.06999,daily,authorized_policy_uncertainty_proxy,2026-06-25T05:22:11.584014Z,2019-04-30T23:59:00Z
2019-05-01,global_epu,117.550015,daily,authorized_policy_uncertainty_proxy,2026-06-25T05:22:11.584014Z,2019-05-01T23:59:00Z
2019-05-01,china_epu,135.100031,daily,authorized_policy_uncertainty_proxy,2026-06-25T05:22:11.584014Z,2019-05-01T23:59:00Z
2019-05-02,global_epu,117.542505,daily,authorized_policy_uncertainty_proxy,2026-06-25T05:22:11.584014Z,2019-05-02T23:59:00Z
2019-05-02,china_epu,135.085011,daily,authorized_policy_uncertainty_proxy,2026-06-25T05:22:11.584014Z,2019-05-02T23:59:00Z
2019-05-03,global_epu,100.0,daily,authorized_policy_uncertainty_proxy,2026-06-25T05:22:11.584014Z,2019-05-03T23:59:00Z
2019-05-03,china_epu,100.0,daily,authorized_policy_uncertainty_proxy,2026-06-25T05:22:11.584014Z,2019-05-03T23:59:00Z
2019-05-05,global_epu,117.52001,daily,authorized_policy_uncertainty_proxy,2026-06-25T05:22:11.584014Z,2019-05-05T23:59:00Z
2019-05-05,china_epu,135.040021,daily,authorized_policy_uncertainty_proxy,2026-06-25T05:22:11.584014Z,2019-05-05T23:59:00Z
2019-05-06,global_epu,123.46599,daily,authorized_policy_uncertainty_proxy,2026-06-25T05:22:11.584014Z,2019-05-06T23:59:00Z
2019-05-06,china_epu,141.651981,daily,authorized_policy_uncertainty_proxy,2026-06-25T05:22:11.584014Z,2019-05-06T23:59:00Z
2019-05-07,global_epu,156.988002,daily,authorized_policy_uncertainty_proxy,2026-06-25T05:22:11.584014Z,2019-05-07T23:59:00Z
2019-05-07,china_epu,162.136003,daily,authorized_policy_uncertainty_proxy,2026-06-25T05:22:11.584014Z,2019-05-07T23:59:00Z
2019-05-08,global_epu,158.110005,daily,authorized_policy_uncertainty_proxy,2026-06-25T05:22:11.584014Z,2019-05-08T23:59:00Z
2019-05-08,china_epu,163.42001,daily,authorized_policy_uncertainty_proxy,2026-06-25T05:22:11.584014Z,2019-05-08T23:59:00Z
2019-05-09,global_epu,158.927495,daily,authorized_policy_uncertainty_proxy,2026-06-25T05:22:11.584014Z,2019-05-09T23:59:00Z
2019-05-09,china_epu,168.654991,daily,authorized_policy_uncertainty_proxy,2026-06-25T05:22:11.584014Z,2019-05-09T23:59:00Z
2019-05-10,global_epu,108.736,daily,authorized_policy_uncertainty_proxy,2026-06-25T05:22:11.584014Z,2019-05-10T23:59:00Z
2019-05-10,china_epu,104.992,daily,authorized_policy_uncertainty_proxy,2026-06-25T05:22:11.584014Z,2019-05-10T23:59:00Z
2019-05-12,global_epu,124.232507,daily,authorized_policy_uncertainty_proxy,2026-06-25T05:22:11.584014Z,2019-05-12T23:59:00Z
2019-05-12,china_epu,148.465014,daily,authorized_policy_uncertainty_proxy,2026-06-25T05:22:11.584014Z,2019-05-12T23:59:00Z
2019-05-13,global_epu,174.917484,daily,authorized_policy_uncertainty_proxy,2026-06-25T05:22:11.584014Z,2019-05-13T23:59:00Z
2019-05-13,china_epu,183.234968,daily,authorized_policy_uncertainty_proxy,2026-06-25T05:22:11.584014Z,2019-05-13T23:59:00Z
2019-05-14,global_epu,153.82149,daily,authorized_policy_uncertainty_proxy,2026-06-25T05:22:11.584014Z,2019-05-14T23:59:00Z
2019-05-14,china_epu,170.92298,daily,authorized_policy_uncertainty_proxy,2026-06-25T05:22:11.584014Z,2019-05-14T23:59:00Z
2019-05-15,global_epu,140.235985,daily,authorized_policy_uncertainty_proxy,2026-06-25T05:22:11.584014Z,2019-05-15T23:59:00Z
2019-05-15,china_epu,163.191969,daily,authorized_policy_uncertainty_proxy,2026-06-25T05:22:11.584014Z,2019-05-15T23:59:00Z
2019-05-16,global_epu,131.146008,daily,authorized_policy_uncertainty_proxy,2026-06-25T05:22:11.584014Z,2019-05-16T23:59:00Z
2019-05-16,china_epu,158.812015,daily,authorized_policy_uncertainty_proxy,2026-06-25T05:22:11.584014Z,2019-05-16T23:59:00Z
2019-05-17,global_epu,108.064,daily,authorized_policy_uncertainty_proxy,2026-06-25T05:22:11.584014Z,2019-05-17T23:59:00Z
2019-05-17,china_epu,104.608,daily,authorized_policy_uncertainty_proxy,2026-06-25T05:22:11.584014Z,2019-05-17T23:59:00Z
2019-05-19,global_epu,131.327486,daily,authorized_policy_uncertainty_proxy,2026-06-25T05:22:11.584014Z,2019-05-19T23:59:00Z
2019-05-19,china_epu,162.654972,daily,authorized_policy_uncertainty_proxy,2026-06-25T05:22:11.584014Z,2019-05-19T23:59:00Z
2019-05-20,global_epu,141.851514,daily,authorized_policy_uncertainty_proxy,2026-06-25T05:22:11.584014Z,2019-05-20T23:59:00Z
2019-05-20,china_epu,167.983027,daily,authorized_policy_uncertainty_proxy,2026-06-25T05:22:11.584014Z,2019-05-20T23:59:00Z
2019-05-21,global_epu,100.0,daily,authorized_policy_uncertainty_proxy,2026-06-25T05:22:11.584014Z,2019-05-21T23:59:00Z
2019-05-21,china_epu,100.0,daily,authorized_policy_uncertainty_proxy,2026-06-25T05:22:11.584014Z,2019-05-21T23:59:00Z
2019-05-22,global_epu,130.404985,daily,authorized_policy_uncertainty_proxy,2026-06-25T05:22:11.584014Z,2019-05-22T23:59:00Z
2019-05-22,china_epu,160.80997,daily,authorized_policy_uncertainty_proxy,2026-06-25T05:22:11.584014Z,2019-05-22T23:59:00Z
2019-05-23,global_epu,146.840509,daily,authorized_policy_uncertainty_proxy,2026-06-25T05:22:11.584014Z,2019-05-23T23:59:00Z
2019-05-23,china_epu,170.641018,daily,authorized_policy_uncertainty_proxy,2026-06-25T05:22:11.584014Z,2019-05-23T23:59:00Z
2019-05-24,global_epu,107.14,daily,authorized_policy_uncertainty_proxy,2026-06-25T05:22:11.584014Z,2019-05-24T23:59:00Z
2019-05-24,china_epu,104.08,daily,authorized_policy_uncertainty_proxy,2026-06-25T05:22:11.584014Z,2019-05-24T23:59:00Z
2019-05-26,global_epu,129.947507,daily,authorized_policy_uncertainty_proxy,2026-06-25T05:22:11.584014Z,2019-05-26T23:59:00Z
2019-05-26,china_epu,159.895015,daily,authorized_policy_uncertainty_proxy,2026-06-25T05:22:11.584014Z,2019-05-26T23:59:00Z
2019-05-27,global_epu,129.790008,daily,authorized_policy_uncertainty_proxy,2026-06-25T05:22:11.584014Z,2019-05-27T23:59:00Z
2019-05-27,china_epu,159.580016,daily,authorized_policy_uncertainty_proxy,2026-06-25T05:22:11.584014Z,2019-05-27T23:59:00Z
2019-05-28,global_epu,151.682504,daily,authorized_policy_uncertainty_proxy,2026-06-25T05:22:11.584014Z,2019-05-28T23:59:00Z
2019-05-28,china_epu,173.365008,daily,authorized_policy_uncertainty_proxy,2026-06-25T05:22:11.584014Z,2019-05-28T23:59:00Z
2019-05-29,global_epu,155.365013,daily,authorized_policy_uncertainty_proxy,2026-06-25T05:22:11.584014Z,2019-05-29T23:59:00Z
2019-05-29,china_epu,175.930026,daily,authorized_policy_uncertainty_proxy,2026-06-25T05:22:11.584014Z,2019-05-29T23:59:00Z
2019-05-30,global_epu,149.387492,daily,authorized_policy_uncertainty_proxy,2026-06-25T05:22:11.584014Z,2019-05-30T23:59:00Z
2019-05-30,china_epu,171.174983,daily,authorized_policy_uncertainty_proxy,2026-06-25T05:22:11.584014Z,2019-05-30T23:59:00Z
2019-05-31,global_epu,131.164,daily,authorized_policy_uncertainty_proxy,2026-06-25T05:22:11.584014Z,2019-05-31T23:59:00Z
2019-05-31,china_epu,117.808,daily,authorized_policy_uncertainty_proxy,2026-06-25T05:22:11.584014Z,2019-05-31T23:59:00Z
2019-06-02,global_epu,130.307496,daily,authorized_policy_uncertainty_proxy,2026-06-25T05:22:11.584014Z,2019-06-02T23:59:00Z
2019-06-02,china_epu,160.614991,daily,authorized_policy_uncertainty_proxy,2026-06-25T05:22:11.584014Z,2019-06-02T23:59:00Z
2019-06-03,global_epu,162.634006,daily,authorized_policy_uncertainty_proxy,2026-06-25T05:22:11.584014Z,2019-06-03T23:59:00Z
2019-06-03,china_epu,178.948012,daily,authorized_policy_uncertainty_proxy,2026-06-25T05:22:11.584014Z,2019-06-03T23:59:00Z
2019-06-04,global_epu,147.0955,daily,authorized_policy_uncertainty_proxy,2026-06-25T05:22:11.584014Z,2019-06-04T23:59:00Z
2019-06-04,china_epu,170.550999,daily,authorized_policy_uncertainty_proxy,2026-06-25T05:22:11.584014Z,2019-06-04T23:59:00Z
2019-06-05,global_epu,139.76351,daily,authorized_policy_uncertainty_proxy,2026-06-25T05:22:11.584014Z,2019-06-05T23:59:00Z
2019-06-05,china_epu,166.447019,daily,authorized_policy_uncertainty_proxy,2026-06-25T05:22:11.584014Z,2019-06-05T23:59:00Z
2019-06-06,global_epu,138.486994,daily,authorized_policy_uncertainty_proxy,2026-06-25T05:22:11.584014Z,2019-06-06T23:59:00Z
2019-06-06,china_epu,165.813988,daily,authorized_policy_uncertainty_proxy,2026-06-25T05:22:11.584014Z,2019-06-06T23:59:00Z
2019-06-07,global_epu,110.92,daily,authorized_policy_uncertainty_proxy,2026-06-25T05:22:11.584014Z,2019-06-07T23:59:00Z
2019-06-07,china_epu,106.24,daily,authorized_policy_uncertainty_proxy,2026-06-25T05:22:11.584014Z,2019-06-07T23:59:00Z
2019-06-09,global_epu,130.660009,daily,authorized_policy_uncertainty_proxy,2026-06-25T05:22:11.584014Z,2019-06-09T23:59:00Z
2019-06-09,china_epu,161.320019,daily,authorized_policy_uncertainty_proxy,2026-06-25T05:22:11.584014Z,2019-06-09T23:59:00Z
2019-06-10,global_epu,140.153497,daily,authorized_policy_uncertainty_proxy,2026-06-25T05:22:11.584014Z,2019-06-10T23:59:00Z
2019-06-10,china_epu,169.026995,daily,authorized_policy_uncertainty_proxy,2026-06-25T05:22:11.584014Z,2019-06-10T23:59:00Z
2019-06-11,global_epu,139.095994,daily,authorized_policy_uncertainty_proxy,2026-06-25T05:22:11.584014Z,2019-06-11T23:59:00Z
2019-06-11,china_epu,166.311987,daily,authorized_policy_uncertainty_proxy,2026-06-25T05:22:11.584014Z,2019-06-11T23:59:00Z
2019-06-12,global_epu,138.911512,daily,authorized_policy_uncertainty_proxy,2026-06-25T05:22:11.584014Z,2019-06-12T23:59:00Z
2019-06-12,china_epu,166.903024,daily,authorized_policy_uncertainty_proxy,2026-06-25T05:22:11.584014Z,2019-06-12T23:59:00Z
2019-06-13,global_epu,138.448016,daily,authorized_policy_uncertainty_proxy,2026-06-25T05:22:11.584014Z,2019-06-13T23:59:00Z
2019-06-13,china_epu,167.056031,daily,authorized_policy_uncertainty_proxy,2026-06-25T05:22:11.584014Z,2019-06-13T23:59:00Z
2019-06-14,global_epu,102.352,daily,authorized_policy_uncertainty_proxy,2026-06-25T05:22:11.584014Z,2019-06-14T23:59:00Z
2019-06-14,china_epu,101.344,daily,authorized_policy_uncertainty_proxy,2026-06-25T05:22:11.584014Z,2019-06-14T23:59:00Z
2019-06-16,global_epu,131.837499,daily,authorized_policy_uncertainty_proxy,2026-06-25T05:22:11.584014Z,2019-06-16T23:59:00Z
2019-06-16,china_epu,163.674998,daily,authorized_policy_uncertainty_proxy,2026-06-25T05:22:11.584014Z,2019-06-16T23:59:00Z
2019-06-17,global_epu,134.807504,daily,authorized_policy_uncertainty_proxy,2026-06-25T05:22:11.584014Z,2019-06-17T23:59:00Z
2019-06-17,china_epu,165.415008,daily,authorized_policy_uncertainty_proxy,2026-06-25T05:22:11.584014Z,2019-06-17T23:59:00Z
2019-06-18,global_epu,131.432491,daily,authorized_policy_uncertainty_proxy,2026-06-25T05:22:11.584014Z,2019-06-18T23:59:00Z
2019-06-18,china_epu,161.064982,daily,authorized_policy_uncertainty_proxy,2026-06-25T05:22:11.584014Z,2019-06-18T23:59:00Z
2019-06-19,global_epu,130.202496,daily,authorized_policy_uncertainty_proxy,2026-06-25T05:22:11.584014Z,2019-06-19T23:59:00Z
2019-06-19,china_epu,160.404992,daily,authorized_policy_uncertainty_proxy,2026-06-25T05:22:11.584014Z,2019-06-19T23:59:00Z
2019-06-20,global_epu,126.324987,daily,authorized_policy_uncertainty_proxy,2026-06-25T05:22:11.584014Z,2019-06-20T23:59:00Z
2019-06-20,china_epu,152.649975,daily,authorized_policy_uncertainty_proxy,2026-06-25T05:22:11.584014Z,2019-06-20T23:59:00Z
2019-06-21,global_epu,103.36,daily,authorized_policy_uncertainty_proxy,2026-06-25T05:22:11.584014Z,2019-06-21T23:59:00Z
2019-06-21,china_epu,101.92,daily,authorized_policy_uncertainty_proxy,2026-06-25T05:22:11.584014Z,2019-06-21T23:59:00Z
2019-06-23,global_epu,127.667487,daily,authorized_policy_uncertainty_proxy,2026-06-25T05:22:11.584014Z,2019-06-23T23:59:00Z
2019-06-23,china_epu,155.334973,daily,authorized_policy_uncertainty_proxy,2026-06-25T05:22:11.584014Z,2019-06-23T23:59:00Z
2019-06-24,global_epu,130.391505,daily,authorized_policy_uncertainty_proxy,2026-06-25T05:22:11.584014Z,2019-06-24T23:59:00Z
2019-06-24,china_epu,157.663009,daily,authorized_policy_uncertainty_proxy,2026-06-25T05:22:11.584014Z,2019-06-24T23:59:00Z
2019-06-25,global_epu,139.161994,daily,authorized_policy_uncertainty_proxy,2026-06-25T05:22:11.584014Z,2019-06-25T23:59:00Z
2019-06-25,china_epu,162.963987,daily,authorized_policy_uncertainty_proxy,2026-06-25T05:22:11.584014Z,2019-06-25T23:59:00Z
2019-06-26,global_epu,138.596488,daily,authorized_policy_uncertainty_proxy,2026-06-25T05:22:11.584014Z,2019-06-26T23:59:00Z
2019-06-26,china_epu,162.672977,daily,authorized_policy_uncertainty_proxy,2026-06-25T05:22:11.584014Z,2019-06-26T23:59:00Z
2019-06-27,global_epu,134.420482,daily,authorized_policy_uncertainty_proxy,2026-06-25T05:22:11.584014Z,2019-06-27T23:59:00Z
2019-06-27,china_epu,159.000964,daily,authorized_policy_uncertainty_proxy,2026-06-25T05:22:11.584014Z,2019-06-27T23:59:00Z
2019-06-28,global_epu,100.672,daily,authorized_policy_uncertainty_proxy,2026-06-25T05:22:11.584014Z,2019-06-28T23:59:00Z
2019-06-28,china_epu,100.384,daily,authorized_policy_uncertainty_proxy,2026-06-25T05:22:11.584014Z,2019-06-28T23:59:00Z
2019-06-30,global_epu,127.434993,daily,authorized_policy_uncertainty_proxy,2026-06-25T05:22:11.584014Z,2019-06-30T23:59:00Z
2019-06-30,china_epu,154.869986,daily,authorized_policy_uncertainty_proxy,2026-06-25T05:22:11.584014Z,2019-06-30T23:59:00Z
2019-07-01,global_epu,126.310003,daily,authorized_policy_uncertainty_proxy,2026-06-25T05:22:11.584014Z,2019-07-01T23:59:00Z
2019-07-01,china_epu,152.620006,daily,authorized_policy_uncertainty_proxy,2026-06-25T05:22:11.584014Z,2019-07-01T23:59:00Z
2019-07-02,global_epu,127.900016,daily,authorized_policy_uncertainty_proxy,2026-06-25T05:22:11.584014Z,2019-07-02T23:59:00Z
2019-07-02,china_epu,155.800033,daily,authorized_policy_uncertainty_proxy,2026-06-25T05:22:11.584014Z,2019-07-02T23:59:00Z
2019-07-03,global_epu,128.514993,daily,authorized_policy_uncertainty_proxy,2026-06-25T05:22:11.584014Z,2019-07-03T23:59:00Z
2019-07-03,china_epu,157.029986,daily,authorized_policy_uncertainty_proxy,2026-06-25T05:22:11.584014Z,2019-07-03T23:59:00Z
2019-07-04,global_epu,127.795017,daily,authorized_policy_uncertainty_proxy,2026-06-25T05:22:11.584014Z,2019-07-04T23:59:00Z
2019-07-04,china_epu,155.590034,daily,authorized_policy_uncertainty_proxy,2026-06-25T05:22:11.584014Z,2019-07-04T23:59:00Z
2019-07-05,global_epu,100.0,daily,authorized_policy_uncertainty_proxy,2026-06-25T05:22:11.584014Z,2019-07-05T23:59:00Z
2019-07-05,china_epu,100.0,daily,authorized_policy_uncertainty_proxy,2026-06-25T05:22:11.584014Z,2019-07-05T23:59:00Z
2019-07-07,global_epu,129.445004,daily,authorized_policy_uncertainty_proxy,2026-06-25T05:22:11.584014Z,2019-07-07T23:59:00Z
2019-07-07,china_epu,158.890009,daily,authorized_policy_uncertainty_proxy,2026-06-25T05:22:11.584014Z,2019-07-07T23:59:00Z
2019-07-08,global_epu,128.567493,daily,authorized_policy_uncertainty_proxy,2026-06-25T05:22:11.584014Z,2019-07-08T23:59:00Z
2019-07-08,china_epu,157.134986,daily,authorized_policy_uncertainty_proxy,2026-06-25T05:22:11.584014Z,2019-07-08T23:59:00Z
2019-07-09,global_epu,129.122496,daily,authorized_policy_uncertainty_proxy,2026-06-25T05:22:11.584014Z,2019-07-09T23:59:00Z
2019-07-09,china_epu,158.244991,daily,authorized_policy_uncertainty_proxy,2026-06-25T05:22:11.584014Z,2019-07-09T23:59:00Z
2019-07-10,global_epu,127.915001,daily,authorized_policy_uncertainty_proxy,2026-06-25T05:22:11.584014Z,2019-07-10T23:59:00Z
2019-07-10,china_epu,155.830002,daily,authorized_policy_uncertainty_proxy,2026-06-25T05:22:11.584014Z,2019-07-10T23:59:00Z
2019-07-11,global_epu,127.690017,daily,authorized_policy_uncertainty_proxy,2026-06-25T05:22:11.584014Z,2019-07-11T23:59:00Z
2019-07-11,china_epu,155.380034,daily,authorized_policy_uncertainty_proxy,2026-06-25T05:22:11.584014Z,2019-07-11T23:59:00Z
2019-07-12,global_epu,100.0,daily,authorized_policy_uncertainty_proxy,2026-06-25T05:22:11.584014Z,2019-07-12T23:59:00Z
2019-07-12,china_epu,100.0,daily,authorized_policy_uncertainty_proxy,2026-06-25T05:22:11.584014Z,2019-07-12T23:59:00Z
2019-07-14,global_epu,128.484988,daily,authorized_policy_uncertainty_proxy,2026-06-25T05:22:11.584014Z,2019-07-14T23:59:00Z
2019-07-14,china_epu,156.969976,daily,authorized_policy_uncertainty_proxy,2026-06-25T05:22:11.584014Z,2019-07-14T23:59:00Z
2019-07-15,global_epu,128.267515,daily,authorized_policy_uncertainty_proxy,2026-06-25T05:22:11.584014Z,2019-07-15T23:59:00Z
2019-07-15,china_epu,156.535029,daily,authorized_policy_uncertainty_proxy,2026-06-25T05:22:11.584014Z,2019-07-15T23:59:00Z
2019-07-16,global_epu,128.147495,daily,authorized_policy_uncertainty_proxy,2026-06-25T05:22:11.584014Z,2019-07-16T23:59:00Z
2019-07-16,china_epu,156.29499,daily,authorized_policy_uncertainty_proxy,2026-06-25T05:22:11.584014Z,2019-07-16T23:59:00Z
2019-07-17,global_epu,127.959991,daily,authorized_policy_uncertainty_proxy,2026-06-25T05:22:11.584014Z,2019-07-17T23:59:00Z
2019-07-17,china_epu,155.919981,daily,authorized_policy_uncertainty_proxy,2026-06-25T05:22:11.584014Z,2019-07-17T23:59:00Z
2019-07-18,global_epu,128.432488,daily,authorized_policy_uncertainty_proxy,2026-06-25T05:22:11.584014Z,2019-07-18T23:59:00Z
2019-07-18,china_epu,156.864977,daily,authorized_policy_uncertainty_proxy,2026-06-25T05:22:11.584014Z,2019-07-18T23:59:00Z
2019-07-19,global_epu,100.0,daily,authorized_policy_uncertainty_proxy,2026-06-25T05:22:11.584014Z,2019-07-19T23:59:00Z
2019-07-19,china_epu,100.0,daily,authorized_policy_uncertainty_proxy,2026-06-25T05:22:11.584014Z,2019-07-19T23:59:00Z
2019-07-21,global_epu,128.582513,daily,authorized_policy_uncertainty_proxy,2026-06-25T05:22:11.584014Z,2019-07-21T23:59:00Z
2019-07-21,china_epu,157.165027,daily,authorized_policy_uncertainty_proxy,2026-06-25T05:22:11.584014Z,2019-07-21T23:59:00Z
2019-07-22,global_epu,128.507483,daily,authorized_policy_uncertainty_proxy,2026-06-25T05:22:11.584014Z,2019-07-22T23:59:00Z
2019-07-22,china_epu,157.014966,daily,authorized_policy_uncertainty_proxy,2026-06-25T05:22:11.584014Z,2019-07-22T23:59:00Z
2019-07-23,global_epu,128.372514,daily,authorized_policy_uncertainty_proxy,2026-06-25T05:22:11.584014Z,2019-07-23T23:59:00Z
2019-07-23,china_epu,156.745028,daily,authorized_policy_uncertainty_proxy,2026-06-25T05:22:11.584014Z,2019-07-23T23:59:00Z
2019-07-24,global_epu,127.862501,daily,authorized_policy_uncertainty_proxy,2026-06-25T05:22:11.584014Z,2019-07-24T23:59:00Z
2019-07-24,china_epu,155.725002,daily,authorized_policy_uncertainty_proxy,2026-06-25T05:22:11.584014Z,2019-07-24T23:59:00Z
2019-07-25,global_epu,127.870011,daily,authorized_policy_uncertainty_proxy,2026-06-25T05:22:11.584014Z,2019-07-25T23:59:00Z
2019-07-25,china_epu,155.740023,daily,authorized_policy_uncertainty_proxy,2026-06-25T05:22:11.584014Z,2019-07-25T23:59:00Z
2019-07-26,global_epu,100.0,daily,authorized_policy_uncertainty_proxy,2026-06-25T05:22:11.584014Z,2019-07-26T23:59:00Z
2019-07-26,china_epu,100.0,daily,authorized_policy_uncertainty_proxy,2026-06-25T05:22:11.584014Z,2019-07-26T23:59:00Z
2019-07-28,global_epu,128.365004,daily,authorized_policy_uncertainty_proxy,2026-06-25T05:22:11.584014Z,2019-07-28T23:59:00Z
2019-07-28,china_epu,156.730008,daily,authorized_policy_uncertainty_proxy,2026-06-25T05:22:11.584014Z,2019-07-28T23:59:00Z
2019-07-29,global_epu,129.429984,daily,authorized_policy_uncertainty_proxy,2026-06-25T05:22:11.584014Z,2019-07-29T23:59:00Z
2019-07-29,china_epu,158.859968,daily,authorized_policy_uncertainty_proxy,2026-06-25T05:22:11.584014Z,2019-07-29T23:59:00Z
2019-07-30,global_epu,128.770018,daily,authorized_policy_uncertainty_proxy,2026-06-25T05:22:11.584014Z,2019-07-30T23:59:00Z
2019-07-30,china_epu,157.540035,daily,authorized_policy_uncertainty_proxy,2026-06-25T05:22:11.584014Z,2019-07-30T23:59:00Z
2019-07-31,global_epu,138.162997,daily,authorized_policy_uncertainty_proxy,2026-06-25T05:22:11.584014Z,2019-07-31T23:59:00Z
2019-07-31,china_epu,162.885995,daily,authorized_policy_uncertainty_proxy,2026-06-25T05:22:11.584014Z,2019-07-31T23:59:00Z
2019-08-01,global_epu,153.942998,daily,authorized_policy_uncertainty_proxy,2026-06-25T05:22:11.584014Z,2019-08-01T23:59:00Z
2019-08-01,china_epu,173.445995,daily,authorized_policy_uncertainty_proxy,2026-06-25T05:22:11.584014Z,2019-08-01T23:59:00Z
2019-08-02,global_epu,121.924,daily,authorized_policy_uncertainty_proxy,2026-06-25T05:22:11.584014Z,2019-08-02T23:59:00Z
2019-08-02,china_epu,112.528,daily,authorized_policy_uncertainty_proxy,2026-06-25T05:22:11.584014Z,2019-08-02T23:59:00Z
2019-08-04,global_epu,132.939994,daily,authorized_policy_uncertainty_proxy,2026-06-25T05:22:11.584014Z,2019-08-04T23:59:00Z
2019-08-04,china_epu,165.879989,daily,authorized_policy_uncertainty_proxy,2026-06-25T05:22:11.584014Z,2019-08-04T23:59:00Z
2019-08-05,global_epu,221.783484,daily,authorized_policy_uncertainty_proxy,2026-06-25T05:22:11.584014Z,2019-08-05T23:59:00Z
2019-08-05,china_epu,228.486967,daily,authorized_policy_uncertainty_proxy,2026-06-25T05:22:11.584014Z,2019-08-05T23:59:00Z
2019-08-06,global_epu,182.847997,daily,authorized_policy_uncertainty_proxy,2026-06-25T05:22:11.584014Z,2019-08-06T23:59:00Z
2019-08-06,china_epu,203.655993,daily,authorized_policy_uncertainty_proxy,2026-06-25T05:22:11.584014Z,2019-08-06T23:59:00Z
2019-08-07,global_epu,179.648511,daily,authorized_policy_uncertainty_proxy,2026-06-25T05:22:11.584014Z,2019-08-07T23:59:00Z
2019-08-07,china_epu,205.417023,daily,authorized_policy_uncertainty_proxy,2026-06-25T05:22:11.584014Z,2019-08-07T23:59:00Z
2019-08-08,global_epu,156.866506,daily,authorized_policy_uncertainty_proxy,2026-06-25T05:22:11.584014Z,2019-08-08T23:59:00Z
2019-08-08,china_epu,190.813012,daily,authorized_policy_uncertainty_proxy,2026-06-25T05:22:11.584014Z,2019-08-08T23:59:00Z
2019-08-09,global_epu,124.948,daily,authorized_policy_uncertainty_proxy,2026-06-25T05:22:11.584014Z,2019-08-09T23:59:00Z
2019-08-09,china_epu,114.256,daily,authorized_policy_uncertainty_proxy,2026-06-25T05:22:11.584014Z,2019-08-09T23:59:00Z
2019-08-11,global_epu,142.112505,daily,authorized_policy_uncertainty_proxy,2026-06-25T05:22:11.584014Z,2019-08-11T23:59:00Z
2019-08-11,china_epu,184.225011,daily,authorized_policy_uncertainty_proxy,2026-06-25T05:22:11.584014Z,2019-08-11T23:59:00Z
2019-08-12,global_epu,192.945997,daily,authorized_policy_uncertainty_proxy,2026-06-25T05:22:11.584014Z,2019-08-12T23:59:00Z
2019-08-12,china_epu,212.811993,daily,authorized_policy_uncertainty_proxy,2026-06-25T05:22:11.584014Z,2019-08-12T23:59:00Z
2019-08-13,global_epu,161.180515,daily,authorized_policy_uncertainty_proxy,2026-06-25T05:22:11.584014Z,2019-08-13T23:59:00Z
2019-08-13,china_epu,192.121029,daily,authorized_policy_uncertainty_proxy,2026-06-25T05:22:11.584014Z,2019-08-13T23:59:00Z
2019-08-14,global_epu,198.902497,daily,authorized_policy_uncertainty_proxy,2026-06-25T05:22:11.584014Z,2019-08-14T23:59:00Z
2019-08-14,china_epu,212.604995,daily,authorized_policy_uncertainty_proxy,2026-06-25T05:22:11.584014Z,2019-08-14T23:59:00Z
2019-08-15,global_epu,191.212013,daily,authorized_policy_uncertainty_proxy,2026-06-25T05:22:11.584014Z,2019-08-15T23:59:00Z
2019-08-15,china_epu,208.264025,daily,authorized_policy_uncertainty_proxy,2026-06-25T05:22:11.584014Z,2019-08-15T23:59:00Z
2019-08-16,global_epu,129.148,daily,authorized_policy_uncertainty_proxy,2026-06-25T05:22:11.584014Z,2019-08-16T23:59:00Z
2019-08-16,china_epu,116.656,daily,authorized_policy_uncertainty_proxy,2026-06-25T05:22:11.584014Z,2019-08-16T23:59:00Z
2019-08-18,global_epu,140.642512,daily,authorized_policy_uncertainty_proxy,2026-06-25T05:22:11.584014Z,2019-08-18T23:59:00Z
2019-08-18,china_epu,181.285024,daily,authorized_policy_uncertainty_proxy,2026-06-25T05:22:11.584014Z,2019-08-18T23:59:00Z
2019-08-19,global_epu,157.026994,daily,authorized_policy_uncertainty_proxy,2026-06-25T05:22:11.584014Z,2019-08-19T23:59:00Z
2019-08-19,china_epu,191.493988,daily,authorized_policy_uncertainty_proxy,2026-06-25T05:22:11.584014Z,2019-08-19T23:59:00Z
2019-08-20,global_epu,162.969991,daily,authorized_policy_uncertainty_proxy,2026-06-25T05:22:11.584014Z,2019-08-20T23:59:00Z
2019-08-20,china_epu,195.939981,daily,authorized_policy_uncertainty_proxy,2026-06-25T05:22:11.584014Z,2019-08-20T23:59:00Z
2019-08-21,global_epu,148.89999,daily,authorized_policy_uncertainty_proxy,2026-06-25T05:22:11.584014Z,2019-08-21T23:59:00Z
2019-08-21,china_epu,188.19998,daily,authorized_policy_uncertainty_proxy,2026-06-25T05:22:11.584014Z,2019-08-21T23:59:00Z
2019-08-22,global_epu,157.814483,daily,authorized_policy_uncertainty_proxy,2026-06-25T05:22:11.584014Z,2019-08-22T23:59:00Z
2019-08-22,china_epu,195.468966,daily,authorized_policy_uncertainty_proxy,2026-06-25T05:22:11.584014Z,2019-08-22T23:59:00Z
2019-08-23,global_epu,140.908,daily,authorized_policy_uncertainty_proxy,2026-06-25T05:22:11.584014Z,2019-08-23T23:59:00Z
2019-08-23,china_epu,123.376,daily,authorized_policy_uncertainty_proxy,2026-06-25T05:22:11.584014Z,2019-08-23T23:59:00Z
2019-08-25,global_epu,144.624984,daily,authorized_policy_uncertainty_proxy,2026-06-25T05:22:11.584014Z,2019-08-25T23:59:00Z
2019-08-25,china_epu,189.249969,daily,authorized_policy_uncertainty_proxy,2026-06-25T05:22:11.584014Z,2019-08-25T23:59:00Z
2019-08-26,global_epu,185.060502,daily,authorized_policy_uncertainty_proxy,2026-06-25T05:22:11.584014Z,2019-08-26T23:59:00Z
2019-08-26,china_epu,218.281004,daily,authorized_policy_uncertainty_proxy,2026-06-25T05:22:11.584014Z,2019-08-26T23:59:00Z
2019-08-27,global_epu,194.208988,daily,authorized_policy_uncertainty_proxy,2026-06-25T05:22:11.584014Z,2019-08-27T23:59:00Z
2019-08-27,china_epu,224.697976,daily,authorized_policy_uncertainty_proxy,2026-06-25T05:22:11.584014Z,2019-08-27T23:59:00Z
2019-08-28,global_epu,185.687511,daily,authorized_policy_uncertainty_proxy,2026-06-25T05:22:11.584014Z,2019-08-28T23:59:00Z
2019-08-28,china_epu,219.175021,daily,authorized_policy_uncertainty_proxy,2026-06-25T05:22:11.584014Z,2019-08-28T23:59:00Z
2019-08-29,global_epu,172.461999,daily,authorized_policy_uncertainty_proxy,2026-06-25T05:22:11.584014Z,2019-08-29T23:59:00Z
2019-08-29,china_epu,210.363998,daily,authorized_policy_uncertainty_proxy,2026-06-25T05:22:11.584014Z,2019-08-29T23:59:00Z
2019-08-30,global_epu,133.432,daily,authorized_policy_uncertainty_proxy,2026-06-25T05:22:11.584014Z,2019-08-30T23:59:00Z
2019-08-30,china_epu,119.104,daily,authorized_policy_uncertainty_proxy,2026-06-25T05:22:11.584014Z,2019-08-30T23:59:00Z
2019-09-01,global_epu,149.177516,daily,authorized_policy_uncertainty_proxy,2026-06-25T05:22:11.584014Z,2019-09-01T23:59:00Z
2019-09-01,china_epu,198.355031,daily,authorized_policy_uncertainty_proxy,2026-06-25T05:22:11.584014Z,2019-09-01T23:59:00Z
2019-09-02,global_epu,150.325,daily,authorized_policy_uncertainty_proxy,2026-06-25T05:22:11.584014Z,2019-09-02T23:59:00Z
2019-09-02,china_epu,200.650001,daily,authorized_policy_uncertainty_proxy,2026-06-25T05:22:11.584014Z,2019-09-02T23:59:00Z
2019-09-03,global_epu,189.993998,daily,authorized_policy_uncertainty_proxy,2026-06-25T05:22:11.584014Z,2019-09-03T23:59:00Z
2019-09-03,china_epu,224.067996,daily,authorized_policy_uncertainty_proxy,2026-06-25T05:22:11.584014Z,2019-09-03T23:59:00Z
2019-09-04,global_epu,167.954509,daily,authorized_policy_uncertainty_proxy,2026-06-25T05:22:11.584014Z,2019-09-04T23:59:00Z
2019-09-04,china_epu,207.949018,daily,authorized_policy_uncertainty_proxy,2026-06-25T05:22:11.584014Z,2019-09-04T23:59:00Z
2019-09-05,global_epu,159.245487,daily,authorized_policy_uncertainty_proxy,2026-06-25T05:22:11.584014Z,2019-09-05T23:59:00Z
2019-09-05,china_epu,203.250975,daily,authorized_policy_uncertainty_proxy,2026-06-25T05:22:11.584014Z,2019-09-05T23:59:00Z
2019-09-06,global_epu,100.0,daily,authorized_policy_uncertainty_proxy,2026-06-25T05:22:11.584014Z,2019-09-06T23:59:00Z
2019-09-06,china_epu,100.0,daily,authorized_policy_uncertainty_proxy,2026-06-25T05:22:11.584014Z,2019-09-06T23:59:00Z
2019-09-08,global_epu,146.102488,daily,authorized_policy_uncertainty_proxy,2026-06-25T05:22:11.584014Z,2019-09-08T23:59:00Z
2019-09-08,china_epu,192.204976,daily,authorized_policy_uncertainty_proxy,2026-06-25T05:22:11.584014Z,2019-09-08T23:59:00Z
2019-09-09,global_epu,148.850496,daily,authorized_policy_uncertainty_proxy,2026-06-25T05:22:11.584014Z,2019-09-09T23:59:00Z
2019-09-09,china_epu,194.460992,daily,authorized_policy_uncertainty_proxy,2026-06-25T05:22:11.584014Z,2019-09-09T23:59:00Z
2019-09-10,global_epu,147.557504,daily,authorized_policy_uncertainty_proxy,2026-06-25T05:22:11.584014Z,2019-09-10T23:59:00Z
2019-09-10,china_epu,192.715009,daily,authorized_policy_uncertainty_proxy,2026-06-25T05:22:11.584014Z,2019-09-10T23:59:00Z
2019-09-11,global_epu,146.184993,daily,authorized_policy_uncertainty_proxy,2026-06-25T05:22:11.584014Z,2019-09-11T23:59:00Z
2019-09-11,china_epu,192.369986,daily,authorized_policy_uncertainty_proxy,2026-06-25T05:22:11.584014Z,2019-09-11T23:59:00Z
2019-09-12,global_epu,143.38001,daily,authorized_policy_uncertainty_proxy,2026-06-25T05:22:11.584014Z,2019-09-12T23:59:00Z
2019-09-12,china_epu,186.76002,daily,authorized_policy_uncertainty_proxy,2026-06-25T05:22:11.584014Z,2019-09-12T23:59:00Z
2019-09-13,global_epu,100.0,daily,authorized_policy_uncertainty_proxy,2026-06-25T05:22:11.584014Z,2019-09-13T23:59:00Z
2019-09-13,china_epu,100.0,daily,authorized_policy_uncertainty_proxy,2026-06-25T05:22:11.584014Z,2019-09-13T23:59:00Z
2019-09-15,global_epu,143.38001,daily,authorized_policy_uncertainty_proxy,2026-06-25T05:22:11.584014Z,2019-09-15T23:59:00Z
2019-09-15,china_epu,186.76002,daily,authorized_policy_uncertainty_proxy,2026-06-25T05:22:11.584014Z,2019-09-15T23:59:00Z
2019-09-16,global_epu,142.480004,daily,authorized_policy_uncertainty_proxy,2026-06-25T05:22:11.584014Z,2019-09-16T23:59:00Z
2019-09-16,china_epu,184.960008,daily,authorized_policy_uncertainty_proxy,2026-06-25T05:22:11.584014Z,2019-09-16T23:59:00Z
2019-09-17,global_epu,144.317496,daily,authorized_policy_uncertainty_proxy,2026-06-25T05:22:11.584014Z,2019-09-17T23:59:00Z
2019-09-17,china_epu,188.634992,daily,authorized_policy_uncertainty_proxy,2026-06-25T05:22:11.584014Z,2019-09-17T23:59:00Z
2019-09-18,global_epu,143.875003,daily,authorized_policy_uncertainty_proxy,2026-06-25T05:22:11.584014Z,2019-09-18T23:59:00Z
2019-09-18,china_epu,187.750006,daily,authorized_policy_uncertainty_proxy,2026-06-25T05:22:11.584014Z,2019-09-18T23:59:00Z
2019-09-19,global_epu,144.67001,daily,authorized_policy_uncertainty_proxy,2026-06-25T05:22:11.584014Z,2019-09-19T23:59:00Z
2019-09-19,china_epu,189.340019,daily,authorized_policy_uncertainty_proxy,2026-06-25T05:22:11.584014Z,2019-09-19T23:59:00Z
2019-09-20,global_epu,102.688,daily,authorized_policy_uncertainty_proxy,2026-06-25T05:22:11.584014Z,2019-09-20T23:59:00Z
2019-09-20,china_epu,101.536,daily,authorized_policy_uncertainty_proxy,2026-06-25T05:22:11.584014Z,2019-09-20T23:59:00Z
2019-09-22,global_epu,144.295001,daily,authorized_policy_uncertainty_proxy,2026-06-25T05:22:11.584014Z,2019-09-22T23:59:00Z
2019-09-22,china_epu,188.590002,daily,authorized_policy_uncertainty_proxy,2026-06-25T05:22:11.584014Z,2019-09-22T23:59:00Z
2019-09-23,global_epu,146.319997,daily,authorized_policy_uncertainty_proxy,2026-06-25T05:22:11.584014Z,2019-09-23T23:59:00Z
2019-09-23,china_epu,192.639995,daily,authorized_policy_uncertainty_proxy,2026-06-25T05:22:11.584014Z,2019-09-23T23:59:00Z
2019-09-24,global_epu,163.382498,daily,authorized_policy_uncertainty_proxy,2026-06-25T05:22:11.584014Z,2019-09-24T23:59:00Z
2019-09-24,china_epu,202.164996,daily,authorized_policy_uncertainty_proxy,2026-06-25T05:22:11.584014Z,2019-09-24T23:59:00Z
2019-09-25,global_epu,155.373983,daily,authorized_policy_uncertainty_proxy,2026-06-25T05:22:11.584014Z,2019-09-25T23:59:00Z
2019-09-25,china_epu,199.227966,daily,authorized_policy_uncertainty_proxy,2026-06-25T05:22:11.584014Z,2019-09-25T23:59:00Z
2019-09-26,global_epu,156.357993,daily,authorized_policy_uncertainty_proxy,2026-06-25T05:22:11.584014Z,2019-09-26T23:59:00Z
2019-09-26,china_epu,199.875985,daily,authorized_policy_uncertainty_proxy,2026-06-25T05:22:11.584014Z,2019-09-26T23:59:00Z
2019-09-27,global_epu,118.648,daily,authorized_policy_uncertainty_proxy,2026-06-25T05:22:11.584014Z,2019-09-27T23:59:00Z
2019-09-27,china_epu,110.656,daily,authorized_policy_uncertainty_proxy,2026-06-25T05:22:11.584014Z,2019-09-27T23:59:00Z
2019-09-29,global_epu,146.634996,daily,authorized_policy_uncertainty_proxy,2026-06-25T05:22:11.584014Z,2019-09-29T23:59:00Z
2019-09-29,china_epu,193.269992,daily,authorized_policy_uncertainty_proxy,2026-06-25T05:22:11.584014Z,2019-09-29T23:59:00Z
2019-09-30,global_epu,158.978503,daily,authorized_policy_uncertainty_proxy,2026-06-25T05:22:11.584014Z,2019-09-30T23:59:00Z
2019-09-30,china_epu,203.077006,daily,authorized_policy_uncertainty_proxy,2026-06-25T05:22:11.584014Z,2019-09-30T23:59:00Z
2019-10-01,global_epu,178.458993,daily,authorized_policy_uncertainty_proxy,2026-06-25T05:22:11.584014Z,2019-10-01T23:59:00Z
2019-10-01,china_epu,214.197985,daily,authorized_policy_uncertainty_proxy,2026-06-25T05:22:11.584014Z,2019-10-01T23:59:00Z
2019-10-02,global_epu,195.274013,daily,authorized_policy_uncertainty_proxy,2026-06-25T05:22:11.584014Z,2019-10-02T23:59:00Z
2019-10-02,china_epu,223.828026,daily,authorized_policy_uncertainty_proxy,2026-06-25T05:22:11.584014Z,2019-10-02T23:59:00Z
2019-10-03,global_epu,183.170503,daily,authorized_policy_uncertainty_proxy,2026-06-25T05:22:11.584014Z,2019-10-03T23:59:00Z
2019-10-03,china_epu,216.901006,daily,authorized_policy_uncertainty_proxy,2026-06-25T05:22:11.584014Z,2019-10-03T23:59:00Z
2019-10-04,global_epu,117.136,daily,authorized_policy_uncertainty_proxy,2026-06-25T05:22:11.584014Z,2019-10-04T23:59:00Z
2019-10-04,china_epu,109.792,daily,authorized_policy_uncertainty_proxy,2026-06-25T05:22:11.584014Z,2019-10-04T23:59:00Z
2019-10-06,global_epu,148.554993,daily,authorized_policy_uncertainty_proxy,2026-06-25T05:22:11.584014Z,2019-10-06T23:59:00Z
2019-10-06,china_epu,197.109985,daily,authorized_policy_uncertainty_proxy,2026-06-25T05:22:11.584014Z,2019-10-06T23:59:00Z
2019-10-07,global_epu,172.578993,daily,authorized_policy_uncertainty_proxy,2026-06-25T05:22:11.584014Z,2019-10-07T23:59:00Z
2019-10-07,china_epu,210.837985,daily,authorized_policy_uncertainty_proxy,2026-06-25T05:22:11.584014Z,2019-10-07T23:59:00Z
2019-10-08,global_epu,192.614489,daily,authorized_policy_uncertainty_proxy,2026-06-25T05:22:11.584014Z,2019-10-08T23:59:00Z
2019-10-08,china_epu,221.868978,daily,authorized_policy_uncertainty_proxy,2026-06-25T05:22:11.584014Z,2019-10-08T23:59:00Z
2019-10-09,global_epu,177.931008,daily,authorized_policy_uncertainty_proxy,2026-06-25T05:22:11.584014Z,2019-10-09T23:59:00Z
2019-10-09,china_epu,212.182016,daily,authorized_policy_uncertainty_proxy,2026-06-25T05:22:11.584014Z,2019-10-09T23:59:00Z
2019-10-10,global_epu,167.750498,daily,authorized_policy_uncertainty_proxy,2026-06-25T05:22:11.584014Z,2019-10-10T23:59:00Z
2019-10-10,china_epu,204.660996,daily,authorized_policy_uncertainty_proxy,2026-06-25T05:22:11.584014Z,2019-10-10T23:59:00Z
2019-10-11,global_epu,104.872,daily,authorized_policy_uncertainty_proxy,2026-06-25T05:22:11.584014Z,2019-10-11T23:59:00Z
2019-10-11,china_epu,102.784,daily,authorized_policy_uncertainty_proxy,2026-06-25T05:22:11.584014Z,2019-10-11T23:59:00Z
2019-10-13,global_epu,144.040012,daily,authorized_policy_uncertainty_proxy,2026-06-25T05:22:11.584014Z,2019-10-13T23:59:00Z
2019-10-13,china_epu,188.080025,daily,authorized_policy_uncertainty_proxy,2026-06-25T05:22:11.584014Z,2019-10-13T23:59:00Z
2019-10-14,global_epu,142.494988,daily,authorized_policy_uncertainty_proxy,2026-06-25T05:22:11.584014Z,2019-10-14T23:59:00Z
2019-10-14,china_epu,184.989977,daily,authorized_policy_uncertainty_proxy,2026-06-25T05:22:11.584014Z,2019-10-14T23:59:00Z
2019-10-15,global_epu,143.560004,daily,authorized_policy_uncertainty_proxy,2026-06-25T05:22:11.584014Z,2019-10-15T23:59:00Z
2019-10-15,china_epu,187.120008,daily,authorized_policy_uncertainty_proxy,2026-06-25T05:22:11.584014Z,2019-10-15T23:59:00Z
2019-10-16,global_epu,144.4525,daily,authorized_policy_uncertainty_proxy,2026-06-25T05:22:11.584014Z,2019-10-16T23:59:00Z
2019-10-16,china_epu,188.905001,daily,authorized_policy_uncertainty_proxy,2026-06-25T05:22:11.584014Z,2019-10-16T23:59:00Z
2019-10-17,global_epu,143.229985,daily,authorized_policy_uncertainty_proxy,2026-06-25T05:22:11.584014Z,2019-10-17T23:59:00Z
2019-10-17,china_epu,186.45997,daily,authorized_policy_uncertainty_proxy,2026-06-25T05:22:11.584014Z,2019-10-17T23:59:00Z
2019-10-18,global_epu,100.0,daily,authorized_policy_uncertainty_proxy,2026-06-25T05:22:11.584014Z,2019-10-18T23:59:00Z
2019-10-18,china_epu,100.0,daily,authorized_policy_uncertainty_proxy,2026-06-25T05:22:11.584014Z,2019-10-18T23:59:00Z
2019-10-20,global_epu,143.552494,daily,authorized_policy_uncertainty_proxy,2026-06-25T05:22:11.584014Z,2019-10-20T23:59:00Z
2019-10-20,china_epu,187.104988,daily,authorized_policy_uncertainty_proxy,2026-06-25T05:22:11.584014Z,2019-10-20T23:59:00Z
2019-10-21,global_epu,142.472494,daily,authorized_policy_uncertainty_proxy,2026-06-25T05:22:11.584014Z,2019-10-21T23:59:00Z
2019-10-21,china_epu,184.944987,daily,authorized_policy_uncertainty_proxy,2026-06-25T05:22:11.584014Z,2019-10-21T23:59:00Z
2019-10-22,global_epu,143.215001,daily,authorized_policy_uncertainty_proxy,2026-06-25T05:22:11.584014Z,2019-10-22T23:59:00Z
2019-10-22,china_epu,186.430001,daily,authorized_policy_uncertainty_proxy,2026-06-25T05:22:11.584014Z,2019-10-22T23:59:00Z
2019-10-23,global_epu,142.344999,daily,authorized_policy_uncertainty_proxy,2026-06-25T05:22:11.584014Z,2019-10-23T23:59:00Z
2019-10-23,china_epu,184.689999,daily,authorized_policy_uncertainty_proxy,2026-06-25T05:22:11.584014Z,2019-10-23T23:59:00Z
2019-10-24,global_epu,142.607498,daily,authorized_policy_uncertainty_proxy,2026-06-25T05:22:11.584014Z,2019-10-24T23:59:00Z
2019-10-24,china_epu,185.214996,daily,authorized_policy_uncertainty_proxy,2026-06-25T05:22:11.584014Z,2019-10-24T23:59:00Z
2019-10-25,global_epu,100.0,daily,authorized_policy_uncertainty_proxy,2026-06-25T05:22:11.584014Z,2019-10-25T23:59:00Z
2019-10-25,china_epu,100.0,daily,authorized_policy_uncertainty_proxy,2026-06-25T05:22:11.584014Z,2019-10-25T23:59:00Z
2019-10-28,global_epu,142.352509,daily,authorized_policy_uncertainty_proxy,2026-06-25T05:22:11.584014Z,2019-10-28T23:59:00Z
2019-10-28,china_epu,184.705019,daily,authorized_policy_uncertainty_proxy,2026-06-25T05:22:11.584014Z,2019-10-28T23:59:00Z
2019-10-29,global_epu,142.517483,daily,authorized_policy_uncertainty_proxy,2026-06-25T05:22:11.584014Z,2019-10-29T23:59:00Z
2019-10-29,china_epu,185.034966,daily,authorized_policy_uncertainty_proxy,2026-06-25T05:22:11.584014Z,2019-10-29T23:59:00Z
2019-10-30,global_epu,142.367494,daily,authorized_policy_uncertainty_proxy,2026-06-25T05:22:11.584014Z,2019-10-30T23:59:00Z
2019-10-30,china_epu,184.734988,daily,authorized_policy_uncertainty_proxy,2026-06-25T05:22:11.584014Z,2019-10-30T23:59:00Z
2019-10-31,global_epu,141.579998,daily,authorized_policy_uncertainty_proxy,2026-06-25T05:22:11.584014Z,2019-10-31T23:59:00Z
2019-10-31,china_epu,183.159995,daily,authorized_policy_uncertainty_proxy,2026-06-25T05:22:11.584014Z,2019-10-31T23:59:00Z
2019-11-01,global_epu,140.364993,daily,authorized_policy_uncertainty_proxy,2026-06-25T05:22:11.584014Z,2019-11-01T23:59:00Z
2019-11-01,china_epu,180.729985,daily,authorized_policy_uncertainty_proxy,2026-06-25T05:22:11.584014Z,2019-11-01T23:59:00Z
2019-11-04,global_epu,140.229988,daily,authorized_policy_uncertainty_proxy,2026-06-25T05:22:11.584014Z,2019-11-04T23:59:00Z
2019-11-04,china_epu,180.459976,daily,authorized_policy_uncertainty_proxy,2026-06-25T05:22:11.584014Z,2019-11-04T23:59:00Z
2019-11-05,global_epu,139.70499,daily,authorized_policy_uncertainty_proxy,2026-06-25T05:22:11.584014Z,2019-11-05T23:59:00Z
2019-11-05,china_epu,179.409981,daily,authorized_policy_uncertainty_proxy,2026-06-25T05:22:11.584014Z,2019-11-05T23:59:00Z
2019-11-06,global_epu,138.160002,daily,authorized_policy_uncertainty_proxy,2026-06-25T05:22:11.584014Z,2019-11-06T23:59:00Z
2019-11-06,china_epu,176.320004,daily,authorized_policy_uncertainty_proxy,2026-06-25T05:22:11.584014Z,2019-11-06T23:59:00Z
2019-11-07,global_epu,137.290001,daily,authorized_policy_uncertainty_proxy,2026-06-25T05:22:11.584014Z,2019-11-07T23:59:00Z
2019-11-07,china_epu,174.580002,daily,authorized_policy_uncertainty_proxy,2026-06-25T05:22:11.584014Z,2019-11-07T23:59:00Z
2019-11-08,global_epu,100.0,daily,authorized_policy_uncertainty_proxy,2026-06-25T05:22:11.584014Z,2019-11-08T23:59:00Z
2019-11-08,china_epu,100.0,daily,authorized_policy_uncertainty_proxy,2026-06-25T05:22:11.584014Z,2019-11-08T23:59:00Z
2019-11-11,global_epu,137.124991,daily,authorized_policy_uncertainty_proxy,2026-06-25T05:22:11.584014Z,2019-11-11T23:59:00Z
2019-11-11,china_epu,174.249983,daily,authorized_policy_uncertainty_proxy,2026-06-25T05:22:11.584014Z,2019-11-11T23:59:00Z
2019-11-12,global_epu,138.220012,daily,authorized_policy_uncertainty_proxy,2026-06-25T05:22:11.584014Z,2019-11-12T23:59:00Z
2019-11-12,china_epu,176.440024,daily,authorized_policy_uncertainty_proxy,2026-06-25T05:22:11.584014Z,2019-11-12T23:59:00Z
2019-11-13,global_epu,138.010013,daily,authorized_policy_uncertainty_proxy,2026-06-25T05:22:11.584014Z,2019-11-13T23:59:00Z
2019-11-13,china_epu,176.020026,daily,authorized_policy_uncertainty_proxy,2026-06-25T05:22:11.584014Z,2019-11-13T23:59:00Z
2019-11-14,global_epu,139.195013,daily,authorized_policy_uncertainty_proxy,2026-06-25T05:22:11.584014Z,2019-11-14T23:59:00Z
2019-11-14,china_epu,178.390026,daily,authorized_policy_uncertainty_proxy,2026-06-25T05:22:11.584014Z,2019-11-14T23:59:00Z
2019-11-15,global_epu,138.985014,daily,authorized_policy_uncertainty_proxy,2026-06-25T05:22:11.584014Z,2019-11-15T23:59:00Z
2019-11-15,china_epu,177.970028,daily,authorized_policy_uncertainty_proxy,2026-06-25T05:22:11.584014Z,2019-11-15T23:59:00Z
2019-11-18,global_epu,138.047493,daily,authorized_policy_uncertainty_proxy,2026-06-25T05:22:11.584014Z,2019-11-18T23:59:00Z
2019-11-18,china_epu,176.094985,daily,authorized_policy_uncertainty_proxy,2026-06-25T05:22:11.584014Z,2019-11-18T23:59:00Z
2019-11-19,global_epu,139.375007,daily,authorized_policy_uncertainty_proxy,2026-06-25T05:22:11.584014Z,2019-11-19T23:59:00Z
2019-11-19,china_epu,178.750014,daily,authorized_policy_uncertainty_proxy,2026-06-25T05:22:11.584014Z,2019-11-19T23:59:00Z
2019-11-20,global_epu,139.510012,daily,authorized_policy_uncertainty_proxy,2026-06-25T05:22:11.584014Z,2019-11-20T23:59:00Z
2019-11-20,china_epu,179.020023,daily,authorized_policy_uncertainty_proxy,2026-06-25T05:22:11.584014Z,2019-11-20T23:59:00Z
2019-11-21,global_epu,140.124989,daily,authorized_policy_uncertainty_proxy,2026-06-25T05:22:11.584014Z,2019-11-21T23:59:00Z
2019-11-21,china_epu,180.249977,daily,authorized_policy_uncertainty_proxy,2026-06-25T05:22:11.584014Z,2019-11-21T23:59:00Z
2019-11-22,global_epu,139.615011,daily,authorized_policy_uncertainty_proxy,2026-06-25T05:22:11.584014Z,2019-11-22T23:59:00Z
2019-11-22,china_epu,179.230022,daily,authorized_policy_uncertainty_proxy,2026-06-25T05:22:11.584014Z,2019-11-22T23:59:00Z
2019-11-25,global_epu,140.372503,daily,authorized_policy_uncertainty_proxy,2026-06-25T05:22:11.584014Z,2019-11-25T23:59:00Z
2019-11-25,china_epu,180.745006,daily,authorized_policy_uncertainty_proxy,2026-06-25T05:22:11.584014Z,2019-11-25T23:59:00Z
2019-11-26,global_epu,140.162504,daily,authorized_policy_uncertainty_proxy,2026-06-25T05:22:11.584014Z,2019-11-26T23:59:00Z
2019-11-26,china_epu,180.325007,daily,authorized_policy_uncertainty_proxy,2026-06-25T05:22:11.584014Z,2019-11-26T23:59:00Z
2019-11-27,global_epu,139.937484,daily,authorized_policy_uncertainty_proxy,2026-06-25T05:22:11.584014Z,2019-11-27T23:59:00Z
2019-11-27,china_epu,179.874969,daily,authorized_policy_uncertainty_proxy,2026-06-25T05:22:11.584014Z,2019-11-27T23:59:00Z
2019-11-28,global_epu,139.592516,daily,authorized_policy_uncertainty_proxy,2026-06-25T05:22:11.584014Z,2019-11-28T23:59:00Z
2019-11-28,china_epu,179.185033,daily,authorized_policy_uncertainty_proxy,2026-06-25T05:22:11.584014Z,2019-11-28T23:59:00Z
2019-11-29,global_epu,140.079999,daily,authorized_policy_uncertainty_proxy,2026-06-25T05:22:11.584014Z,2019-11-29T23:59:00Z
2019-11-29,china_epu,180.159998,daily,authorized_policy_uncertainty_proxy,2026-06-25T05:22:11.584014Z,2019-11-29T23:59:00Z
2019-12-02,global_epu,139.86249,daily,authorized_policy_uncertainty_proxy,2026-06-25T05:22:11.584014Z,2019-12-02T23:59:00Z
2019-12-02,china_epu,179.724979,daily,authorized_policy_uncertainty_proxy,2026-06-25T05:22:11.584014Z,2019-12-02T23:59:00Z
2019-12-03,global_epu,148.436503,daily,authorized_policy_uncertainty_proxy,2026-06-25T05:22:11.584014Z,2019-12-03T23:59:00Z
2019-12-03,china_epu,185.353006,daily,authorized_policy_uncertainty_proxy,2026-06-25T05:22:11.584014Z,2019-12-03T23:59:00Z
2019-12-04,global_epu,142.015016,daily,authorized_policy_uncertainty_proxy,2026-06-25T05:22:11.584014Z,2019-12-04T23:59:00Z
2019-12-04,china_epu,184.030032,daily,authorized_policy_uncertainty_proxy,2026-06-25T05:22:11.584014Z,2019-12-04T23:59:00Z
2019-12-05,global_epu,141.16751,daily,authorized_policy_uncertainty_proxy,2026-06-25T05:22:11.584014Z,2019-12-05T23:59:00Z
2019-12-05,china_epu,182.335019,daily,authorized_policy_uncertainty_proxy,2026-06-25T05:22:11.584014Z,2019-12-05T23:59:00Z
2019-12-06,global_epu,140.784991,daily,authorized_policy_uncertainty_proxy,2026-06-25T05:22:11.584014Z,2019-12-06T23:59:00Z
2019-12-06,china_epu,181.569982,daily,authorized_policy_uncertainty_proxy,2026-06-25T05:22:11.584014Z,2019-12-06T23:59:00Z
2019-12-09,global_epu,147.296489,daily,authorized_policy_uncertainty_proxy,2026-06-25T05:22:11.584014Z,2019-12-09T23:59:00Z
2019-12-09,china_epu,184.272978,daily,authorized_policy_uncertainty_proxy,2026-06-25T05:22:11.584014Z,2019-12-09T23:59:00Z
2019-12-10,global_epu,146.076993,daily,authorized_policy_uncertainty_proxy,2026-06-25T05:22:11.584014Z,2019-12-10T23:59:00Z
2019-12-10,china_epu,183.993985,daily,authorized_policy_uncertainty_proxy,2026-06-25T05:22:11.584014Z,2019-12-10T23:59:00Z
2019-12-11,global_epu,139.997494,daily,authorized_policy_uncertainty_proxy,2026-06-25T05:22:11.584014Z,2019-12-11T23:59:00Z
2019-12-11,china_epu,179.994988,daily,authorized_policy_uncertainty_proxy,2026-06-25T05:22:11.584014Z,2019-12-11T23:59:00Z
2019-12-12,global_epu,140.334988,daily,authorized_policy_uncertainty_proxy,2026-06-25T05:22:11.584014Z,2019-12-12T23:59:00Z
2019-12-12,china_epu,180.669975,daily,authorized_policy_uncertainty_proxy,2026-06-25T05:22:11.584014Z,2019-12-12T23:59:00Z
2019-12-13,global_epu,138.962483,daily,authorized_policy_uncertainty_proxy,2026-06-25T05:22:11.584014Z,2019-12-13T23:59:00Z
2019-12-13,china_epu,177.924967,daily,authorized_policy_uncertainty_proxy,2026-06-25T05:22:11.584014Z,2019-12-13T23:59:00Z
2019-12-16,global_epu,135.392499,daily,authorized_policy_uncertainty_proxy,2026-06-25T05:22:11.584014Z,2019-12-16T23:59:00Z
2019-12-16,china_epu,170.784998,daily,authorized_policy_uncertainty_proxy,2026-06-25T05:22:11.584014Z,2019-12-16T23:59:00Z
2019-12-17,global_epu,136.119986,daily,authorized_policy_uncertainty_proxy,2026-06-25T05:22:11.584014Z,2019-12-17T23:59:00Z
2019-12-17,china_epu,172.239971,daily,authorized_policy_uncertainty_proxy,2026-06-25T05:22:11.584014Z,2019-12-17T23:59:00Z
2019-12-18,global_epu,137.215006,daily,authorized_policy_uncertainty_proxy,2026-06-25T05:22:11.584014Z,2019-12-18T23:59:00Z
2019-12-18,china_epu,174.430013,daily,authorized_policy_uncertainty_proxy,2026-06-25T05:22:11.584014Z,2019-12-18T23:59:00Z
2019-12-19,global_epu,137.800014,daily,authorized_policy_uncertainty_proxy,2026-06-25T05:22:11.584014Z,2019-12-19T23:59:00Z
2019-12-19,china_epu,175.600028,daily,authorized_policy_uncertainty_proxy,2026-06-25T05:22:11.584014Z,2019-12-19T23:59:00Z
2019-12-20,global_epu,138.204992,daily,authorized_policy_uncertainty_proxy,2026-06-25T05:22:11.584014Z,2019-12-20T23:59:00Z
2019-12-20,china_epu,176.409984,daily,authorized_policy_uncertainty_proxy,2026-06-25T05:22:11.584014Z,2019-12-20T23:59:00Z
2019-12-23,global_epu,137.927508,daily,authorized_policy_uncertainty_proxy,2026-06-25T05:22:11.584014Z,2019-12-23T23:59:00Z
2019-12-23,china_epu,175.855017,daily,authorized_policy_uncertainty_proxy,2026-06-25T05:22:11.584014Z,2019-12-23T23:59:00Z
2019-12-24,global_epu,138.384986,daily,authorized_policy_uncertainty_proxy,2026-06-25T05:22:11.584014Z,2019-12-24T23:59:00Z
2019-12-24,china_epu,176.769972,daily,authorized_policy_uncertainty_proxy,2026-06-25T05:22:11.584014Z,2019-12-24T23:59:00Z
2019-12-25,global_epu,137.980008,daily,authorized_policy_uncertainty_proxy,2026-06-25T05:22:11.584014Z,2019-12-25T23:59:00Z
2019-12-25,china_epu,175.960016,daily,authorized_policy_uncertainty_proxy,2026-06-25T05:22:11.584014Z,2019-12-25T23:59:00Z
2019-12-26,global_epu,136.622488,daily,authorized_policy_uncertainty_proxy,2026-06-25T05:22:11.584014Z,2019-12-26T23:59:00Z
2019-12-26,china_epu,173.244977,daily,authorized_policy_uncertainty_proxy,2026-06-25T05:22:11.584014Z,2019-12-26T23:59:00Z
2019-12-27,global_epu,137.222517,daily,authorized_policy_uncertainty_proxy,2026-06-25T05:22:11.584014Z,2019-12-27T23:59:00Z
2019-12-27,china_epu,174.445033,daily,authorized_policy_uncertainty_proxy,2026-06-25T05:22:11.584014Z,2019-12-27T23:59:00Z
2019-12-30,global_epu,137.110007,daily,authorized_policy_uncertainty_proxy,2026-06-25T05:22:11.584014Z,2019-12-30T23:59:00Z
2019-12-30,china_epu,174.220014,daily,authorized_policy_uncertainty_proxy,2026-06-25T05:22:11.584014Z,2019-12-30T23:59:00Z
2019-12-31,global_epu,136.42751,daily,authorized_policy_uncertainty_proxy,2026-06-25T05:22:11.584014Z,2019-12-31T23:59:00Z
2019-12-31,china_epu,172.85502,daily,authorized_policy_uncertainty_proxy,2026-06-25T05:22:11.584014Z,2019-12-31T23:59:00Z
2020-01-01,global_epu,134.672487,daily,authorized_policy_uncertainty_proxy,2026-06-25T05:22:11.584014Z,2020-01-01T23:59:00Z
2020-01-01,china_epu,169.344974,daily,authorized_policy_uncertainty_proxy,2026-06-25T05:22:11.584014Z,2020-01-01T23:59:00Z
2020-01-02,global_epu,134.665012,daily,authorized_policy_uncertainty_proxy,2026-06-25T05:22:11.584014Z,2020-01-02T23:59:00Z
2020-01-02,china_epu,169.330025,daily,authorized_policy_uncertainty_proxy,2026-06-25T05:22:11.584014Z,2020-01-02T23:59:00Z
2020-01-03,global_epu,134.754992,daily,authorized_policy_uncertainty_proxy,2026-06-25T05:22:11.584014Z,2020-01-03T23:59:00Z
2020-01-03,china_epu,169.509983,daily,authorized_policy_uncertainty_proxy,2026-06-25T05:22:11.584014Z,2020-01-03T23:59:00Z
2020-01-06,global_epu,134.837496,daily,authorized_policy_uncertainty_proxy,2026-06-25T05:22:11.584014Z,2020-01-06T23:59:00Z
2020-01-06,china_epu,169.674993,daily,authorized_policy_uncertainty_proxy,2026-06-25T05:22:11.584014Z,2020-01-06T23:59:00Z
2020-01-07,global_epu,135.587513,daily,authorized_policy_uncertainty_proxy,2026-06-25T05:22:11.584014Z,2020-01-07T23:59:00Z
2020-01-07,china_epu,171.175027,daily,authorized_policy_uncertainty_proxy,2026-06-25T05:22:11.584014Z,2020-01-07T23:59:00Z
2020-01-08,global_epu,133.329988,daily,authorized_policy_uncertainty_proxy,2026-06-25T05:22:11.584014Z,2020-01-08T23:59:00Z
2020-01-08,china_epu,166.659975,daily,authorized_policy_uncertainty_proxy,2026-06-25T05:22:11.584014Z,2020-01-08T23:59:00Z
2020-01-09,global_epu,133.389997,daily,authorized_policy_uncertainty_proxy,2026-06-25T05:22:11.584014Z,2020-01-09T23:59:00Z
2020-01-09,china_epu,166.779995,daily,authorized_policy_uncertainty_proxy,2026-06-25T05:22:11.584014Z,2020-01-09T23:59:00Z
2020-01-10,global_epu,133.877516,daily,authorized_policy_uncertainty_proxy,2026-06-25T05:22:11.584014Z,2020-01-10T23:59:00Z
2020-01-10,china_epu,167.755032,daily,authorized_policy_uncertainty_proxy,2026-06-25T05:22:11.584014Z,2020-01-10T23:59:00Z
2020-01-13,global_epu,130.697489,daily,authorized_policy_uncertainty_proxy,2026-06-25T05:22:11.584014Z,2020-01-13T23:59:00Z
2020-01-13,china_epu,161.394978,daily,authorized_policy_uncertainty_proxy,2026-06-25T05:22:11.584014Z,2020-01-13T23:59:00Z
2020-01-14,global_epu,129.452515,daily,authorized_policy_uncertainty_proxy,2026-06-25T05:22:11.584014Z,2020-01-14T23:59:00Z
2020-01-14,china_epu,158.905029,daily,authorized_policy_uncertainty_proxy,2026-06-25T05:22:11.584014Z,2020-01-14T23:59:00Z
2020-01-15,global_epu,130.022502,daily,authorized_policy_uncertainty_proxy,2026-06-25T05:22:11.584014Z,2020-01-15T23:59:00Z
2020-01-15,china_epu,160.045004,daily,authorized_policy_uncertainty_proxy,2026-06-25T05:22:11.584014Z,2020-01-15T23:59:00Z
2020-01-16,global_epu,129.235005,daily,authorized_policy_uncertainty_proxy,2026-06-25T05:22:11.584014Z,2020-01-16T23:59:00Z
2020-01-16,china_epu,158.470011,daily,authorized_policy_uncertainty_proxy,2026-06-25T05:22:11.584014Z,2020-01-16T23:59:00Z
2020-01-17,global_epu,128.357494,daily,authorized_policy_uncertainty_proxy,2026-06-25T05:22:11.584014Z,2020-01-17T23:59:00Z
2020-01-17,china_epu,156.714988,daily,authorized_policy_uncertainty_proxy,2026-06-25T05:22:11.584014Z,2020-01-17T23:59:00Z
2020-01-20,global_epu,126.902485,daily,authorized_policy_uncertainty_proxy,2026-06-25T05:22:11.584014Z,2020-01-20T23:59:00Z
2020-01-20,china_epu,153.80497,daily,authorized_policy_uncertainty_proxy,2026-06-25T05:22:11.584014Z,2020-01-20T23:59:00Z
2020-01-21,global_epu,127.434993,daily,authorized_policy_uncertainty_proxy,2026-06-25T05:22:11.584014Z,2020-01-21T23:59:00Z
2020-01-21,china_epu,154.869986,daily,authorized_policy_uncertainty_proxy,2026-06-25T05:22:11.584014Z,2020-01-21T23:59:00Z
2020-01-22,global_epu,130.359995,daily,authorized_policy_uncertainty_proxy,2026-06-25T05:22:11.584014Z,2020-01-22T23:59:00Z
2020-01-22,china_epu,160.719991,daily,authorized_policy_uncertainty_proxy,2026-06-25T05:22:11.584014Z,2020-01-22T23:59:00Z
2020-01-23,global_epu,130.427516,daily,authorized_policy_uncertainty_proxy,2026-06-25T05:22:11.584014Z,2020-01-23T23:59:00Z
2020-01-23,china_epu,160.855031,daily,authorized_policy_uncertainty_proxy,2026-06-25T05:22:11.584014Z,2020-01-23T23:59:00Z
2020-01-24,global_epu,132.669985,daily,authorized_policy_uncertainty_proxy,2026-06-25T05:22:11.584014Z,2020-01-24T23:59:00Z
2020-01-24,china_epu,165.339971,daily,authorized_policy_uncertainty_proxy,2026-06-25T05:22:11.584014Z,2020-01-24T23:59:00Z
2020-01-27,global_epu,159.809495,daily,authorized_policy_uncertainty_proxy,2026-06-25T05:22:11.584014Z,2020-01-27T23:59:00Z
2020-01-27,china_epu,180.858991,daily,authorized_policy_uncertainty_proxy,2026-06-25T05:22:11.584014Z,2020-01-27T23:59:00Z
2020-01-28,global_epu,143.429495,daily,authorized_policy_uncertainty_proxy,2026-06-25T05:22:11.584014Z,2020-01-28T23:59:00Z
2020-01-28,china_epu,171.498991,daily,authorized_policy_uncertainty_proxy,2026-06-25T05:22:11.584014Z,2020-01-28T23:59:00Z
2020-01-29,global_epu,144.353495,daily,authorized_policy_uncertainty_proxy,2026-06-25T05:22:11.584014Z,2020-01-29T23:59:00Z
2020-01-29,china_epu,172.026991,daily,authorized_policy_uncertainty_proxy,2026-06-25T05:22:11.584014Z,2020-01-29T23:59:00Z
2020-01-30,global_epu,136.793495,daily,authorized_policy_uncertainty_proxy,2026-06-25T05:22:11.584014Z,2020-01-30T23:59:00Z
2020-01-30,china_epu,167.706991,daily,authorized_policy_uncertainty_proxy,2026-06-25T05:22:11.584014Z,2020-01-30T23:59:00Z
2020-01-31,global_epu,164.933495,daily,authorized_policy_uncertainty_proxy,2026-06-25T05:22:11.584014Z,2020-01-31T23:59:00Z
2020-01-31,china_epu,183.786991,daily,authorized_policy_uncertainty_proxy,2026-06-25T05:22:11.584014Z,2020-01-31T23:59:00Z
2020-02-03,global_epu,157.625495,daily,authorized_policy_uncertainty_proxy,2026-06-25T05:22:11.584014Z,2020-02-03T23:59:00Z
2020-02-03,china_epu,179.610991,daily,authorized_policy_uncertainty_proxy,2026-06-25T05:22:11.584014Z,2020-02-03T23:59:00Z
2020-02-04,global_epu,147.864988,daily,authorized_policy_uncertainty_proxy,2026-06-25T05:22:11.584014Z,2020-02-04T23:59:00Z
2020-02-04,china_epu,183.129976,daily,authorized_policy_uncertainty_proxy,2026-06-25T05:22:11.584014Z,2020-02-04T23:59:00Z
2020-02-05,global_epu,138.572496,daily,authorized_policy_uncertainty_proxy,2026-06-25T05:22:11.584014Z,2020-02-05T23:59:00Z
2020-02-05,china_epu,175.344991,daily,authorized_policy_uncertainty_proxy,2026-06-25T05:22:11.584014Z,2020-02-05T23:59:00Z
2020-02-06,global_epu,135.459983,daily,authorized_policy_uncertainty_proxy,2026-06-25T05:22:11.584014Z,2020-02-06T23:59:00Z
2020-02-06,china_epu,170.919967,daily,authorized_policy_uncertainty_proxy,2026-06-25T05:22:11.584014Z,2020-02-06T23:59:00Z
2020-02-07,global_epu,139.183,daily,authorized_policy_uncertainty_proxy,2026-06-25T05:22:11.584014Z,2020-02-07T23:59:00Z
2020-02-07,china_epu,172.725999,daily,authorized_policy_uncertainty_proxy,2026-06-25T05:22:11.584014Z,2020-02-07T23:59:00Z
2020-02-10,global_epu,137.88099,daily,authorized_policy_uncertainty_proxy,2026-06-25T05:22:11.584014Z,2020-02-10T23:59:00Z
2020-02-10,china_epu,175.281979,daily,authorized_policy_uncertainty_proxy,2026-06-25T05:22:11.584014Z,2020-02-10T23:59:00Z
2020-02-11,global_epu,137.7745,daily,authorized_policy_uncertainty_proxy,2026-06-25T05:22:11.584014Z,2020-02-11T23:59:00Z
2020-02-11,china_epu,173.389001,daily,authorized_policy_uncertainty_proxy,2026-06-25T05:22:11.584014Z,2020-02-11T23:59:00Z
2020-02-12,global_epu,134.867501,daily,authorized_policy_uncertainty_proxy,2026-06-25T05:22:11.584014Z,2020-02-12T23:59:00Z
2020-02-12,china_epu,169.735003,daily,authorized_policy_uncertainty_proxy,2026-06-25T05:22:11.584014Z,2020-02-12T23:59:00Z
2020-02-13,global_epu,135.325015,daily,authorized_policy_uncertainty_proxy,2026-06-25T05:22:11.584014Z,2020-02-13T23:59:00Z
2020-02-13,china_epu,170.650029,daily,authorized_policy_uncertainty_proxy,2026-06-25T05:22:11.584014Z,2020-02-13T23:59:00Z
2020-02-14,global_epu,135.729992,daily,authorized_policy_uncertainty_proxy,2026-06-25T05:22:11.584014Z,2020-02-14T23:59:00Z
2020-02-14,china_epu,171.459985,daily,authorized_policy_uncertainty_proxy,2026-06-25T05:22:11.584014Z,2020-02-14T23:59:00Z
2020-02-17,global_epu,136.457515,daily,authorized_policy_uncertainty_proxy,2026-06-25T05:22:11.584014Z,2020-02-17T23:59:00Z
2020-02-17,china_epu,172.91503,daily,authorized_policy_uncertainty_proxy,2026-06-25T05:22:11.584014Z,2020-02-17T23:59:00Z
2020-02-18,global_epu,135.947502,daily,authorized_policy_uncertainty_proxy,2026-06-25T05:22:11.584014Z,2020-02-18T23:59:00Z
2020-02-18,china_epu,171.895003,daily,authorized_policy_uncertainty_proxy,2026-06-25T05:22:11.584014Z,2020-02-18T23:59:00Z
2020-02-19,global_epu,137.215006,daily,authorized_policy_uncertainty_proxy,2026-06-25T05:22:11.584014Z,2020-02-19T23:59:00Z
2020-02-19,china_epu,174.430013,daily,authorized_policy_uncertainty_proxy,2026-06-25T05:22:11.584014Z,2020-02-19T23:59:00Z
2020-02-20,global_epu,141.994001,daily,authorized_policy_uncertainty_proxy,2026-06-25T05:22:11.584014Z,2020-02-20T23:59:00Z
2020-02-20,china_epu,177.268002,daily,authorized_policy_uncertainty_proxy,2026-06-25T05:22:11.584014Z,2020-02-20T23:59:00Z
2020-02-21,global_epu,156.651993,daily,authorized_policy_uncertainty_proxy,2026-06-25T05:22:11.584014Z,2020-02-21T23:59:00Z
2020-02-21,china_epu,188.343985,daily,authorized_policy_uncertainty_proxy,2026-06-25T05:22:11.584014Z,2020-02-21T23:59:00Z
2020-02-24,global_epu,223.716986,daily,authorized_policy_uncertainty_proxy,2026-06-25T05:22:11.584014Z,2020-02-24T23:59:00Z
2020-02-24,china_epu,227.073973,daily,authorized_policy_uncertainty_proxy,2026-06-25T05:22:11.584014Z,2020-02-24T23:59:00Z
2020-02-25,global_epu,247.569996,daily,authorized_policy_uncertainty_proxy,2026-06-25T05:22:11.584014Z,2020-02-25T23:59:00Z
2020-02-25,china_epu,240.939992,daily,authorized_policy_uncertainty_proxy,2026-06-25T05:22:11.584014Z,2020-02-25T23:59:00Z
2020-02-26,global_epu,245.733988,daily,authorized_policy_uncertainty_proxy,2026-06-25T05:22:11.584014Z,2020-02-26T23:59:00Z
2020-02-26,china_epu,240.747976,daily,authorized_policy_uncertainty_proxy,2026-06-25T05:22:11.584014Z,2020-02-26T23:59:00Z
2020-02-27,global_epu,343.429013,daily,authorized_policy_uncertainty_proxy,2026-06-25T05:22:11.584014Z,2020-02-27T23:59:00Z
2020-02-27,china_epu,296.938025,daily,authorized_policy_uncertainty_proxy,2026-06-25T05:22:11.584014Z,2020-02-27T23:59:00Z
2020-02-28,global_epu,347.762499,daily,authorized_policy_uncertainty_proxy,2026-06-25T05:22:11.584014Z,2020-02-28T23:59:00Z
2020-02-28,china_epu,295.524998,daily,authorized_policy_uncertainty_proxy,2026-06-25T05:22:11.584014Z,2020-02-28T23:59:00Z
2020-03-02,global_epu,291.545503,daily,authorized_policy_uncertainty_proxy,2026-06-25T05:22:11.584014Z,2020-03-02T23:59:00Z
2020-03-02,china_epu,262.051006,daily,authorized_policy_uncertainty_proxy,2026-06-25T05:22:11.584014Z,2020-03-02T23:59:00Z
2020-03-03,global_epu,320.773015,daily,authorized_policy_uncertainty_proxy,2026-06-25T05:22:11.584014Z,2020-03-03T23:59:00Z
2020-03-03,china_epu,279.706031,daily,authorized_policy_uncertainty_proxy,2026-06-25T05:22:11.584014Z,2020-03-03T23:59:00Z
2020-03-04,global_epu,277.290997,daily,authorized_policy_uncertainty_proxy,2026-06-25T05:22:11.584014Z,2020-03-04T23:59:00Z
2020-03-04,china_epu,250.701995,daily,authorized_policy_uncertainty_proxy,2026-06-25T05:22:11.584014Z,2020-03-04T23:59:00Z
2020-03-05,global_epu,341.713016,daily,authorized_policy_uncertainty_proxy,2026-06-25T05:22:11.584014Z,2020-03-05T23:59:00Z
2020-03-05,china_epu,287.986033,daily,authorized_policy_uncertainty_proxy,2026-06-25T05:22:11.584014Z,2020-03-05T23:59:00Z
2020-03-06,global_epu,342.69999,daily,authorized_policy_uncertainty_proxy,2026-06-25T05:22:11.584014Z,2020-03-06T23:59:00Z
2020-03-06,china_epu,285.399981,daily,authorized_policy_uncertainty_proxy,2026-06-25T05:22:11.584014Z,2020-03-06T23:59:00Z
2020-03-09,global_epu,342.332492,daily,authorized_policy_uncertainty_proxy,2026-06-25T05:22:11.584014Z,2020-03-09T23:59:00Z
2020-03-09,china_epu,284.664984,daily,authorized_policy_uncertainty_proxy,2026-06-25T05:22:11.584014Z,2020-03-09T23:59:00Z
2020-03-10,global_epu,343.420002,daily,authorized_policy_uncertainty_proxy,2026-06-25T05:22:11.584014Z,2020-03-10T23:59:00Z
2020-03-10,china_epu,286.840005,daily,authorized_policy_uncertainty_proxy,2026-06-25T05:22:11.584014Z,2020-03-10T23:59:00Z
2020-03-11,global_epu,344.169984,daily,authorized_policy_uncertainty_proxy,2026-06-25T05:22:11.584014Z,2020-03-11T23:59:00Z
2020-03-11,china_epu,288.339968,daily,authorized_policy_uncertainty_proxy,2026-06-25T05:22:11.584014Z,2020-03-11T23:59:00Z
2020-03-12,global_epu,344.469998,daily,authorized_policy_uncertainty_proxy,2026-06-25T05:22:11.584014Z,2020-03-12T23:59:00Z
2020-03-12,china_epu,288.939996,daily,authorized_policy_uncertainty_proxy,2026-06-25T05:22:11.584014Z,2020-03-12T23:59:00Z
2020-03-13,global_epu,349.645016,daily,authorized_policy_uncertainty_proxy,2026-06-25T05:22:11.584014Z,2020-03-13T23:59:00Z
2020-03-13,china_epu,299.290032,daily,authorized_policy_uncertainty_proxy,2026-06-25T05:22:11.584014Z,2020-03-13T23:59:00Z
2020-03-16,global_epu,348.039982,daily,authorized_policy_uncertainty_proxy,2026-06-25T05:22:11.584014Z,2020-03-16T23:59:00Z
2020-03-16,china_epu,296.079965,daily,authorized_policy_uncertainty_proxy,2026-06-25T05:22:11.584014Z,2020-03-16T23:59:00Z
2020-03-17,global_epu,346.952507,daily,authorized_policy_uncertainty_proxy,2026-06-25T05:22:11.584014Z,2020-03-17T23:59:00Z
2020-03-17,china_epu,293.905015,daily,authorized_policy_uncertainty_proxy,2026-06-25T05:22:11.584014Z,2020-03-17T23:59:00Z
2020-03-18,global_epu,347.964988,daily,authorized_policy_uncertainty_proxy,2026-06-25T05:22:11.584014Z,2020-03-18T23:59:00Z
2020-03-18,china_epu,295.929976,daily,authorized_policy_uncertainty_proxy,2026-06-25T05:22:11.584014Z,2020-03-18T23:59:00Z
2020-03-19,global_epu,350.980005,daily,authorized_policy_uncertainty_proxy,2026-06-25T05:22:11.584014Z,2020-03-19T23:59:00Z
2020-03-19,china_epu,301.960011,daily,authorized_policy_uncertainty_proxy,2026-06-25T05:22:11.584014Z,2020-03-19T23:59:00Z
2020-03-20,global_epu,355.57749,daily,authorized_policy_uncertainty_proxy,2026-06-25T05:22:11.584014Z,2020-03-20T23:59:00Z
2020-03-20,china_epu,311.154981,daily,authorized_policy_uncertainty_proxy,2026-06-25T05:22:11.584014Z,2020-03-20T23:59:00Z
2020-03-23,global_epu,354.61,daily,authorized_policy_uncertainty_proxy,2026-06-25T05:22:11.584014Z,2020-03-23T23:59:00Z
2020-03-23,china_epu,309.219999,daily,authorized_policy_uncertainty_proxy,2026-06-25T05:22:11.584014Z,2020-03-23T23:59:00Z
2020-03-24,global_epu,354.347501,daily,authorized_policy_uncertainty_proxy,2026-06-25T05:22:11.584014Z,2020-03-24T23:59:00Z
2020-03-24,china_epu,308.695002,daily,authorized_policy_uncertainty_proxy,2026-06-25T05:22:11.584014Z,2020-03-24T23:59:00Z
2020-03-25,global_epu,352.149985,daily,authorized_policy_uncertainty_proxy,2026-06-25T05:22:11.584014Z,2020-03-25T23:59:00Z
2020-03-25,china_epu,304.29997,daily,authorized_policy_uncertainty_proxy,2026-06-25T05:22:11.584014Z,2020-03-25T23:59:00Z
2020-03-26,global_epu,356.012509,daily,authorized_policy_uncertainty_proxy,2026-06-25T05:22:11.584014Z,2020-03-26T23:59:00Z
2020-03-26,china_epu,312.025018,daily,authorized_policy_uncertainty_proxy,2026-06-25T05:22:11.584014Z,2020-03-26T23:59:00Z
2020-03-27,global_epu,352.982507,daily,authorized_policy_uncertainty_proxy,2026-06-25T05:22:11.584014Z,2020-03-27T23:59:00Z
2020-03-27,china_epu,305.965014,daily,authorized_policy_uncertainty_proxy,2026-06-25T05:22:11.584014Z,2020-03-27T23:59:00Z
2020-03-29,global_epu,144.647515,daily,authorized_policy_uncertainty_proxy,2026-06-25T05:22:11.584014Z,2020-03-29T23:59:00Z
2020-03-29,china_epu,189.29503,daily,authorized_policy_uncertainty_proxy,2026-06-25T05:22:11.584014Z,2020-03-29T23:59:00Z
2020-03-30,global_epu,354.939983,daily,authorized_policy_uncertainty_proxy,2026-06-25T05:22:11.584014Z,2020-03-30T23:59:00Z
2020-03-30,china_epu,309.879966,daily,authorized_policy_uncertainty_proxy,2026-06-25T05:22:11.584014Z,2020-03-30T23:59:00Z
2020-03-31,global_epu,353.604994,daily,authorized_policy_uncertainty_proxy,2026-06-25T05:22:11.584014Z,2020-03-31T23:59:00Z
2020-03-31,china_epu,307.209988,daily,authorized_policy_uncertainty_proxy,2026-06-25T05:22:11.584014Z,2020-03-31T23:59:00Z
2020-04-01,global_epu,354.947493,daily,authorized_policy_uncertainty_proxy,2026-06-25T05:22:11.584014Z,2020-04-01T23:59:00Z
2020-04-01,china_epu,309.894986,daily,authorized_policy_uncertainty_proxy,2026-06-25T05:22:11.584014Z,2020-04-01T23:59:00Z
2020-04-02,global_epu,353.739998,daily,authorized_policy_uncertainty_proxy,2026-06-25T05:22:11.584014Z,2020-04-02T23:59:00Z
2020-04-02,china_epu,307.479997,daily,authorized_policy_uncertainty_proxy,2026-06-25T05:22:11.584014Z,2020-04-02T23:59:00Z
2020-04-03,global_epu,310.0,daily,authorized_policy_uncertainty_proxy,2026-06-25T05:22:11.584014Z,2020-04-03T23:59:00Z
2020-04-03,china_epu,220.0,daily,authorized_policy_uncertainty_proxy,2026-06-25T05:22:11.584014Z,2020-04-03T23:59:00Z
2020-04-05,global_epu,144.347501,daily,authorized_policy_uncertainty_proxy,2026-06-25T05:22:11.584014Z,2020-04-05T23:59:00Z
2020-04-05,china_epu,188.695002,daily,authorized_policy_uncertainty_proxy,2026-06-25T05:22:11.584014Z,2020-04-05T23:59:00Z
2020-04-06,global_epu,354.347501,daily,authorized_policy_uncertainty_proxy,2026-06-25T05:22:11.584014Z,2020-04-06T23:59:00Z
2020-04-06,china_epu,308.695002,daily,authorized_policy_uncertainty_proxy,2026-06-25T05:22:11.584014Z,2020-04-06T23:59:00Z
2020-04-07,global_epu,350.859985,daily,authorized_policy_uncertainty_proxy,2026-06-25T05:22:11.584014Z,2020-04-07T23:59:00Z
2020-04-07,china_epu,301.719971,daily,authorized_policy_uncertainty_proxy,2026-06-25T05:22:11.584014Z,2020-04-07T23:59:00Z
2020-04-08,global_epu,352.367494,daily,authorized_policy_uncertainty_proxy,2026-06-25T05:22:11.584014Z,2020-04-08T23:59:00Z
2020-04-08,china_epu,304.734988,daily,authorized_policy_uncertainty_proxy,2026-06-25T05:22:11.584014Z,2020-04-08T23:59:00Z
2020-04-09,global_epu,350.665007,daily,authorized_policy_uncertainty_proxy,2026-06-25T05:22:11.584014Z,2020-04-09T23:59:00Z
2020-04-09,china_epu,301.330013,daily,authorized_policy_uncertainty_proxy,2026-06-25T05:22:11.584014Z,2020-04-09T23:59:00Z
2020-04-12,global_epu,140.132499,daily,authorized_policy_uncertainty_proxy,2026-06-25T05:22:11.584014Z,2020-04-12T23:59:00Z
2020-04-12,china_epu,180.264997,daily,authorized_policy_uncertainty_proxy,2026-06-25T05:22:11.584014Z,2020-04-12T23:59:00Z
2020-04-13,global_epu,351.369998,daily,authorized_policy_uncertainty_proxy,2026-06-25T05:22:11.584014Z,2020-04-13T23:59:00Z
2020-04-13,china_epu,302.739997,daily,authorized_policy_uncertainty_proxy,2026-06-25T05:22:11.584014Z,2020-04-13T23:59:00Z
2020-04-14,global_epu,332.306484,daily,authorized_policy_uncertainty_proxy,2026-06-25T05:22:11.584014Z,2020-04-14T23:59:00Z
2020-04-14,china_epu,291.492968,daily,authorized_policy_uncertainty_proxy,2026-06-25T05:22:11.584014Z,2020-04-14T23:59:00Z
2020-04-15,global_epu,352.487514,daily,authorized_policy_uncertainty_proxy,2026-06-25T05:22:11.584014Z,2020-04-15T23:59:00Z
2020-04-15,china_epu,304.975028,daily,authorized_policy_uncertainty_proxy,2026-06-25T05:22:11.584014Z,2020-04-15T23:59:00Z
2020-04-16,global_epu,353.410015,daily,authorized_policy_uncertainty_proxy,2026-06-25T05:22:11.584014Z,2020-04-16T23:59:00Z
2020-04-16,china_epu,306.82003,daily,authorized_policy_uncertainty_proxy,2026-06-25T05:22:11.584014Z,2020-04-16T23:59:00Z
2020-04-17,global_epu,294.46,daily,authorized_policy_uncertainty_proxy,2026-06-25T05:22:11.584014Z,2020-04-17T23:59:00Z
2020-04-17,china_epu,211.12,daily,authorized_policy_uncertainty_proxy,2026-06-25T05:22:11.584014Z,2020-04-17T23:59:00Z
2020-04-19,global_epu,142.914987,daily,authorized_policy_uncertainty_proxy,2026-06-25T05:22:11.584014Z,2020-04-19T23:59:00Z
2020-04-19,china_epu,185.829973,daily,authorized_policy_uncertainty_proxy,2026-06-25T05:22:11.584014Z,2020-04-19T23:59:00Z
2020-04-20,global_epu,352.930007,daily,authorized_policy_uncertainty_proxy,2026-06-25T05:22:11.584014Z,2020-04-20T23:59:00Z
2020-04-20,china_epu,305.860014,daily,authorized_policy_uncertainty_proxy,2026-06-25T05:22:11.584014Z,2020-04-20T23:59:00Z
2020-04-21,global_epu,352.809987,daily,authorized_policy_uncertainty_proxy,2026-06-25T05:22:11.584014Z,2020-04-21T23:59:00Z
2020-04-21,china_epu,305.619974,daily,authorized_policy_uncertainty_proxy,2026-06-25T05:22:11.584014Z,2020-04-21T23:59:00Z
2020-04-22,global_epu,353.732488,daily,authorized_policy_uncertainty_proxy,2026-06-25T05:22:11.584014Z,2020-04-22T23:59:00Z
2020-04-22,china_epu,307.464976,daily,authorized_policy_uncertainty_proxy,2026-06-25T05:22:11.584014Z,2020-04-22T23:59:00Z
2020-04-23,global_epu,352.389989,daily,authorized_policy_uncertainty_proxy,2026-06-25T05:22:11.584014Z,2020-04-23T23:59:00Z
2020-04-23,china_epu,304.779978,daily,authorized_policy_uncertainty_proxy,2026-06-25T05:22:11.584014Z,2020-04-23T23:59:00Z
2020-04-24,global_epu,275.812,daily,authorized_policy_uncertainty_proxy,2026-06-25T05:22:11.584014Z,2020-04-24T23:59:00Z
2020-04-24,china_epu,200.464,daily,authorized_policy_uncertainty_proxy,2026-06-25T05:22:11.584014Z,2020-04-24T23:59:00Z
2020-04-26,global_epu,143.567514,daily,authorized_policy_uncertainty_proxy,2026-06-25T05:22:11.584014Z,2020-04-26T23:59:00Z
2020-04-26,china_epu,187.135029,daily,authorized_policy_uncertainty_proxy,2026-06-25T05:22:11.584014Z,2020-04-26T23:59:00Z
2020-04-27,global_epu,297.533498,daily,authorized_policy_uncertainty_proxy,2026-06-25T05:22:11.584014Z,2020-04-27T23:59:00Z
2020-04-27,china_epu,275.586995,daily,authorized_policy_uncertainty_proxy,2026-06-25T05:22:11.584014Z,2020-04-27T23:59:00Z
2020-04-28,global_epu,299.345515,daily,authorized_policy_uncertainty_proxy,2026-06-25T05:22:11.584014Z,2020-04-28T23:59:00Z
2020-04-28,china_epu,275.851031,daily,authorized_policy_uncertainty_proxy,2026-06-25T05:22:11.584014Z,2020-04-28T23:59:00Z
2020-04-29,global_epu,279.486991,daily,authorized_policy_uncertainty_proxy,2026-06-25T05:22:11.584014Z,2020-04-29T23:59:00Z
2020-04-29,china_epu,264.213981,daily,authorized_policy_uncertainty_proxy,2026-06-25T05:22:11.584014Z,2020-04-29T23:59:00Z
2020-04-30,global_epu,302.957485,daily,authorized_policy_uncertainty_proxy,2026-06-25T05:22:11.584014Z,2020-04-30T23:59:00Z
2020-04-30,china_epu,276.11497,daily,authorized_policy_uncertainty_proxy,2026-06-25T05:22:11.584014Z,2020-04-30T23:59:00Z
2020-05-01,global_epu,286.396,daily,authorized_policy_uncertainty_proxy,2026-06-25T05:22:11.584014Z,2020-05-01T23:59:00Z
2020-05-01,china_epu,206.512,daily,authorized_policy_uncertainty_proxy,2026-06-25T05:22:11.584014Z,2020-05-01T23:59:00Z
2020-05-03,global_epu,142.112505,daily,authorized_policy_uncertainty_proxy,2026-06-25T05:22:11.584014Z,2020-05-03T23:59:00Z
2020-05-03,china_epu,184.225011,daily,authorized_policy_uncertainty_proxy,2026-06-25T05:22:11.584014Z,2020-05-03T23:59:00Z
2020-05-04,global_epu,318.260505,daily,authorized_policy_uncertainty_proxy,2026-06-25T05:22:11.584014Z,2020-05-04T23:59:00Z
2020-05-04,china_epu,284.881011,daily,authorized_policy_uncertainty_proxy,2026-06-25T05:22:11.584014Z,2020-05-04T23:59:00Z
2020-05-05,global_epu,298.436505,daily,authorized_policy_uncertainty_proxy,2026-06-25T05:22:11.584014Z,2020-05-05T23:59:00Z
2020-05-05,china_epu,273.553011,daily,authorized_policy_uncertainty_proxy,2026-06-25T05:22:11.584014Z,2020-05-05T23:59:00Z
2020-05-06,global_epu,305.878002,daily,authorized_policy_uncertainty_proxy,2026-06-25T05:22:11.584014Z,2020-05-06T23:59:00Z
2020-05-06,china_epu,282.316004,daily,authorized_policy_uncertainty_proxy,2026-06-25T05:22:11.584014Z,2020-05-06T23:59:00Z
2020-05-07,global_epu,281.880988,daily,authorized_policy_uncertainty_proxy,2026-06-25T05:22:11.584014Z,2020-05-07T23:59:00Z
2020-05-07,china_epu,266.481976,daily,authorized_policy_uncertainty_proxy,2026-06-25T05:22:11.584014Z,2020-05-07T23:59:00Z
2020-05-08,global_epu,209.032,daily,authorized_policy_uncertainty_proxy,2026-06-25T05:22:11.584014Z,2020-05-08T23:59:00Z
2020-05-08,china_epu,162.304,daily,authorized_policy_uncertainty_proxy,2026-06-25T05:22:11.584014Z,2020-05-08T23:59:00Z
2020-05-10,global_epu,142.982507,daily,authorized_policy_uncertainty_proxy,2026-06-25T05:22:11.584014Z,2020-05-10T23:59:00Z
2020-05-10,china_epu,185.965014,daily,authorized_policy_uncertainty_proxy,2026-06-25T05:22:11.584014Z,2020-05-10T23:59:00Z
2020-05-11,global_epu,250.438004,daily,authorized_policy_uncertainty_proxy,2026-06-25T05:22:11.584014Z,2020-05-11T23:59:00Z
2020-05-11,china_epu,250.036007,daily,authorized_policy_uncertainty_proxy,2026-06-25T05:22:11.584014Z,2020-05-11T23:59:00Z
2020-05-12,global_epu,295.193494,daily,authorized_policy_uncertainty_proxy,2026-06-25T05:22:11.584014Z,2020-05-12T23:59:00Z
2020-05-12,china_epu,273.906987,daily,authorized_policy_uncertainty_proxy,2026-06-25T05:22:11.584014Z,2020-05-12T23:59:00Z
2020-05-13,global_epu,314.699501,daily,authorized_policy_uncertainty_proxy,2026-06-25T05:22:11.584014Z,2020-05-13T23:59:00Z
2020-05-13,china_epu,286.039002,daily,authorized_policy_uncertainty_proxy,2026-06-25T05:22:11.584014Z,2020-05-13T23:59:00Z
2020-05-14,global_epu,292.526489,daily,authorized_policy_uncertainty_proxy,2026-06-25T05:22:11.584014Z,2020-05-14T23:59:00Z
2020-05-14,china_epu,273.732979,daily,authorized_policy_uncertainty_proxy,2026-06-25T05:22:11.584014Z,2020-05-14T23:59:00Z
2020-05-15,global_epu,241.876,daily,authorized_policy_uncertainty_proxy,2026-06-25T05:22:11.584014Z,2020-05-15T23:59:00Z
2020-05-15,china_epu,181.072,daily,authorized_policy_uncertainty_proxy,2026-06-25T05:22:11.584014Z,2020-05-15T23:59:00Z
2020-05-17,global_epu,145.090008,daily,authorized_policy_uncertainty_proxy,2026-06-25T05:22:11.584014Z,2020-05-17T23:59:00Z
2020-05-17,china_epu,190.180016,daily,authorized_policy_uncertainty_proxy,2026-06-25T05:22:11.584014Z,2020-05-17T23:59:00Z
2020-05-18,global_epu,265.76501,daily,authorized_policy_uncertainty_proxy,2026-06-25T05:22:11.584014Z,2020-05-18T23:59:00Z
2020-05-18,china_epu,259.930021,daily,authorized_policy_uncertainty_proxy,2026-06-25T05:22:11.584014Z,2020-05-18T23:59:00Z
2020-05-19,global_epu,275.316988,daily,authorized_policy_uncertainty_proxy,2026-06-25T05:22:11.584014Z,2020-05-19T23:59:00Z
2020-05-19,china_epu,264.273977,daily,authorized_policy_uncertainty_proxy,2026-06-25T05:22:11.584014Z,2020-05-19T23:59:00Z
2020-05-20,global_epu,253.553516,daily,authorized_policy_uncertainty_proxy,2026-06-25T05:22:11.584014Z,2020-05-20T23:59:00Z
2020-05-20,china_epu,251.227031,daily,authorized_policy_uncertainty_proxy,2026-06-25T05:22:11.584014Z,2020-05-20T23:59:00Z
2020-05-21,global_epu,268.124483,daily,authorized_policy_uncertainty_proxy,2026-06-25T05:22:11.584014Z,2020-05-21T23:59:00Z
2020-05-21,china_epu,261.888966,daily,authorized_policy_uncertainty_proxy,2026-06-25T05:22:11.584014Z,2020-05-21T23:59:00Z
2020-05-22,global_epu,210.544,daily,authorized_policy_uncertainty_proxy,2026-06-25T05:22:11.584014Z,2020-05-22T23:59:00Z
2020-05-22,china_epu,163.168,daily,authorized_policy_uncertainty_proxy,2026-06-25T05:22:11.584014Z,2020-05-22T23:59:00Z
2020-05-24,global_epu,147.204983,daily,authorized_policy_uncertainty_proxy,2026-06-25T05:22:11.584014Z,2020-05-24T23:59:00Z
2020-05-24,china_epu,194.409966,daily,authorized_policy_uncertainty_proxy,2026-06-25T05:22:11.584014Z,2020-05-24T23:59:00Z
2020-05-25,global_epu,147.677517,daily,authorized_policy_uncertainty_proxy,2026-06-25T05:22:11.584014Z,2020-05-25T23:59:00Z
2020-05-25,china_epu,195.355034,daily,authorized_policy_uncertainty_proxy,2026-06-25T05:22:11.584014Z,2020-05-25T23:59:00Z
2020-05-26,global_epu,256.841497,daily,authorized_policy_uncertainty_proxy,2026-06-25T05:22:11.584014Z,2020-05-26T23:59:00Z
2020-05-26,china_epu,257.562994,daily,authorized_policy_uncertainty_proxy,2026-06-25T05:22:11.584014Z,2020-05-26T23:59:00Z
2020-05-27,global_epu,256.123001,daily,authorized_policy_uncertainty_proxy,2026-06-25T05:22:11.584014Z,2020-05-27T23:59:00Z
2020-05-27,china_epu,260.806002,daily,authorized_policy_uncertainty_proxy,2026-06-25T05:22:11.584014Z,2020-05-27T23:59:00Z
2020-05-28,global_epu,262.545983,daily,authorized_policy_uncertainty_proxy,2026-06-25T05:22:11.584014Z,2020-05-28T23:59:00Z
2020-05-28,china_epu,262.011966,daily,authorized_policy_uncertainty_proxy,2026-06-25T05:22:11.584014Z,2020-05-28T23:59:00Z
2020-05-29,global_epu,205.084,daily,authorized_policy_uncertainty_proxy,2026-06-25T05:22:11.584014Z,2020-05-29T23:59:00Z
2020-05-29,china_epu,160.048,daily,authorized_policy_uncertainty_proxy,2026-06-25T05:22:11.584014Z,2020-05-29T23:59:00Z
2020-05-31,global_epu,147.722507,daily,authorized_policy_uncertainty_proxy,2026-06-25T05:22:11.584014Z,2020-05-31T23:59:00Z
2020-05-31,china_epu,195.445013,daily,authorized_policy_uncertainty_proxy,2026-06-25T05:22:11.584014Z,2020-05-31T23:59:00Z
2020-06-01,global_epu,258.134494,daily,authorized_policy_uncertainty_proxy,2026-06-25T05:22:11.584014Z,2020-06-01T23:59:00Z
2020-06-01,china_epu,257.508989,daily,authorized_policy_uncertainty_proxy,2026-06-25T05:22:11.584014Z,2020-06-01T23:59:00Z
2020-06-02,global_epu,244.448483,daily,authorized_policy_uncertainty_proxy,2026-06-25T05:22:11.584014Z,2020-06-02T23:59:00Z
2020-06-02,china_epu,246.816965,daily,authorized_policy_uncertainty_proxy,2026-06-25T05:22:11.584014Z,2020-06-02T23:59:00Z
2020-06-03,global_epu,235.646488,daily,authorized_policy_uncertainty_proxy,2026-06-25T05:22:11.584014Z,2020-06-03T23:59:00Z
2020-06-03,china_epu,243.372976,daily,authorized_policy_uncertainty_proxy,2026-06-25T05:22:11.584014Z,2020-06-03T23:59:00Z
2020-06-04,global_epu,236.494,daily,authorized_policy_uncertainty_proxy,2026-06-25T05:22:11.584014Z,2020-06-04T23:59:00Z
2020-06-04,china_epu,243.268,daily,authorized_policy_uncertainty_proxy,2026-06-25T05:22:11.584014Z,2020-06-04T23:59:00Z
2020-06-05,global_epu,179.968,daily,authorized_policy_uncertainty_proxy,2026-06-25T05:22:11.584014Z,2020-06-05T23:59:00Z
2020-06-05,china_epu,145.696,daily,authorized_policy_uncertainty_proxy,2026-06-25T05:22:11.584014Z,2020-06-05T23:59:00Z
2020-06-07,global_epu,143.574989,daily,authorized_policy_uncertainty_proxy,2026-06-25T05:22:11.584014Z,2020-06-07T23:59:00Z
2020-06-07,china_epu,187.149978,daily,authorized_policy_uncertainty_proxy,2026-06-25T05:22:11.584014Z,2020-06-07T23:59:00Z
2020-06-08,global_epu,233.576508,daily,authorized_policy_uncertainty_proxy,2026-06-25T05:22:11.584014Z,2020-06-08T23:59:00Z
2020-06-08,china_epu,237.433015,daily,authorized_policy_uncertainty_proxy,2026-06-25T05:22:11.584014Z,2020-06-08T23:59:00Z
2020-06-09,global_epu,248.810511,daily,authorized_policy_uncertainty_proxy,2026-06-25T05:22:11.584014Z,2020-06-09T23:59:00Z
2020-06-09,china_epu,246.781022,daily,authorized_policy_uncertainty_proxy,2026-06-25T05:22:11.584014Z,2020-06-09T23:59:00Z
2020-06-10,global_epu,247.587996,daily,authorized_policy_uncertainty_proxy,2026-06-25T05:22:11.584014Z,2020-06-10T23:59:00Z
2020-06-10,china_epu,244.335991,daily,authorized_policy_uncertainty_proxy,2026-06-25T05:22:11.584014Z,2020-06-10T23:59:00Z
2020-06-11,global_epu,352.307484,daily,authorized_policy_uncertainty_proxy,2026-06-25T05:22:11.584014Z,2020-06-11T23:59:00Z
2020-06-11,china_epu,304.614968,daily,authorized_policy_uncertainty_proxy,2026-06-25T05:22:11.584014Z,2020-06-11T23:59:00Z
2020-06-12,global_epu,277.156,daily,authorized_policy_uncertainty_proxy,2026-06-25T05:22:11.584014Z,2020-06-12T23:59:00Z
2020-06-12,china_epu,201.232,daily,authorized_policy_uncertainty_proxy,2026-06-25T05:22:11.584014Z,2020-06-12T23:59:00Z
2020-06-14,global_epu,143.679988,daily,authorized_policy_uncertainty_proxy,2026-06-25T05:22:11.584014Z,2020-06-14T23:59:00Z
2020-06-14,china_epu,187.359977,daily,authorized_policy_uncertainty_proxy,2026-06-25T05:22:11.584014Z,2020-06-14T23:59:00Z
2020-06-15,global_epu,307.269986,daily,authorized_policy_uncertainty_proxy,2026-06-25T05:22:11.584014Z,2020-06-15T23:59:00Z
2020-06-15,china_epu,281.739971,daily,authorized_policy_uncertainty_proxy,2026-06-25T05:22:11.584014Z,2020-06-15T23:59:00Z
2020-06-16,global_epu,300.777997,daily,authorized_policy_uncertainty_proxy,2026-06-25T05:22:11.584014Z,2020-06-16T23:59:00Z
2020-06-16,china_epu,277.515995,daily,authorized_policy_uncertainty_proxy,2026-06-25T05:22:11.584014Z,2020-06-16T23:59:00Z
2020-06-17,global_epu,298.985488,daily,authorized_policy_uncertainty_proxy,2026-06-25T05:22:11.584014Z,2020-06-17T23:59:00Z
2020-06-17,china_epu,276.330975,daily,authorized_policy_uncertainty_proxy,2026-06-25T05:22:11.584014Z,2020-06-17T23:59:00Z
2020-06-18,global_epu,294.825992,daily,authorized_policy_uncertainty_proxy,2026-06-25T05:22:11.584014Z,2020-06-18T23:59:00Z
2020-06-18,china_epu,274.371983,daily,authorized_policy_uncertainty_proxy,2026-06-25T05:22:11.584014Z,2020-06-18T23:59:00Z
2020-06-19,global_epu,269.008,daily,authorized_policy_uncertainty_proxy,2026-06-25T05:22:11.584014Z,2020-06-19T23:59:00Z
2020-06-19,china_epu,196.576,daily,authorized_policy_uncertainty_proxy,2026-06-25T05:22:11.584014Z,2020-06-19T23:59:00Z
2020-06-21,global_epu,142.847502,daily,authorized_policy_uncertainty_proxy,2026-06-25T05:22:11.584014Z,2020-06-21T23:59:00Z
2020-06-21,china_epu,185.695004,daily,authorized_policy_uncertainty_proxy,2026-06-25T05:22:11.584014Z,2020-06-21T23:59:00Z
2020-06-22,global_epu,283.422998,daily,authorized_policy_uncertainty_proxy,2026-06-25T05:22:11.584014Z,2020-06-22T23:59:00Z
2020-06-22,china_epu,265.605997,daily,authorized_policy_uncertainty_proxy,2026-06-25T05:22:11.584014Z,2020-06-22T23:59:00Z
2020-06-23,global_epu,279.313017,daily,authorized_policy_uncertainty_proxy,2026-06-25T05:22:11.584014Z,2020-06-23T23:59:00Z
2020-06-23,china_epu,262.186034,daily,authorized_policy_uncertainty_proxy,2026-06-25T05:22:11.584014Z,2020-06-23T23:59:00Z
2020-06-24,global_epu,301.545995,daily,authorized_policy_uncertainty_proxy,2026-06-25T05:22:11.584014Z,2020-06-24T23:59:00Z
2020-06-24,china_epu,277.01199,daily,authorized_policy_uncertainty_proxy,2026-06-25T05:22:11.584014Z,2020-06-24T23:59:00Z
2020-06-25,global_epu,287.937995,daily,authorized_policy_uncertainty_proxy,2026-06-25T05:22:11.584014Z,2020-06-25T23:59:00Z
2020-06-25,china_epu,269.23599,daily,authorized_policy_uncertainty_proxy,2026-06-25T05:22:11.584014Z,2020-06-25T23:59:00Z
2020-06-26,global_epu,265.732,daily,authorized_policy_uncertainty_proxy,2026-06-25T05:22:11.584014Z,2020-06-26T23:59:00Z
2020-06-26,china_epu,194.704,daily,authorized_policy_uncertainty_proxy,2026-06-25T05:22:11.584014Z,2020-06-26T23:59:00Z
2020-06-28,global_epu,143.289995,daily,authorized_policy_uncertainty_proxy,2026-06-25T05:22:11.584014Z,2020-06-28T23:59:00Z
2020-06-28,china_epu,186.57999,daily,authorized_policy_uncertainty_proxy,2026-06-25T05:22:11.584014Z,2020-06-28T23:59:00Z
2020-06-29,global_epu,284.421989,daily,authorized_policy_uncertainty_proxy,2026-06-25T05:22:11.584014Z,2020-06-29T23:59:00Z
2020-06-29,china_epu,267.483979,daily,authorized_policy_uncertainty_proxy,2026-06-25T05:22:11.584014Z,2020-06-29T23:59:00Z
2020-06-30,global_epu,271.942015,daily,authorized_policy_uncertainty_proxy,2026-06-25T05:22:11.584014Z,2020-06-30T23:59:00Z
2020-06-30,china_epu,258.724029,daily,authorized_policy_uncertainty_proxy,2026-06-25T05:22:11.584014Z,2020-06-30T23:59:00Z
2020-07-01,global_epu,257.165487,daily,authorized_policy_uncertainty_proxy,2026-06-25T05:22:11.584014Z,2020-07-01T23:59:00Z
2020-07-01,china_epu,250.890975,daily,authorized_policy_uncertainty_proxy,2026-06-25T05:22:11.584014Z,2020-07-01T23:59:00Z
2020-07-02,global_epu,248.924484,daily,authorized_policy_uncertainty_proxy,2026-06-25T05:22:11.584014Z,2020-07-02T23:59:00Z
2020-07-02,china_epu,245.688967,daily,authorized_policy_uncertainty_proxy,2026-06-25T05:22:11.584014Z,2020-07-02T23:59:00Z
2020-07-05,global_epu,142.405009,daily,authorized_policy_uncertainty_proxy,2026-06-25T05:22:11.584014Z,2020-07-05T23:59:00Z
2020-07-05,china_epu,184.810019,daily,authorized_policy_uncertainty_proxy,2026-06-25T05:22:11.584014Z,2020-07-05T23:59:00Z
2020-07-06,global_epu,247.49351,daily,authorized_policy_uncertainty_proxy,2026-06-25T05:22:11.584014Z,2020-07-06T23:59:00Z
2020-07-06,china_epu,239.707019,daily,authorized_policy_uncertainty_proxy,2026-06-25T05:22:11.584014Z,2020-07-06T23:59:00Z
2020-07-07,global_epu,259.679491,daily,authorized_policy_uncertainty_proxy,2026-06-25T05:22:11.584014Z,2020-07-07T23:59:00Z
2020-07-07,china_epu,246.198981,daily,authorized_policy_uncertainty_proxy,2026-06-25T05:22:11.584014Z,2020-07-07T23:59:00Z
2020-07-08,global_epu,247.634499,daily,authorized_policy_uncertainty_proxy,2026-06-25T05:22:11.584014Z,2020-07-08T23:59:00Z
2020-07-08,china_epu,238.308998,daily,authorized_policy_uncertainty_proxy,2026-06-25T05:22:11.584014Z,2020-07-08T23:59:00Z
2020-07-09,global_epu,256.766512,daily,authorized_policy_uncertainty_proxy,2026-06-25T05:22:11.584014Z,2020-07-09T23:59:00Z
2020-07-09,china_epu,242.413025,daily,authorized_policy_uncertainty_proxy,2026-06-25T05:22:11.584014Z,2020-07-09T23:59:00Z
2020-07-10,global_epu,203.236,daily,authorized_policy_uncertainty_proxy,2026-06-25T05:22:11.584014Z,2020-07-10T23:59:00Z
2020-07-10,china_epu,158.992,daily,authorized_policy_uncertainty_proxy,2026-06-25T05:22:11.584014Z,2020-07-10T23:59:00Z
2020-07-12,global_epu,136.900008,daily,authorized_policy_uncertainty_proxy,2026-06-25T05:22:11.584014Z,2020-07-12T23:59:00Z
2020-07-12,china_epu,173.800015,daily,authorized_policy_uncertainty_proxy,2026-06-25T05:22:11.584014Z,2020-07-12T23:59:00Z
2020-07-13,global_epu,281.625991,daily,authorized_policy_uncertainty_proxy,2026-06-25T05:22:11.584014Z,2020-07-13T23:59:00Z
2020-07-13,china_epu,256.971982,daily,authorized_policy_uncertainty_proxy,2026-06-25T05:22:11.584014Z,2020-07-13T23:59:00Z
2020-07-14,global_epu,259.153001,daily,authorized_policy_uncertainty_proxy,2026-06-25T05:22:11.584014Z,2020-07-14T23:59:00Z
2020-07-14,china_epu,244.066003,daily,authorized_policy_uncertainty_proxy,2026-06-25T05:22:11.584014Z,2020-07-14T23:59:00Z
2020-07-15,global_epu,243.769009,daily,authorized_policy_uncertainty_proxy,2026-06-25T05:22:11.584014Z,2020-07-15T23:59:00Z
2020-07-15,china_epu,234.418018,daily,authorized_policy_uncertainty_proxy,2026-06-25T05:22:11.584014Z,2020-07-15T23:59:00Z
2020-07-16,global_epu,245.815014,daily,authorized_policy_uncertainty_proxy,2026-06-25T05:22:11.584014Z,2020-07-16T23:59:00Z
2020-07-16,china_epu,235.630028,daily,authorized_policy_uncertainty_proxy,2026-06-25T05:22:11.584014Z,2020-07-16T23:59:00Z
2020-07-17,global_epu,189.712,daily,authorized_policy_uncertainty_proxy,2026-06-25T05:22:11.584014Z,2020-07-17T23:59:00Z
2020-07-17,china_epu,151.264,daily,authorized_policy_uncertainty_proxy,2026-06-25T05:22:11.584014Z,2020-07-17T23:59:00Z
2020-07-19,global_epu,136.839998,daily,authorized_policy_uncertainty_proxy,2026-06-25T05:22:11.584014Z,2020-07-19T23:59:00Z
2020-07-19,china_epu,173.679996,daily,authorized_policy_uncertainty_proxy,2026-06-25T05:22:11.584014Z,2020-07-19T23:59:00Z
2020-07-20,global_epu,215.636485,daily,authorized_policy_uncertainty_proxy,2026-06-25T05:22:11.584014Z,2020-07-20T23:59:00Z
2020-07-20,china_epu,217.752971,daily,authorized_policy_uncertainty_proxy,2026-06-25T05:22:11.584014Z,2020-07-20T23:59:00Z
2020-07-21,global_epu,218.633507,daily,authorized_policy_uncertainty_proxy,2026-06-25T05:22:11.584014Z,2020-07-21T23:59:00Z
2020-07-21,china_epu,219.187013,daily,authorized_policy_uncertainty_proxy,2026-06-25T05:22:11.584014Z,2020-07-21T23:59:00Z
2020-07-22,global_epu,215.690511,daily,authorized_policy_uncertainty_proxy,2026-06-25T05:22:11.584014Z,2020-07-22T23:59:00Z
2020-07-22,china_epu,219.541021,daily,authorized_policy_uncertainty_proxy,2026-06-25T05:22:11.584014Z,2020-07-22T23:59:00Z
2020-07-23,global_epu,230.804494,daily,authorized_policy_uncertainty_proxy,2026-06-25T05:22:11.584014Z,2020-07-23T23:59:00Z
2020-07-23,china_epu,228.648988,daily,authorized_policy_uncertainty_proxy,2026-06-25T05:22:11.584014Z,2020-07-23T23:59:00Z
2020-07-24,global_epu,191.056,daily,authorized_policy_uncertainty_proxy,2026-06-25T05:22:11.584014Z,2020-07-24T23:59:00Z
2020-07-24,china_epu,152.032,daily,authorized_policy_uncertainty_proxy,2026-06-25T05:22:11.584014Z,2020-07-24T23:59:00Z
2020-07-26,global_epu,138.707495,daily,authorized_policy_uncertainty_proxy,2026-06-25T05:22:11.584014Z,2020-07-26T23:59:00Z
2020-07-26,china_epu,177.414989,daily,authorized_policy_uncertainty_proxy,2026-06-25T05:22:11.584014Z,2020-07-26T23:59:00Z
2020-07-27,global_epu,218.805987,daily,authorized_policy_uncertainty_proxy,2026-06-25T05:22:11.584014Z,2020-07-27T23:59:00Z
2020-07-27,china_epu,220.731974,daily,authorized_policy_uncertainty_proxy,2026-06-25T05:22:11.584014Z,2020-07-27T23:59:00Z
2020-07-28,global_epu,225.173505,daily,authorized_policy_uncertainty_proxy,2026-06-25T05:22:11.584014Z,2020-07-28T23:59:00Z
2020-07-28,china_epu,225.06701,daily,authorized_policy_uncertainty_proxy,2026-06-25T05:22:11.584014Z,2020-07-28T23:59:00Z
2020-07-29,global_epu,213.962495,daily,authorized_policy_uncertainty_proxy,2026-06-25T05:22:11.584014Z,2020-07-29T23:59:00Z
2020-07-29,china_epu,218.72499,daily,authorized_policy_uncertainty_proxy,2026-06-25T05:22:11.584014Z,2020-07-29T23:59:00Z
2020-07-30,global_epu,220.031493,daily,authorized_policy_uncertainty_proxy,2026-06-25T05:22:11.584014Z,2020-07-30T23:59:00Z
2020-07-30,china_epu,222.942985,daily,authorized_policy_uncertainty_proxy,2026-06-25T05:22:11.584014Z,2020-07-30T23:59:00Z
2020-07-31,global_epu,179.464,daily,authorized_policy_uncertainty_proxy,2026-06-25T05:22:11.584014Z,2020-07-31T23:59:00Z
2020-07-31,china_epu,145.408,daily,authorized_policy_uncertainty_proxy,2026-06-25T05:22:11.584014Z,2020-07-31T23:59:00Z
2020-08-02,global_epu,135.564983,daily,authorized_policy_uncertainty_proxy,2026-06-25T05:22:11.584014Z,2020-08-02T23:59:00Z
2020-08-02,china_epu,171.129966,daily,authorized_policy_uncertainty_proxy,2026-06-25T05:22:11.584014Z,2020-08-02T23:59:00Z
2020-08-03,global_epu,213.907012,daily,authorized_policy_uncertainty_proxy,2026-06-25T05:22:11.584014Z,2020-08-03T23:59:00Z
2020-08-03,china_epu,216.454024,daily,authorized_policy_uncertainty_proxy,2026-06-25T05:22:11.584014Z,2020-08-03T23:59:00Z
2020-08-04,global_epu,209.036509,daily,authorized_policy_uncertainty_proxy,2026-06-25T05:22:11.584014Z,2020-08-04T23:59:00Z
2020-08-04,china_epu,212.953018,daily,authorized_policy_uncertainty_proxy,2026-06-25T05:22:11.584014Z,2020-08-04T23:59:00Z
2020-08-05,global_epu,199.710991,daily,authorized_policy_uncertainty_proxy,2026-06-25T05:22:11.584014Z,2020-08-05T23:59:00Z
2020-08-05,china_epu,203.541981,daily,authorized_policy_uncertainty_proxy,2026-06-25T05:22:11.584014Z,2020-08-05T23:59:00Z
2020-08-06,global_epu,198.190016,daily,authorized_policy_uncertainty_proxy,2026-06-25T05:22:11.584014Z,2020-08-06T23:59:00Z
2020-08-06,china_epu,204.580031,daily,authorized_policy_uncertainty_proxy,2026-06-25T05:22:11.584014Z,2020-08-06T23:59:00Z
2020-08-07,global_epu,160.564,daily,authorized_policy_uncertainty_proxy,2026-06-25T05:22:11.584014Z,2020-08-07T23:59:00Z
2020-08-07,china_epu,134.608,daily,authorized_policy_uncertainty_proxy,2026-06-25T05:22:11.584014Z,2020-08-07T23:59:00Z
2020-08-09,global_epu,135.025001,daily,authorized_policy_uncertainty_proxy,2026-06-25T05:22:11.584014Z,2020-08-09T23:59:00Z
2020-08-09,china_epu,170.050001,daily,authorized_policy_uncertainty_proxy,2026-06-25T05:22:11.584014Z,2020-08-09T23:59:00Z
2020-08-10,global_epu,194.452013,daily,authorized_policy_uncertainty_proxy,2026-06-25T05:22:11.584014Z,2020-08-10T23:59:00Z
2020-08-10,china_epu,203.344026,daily,authorized_policy_uncertainty_proxy,2026-06-25T05:22:11.584014Z,2020-08-10T23:59:00Z
2020-08-11,global_epu,209.249508,daily,authorized_policy_uncertainty_proxy,2026-06-25T05:22:11.584014Z,2020-08-11T23:59:00Z
2020-08-11,china_epu,210.139015,daily,authorized_policy_uncertainty_proxy,2026-06-25T05:22:11.584014Z,2020-08-11T23:59:00Z
2020-08-12,global_epu,193.867011,daily,authorized_policy_uncertainty_proxy,2026-06-25T05:22:11.584014Z,2020-08-12T23:59:00Z
2020-08-12,china_epu,200.374021,daily,authorized_policy_uncertainty_proxy,2026-06-25T05:22:11.584014Z,2020-08-12T23:59:00Z
2020-08-13,global_epu,193.162013,daily,authorized_policy_uncertainty_proxy,2026-06-25T05:22:11.584014Z,2020-08-13T23:59:00Z
2020-08-13,china_epu,200.764027,daily,authorized_policy_uncertainty_proxy,2026-06-25T05:22:11.584014Z,2020-08-13T23:59:00Z
2020-08-14,global_epu,159.22,daily,authorized_policy_uncertainty_proxy,2026-06-25T05:22:11.584014Z,2020-08-14T23:59:00Z
2020-08-14,china_epu,133.84,daily,authorized_policy_uncertainty_proxy,2026-06-25T05:22:11.584014Z,2020-08-14T23:59:00Z
2020-08-16,global_epu,133.704996,daily,authorized_policy_uncertainty_proxy,2026-06-25T05:22:11.584014Z,2020-08-16T23:59:00Z
2020-08-16,china_epu,167.409992,daily,authorized_policy_uncertainty_proxy,2026-06-25T05:22:11.584014Z,2020-08-16T23:59:00Z
2020-08-17,global_epu,185.724992,daily,authorized_policy_uncertainty_proxy,2026-06-25T05:22:11.584014Z,2020-08-17T23:59:00Z
2020-08-17,china_epu,195.249983,daily,authorized_policy_uncertainty_proxy,2026-06-25T05:22:11.584014Z,2020-08-17T23:59:00Z
2020-08-18,global_epu,186.244016,daily,authorized_policy_uncertainty_proxy,2026-06-25T05:22:11.584014Z,2020-08-18T23:59:00Z
2020-08-18,china_epu,194.368031,daily,authorized_policy_uncertainty_proxy,2026-06-25T05:22:11.584014Z,2020-08-18T23:59:00Z
2020-08-19,global_epu,194.775996,daily,authorized_policy_uncertainty_proxy,2026-06-25T05:22:11.584014Z,2020-08-19T23:59:00Z
2020-08-19,china_epu,199.071992,daily,authorized_policy_uncertainty_proxy,2026-06-25T05:22:11.584014Z,2020-08-19T23:59:00Z
2020-08-20,global_epu,195.958013,daily,authorized_policy_uncertainty_proxy,2026-06-25T05:22:11.584014Z,2020-08-20T23:59:00Z
2020-08-20,china_epu,199.276025,daily,authorized_policy_uncertainty_proxy,2026-06-25T05:22:11.584014Z,2020-08-20T23:59:00Z
2020-08-21,global_epu,163.336,daily,authorized_policy_uncertainty_proxy,2026-06-25T05:22:11.584014Z,2020-08-21T23:59:00Z
2020-08-21,china_epu,136.192,daily,authorized_policy_uncertainty_proxy,2026-06-25T05:22:11.584014Z,2020-08-21T23:59:00Z
2020-08-23,global_epu,131.387496,daily,authorized_policy_uncertainty_proxy,2026-06-25T05:22:11.584014Z,2020-08-23T23:59:00Z
2020-08-23,china_epu,162.774992,daily,authorized_policy_uncertainty_proxy,2026-06-25T05:22:11.584014Z,2020-08-23T23:59:00Z
2020-08-24,global_epu,193.325501,daily,authorized_policy_uncertainty_proxy,2026-06-25T05:22:11.584014Z,2020-08-24T23:59:00Z
2020-08-24,china_epu,198.211002,daily,authorized_policy_uncertainty_proxy,2026-06-25T05:22:11.584014Z,2020-08-24T23:59:00Z
2020-08-25,global_epu,189.944503,daily,authorized_policy_uncertainty_proxy,2026-06-25T05:22:11.584014Z,2020-08-25T23:59:00Z
2020-08-25,china_epu,195.529007,daily,authorized_policy_uncertainty_proxy,2026-06-25T05:22:11.584014Z,2020-08-25T23:59:00Z
2020-08-26,global_epu,198.335507,daily,authorized_policy_uncertainty_proxy,2026-06-25T05:22:11.584014Z,2020-08-26T23:59:00Z
2020-08-26,china_epu,197.431014,daily,authorized_policy_uncertainty_proxy,2026-06-25T05:22:11.584014Z,2020-08-26T23:59:00Z
2020-08-27,global_epu,208.738016,daily,authorized_policy_uncertainty_proxy,2026-06-25T05:22:11.584014Z,2020-08-27T23:59:00Z
2020-08-27,china_epu,203.836032,daily,authorized_policy_uncertainty_proxy,2026-06-25T05:22:11.584014Z,2020-08-27T23:59:00Z
2020-08-28,global_epu,166.864,daily,authorized_policy_uncertainty_proxy,2026-06-25T05:22:11.584014Z,2020-08-28T23:59:00Z
2020-08-28,china_epu,138.208,daily,authorized_policy_uncertainty_proxy,2026-06-25T05:22:11.584014Z,2020-08-28T23:59:00Z
2020-08-30,global_epu,127.329993,daily,authorized_policy_uncertainty_proxy,2026-06-25T05:22:11.584014Z,2020-08-30T23:59:00Z
2020-08-30,china_epu,154.659986,daily,authorized_policy_uncertainty_proxy,2026-06-25T05:22:11.584014Z,2020-08-30T23:59:00Z
2020-08-31,global_epu,221.921509,daily,authorized_policy_uncertainty_proxy,2026-06-25T05:22:11.584014Z,2020-08-31T23:59:00Z
2020-08-31,china_epu,206.923018,daily,authorized_policy_uncertainty_proxy,2026-06-25T05:22:11.584014Z,2020-08-31T23:59:00Z
2020-09-01,global_epu,217.97049,daily,authorized_policy_uncertainty_proxy,2026-06-25T05:22:11.584014Z,2020-09-01T23:59:00Z
2020-09-01,china_epu,202.50098,daily,authorized_policy_uncertainty_proxy,2026-06-25T05:22:11.584014Z,2020-09-01T23:59:00Z
2020-09-02,global_epu,222.485487,daily,authorized_policy_uncertainty_proxy,2026-06-25T05:22:11.584014Z,2020-09-02T23:59:00Z
2020-09-02,china_epu,206.130974,daily,authorized_policy_uncertainty_proxy,2026-06-25T05:22:11.584014Z,2020-09-02T23:59:00Z
2020-09-03,global_epu,282.174994,daily,authorized_policy_uncertainty_proxy,2026-06-25T05:22:11.584014Z,2020-09-03T23:59:00Z
2020-09-03,china_epu,241.149988,daily,authorized_policy_uncertainty_proxy,2026-06-25T05:22:11.584014Z,2020-09-03T23:59:00Z
2020-09-04,global_epu,232.3,daily,authorized_policy_uncertainty_proxy,2026-06-25T05:22:11.584014Z,2020-09-04T23:59:00Z
2020-09-04,china_epu,175.6,daily,authorized_policy_uncertainty_proxy,2026-06-25T05:22:11.584014Z,2020-09-04T23:59:00Z
2020-09-06,global_epu,125.612485,daily,authorized_policy_uncertainty_proxy,2026-06-25T05:22:11.584014Z,2020-09-06T23:59:00Z
2020-09-06,china_epu,151.224971,daily,authorized_policy_uncertainty_proxy,2026-06-25T05:22:11.584014Z,2020-09-06T23:59:00Z
2020-09-07,global_epu,124.712515,daily,authorized_policy_uncertainty_proxy,2026-06-25T05:22:11.584014Z,2020-09-07T23:59:00Z
2020-09-07,china_epu,149.42503,daily,authorized_policy_uncertainty_proxy,2026-06-25T05:22:11.584014Z,2020-09-07T23:59:00Z
2020-09-08,global_epu,264.146494,daily,authorized_policy_uncertainty_proxy,2026-06-25T05:22:11.584014Z,2020-09-08T23:59:00Z
2020-09-08,china_epu,230.772989,daily,authorized_policy_uncertainty_proxy,2026-06-25T05:22:11.584014Z,2020-09-08T23:59:00Z
2020-09-09,global_epu,240.888999,daily,authorized_policy_uncertainty_proxy,2026-06-25T05:22:11.584014Z,2020-09-09T23:59:00Z
2020-09-09,china_epu,216.057998,daily,authorized_policy_uncertainty_proxy,2026-06-25T05:22:11.584014Z,2020-09-09T23:59:00Z
2020-09-10,global_epu,248.561509,daily,authorized_policy_uncertainty_proxy,2026-06-25T05:22:11.584014Z,2020-09-10T23:59:00Z
2020-09-10,china_epu,220.603017,daily,authorized_policy_uncertainty_proxy,2026-06-25T05:22:11.584014Z,2020-09-10T23:59:00Z
2020-09-11,global_epu,199.708,daily,authorized_policy_uncertainty_proxy,2026-06-25T05:22:11.584014Z,2020-09-11T23:59:00Z
2020-09-11,china_epu,156.976,daily,authorized_policy_uncertainty_proxy,2026-06-25T05:22:11.584014Z,2020-09-11T23:59:00Z
2020-09-13,global_epu,125.004983,daily,authorized_policy_uncertainty_proxy,2026-06-25T05:22:11.584014Z,2020-09-13T23:59:00Z
2020-09-13,china_epu,150.009966,daily,authorized_policy_uncertainty_proxy,2026-06-25T05:22:11.584014Z,2020-09-13T23:59:00Z
2020-09-14,global_epu,214.322511,daily,authorized_policy_uncertainty_proxy,2026-06-25T05:22:11.584014Z,2020-09-14T23:59:00Z
2020-09-14,china_epu,198.445023,daily,authorized_policy_uncertainty_proxy,2026-06-25T05:22:11.584014Z,2020-09-14T23:59:00Z
2020-09-15,global_epu,209.978511,daily,authorized_policy_uncertainty_proxy,2026-06-25T05:22:11.584014Z,2020-09-15T23:59:00Z
2020-09-15,china_epu,192.877021,daily,authorized_policy_uncertainty_proxy,2026-06-25T05:22:11.584014Z,2020-09-15T23:59:00Z
2020-09-16,global_epu,211.763483,daily,authorized_policy_uncertainty_proxy,2026-06-25T05:22:11.584014Z,2020-09-16T23:59:00Z
2020-09-16,china_epu,191.046967,daily,authorized_policy_uncertainty_proxy,2026-06-25T05:22:11.584014Z,2020-09-16T23:59:00Z
2020-09-17,global_epu,216.071506,daily,authorized_policy_uncertainty_proxy,2026-06-25T05:22:11.584014Z,2020-09-17T23:59:00Z
2020-09-17,china_epu,194.623011,daily,authorized_policy_uncertainty_proxy,2026-06-25T05:22:11.584014Z,2020-09-17T23:59:00Z
2020-09-18,global_epu,190.972,daily,authorized_policy_uncertainty_proxy,2026-06-25T05:22:11.584014Z,2020-09-18T23:59:00Z
2020-09-18,china_epu,151.984,daily,authorized_policy_uncertainty_proxy,2026-06-25T05:22:11.584014Z,2020-09-18T23:59:00Z
2020-09-20,global_epu,120.100009,daily,authorized_policy_uncertainty_proxy,2026-06-25T05:22:11.584014Z,2020-09-20T23:59:00Z
2020-09-20,china_epu,140.200019,daily,authorized_policy_uncertainty_proxy,2026-06-25T05:22:11.584014Z,2020-09-20T23:59:00Z
2020-09-21,global_epu,230.129498,daily,authorized_policy_uncertainty_proxy,2026-06-25T05:22:11.584014Z,2020-09-21T23:59:00Z
2020-09-21,china_epu,206.898996,daily,authorized_policy_uncertainty_proxy,2026-06-25T05:22:11.584014Z,2020-09-21T23:59:00Z
2020-09-22,global_epu,220.503996,daily,authorized_policy_uncertainty_proxy,2026-06-25T05:22:11.584014Z,2020-09-22T23:59:00Z
2020-09-22,china_epu,198.687992,daily,authorized_policy_uncertainty_proxy,2026-06-25T05:22:11.584014Z,2020-09-22T23:59:00Z
2020-09-23,global_epu,237.239491,daily,authorized_policy_uncertainty_proxy,2026-06-25T05:22:11.584014Z,2020-09-23T23:59:00Z
2020-09-23,china_epu,211.518982,daily,authorized_policy_uncertainty_proxy,2026-06-25T05:22:11.584014Z,2020-09-23T23:59:00Z
2020-09-24,global_epu,238.06151,daily,authorized_policy_uncertainty_proxy,2026-06-25T05:22:11.584014Z,2020-09-24T23:59:00Z
2020-09-24,china_epu,214.003021,daily,authorized_policy_uncertainty_proxy,2026-06-25T05:22:11.584014Z,2020-09-24T23:59:00Z
2020-09-25,global_epu,195.592,daily,authorized_policy_uncertainty_proxy,2026-06-25T05:22:11.584014Z,2020-09-25T23:59:00Z
2020-09-25,china_epu,154.624,daily,authorized_policy_uncertainty_proxy,2026-06-25T05:22:11.584014Z,2020-09-25T23:59:00Z
2020-09-27,global_epu,124.210012,daily,authorized_policy_uncertainty_proxy,2026-06-25T05:22:11.584014Z,2020-09-27T23:59:00Z
2020-09-27,china_epu,148.420024,daily,authorized_policy_uncertainty_proxy,2026-06-25T05:22:11.584014Z,2020-09-27T23:59:00Z
2020-09-28,global_epu,217.306006,daily,authorized_policy_uncertainty_proxy,2026-06-25T05:22:11.584014Z,2020-09-28T23:59:00Z
2020-09-28,china_epu,200.332011,daily,authorized_policy_uncertainty_proxy,2026-06-25T05:22:11.584014Z,2020-09-28T23:59:00Z
2020-09-29,global_epu,218.323009,daily,authorized_policy_uncertainty_proxy,2026-06-25T05:22:11.584014Z,2020-09-29T23:59:00Z
2020-09-29,china_epu,201.406019,daily,authorized_policy_uncertainty_proxy,2026-06-25T05:22:11.584014Z,2020-09-29T23:59:00Z
2020-09-30,global_epu,217.235502,daily,authorized_policy_uncertainty_proxy,2026-06-25T05:22:11.584014Z,2020-09-30T23:59:00Z
2020-09-30,china_epu,198.031005,daily,authorized_policy_uncertainty_proxy,2026-06-25T05:22:11.584014Z,2020-09-30T23:59:00Z
2020-10-01,global_epu,219.985008,daily,authorized_policy_uncertainty_proxy,2026-06-25T05:22:11.584014Z,2020-10-01T23:59:00Z
2020-10-01,china_epu,199.570015,daily,authorized_policy_uncertainty_proxy,2026-06-25T05:22:11.584014Z,2020-10-01T23:59:00Z
2020-10-02,global_epu,206.092,daily,authorized_policy_uncertainty_proxy,2026-06-25T05:22:11.584014Z,2020-10-02T23:59:00Z
2020-10-02,china_epu,160.624,daily,authorized_policy_uncertainty_proxy,2026-06-25T05:22:11.584014Z,2020-10-02T23:59:00Z
2020-10-04,global_epu,121.735013,daily,authorized_policy_uncertainty_proxy,2026-06-25T05:22:11.584014Z,2020-10-04T23:59:00Z
2020-10-04,china_epu,143.470025,daily,authorized_policy_uncertainty_proxy,2026-06-25T05:22:11.584014Z,2020-10-04T23:59:00Z
2020-10-05,global_epu,230.599013,daily,authorized_policy_uncertainty_proxy,2026-06-25T05:22:11.584014Z,2020-10-05T23:59:00Z
2020-10-05,china_epu,205.678025,daily,authorized_policy_uncertainty_proxy,2026-06-25T05:22:11.584014Z,2020-10-05T23:59:00Z
2020-10-06,global_epu,243.367013,daily,authorized_policy_uncertainty_proxy,2026-06-25T05:22:11.584014Z,2020-10-06T23:59:00Z
2020-10-06,china_epu,212.974025,daily,authorized_policy_uncertainty_proxy,2026-06-25T05:22:11.584014Z,2020-10-06T23:59:00Z
2020-10-07,global_epu,231.431502,daily,authorized_policy_uncertainty_proxy,2026-06-25T05:22:11.584014Z,2020-10-07T23:59:00Z
2020-10-07,china_epu,206.143005,daily,authorized_policy_uncertainty_proxy,2026-06-25T05:22:11.584014Z,2020-10-07T23:59:00Z
2020-10-08,global_epu,217.113987,daily,authorized_policy_uncertainty_proxy,2026-06-25T05:22:11.584014Z,2020-10-08T23:59:00Z
2020-10-08,china_epu,197.907974,daily,authorized_policy_uncertainty_proxy,2026-06-25T05:22:11.584014Z,2020-10-08T23:59:00Z
2020-10-09,global_epu,184.0,daily,authorized_policy_uncertainty_proxy,2026-06-25T05:22:11.584014Z,2020-10-09T23:59:00Z
2020-10-09,china_epu,148.0,daily,authorized_policy_uncertainty_proxy,2026-06-25T05:22:11.584014Z,2020-10-09T23:59:00Z
2020-10-11,global_epu,114.527488,daily,authorized_policy_uncertainty_proxy,2026-06-25T05:22:11.584014Z,2020-10-11T23:59:00Z
2020-10-11,china_epu,129.054976,daily,authorized_policy_uncertainty_proxy,2026-06-25T05:22:11.584014Z,2020-10-11T23:59:00Z
2020-10-12,global_epu,202.918002,daily,authorized_policy_uncertainty_proxy,2026-06-25T05:22:11.584014Z,2020-10-12T23:59:00Z
2020-10-12,china_epu,184.996004,daily,authorized_policy_uncertainty_proxy,2026-06-25T05:22:11.584014Z,2020-10-12T23:59:00Z
2020-10-13,global_epu,211.400507,daily,authorized_policy_uncertainty_proxy,2026-06-25T05:22:11.584014Z,2020-10-13T23:59:00Z
2020-10-13,china_epu,189.961013,daily,authorized_policy_uncertainty_proxy,2026-06-25T05:22:11.584014Z,2020-10-13T23:59:00Z
2020-10-14,global_epu,211.780012,daily,authorized_policy_uncertainty_proxy,2026-06-25T05:22:11.584014Z,2020-10-14T23:59:00Z
2020-10-14,china_epu,186.760024,daily,authorized_policy_uncertainty_proxy,2026-06-25T05:22:11.584014Z,2020-10-14T23:59:00Z
2020-10-15,global_epu,217.340488,daily,authorized_policy_uncertainty_proxy,2026-06-25T05:22:11.584014Z,2020-10-15T23:59:00Z
2020-10-15,china_epu,191.040976,daily,authorized_policy_uncertainty_proxy,2026-06-25T05:22:11.584014Z,2020-10-15T23:59:00Z
2020-10-16,global_epu,204.244,daily,authorized_policy_uncertainty_proxy,2026-06-25T05:22:11.584014Z,2020-10-16T23:59:00Z
2020-10-16,china_epu,159.568,daily,authorized_policy_uncertainty_proxy,2026-06-25T05:22:11.584014Z,2020-10-16T23:59:00Z
2020-10-18,global_epu,114.744997,daily,authorized_policy_uncertainty_proxy,2026-06-25T05:22:11.584014Z,2020-10-18T23:59:00Z
2020-10-18,china_epu,129.489994,daily,authorized_policy_uncertainty_proxy,2026-06-25T05:22:11.584014Z,2020-10-18T23:59:00Z
2020-10-19,global_epu,232.664487,daily,authorized_policy_uncertainty_proxy,2026-06-25T05:22:11.584014Z,2020-10-19T23:59:00Z
2020-10-19,china_epu,195.168974,daily,authorized_policy_uncertainty_proxy,2026-06-25T05:22:11.584014Z,2020-10-19T23:59:00Z
2020-10-20,global_epu,233.679999,daily,authorized_policy_uncertainty_proxy,2026-06-25T05:22:11.584014Z,2020-10-20T23:59:00Z
2020-10-20,china_epu,195.159998,daily,authorized_policy_uncertainty_proxy,2026-06-25T05:22:11.584014Z,2020-10-20T23:59:00Z
2020-10-21,global_epu,225.910007,daily,authorized_policy_uncertainty_proxy,2026-06-25T05:22:11.584014Z,2020-10-21T23:59:00Z
2020-10-21,china_epu,188.020014,daily,authorized_policy_uncertainty_proxy,2026-06-25T05:22:11.584014Z,2020-10-21T23:59:00Z
2020-10-22,global_epu,223.886486,daily,authorized_policy_uncertainty_proxy,2026-06-25T05:22:11.584014Z,2020-10-22T23:59:00Z
2020-10-22,china_epu,190.452972,daily,authorized_policy_uncertainty_proxy,2026-06-25T05:22:11.584014Z,2020-10-22T23:59:00Z
2020-10-23,global_epu,205.42,daily,authorized_policy_uncertainty_proxy,2026-06-25T05:22:11.584014Z,2020-10-23T23:59:00Z
2020-10-23,china_epu,160.24,daily,authorized_policy_uncertainty_proxy,2026-06-25T05:22:11.584014Z,2020-10-23T23:59:00Z
2020-10-26,global_epu,260.591495,daily,authorized_policy_uncertainty_proxy,2026-06-25T05:22:11.584014Z,2020-10-26T23:59:00Z
2020-10-26,china_epu,211.662991,daily,authorized_policy_uncertainty_proxy,2026-06-25T05:22:11.584014Z,2020-10-26T23:59:00Z
2020-10-27,global_epu,269.987492,daily,authorized_policy_uncertainty_proxy,2026-06-25T05:22:11.584014Z,2020-10-27T23:59:00Z
2020-10-27,china_epu,219.774984,daily,authorized_policy_uncertainty_proxy,2026-06-25T05:22:11.584014Z,2020-10-27T23:59:00Z
2020-10-28,global_epu,325.330005,daily,authorized_policy_uncertainty_proxy,2026-06-25T05:22:11.584014Z,2020-10-28T23:59:00Z
2020-10-28,china_epu,250.660009,daily,authorized_policy_uncertainty_proxy,2026-06-25T05:22:11.584014Z,2020-10-28T23:59:00Z
2020-10-29,global_epu,306.848502,daily,authorized_policy_uncertainty_proxy,2026-06-25T05:22:11.584014Z,2020-10-29T23:59:00Z
2020-10-29,china_epu,242.617004,daily,authorized_policy_uncertainty_proxy,2026-06-25T05:22:11.584014Z,2020-10-29T23:59:00Z
2020-10-30,global_epu,309.418017,daily,authorized_policy_uncertainty_proxy,2026-06-25T05:22:11.584014Z,2020-10-30T23:59:00Z
2020-10-30,china_epu,242.596034,daily,authorized_policy_uncertainty_proxy,2026-06-25T05:22:11.584014Z,2020-10-30T23:59:00Z
2020-11-02,global_epu,300.074484,daily,authorized_policy_uncertainty_proxy,2026-06-25T05:22:11.584014Z,2020-11-02T23:59:00Z
2020-11-02,china_epu,234.588968,daily,authorized_policy_uncertainty_proxy,2026-06-25T05:22:11.584014Z,2020-11-02T23:59:00Z
2020-11-03,global_epu,286.847509,daily,authorized_policy_uncertainty_proxy,2026-06-25T05:22:11.584014Z,2020-11-03T23:59:00Z
2020-11-03,china_epu,227.095019,daily,authorized_policy_uncertainty_proxy,2026-06-25T05:22:11.584014Z,2020-11-03T23:59:00Z
2020-11-04,global_epu,235.632998,daily,authorized_policy_uncertainty_proxy,2026-06-25T05:22:11.584014Z,2020-11-04T23:59:00Z
2020-11-04,china_epu,196.425997,daily,authorized_policy_uncertainty_proxy,2026-06-25T05:22:11.584014Z,2020-11-04T23:59:00Z
2020-11-05,global_epu,217.071996,daily,authorized_policy_uncertainty_proxy,2026-06-25T05:22:11.584014Z,2020-11-05T23:59:00Z
2020-11-05,china_epu,183.183993,daily,authorized_policy_uncertainty_proxy,2026-06-25T05:22:11.584014Z,2020-11-05T23:59:00Z
2020-11-06,global_epu,190.713986,daily,authorized_policy_uncertainty_proxy,2026-06-25T05:22:11.584014Z,2020-11-06T23:59:00Z
2020-11-06,china_epu,163.107972,daily,authorized_policy_uncertainty_proxy,2026-06-25T05:22:11.584014Z,2020-11-06T23:59:00Z
2020-11-09,global_epu,198.580015,daily,authorized_policy_uncertainty_proxy,2026-06-25T05:22:11.584014Z,2020-11-09T23:59:00Z
2020-11-09,china_epu,168.16003,daily,authorized_policy_uncertainty_proxy,2026-06-25T05:22:11.584014Z,2020-11-09T23:59:00Z
2020-11-10,global_epu,191.927494,daily,authorized_policy_uncertainty_proxy,2026-06-25T05:22:11.584014Z,2020-11-10T23:59:00Z
2020-11-10,china_epu,166.254988,daily,authorized_policy_uncertainty_proxy,2026-06-25T05:22:11.584014Z,2020-11-10T23:59:00Z
2020-11-11,global_epu,179.589998,daily,authorized_policy_uncertainty_proxy,2026-06-25T05:22:11.584014Z,2020-11-11T23:59:00Z
2020-11-11,china_epu,157.779996,daily,authorized_policy_uncertainty_proxy,2026-06-25T05:22:11.584014Z,2020-11-11T23:59:00Z
2020-11-12,global_epu,196.749983,daily,authorized_policy_uncertainty_proxy,2026-06-25T05:22:11.584014Z,2020-11-12T23:59:00Z
2020-11-12,china_epu,169.299966,daily,authorized_policy_uncertainty_proxy,2026-06-25T05:22:11.584014Z,2020-11-12T23:59:00Z
2020-11-13,global_epu,176.335,daily,authorized_policy_uncertainty_proxy,2026-06-25T05:22:11.584014Z,2020-11-13T23:59:00Z
2020-11-13,china_epu,155.469999,daily,authorized_policy_uncertainty_proxy,2026-06-25T05:22:11.584014Z,2020-11-13T23:59:00Z
2020-11-16,global_epu,170.485006,daily,authorized_policy_uncertainty_proxy,2026-06-25T05:22:11.584014Z,2020-11-16T23:59:00Z
2020-11-16,china_epu,151.570013,daily,authorized_policy_uncertainty_proxy,2026-06-25T05:22:11.584014Z,2020-11-16T23:59:00Z
2020-11-17,global_epu,171.048988,daily,authorized_policy_uncertainty_proxy,2026-06-25T05:22:11.584014Z,2020-11-17T23:59:00Z
2020-11-17,china_epu,149.577976,daily,authorized_policy_uncertainty_proxy,2026-06-25T05:22:11.584014Z,2020-11-17T23:59:00Z
2020-11-18,global_epu,178.388497,daily,authorized_policy_uncertainty_proxy,2026-06-25T05:22:11.584014Z,2020-11-18T23:59:00Z
2020-11-18,china_epu,150.696995,daily,authorized_policy_uncertainty_proxy,2026-06-25T05:22:11.584014Z,2020-11-18T23:59:00Z
2020-11-19,global_epu,172.586516,daily,authorized_policy_uncertainty_proxy,2026-06-25T05:22:11.584014Z,2020-11-19T23:59:00Z
2020-11-19,china_epu,147.853033,daily,authorized_policy_uncertainty_proxy,2026-06-25T05:22:11.584014Z,2020-11-19T23:59:00Z
2020-11-20,global_epu,179.259988,daily,authorized_policy_uncertainty_proxy,2026-06-25T05:22:11.584014Z,2020-11-20T23:59:00Z
2020-11-20,china_epu,154.119977,daily,authorized_policy_uncertainty_proxy,2026-06-25T05:22:11.584014Z,2020-11-20T23:59:00Z
2020-11-23,global_epu,168.98651,daily,authorized_policy_uncertainty_proxy,2026-06-25T05:22:11.584014Z,2020-11-23T23:59:00Z
2020-11-23,china_epu,146.053021,daily,authorized_policy_uncertainty_proxy,2026-06-25T05:22:11.584014Z,2020-11-23T23:59:00Z
2020-11-24,global_epu,162.113488,daily,authorized_policy_uncertainty_proxy,2026-06-25T05:22:11.584014Z,2020-11-24T23:59:00Z
2020-11-24,china_epu,144.546975,daily,authorized_policy_uncertainty_proxy,2026-06-25T05:22:11.584014Z,2020-11-24T23:59:00Z
2020-11-25,global_epu,159.264996,daily,authorized_policy_uncertainty_proxy,2026-06-25T05:22:11.584014Z,2020-11-25T23:59:00Z
2020-11-25,china_epu,143.529992,daily,authorized_policy_uncertainty_proxy,2026-06-25T05:22:11.584014Z,2020-11-25T23:59:00Z
2020-11-26,global_epu,105.81249,daily,authorized_policy_uncertainty_proxy,2026-06-25T05:22:11.584014Z,2020-11-26T23:59:00Z
2020-11-26,china_epu,111.62498,daily,authorized_policy_uncertainty_proxy,2026-06-25T05:22:11.584014Z,2020-11-26T23:59:00Z
2020-11-27,global_epu,154.643506,daily,authorized_policy_uncertainty_proxy,2026-06-25T05:22:11.584014Z,2020-11-27T23:59:00Z
2020-11-27,china_epu,139.207013,daily,authorized_policy_uncertainty_proxy,2026-06-25T05:22:11.584014Z,2020-11-27T23:59:00Z
2020-11-30,global_epu,152.488016,daily,authorized_policy_uncertainty_proxy,2026-06-25T05:22:11.584014Z,2020-11-30T23:59:00Z
2020-11-30,china_epu,138.136032,daily,authorized_policy_uncertainty_proxy,2026-06-25T05:22:11.584014Z,2020-11-30T23:59:00Z
2020-12-01,global_epu,154.302985,daily,authorized_policy_uncertainty_proxy,2026-06-25T05:22:11.584014Z,2020-12-01T23:59:00Z
2020-12-01,china_epu,139.36597,daily,authorized_policy_uncertainty_proxy,2026-06-25T05:22:11.584014Z,2020-12-01T23:59:00Z
2020-12-02,global_epu,157.137987,daily,authorized_policy_uncertainty_proxy,2026-06-25T05:22:11.584014Z,2020-12-02T23:59:00Z
2020-12-02,china_epu,140.235974,daily,authorized_policy_uncertainty_proxy,2026-06-25T05:22:11.584014Z,2020-12-02T23:59:00Z
2020-12-03,global_epu,157.43199,daily,authorized_policy_uncertainty_proxy,2026-06-25T05:22:11.584014Z,2020-12-03T23:59:00Z
2020-12-03,china_epu,139.50398,daily,authorized_policy_uncertainty_proxy,2026-06-25T05:22:11.584014Z,2020-12-03T23:59:00Z
2020-12-04,global_epu,151.740997,daily,authorized_policy_uncertainty_proxy,2026-06-25T05:22:11.584014Z,2020-12-04T23:59:00Z
2020-12-04,china_epu,134.001993,daily,authorized_policy_uncertainty_proxy,2026-06-25T05:22:11.584014Z,2020-12-04T23:59:00Z
2020-12-07,global_epu,155.215005,daily,authorized_policy_uncertainty_proxy,2026-06-25T05:22:11.584014Z,2020-12-07T23:59:00Z
2020-12-07,china_epu,134.830011,daily,authorized_policy_uncertainty_proxy,2026-06-25T05:22:11.584014Z,2020-12-07T23:59:00Z
2020-12-08,global_epu,149.864491,daily,authorized_policy_uncertainty_proxy,2026-06-25T05:22:11.584014Z,2020-12-08T23:59:00Z
2020-12-08,china_epu,131.568981,daily,authorized_policy_uncertainty_proxy,2026-06-25T05:22:11.584014Z,2020-12-08T23:59:00Z
2020-12-09,global_epu,163.44551,daily,authorized_policy_uncertainty_proxy,2026-06-25T05:22:11.584014Z,2020-12-09T23:59:00Z
2020-12-09,china_epu,139.65102,daily,authorized_policy_uncertainty_proxy,2026-06-25T05:22:11.584014Z,2020-12-09T23:59:00Z
2020-12-10,global_epu,166.333007,daily,authorized_policy_uncertainty_proxy,2026-06-25T05:22:11.584014Z,2020-12-10T23:59:00Z
2020-12-10,china_epu,142.426013,daily,authorized_policy_uncertainty_proxy,2026-06-25T05:22:11.584014Z,2020-12-10T23:59:00Z
2020-12-11,global_epu,173.134016,daily,authorized_policy_uncertainty_proxy,2026-06-25T05:22:11.584014Z,2020-12-11T23:59:00Z
2020-12-11,china_epu,146.548032,daily,authorized_policy_uncertainty_proxy,2026-06-25T05:22:11.584014Z,2020-12-11T23:59:00Z
2020-12-14,global_epu,185.075505,daily,authorized_policy_uncertainty_proxy,2026-06-25T05:22:11.584014Z,2020-12-14T23:59:00Z
2020-12-14,china_epu,153.511011,daily,authorized_policy_uncertainty_proxy,2026-06-25T05:22:11.584014Z,2020-12-14T23:59:00Z
2020-12-15,global_epu,170.003484,daily,authorized_policy_uncertainty_proxy,2026-06-25T05:22:11.584014Z,2020-12-15T23:59:00Z
2020-12-15,china_epu,145.326967,daily,authorized_policy_uncertainty_proxy,2026-06-25T05:22:11.584014Z,2020-12-15T23:59:00Z
2020-12-16,global_epu,165.872503,daily,authorized_policy_uncertainty_proxy,2026-06-25T05:22:11.584014Z,2020-12-16T23:59:00Z
2020-12-16,china_epu,141.745006,daily,authorized_policy_uncertainty_proxy,2026-06-25T05:22:11.584014Z,2020-12-16T23:59:00Z
2020-12-17,global_epu,160.559505,daily,authorized_policy_uncertainty_proxy,2026-06-25T05:22:11.584014Z,2020-12-17T23:59:00Z
2020-12-17,china_epu,137.95901,daily,authorized_policy_uncertainty_proxy,2026-06-25T05:22:11.584014Z,2020-12-17T23:59:00Z
2020-12-18,global_epu,157.595515,daily,authorized_policy_uncertainty_proxy,2026-06-25T05:22:11.584014Z,2020-12-18T23:59:00Z
2020-12-18,china_epu,136.35103,daily,authorized_policy_uncertainty_proxy,2026-06-25T05:22:11.584014Z,2020-12-18T23:59:00Z
2020-12-21,global_epu,188.043983,daily,authorized_policy_uncertainty_proxy,2026-06-25T05:22:11.584014Z,2020-12-21T23:59:00Z
2020-12-21,china_epu,154.167966,daily,authorized_policy_uncertainty_proxy,2026-06-25T05:22:11.584014Z,2020-12-21T23:59:00Z
2020-12-22,global_epu,181.14701,daily,authorized_policy_uncertainty_proxy,2026-06-25T05:22:11.584014Z,2020-12-22T23:59:00Z
2020-12-22,china_epu,151.53402,daily,authorized_policy_uncertainty_proxy,2026-06-25T05:22:11.584014Z,2020-12-22T23:59:00Z
2020-12-23,global_epu,172.969007,daily,authorized_policy_uncertainty_proxy,2026-06-25T05:22:11.584014Z,2020-12-23T23:59:00Z
2020-12-23,china_epu,146.218013,daily,authorized_policy_uncertainty_proxy,2026-06-25T05:22:11.584014Z,2020-12-23T23:59:00Z
2020-12-24,global_epu,157.821992,daily,authorized_policy_uncertainty_proxy,2026-06-25T05:22:11.584014Z,2020-12-24T23:59:00Z
2020-12-24,china_epu,137.283984,daily,authorized_policy_uncertainty_proxy,2026-06-25T05:22:11.584014Z,2020-12-24T23:59:00Z
2020-12-25,global_epu,102.174985,daily,authorized_policy_uncertainty_proxy,2026-06-25T05:22:11.584014Z,2020-12-25T23:59:00Z
2020-12-25,china_epu,104.349971,daily,authorized_policy_uncertainty_proxy,2026-06-25T05:22:11.584014Z,2020-12-25T23:59:00Z
2020-12-28,global_epu,159.340007,daily,authorized_policy_uncertainty_proxy,2026-06-25T05:22:11.584014Z,2020-12-28T23:59:00Z
2020-12-28,china_epu,138.280014,daily,authorized_policy_uncertainty_proxy,2026-06-25T05:22:11.584014Z,2020-12-28T23:59:00Z
2020-12-29,global_epu,170.542014,daily,authorized_policy_uncertainty_proxy,2026-06-25T05:22:11.584014Z,2020-12-29T23:59:00Z
2020-12-29,china_epu,144.124028,daily,authorized_policy_uncertainty_proxy,2026-06-25T05:22:11.584014Z,2020-12-29T23:59:00Z
2020-12-30,global_epu,167.518016,daily,authorized_policy_uncertainty_proxy,2026-06-25T05:22:11.584014Z,2020-12-30T23:59:00Z
2020-12-30,china_epu,141.796031,daily,authorized_policy_uncertainty_proxy,2026-06-25T05:22:11.584014Z,2020-12-30T23:59:00Z
2020-12-31,global_epu,166.765008,daily,authorized_policy_uncertainty_proxy,2026-06-25T05:22:11.584014Z,2020-12-31T23:59:00Z
2020-12-31,china_epu,140.530016,daily,authorized_policy_uncertainty_proxy,2026-06-25T05:22:11.584014Z,2020-12-31T23:59:00Z
2021-01-01,global_epu,102.37751,daily,authorized_policy_uncertainty_proxy,2026-06-25T05:22:11.584014Z,2021-01-01T23:59:00Z
2021-01-01,china_epu,104.75502,daily,authorized_policy_uncertainty_proxy,2026-06-25T05:22:11.584014Z,2021-01-01T23:59:00Z
2021-01-04,global_epu,202.948005,daily,authorized_policy_uncertainty_proxy,2026-06-25T05:22:11.584014Z,2021-01-04T23:59:00Z
2021-01-04,china_epu,162.25601,daily,authorized_policy_uncertainty_proxy,2026-06-25T05:22:11.584014Z,2021-01-04T23:59:00Z
2021-01-05,global_epu,186.856,daily,authorized_policy_uncertainty_proxy,2026-06-25T05:22:11.584014Z,2021-01-05T23:59:00Z
2021-01-05,china_epu,149.632,daily,authorized_policy_uncertainty_proxy,2026-06-25T05:22:11.584014Z,2021-01-05T23:59:00Z
2021-01-06,global_epu,184.588,daily,authorized_policy_uncertainty_proxy,2026-06-25T05:22:11.584014Z,2021-01-06T23:59:00Z
2021-01-06,china_epu,148.336,daily,authorized_policy_uncertainty_proxy,2026-06-25T05:22:11.584014Z,2021-01-06T23:59:00Z
2021-01-07,global_epu,161.908,daily,authorized_policy_uncertainty_proxy,2026-06-25T05:22:11.584014Z,2021-01-07T23:59:00Z
2021-01-07,china_epu,135.376,daily,authorized_policy_uncertainty_proxy,2026-06-25T05:22:11.584014Z,2021-01-07T23:59:00Z
2021-01-08,global_epu,155.104,daily,authorized_policy_uncertainty_proxy,2026-06-25T05:22:11.584014Z,2021-01-08T23:59:00Z
2021-01-08,china_epu,131.488,daily,authorized_policy_uncertainty_proxy,2026-06-25T05:22:11.584014Z,2021-01-08T23:59:00Z
2021-01-11,global_epu,176.272,daily,authorized_policy_uncertainty_proxy,2026-06-25T05:22:11.584014Z,2021-01-11T23:59:00Z
2021-01-11,china_epu,143.584,daily,authorized_policy_uncertainty_proxy,2026-06-25T05:22:11.584014Z,2021-01-11T23:59:00Z
2021-01-12,global_epu,169.972,daily,authorized_policy_uncertainty_proxy,2026-06-25T05:22:11.584014Z,2021-01-12T23:59:00Z
2021-01-12,china_epu,139.984,daily,authorized_policy_uncertainty_proxy,2026-06-25T05:22:11.584014Z,2021-01-12T23:59:00Z
2021-01-13,global_epu,160.564,daily,authorized_policy_uncertainty_proxy,2026-06-25T05:22:11.584014Z,2021-01-13T23:59:00Z
2021-01-13,china_epu,134.608,daily,authorized_policy_uncertainty_proxy,2026-06-25T05:22:11.584014Z,2021-01-13T23:59:00Z
2021-01-14,global_epu,169.3,daily,authorized_policy_uncertainty_proxy,2026-06-25T05:22:11.584014Z,2021-01-14T23:59:00Z
2021-01-14,china_epu,139.6,daily,authorized_policy_uncertainty_proxy,2026-06-25T05:22:11.584014Z,2021-01-14T23:59:00Z
2021-01-15,global_epu,178.456,daily,authorized_policy_uncertainty_proxy,2026-06-25T05:22:11.584014Z,2021-01-15T23:59:00Z
2021-01-15,china_epu,144.832,daily,authorized_policy_uncertainty_proxy,2026-06-25T05:22:11.584014Z,2021-01-15T23:59:00Z
2021-01-18,global_epu,100.0,daily,authorized_policy_uncertainty_proxy,2026-06-25T05:22:11.584014Z,2021-01-18T23:59:00Z
2021-01-18,china_epu,100.0,daily,authorized_policy_uncertainty_proxy,2026-06-25T05:22:11.584014Z,2021-01-18T23:59:00Z
2021-01-19,global_epu,169.216,daily,authorized_policy_uncertainty_proxy,2026-06-25T05:22:11.584014Z,2021-01-19T23:59:00Z
2021-01-19,china_epu,139.552,daily,authorized_policy_uncertainty_proxy,2026-06-25T05:22:11.584014Z,2021-01-19T23:59:00Z
2021-01-20,global_epu,155.272,daily,authorized_policy_uncertainty_proxy,2026-06-25T05:22:11.584014Z,2021-01-20T23:59:00Z
2021-01-20,china_epu,131.584,daily,authorized_policy_uncertainty_proxy,2026-06-25T05:22:11.584014Z,2021-01-20T23:59:00Z
2021-01-21,global_epu,153.088,daily,authorized_policy_uncertainty_proxy,2026-06-25T05:22:11.584014Z,2021-01-21T23:59:00Z
2021-01-21,china_epu,130.336,daily,authorized_policy_uncertainty_proxy,2026-06-25T05:22:11.584014Z,2021-01-21T23:59:00Z
2021-01-22,global_epu,158.044,daily,authorized_policy_uncertainty_proxy,2026-06-25T05:22:11.584014Z,2021-01-22T23:59:00Z
2021-01-22,china_epu,133.168,daily,authorized_policy_uncertainty_proxy,2026-06-25T05:22:11.584014Z,2021-01-22T23:59:00Z
2021-01-25,global_epu,168.796,daily,authorized_policy_uncertainty_proxy,2026-06-25T05:22:11.584014Z,2021-01-25T23:59:00Z
2021-01-25,china_epu,139.312,daily,authorized_policy_uncertainty_proxy,2026-06-25T05:22:11.584014Z,2021-01-25T23:59:00Z
2021-01-26,global_epu,167.368,daily,authorized_policy_uncertainty_proxy,2026-06-25T05:22:11.584014Z,2021-01-26T23:59:00Z
2021-01-26,china_epu,138.496,daily,authorized_policy_uncertainty_proxy,2026-06-25T05:22:11.584014Z,2021-01-26T23:59:00Z
2021-01-27,global_epu,286.564,daily,authorized_policy_uncertainty_proxy,2026-06-25T05:22:11.584014Z,2021-01-27T23:59:00Z
2021-01-27,china_epu,206.608,daily,authorized_policy_uncertainty_proxy,2026-06-25T05:22:11.584014Z,2021-01-27T23:59:00Z
2021-01-28,global_epu,227.764,daily,authorized_policy_uncertainty_proxy,2026-06-25T05:22:11.584014Z,2021-01-28T23:59:00Z
2021-01-28,china_epu,173.008,daily,authorized_policy_uncertainty_proxy,2026-06-25T05:22:11.584014Z,2021-01-28T23:59:00Z
2021-01-29,global_epu,251.956,daily,authorized_policy_uncertainty_proxy,2026-06-25T05:22:11.584014Z,2021-01-29T23:59:00Z
2021-01-29,china_epu,186.832,daily,authorized_policy_uncertainty_proxy,2026-06-25T05:22:11.584014Z,2021-01-29T23:59:00Z
2021-02-01,global_epu,228.016,daily,authorized_policy_uncertainty_proxy,2026-06-25T05:22:11.584014Z,2021-02-01T23:59:00Z
2021-02-01,china_epu,173.152,daily,authorized_policy_uncertainty_proxy,2026-06-25T05:22:11.584014Z,2021-02-01T23:59:00Z
2021-02-02,global_epu,188.704,daily,authorized_policy_uncertainty_proxy,2026-06-25T05:22:11.584014Z,2021-02-02T23:59:00Z
2021-02-02,china_epu,150.688,daily,authorized_policy_uncertainty_proxy,2026-06-25T05:22:11.584014Z,2021-02-02T23:59:00Z
2021-02-03,global_epu,166.444,daily,authorized_policy_uncertainty_proxy,2026-06-25T05:22:11.584014Z,2021-02-03T23:59:00Z
2021-02-03,china_epu,137.968,daily,authorized_policy_uncertainty_proxy,2026-06-25T05:22:11.584014Z,2021-02-03T23:59:00Z
2021-02-04,global_epu,156.868,daily,authorized_policy_uncertainty_proxy,2026-06-25T05:22:11.584014Z,2021-02-04T23:59:00Z
2021-02-04,china_epu,132.496,daily,authorized_policy_uncertainty_proxy,2026-06-25T05:22:11.584014Z,2021-02-04T23:59:00Z
2021-02-05,global_epu,149.308,daily,authorized_policy_uncertainty_proxy,2026-06-25T05:22:11.584014Z,2021-02-05T23:59:00Z
2021-02-05,china_epu,128.176,daily,authorized_policy_uncertainty_proxy,2026-06-25T05:22:11.584014Z,2021-02-05T23:59:00Z
2021-02-08,global_epu,152.416,daily,authorized_policy_uncertainty_proxy,2026-06-25T05:22:11.584014Z,2021-02-08T23:59:00Z
2021-02-08,china_epu,129.952,daily,authorized_policy_uncertainty_proxy,2026-06-25T05:22:11.584014Z,2021-02-08T23:59:00Z
2021-02-09,global_epu,155.692,daily,authorized_policy_uncertainty_proxy,2026-06-25T05:22:11.584014Z,2021-02-09T23:59:00Z
2021-02-09,china_epu,131.824,daily,authorized_policy_uncertainty_proxy,2026-06-25T05:22:11.584014Z,2021-02-09T23:59:00Z
2021-02-10,global_epu,158.716,daily,authorized_policy_uncertainty_proxy,2026-06-25T05:22:11.584014Z,2021-02-10T23:59:00Z
2021-02-10,china_epu,133.552,daily,authorized_policy_uncertainty_proxy,2026-06-25T05:22:11.584014Z,2021-02-10T23:59:00Z
2021-02-11,global_epu,152.5,daily,authorized_policy_uncertainty_proxy,2026-06-25T05:22:11.584014Z,2021-02-11T23:59:00Z
2021-02-11,china_epu,130.0,daily,authorized_policy_uncertainty_proxy,2026-06-25T05:22:11.584014Z,2021-02-11T23:59:00Z
2021-02-12,global_epu,141.748,daily,authorized_policy_uncertainty_proxy,2026-06-25T05:22:11.584014Z,2021-02-12T23:59:00Z
2021-02-12,china_epu,123.856,daily,authorized_policy_uncertainty_proxy,2026-06-25T05:22:11.584014Z,2021-02-12T23:59:00Z
2021-02-15,global_epu,100.0,daily,authorized_policy_uncertainty_proxy,2026-06-25T05:22:11.584014Z,2021-02-15T23:59:00Z
2021-02-15,china_epu,100.0,daily,authorized_policy_uncertainty_proxy,2026-06-25T05:22:11.584014Z,2021-02-15T23:59:00Z
2021-02-16,global_epu,154.264,daily,authorized_policy_uncertainty_proxy,2026-06-25T05:22:11.584014Z,2021-02-16T23:59:00Z
2021-02-16,china_epu,131.008,daily,authorized_policy_uncertainty_proxy,2026-06-25T05:22:11.584014Z,2021-02-16T23:59:00Z
2021-02-17,global_epu,154.6,daily,authorized_policy_uncertainty_proxy,2026-06-25T05:22:11.584014Z,2021-02-17T23:59:00Z
2021-02-17,china_epu,131.2,daily,authorized_policy_uncertainty_proxy,2026-06-25T05:22:11.584014Z,2021-02-17T23:59:00Z
2021-02-18,global_epu,162.916,daily,authorized_policy_uncertainty_proxy,2026-06-25T05:22:11.584014Z,2021-02-18T23:59:00Z
2021-02-18,china_epu,135.952,daily,authorized_policy_uncertainty_proxy,2026-06-25T05:22:11.584014Z,2021-02-18T23:59:00Z
2021-02-19,global_epu,159.22,daily,authorized_policy_uncertainty_proxy,2026-06-25T05:22:11.584014Z,2021-02-19T23:59:00Z
2021-02-19,china_epu,133.84,daily,authorized_policy_uncertainty_proxy,2026-06-25T05:22:11.584014Z,2021-02-19T23:59:00Z
2021-02-22,global_epu,170.98,daily,authorized_policy_uncertainty_proxy,2026-06-25T05:22:11.584014Z,2021-02-22T23:59:00Z
2021-02-22,china_epu,140.56,daily,authorized_policy_uncertainty_proxy,2026-06-25T05:22:11.584014Z,2021-02-22T23:59:00Z
2021-02-23,global_epu,168.124,daily,authorized_policy_uncertainty_proxy,2026-06-25T05:22:11.584014Z,2021-02-23T23:59:00Z
2021-02-23,china_epu,138.928,daily,authorized_policy_uncertainty_proxy,2026-06-25T05:22:11.584014Z,2021-02-23T23:59:00Z
2021-02-24,global_epu,153.256,daily,authorized_policy_uncertainty_proxy,2026-06-25T05:22:11.584014Z,2021-02-24T23:59:00Z
2021-02-24,china_epu,130.432,daily,authorized_policy_uncertainty_proxy,2026-06-25T05:22:11.584014Z,2021-02-24T23:59:00Z
2021-02-25,global_epu,216.676,daily,authorized_policy_uncertainty_proxy,2026-06-25T05:22:11.584014Z,2021-02-25T23:59:00Z
2021-02-25,china_epu,166.672,daily,authorized_policy_uncertainty_proxy,2026-06-25T05:22:11.584014Z,2021-02-25T23:59:00Z
2021-02-26,global_epu,208.78,daily,authorized_policy_uncertainty_proxy,2026-06-25T05:22:11.584014Z,2021-02-26T23:59:00Z
2021-02-26,china_epu,162.16,daily,authorized_policy_uncertainty_proxy,2026-06-25T05:22:11.584014Z,2021-02-26T23:59:00Z
2021-03-01,global_epu,170.14,daily,authorized_policy_uncertainty_proxy,2026-06-25T05:22:11.584014Z,2021-03-01T23:59:00Z
2021-03-01,china_epu,140.08,daily,authorized_policy_uncertainty_proxy,2026-06-25T05:22:11.584014Z,2021-03-01T23:59:00Z
2021-03-02,global_epu,176.44,daily,authorized_policy_uncertainty_proxy,2026-06-25T05:22:11.584014Z,2021-03-02T23:59:00Z
2021-03-02,china_epu,143.68,daily,authorized_policy_uncertainty_proxy,2026-06-25T05:22:11.584014Z,2021-03-02T23:59:00Z
2021-03-03,global_epu,198.028,daily,authorized_policy_uncertainty_proxy,2026-06-25T05:22:11.584014Z,2021-03-03T23:59:00Z
2021-03-03,china_epu,156.016,daily,authorized_policy_uncertainty_proxy,2026-06-25T05:22:11.584014Z,2021-03-03T23:59:00Z
2021-03-04,global_epu,213.988,daily,authorized_policy_uncertainty_proxy,2026-06-25T05:22:11.584014Z,2021-03-04T23:59:00Z
2021-03-04,china_epu,165.136,daily,authorized_policy_uncertainty_proxy,2026-06-25T05:22:11.584014Z,2021-03-04T23:59:00Z
2021-03-05,global_epu,181.144,daily,authorized_policy_uncertainty_proxy,2026-06-25T05:22:11.584014Z,2021-03-05T23:59:00Z
2021-03-05,china_epu,146.368,daily,authorized_policy_uncertainty_proxy,2026-06-25T05:22:11.584014Z,2021-03-05T23:59:00Z
2021-03-08,global_epu,187.948,daily,authorized_policy_uncertainty_proxy,2026-06-25T05:22:11.584014Z,2021-03-08T23:59:00Z
2021-03-08,china_epu,150.256,daily,authorized_policy_uncertainty_proxy,2026-06-25T05:22:11.584014Z,2021-03-08T23:59:00Z
2021-03-09,global_epu,177.697002,daily,authorized_policy_uncertainty_proxy,2026-06-25T05:22:11.584014Z,2021-03-09T23:59:00Z
2021-03-09,china_epu,147.034004,daily,authorized_policy_uncertainty_proxy,2026-06-25T05:22:11.584014Z,2021-03-09T23:59:00Z
2021-03-10,global_epu,163.923998,daily,authorized_policy_uncertainty_proxy,2026-06-25T05:22:11.584014Z,2021-03-10T23:59:00Z
2021-03-10,china_epu,137.127996,daily,authorized_policy_uncertainty_proxy,2026-06-25T05:22:11.584014Z,2021-03-10T23:59:00Z
2021-03-11,global_epu,158.411498,daily,authorized_policy_uncertainty_proxy,2026-06-25T05:22:11.584014Z,2021-03-11T23:59:00Z
2021-03-11,china_epu,133.902997,daily,authorized_policy_uncertainty_proxy,2026-06-25T05:22:11.584014Z,2021-03-11T23:59:00Z
2021-03-12,global_epu,147.796,daily,authorized_policy_uncertainty_proxy,2026-06-25T05:22:11.584014Z,2021-03-12T23:59:00Z
2021-03-12,china_epu,127.312,daily,authorized_policy_uncertainty_proxy,2026-06-25T05:22:11.584014Z,2021-03-12T23:59:00Z
2021-03-15,global_epu,142.252,daily,authorized_policy_uncertainty_proxy,2026-06-25T05:22:11.584014Z,2021-03-15T23:59:00Z
2021-03-15,china_epu,124.144,daily,authorized_policy_uncertainty_proxy,2026-06-25T05:22:11.584014Z,2021-03-15T23:59:00Z
2021-03-16,global_epu,140.236,daily,authorized_policy_uncertainty_proxy,2026-06-25T05:22:11.584014Z,2021-03-16T23:59:00Z
2021-03-16,china_epu,122.992,daily,authorized_policy_uncertainty_proxy,2026-06-25T05:22:11.584014Z,2021-03-16T23:59:00Z
2021-03-17,global_epu,135.907009,daily,authorized_policy_uncertainty_proxy,2026-06-25T05:22:11.584014Z,2021-03-17T23:59:00Z
2021-03-17,china_epu,121.054017,daily,authorized_policy_uncertainty_proxy,2026-06-25T05:22:11.584014Z,2021-03-17T23:59:00Z
2021-03-18,global_epu,155.467014,daily,authorized_policy_uncertainty_proxy,2026-06-25T05:22:11.584014Z,2021-03-18T23:59:00Z
2021-03-18,china_epu,131.974029,daily,authorized_policy_uncertainty_proxy,2026-06-25T05:22:11.584014Z,2021-03-18T23:59:00Z
2021-03-19,global_epu,150.339988,daily,authorized_policy_uncertainty_proxy,2026-06-25T05:22:11.584014Z,2021-03-19T23:59:00Z
2021-03-19,china_epu,129.279976,daily,authorized_policy_uncertainty_proxy,2026-06-25T05:22:11.584014Z,2021-03-19T23:59:00Z
2021-03-22,global_epu,132.592,daily,authorized_policy_uncertainty_proxy,2026-06-25T05:22:11.584014Z,2021-03-22T23:59:00Z
2021-03-22,china_epu,118.624,daily,authorized_policy_uncertainty_proxy,2026-06-25T05:22:11.584014Z,2021-03-22T23:59:00Z
2021-03-23,global_epu,144.992498,daily,authorized_policy_uncertainty_proxy,2026-06-25T05:22:11.584014Z,2021-03-23T23:59:00Z
2021-03-23,china_epu,126.384996,daily,authorized_policy_uncertainty_proxy,2026-06-25T05:22:11.584014Z,2021-03-23T23:59:00Z
2021-03-24,global_epu,153.197516,daily,authorized_policy_uncertainty_proxy,2026-06-25T05:22:11.584014Z,2021-03-24T23:59:00Z
2021-03-24,china_epu,131.995031,daily,authorized_policy_uncertainty_proxy,2026-06-25T05:22:11.584014Z,2021-03-24T23:59:00Z
2021-03-25,global_epu,141.498985,daily,authorized_policy_uncertainty_proxy,2026-06-25T05:22:11.584014Z,2021-03-25T23:59:00Z
2021-03-25,china_epu,125.27797,daily,authorized_policy_uncertainty_proxy,2026-06-25T05:22:11.584014Z,2021-03-25T23:59:00Z
2021-03-26,global_epu,135.783985,daily,authorized_policy_uncertainty_proxy,2026-06-25T05:22:11.584014Z,2021-03-26T23:59:00Z
2021-03-26,china_epu,125.247971,daily,authorized_policy_uncertainty_proxy,2026-06-25T05:22:11.584014Z,2021-03-26T23:59:00Z
2021-03-28,global_epu,103.037512,daily,authorized_policy_uncertainty_proxy,2026-06-25T05:22:11.584014Z,2021-03-28T23:59:00Z
2021-03-28,china_epu,106.075025,daily,authorized_policy_uncertainty_proxy,2026-06-25T05:22:11.584014Z,2021-03-28T23:59:00Z
2021-03-29,global_epu,153.368488,daily,authorized_policy_uncertainty_proxy,2026-06-25T05:22:11.584014Z,2021-03-29T23:59:00Z
2021-03-29,china_epu,137.856976,daily,authorized_policy_uncertainty_proxy,2026-06-25T05:22:11.584014Z,2021-03-29T23:59:00Z
2021-03-30,global_epu,144.049007,daily,authorized_policy_uncertainty_proxy,2026-06-25T05:22:11.584014Z,2021-03-30T23:59:00Z
2021-03-30,china_epu,132.778015,daily,authorized_policy_uncertainty_proxy,2026-06-25T05:22:11.584014Z,2021-03-30T23:59:00Z
2021-03-31,global_epu,140.799993,daily,authorized_policy_uncertainty_proxy,2026-06-25T05:22:11.584014Z,2021-03-31T23:59:00Z
2021-03-31,china_epu,128.799987,daily,authorized_policy_uncertainty_proxy,2026-06-25T05:22:11.584014Z,2021-03-31T23:59:00Z
2021-04-01,global_epu,124.402015,daily,authorized_policy_uncertainty_proxy,2026-06-25T05:22:11.584014Z,2021-04-01T23:59:00Z
2021-04-01,china_epu,120.844029,daily,authorized_policy_uncertainty_proxy,2026-06-25T05:22:11.584014Z,2021-04-01T23:59:00Z
2021-04-04,global_epu,104.987514,daily,authorized_policy_uncertainty_proxy,2026-06-25T05:22:11.584014Z,2021-04-04T23:59:00Z
2021-04-04,china_epu,109.975028,daily,authorized_policy_uncertainty_proxy,2026-06-25T05:22:11.584014Z,2021-04-04T23:59:00Z
2021-04-05,global_epu,129.386489,daily,authorized_policy_uncertainty_proxy,2026-06-25T05:22:11.584014Z,2021-04-05T23:59:00Z
2021-04-05,china_epu,123.852977,daily,authorized_policy_uncertainty_proxy,2026-06-25T05:22:11.584014Z,2021-04-05T23:59:00Z
2021-04-06,global_epu,129.095487,daily,authorized_policy_uncertainty_proxy,2026-06-25T05:22:11.584014Z,2021-04-06T23:59:00Z
2021-04-06,china_epu,120.750975,daily,authorized_policy_uncertainty_proxy,2026-06-25T05:22:11.584014Z,2021-04-06T23:59:00Z
2021-04-07,global_epu,121.218992,daily,authorized_policy_uncertainty_proxy,2026-06-25T05:22:11.584014Z,2021-04-07T23:59:00Z
2021-04-07,china_epu,116.517983,daily,authorized_policy_uncertainty_proxy,2026-06-25T05:22:11.584014Z,2021-04-07T23:59:00Z
2021-04-08,global_epu,120.130014,daily,authorized_policy_uncertainty_proxy,2026-06-25T05:22:11.584014Z,2021-04-08T23:59:00Z
2021-04-08,china_epu,116.860029,daily,authorized_policy_uncertainty_proxy,2026-06-25T05:22:11.584014Z,2021-04-08T23:59:00Z
2021-04-09,global_epu,114.196,daily,authorized_policy_uncertainty_proxy,2026-06-25T05:22:11.584014Z,2021-04-09T23:59:00Z
2021-04-09,china_epu,108.112,daily,authorized_policy_uncertainty_proxy,2026-06-25T05:22:11.584014Z,2021-04-09T23:59:00Z
2021-04-11,global_epu,103.900003,daily,authorized_policy_uncertainty_proxy,2026-06-25T05:22:11.584014Z,2021-04-11T23:59:00Z
2021-04-11,china_epu,107.800007,daily,authorized_policy_uncertainty_proxy,2026-06-25T05:22:11.584014Z,2021-04-11T23:59:00Z
2021-04-12,global_epu,119.636515,daily,authorized_policy_uncertainty_proxy,2026-06-25T05:22:11.584014Z,2021-04-12T23:59:00Z
2021-04-12,china_epu,116.35303,daily,authorized_policy_uncertainty_proxy,2026-06-25T05:22:11.584014Z,2021-04-12T23:59:00Z
2021-04-13,global_epu,117.055012,daily,authorized_policy_uncertainty_proxy,2026-06-25T05:22:11.584014Z,2021-04-13T23:59:00Z
2021-04-13,china_epu,114.310023,daily,authorized_policy_uncertainty_proxy,2026-06-25T05:22:11.584014Z,2021-04-13T23:59:00Z
2021-04-14,global_epu,118.823501,daily,authorized_policy_uncertainty_proxy,2026-06-25T05:22:11.584014Z,2021-04-14T23:59:00Z
2021-04-14,china_epu,113.767002,daily,authorized_policy_uncertainty_proxy,2026-06-25T05:22:11.584014Z,2021-04-14T23:59:00Z
2021-04-15,global_epu,114.785488,daily,authorized_policy_uncertainty_proxy,2026-06-25T05:22:11.584014Z,2021-04-15T23:59:00Z
2021-04-15,china_epu,110.730976,daily,authorized_policy_uncertainty_proxy,2026-06-25T05:22:11.584014Z,2021-04-15T23:59:00Z
2021-04-16,global_epu,110.5,daily,authorized_policy_uncertainty_proxy,2026-06-25T05:22:11.584014Z,2021-04-16T23:59:00Z
2021-04-16,china_epu,106.0,daily,authorized_policy_uncertainty_proxy,2026-06-25T05:22:11.584014Z,2021-04-16T23:59:00Z
2021-04-18,global_epu,100.832486,daily,authorized_policy_uncertainty_proxy,2026-06-25T05:22:11.584014Z,2021-04-18T23:59:00Z
2021-04-18,china_epu,101.664972,daily,authorized_policy_uncertainty_proxy,2026-06-25T05:22:11.584014Z,2021-04-18T23:59:00Z
2021-04-19,global_epu,119.933517,daily,authorized_policy_uncertainty_proxy,2026-06-25T05:22:11.584014Z,2021-04-19T23:59:00Z
2021-04-19,china_epu,112.387035,daily,authorized_policy_uncertainty_proxy,2026-06-25T05:22:11.584014Z,2021-04-19T23:59:00Z
2021-04-20,global_epu,130.912,daily,authorized_policy_uncertainty_proxy,2026-06-25T05:22:11.584014Z,2021-04-20T23:59:00Z
2021-04-20,china_epu,117.664,daily,authorized_policy_uncertainty_proxy,2026-06-25T05:22:11.584014Z,2021-04-20T23:59:00Z
2021-04-21,global_epu,121.0,daily,authorized_policy_uncertainty_proxy,2026-06-25T05:22:11.584014Z,2021-04-21T23:59:00Z
2021-04-21,china_epu,112.0,daily,authorized_policy_uncertainty_proxy,2026-06-25T05:22:11.584014Z,2021-04-21T23:59:00Z
2021-04-22,global_epu,131.164,daily,authorized_policy_uncertainty_proxy,2026-06-25T05:22:11.584014Z,2021-04-22T23:59:00Z
2021-04-22,china_epu,117.808,daily,authorized_policy_uncertainty_proxy,2026-06-25T05:22:11.584014Z,2021-04-22T23:59:00Z
2021-04-23,global_epu,119.572,daily,authorized_policy_uncertainty_proxy,2026-06-25T05:22:11.584014Z,2021-04-23T23:59:00Z
2021-04-23,china_epu,111.184,daily,authorized_policy_uncertainty_proxy,2026-06-25T05:22:11.584014Z,2021-04-23T23:59:00Z
2021-04-25,global_epu,100.0,daily,authorized_policy_uncertainty_proxy,2026-06-25T05:22:11.584014Z,2021-04-25T23:59:00Z
2021-04-25,china_epu,100.0,daily,authorized_policy_uncertainty_proxy,2026-06-25T05:22:11.584014Z,2021-04-25T23:59:00Z
2021-04-26,global_epu,122.176,daily,authorized_policy_uncertainty_proxy,2026-06-25T05:22:11.584014Z,2021-04-26T23:59:00Z
2021-04-26,china_epu,112.672,daily,authorized_policy_uncertainty_proxy,2026-06-25T05:22:11.584014Z,2021-04-26T23:59:00Z
2021-04-27,global_epu,121.504,daily,authorized_policy_uncertainty_proxy,2026-06-25T05:22:11.584014Z,2021-04-27T23:59:00Z
2021-04-27,china_epu,112.288,daily,authorized_policy_uncertainty_proxy,2026-06-25T05:22:11.584014Z,2021-04-27T23:59:00Z
2021-04-28,global_epu,119.152,daily,authorized_policy_uncertainty_proxy,2026-06-25T05:22:11.584014Z,2021-04-28T23:59:00Z
2021-04-28,china_epu,110.944,daily,authorized_policy_uncertainty_proxy,2026-06-25T05:22:11.584014Z,2021-04-28T23:59:00Z
2021-04-29,global_epu,121.924,daily,authorized_policy_uncertainty_proxy,2026-06-25T05:22:11.584014Z,2021-04-29T23:59:00Z
2021-04-29,china_epu,112.528,daily,authorized_policy_uncertainty_proxy,2026-06-25T05:22:11.584014Z,2021-04-29T23:59:00Z
2021-04-30,global_epu,130.324,daily,authorized_policy_uncertainty_proxy,2026-06-25T05:22:11.584014Z,2021-04-30T23:59:00Z
2021-04-30,china_epu,117.328,daily,authorized_policy_uncertainty_proxy,2026-06-25T05:22:11.584014Z,2021-04-30T23:59:00Z
2021-05-02,global_epu,100.0,daily,authorized_policy_uncertainty_proxy,2026-06-25T05:22:11.584014Z,2021-05-02T23:59:00Z
2021-05-02,china_epu,100.0,daily,authorized_policy_uncertainty_proxy,2026-06-25T05:22:11.584014Z,2021-05-02T23:59:00Z
2021-05-03,global_epu,127.804,daily,authorized_policy_uncertainty_proxy,2026-06-25T05:22:11.584014Z,2021-05-03T23:59:00Z
2021-05-03,china_epu,115.888,daily,authorized_policy_uncertainty_proxy,2026-06-25T05:22:11.584014Z,2021-05-03T23:59:00Z
2021-05-04,global_epu,137.632,daily,authorized_policy_uncertainty_proxy,2026-06-25T05:22:11.584014Z,2021-05-04T23:59:00Z
2021-05-04,china_epu,121.504,daily,authorized_policy_uncertainty_proxy,2026-06-25T05:22:11.584014Z,2021-05-04T23:59:00Z
2021-05-05,global_epu,134.86,daily,authorized_policy_uncertainty_proxy,2026-06-25T05:22:11.584014Z,2021-05-05T23:59:00Z
2021-05-05,china_epu,119.92,daily,authorized_policy_uncertainty_proxy,2026-06-25T05:22:11.584014Z,2021-05-05T23:59:00Z
2021-05-06,global_epu,128.476,daily,authorized_policy_uncertainty_proxy,2026-06-25T05:22:11.584014Z,2021-05-06T23:59:00Z
2021-05-06,china_epu,116.272,daily,authorized_policy_uncertainty_proxy,2026-06-25T05:22:11.584014Z,2021-05-06T23:59:00Z
2021-05-07,global_epu,114.196,daily,authorized_policy_uncertainty_proxy,2026-06-25T05:22:11.584014Z,2021-05-07T23:59:00Z
2021-05-07,china_epu,108.112,daily,authorized_policy_uncertainty_proxy,2026-06-25T05:22:11.584014Z,2021-05-07T23:59:00Z
2021-05-09,global_epu,100.0,daily,authorized_policy_uncertainty_proxy,2026-06-25T05:22:11.584014Z,2021-05-09T23:59:00Z
2021-05-09,china_epu,100.0,daily,authorized_policy_uncertainty_proxy,2026-06-25T05:22:11.584014Z,2021-05-09T23:59:00Z
2021-05-10,global_epu,139.144,daily,authorized_policy_uncertainty_proxy,2026-06-25T05:22:11.584014Z,2021-05-10T23:59:00Z
2021-05-10,china_epu,122.368,daily,authorized_policy_uncertainty_proxy,2026-06-25T05:22:11.584014Z,2021-05-10T23:59:00Z
2021-05-11,global_epu,157.456,daily,authorized_policy_uncertainty_proxy,2026-06-25T05:22:11.584014Z,2021-05-11T23:59:00Z
2021-05-11,china_epu,132.832,daily,authorized_policy_uncertainty_proxy,2026-06-25T05:22:11.584014Z,2021-05-11T23:59:00Z
2021-05-12,global_epu,205.756,daily,authorized_policy_uncertainty_proxy,2026-06-25T05:22:11.584014Z,2021-05-12T23:59:00Z
2021-05-12,china_epu,160.432,daily,authorized_policy_uncertainty_proxy,2026-06-25T05:22:11.584014Z,2021-05-12T23:59:00Z
2021-05-13,global_epu,168.292,daily,authorized_policy_uncertainty_proxy,2026-06-25T05:22:11.584014Z,2021-05-13T23:59:00Z
2021-05-13,china_epu,139.024,daily,authorized_policy_uncertainty_proxy,2026-06-25T05:22:11.584014Z,2021-05-13T23:59:00Z
2021-05-14,global_epu,132.004,daily,authorized_policy_uncertainty_proxy,2026-06-25T05:22:11.584014Z,2021-05-14T23:59:00Z
2021-05-14,china_epu,118.288,daily,authorized_policy_uncertainty_proxy,2026-06-25T05:22:11.584014Z,2021-05-14T23:59:00Z
2021-05-16,global_epu,100.0,daily,authorized_policy_uncertainty_proxy,2026-06-25T05:22:11.584014Z,2021-05-16T23:59:00Z
2021-05-16,china_epu,100.0,daily,authorized_policy_uncertainty_proxy,2026-06-25T05:22:11.584014Z,2021-05-16T23:59:00Z
2021-05-17,global_epu,139.648,daily,authorized_policy_uncertainty_proxy,2026-06-25T05:22:11.584014Z,2021-05-17T23:59:00Z
2021-05-17,china_epu,122.656,daily,authorized_policy_uncertainty_proxy,2026-06-25T05:22:11.584014Z,2021-05-17T23:59:00Z
2021-05-18,global_epu,153.256,daily,authorized_policy_uncertainty_proxy,2026-06-25T05:22:11.584014Z,2021-05-18T23:59:00Z
2021-05-18,china_epu,130.432,daily,authorized_policy_uncertainty_proxy,2026-06-25T05:22:11.584014Z,2021-05-18T23:59:00Z
2021-05-19,global_epu,160.312,daily,authorized_policy_uncertainty_proxy,2026-06-25T05:22:11.584014Z,2021-05-19T23:59:00Z
2021-05-19,china_epu,134.464,daily,authorized_policy_uncertainty_proxy,2026-06-25T05:22:11.584014Z,2021-05-19T23:59:00Z
2021-05-20,global_epu,147.628,daily,authorized_policy_uncertainty_proxy,2026-06-25T05:22:11.584014Z,2021-05-20T23:59:00Z
2021-05-20,china_epu,127.216,daily,authorized_policy_uncertainty_proxy,2026-06-25T05:22:11.584014Z,2021-05-20T23:59:00Z
2021-05-21,global_epu,143.26,daily,authorized_policy_uncertainty_proxy,2026-06-25T05:22:11.584014Z,2021-05-21T23:59:00Z
2021-05-21,china_epu,124.72,daily,authorized_policy_uncertainty_proxy,2026-06-25T05:22:11.584014Z,2021-05-21T23:59:00Z
2021-05-23,global_epu,100.0,daily,authorized_policy_uncertainty_proxy,2026-06-25T05:22:11.584014Z,2021-05-23T23:59:00Z
2021-05-23,china_epu,100.0,daily,authorized_policy_uncertainty_proxy,2026-06-25T05:22:11.584014Z,2021-05-23T23:59:00Z
2021-05-24,global_epu,128.56,daily,authorized_policy_uncertainty_proxy,2026-06-25T05:22:11.584014Z,2021-05-24T23:59:00Z
2021-05-24,china_epu,116.32,daily,authorized_policy_uncertainty_proxy,2026-06-25T05:22:11.584014Z,2021-05-24T23:59:00Z
2021-05-25,global_epu,132.256,daily,authorized_policy_uncertainty_proxy,2026-06-25T05:22:11.584014Z,2021-05-25T23:59:00Z
2021-05-25,china_epu,118.432,daily,authorized_policy_uncertainty_proxy,2026-06-25T05:22:11.584014Z,2021-05-25T23:59:00Z
2021-05-26,global_epu,119.824,daily,authorized_policy_uncertainty_proxy,2026-06-25T05:22:11.584014Z,2021-05-26T23:59:00Z
2021-05-26,china_epu,111.328,daily,authorized_policy_uncertainty_proxy,2026-06-25T05:22:11.584014Z,2021-05-26T23:59:00Z
2021-05-27,global_epu,114.616,daily,authorized_policy_uncertainty_proxy,2026-06-25T05:22:11.584014Z,2021-05-27T23:59:00Z
2021-05-27,china_epu,108.352,daily,authorized_policy_uncertainty_proxy,2026-06-25T05:22:11.584014Z,2021-05-27T23:59:00Z
2021-05-28,global_epu,114.784,daily,authorized_policy_uncertainty_proxy,2026-06-25T05:22:11.584014Z,2021-05-28T23:59:00Z
2021-05-28,china_epu,108.448,daily,authorized_policy_uncertainty_proxy,2026-06-25T05:22:11.584014Z,2021-05-28T23:59:00Z
2021-05-30,global_epu,100.0,daily,authorized_policy_uncertainty_proxy,2026-06-25T05:22:11.584014Z,2021-05-30T23:59:00Z
2021-05-30,china_epu,100.0,daily,authorized_policy_uncertainty_proxy,2026-06-25T05:22:11.584014Z,2021-05-30T23:59:00Z
2021-05-31,global_epu,100.0,daily,authorized_policy_uncertainty_proxy,2026-06-25T05:22:11.584014Z,2021-05-31T23:59:00Z
2021-05-31,china_epu,100.0,daily,authorized_policy_uncertainty_proxy,2026-06-25T05:22:11.584014Z,2021-05-31T23:59:00Z
2021-06-01,global_epu,124.36,daily,authorized_policy_uncertainty_proxy,2026-06-25T05:22:11.584014Z,2021-06-01T23:59:00Z
2021-06-01,china_epu,113.92,daily,authorized_policy_uncertainty_proxy,2026-06-25T05:22:11.584014Z,2021-06-01T23:59:00Z
2021-06-02,global_epu,120.832,daily,authorized_policy_uncertainty_proxy,2026-06-25T05:22:11.584014Z,2021-06-02T23:59:00Z
2021-06-02,china_epu,111.904,daily,authorized_policy_uncertainty_proxy,2026-06-25T05:22:11.584014Z,2021-06-02T23:59:00Z
2021-06-03,global_epu,125.536,daily,authorized_policy_uncertainty_proxy,2026-06-25T05:22:11.584014Z,2021-06-03T23:59:00Z
2021-06-03,china_epu,114.592,daily,authorized_policy_uncertainty_proxy,2026-06-25T05:22:11.584014Z,2021-06-03T23:59:00Z
2021-06-04,global_epu,111.928,daily,authorized_policy_uncertainty_proxy,2026-06-25T05:22:11.584014Z,2021-06-04T23:59:00Z
2021-06-04,china_epu,106.816,daily,authorized_policy_uncertainty_proxy,2026-06-25T05:22:11.584014Z,2021-06-04T23:59:00Z
2021-06-06,global_epu,100.0,daily,authorized_policy_uncertainty_proxy,2026-06-25T05:22:11.584014Z,2021-06-06T23:59:00Z
2021-06-06,china_epu,100.0,daily,authorized_policy_uncertainty_proxy,2026-06-25T05:22:11.584014Z,2021-06-06T23:59:00Z
2021-06-07,global_epu,111.928,daily,authorized_policy_uncertainty_proxy,2026-06-25T05:22:11.584014Z,2021-06-07T23:59:00Z
2021-06-07,china_epu,106.816,daily,authorized_policy_uncertainty_proxy,2026-06-25T05:22:11.584014Z,2021-06-07T23:59:00Z
2021-06-08,global_epu,117.388,daily,authorized_policy_uncertainty_proxy,2026-06-25T05:22:11.584014Z,2021-06-08T23:59:00Z
2021-06-08,china_epu,109.936,daily,authorized_policy_uncertainty_proxy,2026-06-25T05:22:11.584014Z,2021-06-08T23:59:00Z
2021-06-09,global_epu,124.276,daily,authorized_policy_uncertainty_proxy,2026-06-25T05:22:11.584014Z,2021-06-09T23:59:00Z
2021-06-09,china_epu,113.872,daily,authorized_policy_uncertainty_proxy,2026-06-25T05:22:11.584014Z,2021-06-09T23:59:00Z
2021-06-10,global_epu,109.24,daily,authorized_policy_uncertainty_proxy,2026-06-25T05:22:11.584014Z,2021-06-10T23:59:00Z
2021-06-10,china_epu,105.28,daily,authorized_policy_uncertainty_proxy,2026-06-25T05:22:11.584014Z,2021-06-10T23:59:00Z
2021-06-11,global_epu,105.46,daily,authorized_policy_uncertainty_proxy,2026-06-25T05:22:11.584014Z,2021-06-11T23:59:00Z
2021-06-11,china_epu,103.12,daily,authorized_policy_uncertainty_proxy,2026-06-25T05:22:11.584014Z,2021-06-11T23:59:00Z
2021-06-13,global_epu,100.0,daily,authorized_policy_uncertainty_proxy,2026-06-25T05:22:11.584014Z,2021-06-13T23:59:00Z
2021-06-13,china_epu,100.0,daily,authorized_policy_uncertainty_proxy,2026-06-25T05:22:11.584014Z,2021-06-13T23:59:00Z
2021-06-14,global_epu,111.676,daily,authorized_policy_uncertainty_proxy,2026-06-25T05:22:11.584014Z,2021-06-14T23:59:00Z
2021-06-14,china_epu,106.672,daily,authorized_policy_uncertainty_proxy,2026-06-25T05:22:11.584014Z,2021-06-14T23:59:00Z
2021-06-15,global_epu,116.968,daily,authorized_policy_uncertainty_proxy,2026-06-25T05:22:11.584014Z,2021-06-15T23:59:00Z
2021-06-15,china_epu,109.696,daily,authorized_policy_uncertainty_proxy,2026-06-25T05:22:11.584014Z,2021-06-15T23:59:00Z
2021-06-16,global_epu,126.46,daily,authorized_policy_uncertainty_proxy,2026-06-25T05:22:11.584014Z,2021-06-16T23:59:00Z
2021-06-16,china_epu,115.12,daily,authorized_policy_uncertainty_proxy,2026-06-25T05:22:11.584014Z,2021-06-16T23:59:00Z
2021-06-17,global_epu,123.1,daily,authorized_policy_uncertainty_proxy,2026-06-25T05:22:11.584014Z,2021-06-17T23:59:00Z
2021-06-17,china_epu,113.2,daily,authorized_policy_uncertainty_proxy,2026-06-25T05:22:11.584014Z,2021-06-17T23:59:00Z
2021-06-18,global_epu,147.88,daily,authorized_policy_uncertainty_proxy,2026-06-25T05:22:11.584014Z,2021-06-18T23:59:00Z
2021-06-18,china_epu,127.36,daily,authorized_policy_uncertainty_proxy,2026-06-25T05:22:11.584014Z,2021-06-18T23:59:00Z
2021-06-20,global_epu,100.0,daily,authorized_policy_uncertainty_proxy,2026-06-25T05:22:11.584014Z,2021-06-20T23:59:00Z
2021-06-20,china_epu,100.0,daily,authorized_policy_uncertainty_proxy,2026-06-25T05:22:11.584014Z,2021-06-20T23:59:00Z
2021-06-21,global_epu,124.276,daily,authorized_policy_uncertainty_proxy,2026-06-25T05:22:11.584014Z,2021-06-21T23:59:00Z
2021-06-21,china_epu,113.872,daily,authorized_policy_uncertainty_proxy,2026-06-25T05:22:11.584014Z,2021-06-21T23:59:00Z
2021-06-22,global_epu,113.944,daily,authorized_policy_uncertainty_proxy,2026-06-25T05:22:11.584014Z,2021-06-22T23:59:00Z
2021-06-22,china_epu,107.968,daily,authorized_policy_uncertainty_proxy,2026-06-25T05:22:11.584014Z,2021-06-22T23:59:00Z
2021-06-23,global_epu,111.088,daily,authorized_policy_uncertainty_proxy,2026-06-25T05:22:11.584014Z,2021-06-23T23:59:00Z
2021-06-23,china_epu,106.336,daily,authorized_policy_uncertainty_proxy,2026-06-25T05:22:11.584014Z,2021-06-23T23:59:00Z
2021-06-24,global_epu,108.148,daily,authorized_policy_uncertainty_proxy,2026-06-25T05:22:11.584014Z,2021-06-24T23:59:00Z
2021-06-24,china_epu,104.656,daily,authorized_policy_uncertainty_proxy,2026-06-25T05:22:11.584014Z,2021-06-24T23:59:00Z
2021-06-25,global_epu,105.208,daily,authorized_policy_uncertainty_proxy,2026-06-25T05:22:11.584014Z,2021-06-25T23:59:00Z
2021-06-25,china_epu,102.976,daily,authorized_policy_uncertainty_proxy,2026-06-25T05:22:11.584014Z,2021-06-25T23:59:00Z
2021-06-27,global_epu,100.0,daily,authorized_policy_uncertainty_proxy,2026-06-25T05:22:11.584014Z,2021-06-27T23:59:00Z
2021-06-27,china_epu,100.0,daily,authorized_policy_uncertainty_proxy,2026-06-25T05:22:11.584014Z,2021-06-27T23:59:00Z
2021-06-28,global_epu,106.384,daily,authorized_policy_uncertainty_proxy,2026-06-25T05:22:11.584014Z,2021-06-28T23:59:00Z
2021-06-28,china_epu,103.648,daily,authorized_policy_uncertainty_proxy,2026-06-25T05:22:11.584014Z,2021-06-28T23:59:00Z
2021-06-29,global_epu,108.568,daily,authorized_policy_uncertainty_proxy,2026-06-25T05:22:11.584014Z,2021-06-29T23:59:00Z
2021-06-29,china_epu,104.896,daily,authorized_policy_uncertainty_proxy,2026-06-25T05:22:11.584014Z,2021-06-29T23:59:00Z
2021-06-30,global_epu,106.972,daily,authorized_policy_uncertainty_proxy,2026-06-25T05:22:11.584014Z,2021-06-30T23:59:00Z
2021-06-30,china_epu,103.984,daily,authorized_policy_uncertainty_proxy,2026-06-25T05:22:11.584014Z,2021-06-30T23:59:00Z
2021-07-01,global_epu,104.032,daily,authorized_policy_uncertainty_proxy,2026-06-25T05:22:11.584014Z,2021-07-01T23:59:00Z
2021-07-01,china_epu,102.304,daily,authorized_policy_uncertainty_proxy,2026-06-25T05:22:11.584014Z,2021-07-01T23:59:00Z
2021-07-02,global_epu,100.588,daily,authorized_policy_uncertainty_proxy,2026-06-25T05:22:11.584014Z,2021-07-02T23:59:00Z
2021-07-02,china_epu,100.336,daily,authorized_policy_uncertainty_proxy,2026-06-25T05:22:11.584014Z,2021-07-02T23:59:00Z
2021-07-04,global_epu,100.0,daily,authorized_policy_uncertainty_proxy,2026-06-25T05:22:11.584014Z,2021-07-04T23:59:00Z
2021-07-04,china_epu,100.0,daily,authorized_policy_uncertainty_proxy,2026-06-25T05:22:11.584014Z,2021-07-04T23:59:00Z
2021-07-05,global_epu,100.0,daily,authorized_policy_uncertainty_proxy,2026-06-25T05:22:11.584014Z,2021-07-05T23:59:00Z
2021-07-05,china_epu,100.0,daily,authorized_policy_uncertainty_proxy,2026-06-25T05:22:11.584014Z,2021-07-05T23:59:00Z
2021-07-06,global_epu,112.096,daily,authorized_policy_uncertainty_proxy,2026-06-25T05:22:11.584014Z,2021-07-06T23:59:00Z
2021-07-06,china_epu,106.912,daily,authorized_policy_uncertainty_proxy,2026-06-25T05:22:11.584014Z,2021-07-06T23:59:00Z
2021-07-07,global_epu,110.08,daily,authorized_policy_uncertainty_proxy,2026-06-25T05:22:11.584014Z,2021-07-07T23:59:00Z
2021-07-07,china_epu,105.76,daily,authorized_policy_uncertainty_proxy,2026-06-25T05:22:11.584014Z,2021-07-07T23:59:00Z
2021-07-08,global_epu,133.6,daily,authorized_policy_uncertainty_proxy,2026-06-25T05:22:11.584014Z,2021-07-08T23:59:00Z
2021-07-08,china_epu,119.2,daily,authorized_policy_uncertainty_proxy,2026-06-25T05:22:11.584014Z,2021-07-08T23:59:00Z
2021-07-09,global_epu,109.912,daily,authorized_policy_uncertainty_proxy,2026-06-25T05:22:11.584014Z,2021-07-09T23:59:00Z
2021-07-09,china_epu,105.664,daily,authorized_policy_uncertainty_proxy,2026-06-25T05:22:11.584014Z,2021-07-09T23:59:00Z
2021-07-11,global_epu,100.0,daily,authorized_policy_uncertainty_proxy,2026-06-25T05:22:11.584014Z,2021-07-11T23:59:00Z
2021-07-11,china_epu,100.0,daily,authorized_policy_uncertainty_proxy,2026-06-25T05:22:11.584014Z,2021-07-11T23:59:00Z
2021-07-12,global_epu,109.828,daily,authorized_policy_uncertainty_proxy,2026-06-25T05:22:11.584014Z,2021-07-12T23:59:00Z
2021-07-12,china_epu,105.616,daily,authorized_policy_uncertainty_proxy,2026-06-25T05:22:11.584014Z,2021-07-12T23:59:00Z
2021-07-13,global_epu,117.808,daily,authorized_policy_uncertainty_proxy,2026-06-25T05:22:11.584014Z,2021-07-13T23:59:00Z
2021-07-13,china_epu,110.176,daily,authorized_policy_uncertainty_proxy,2026-06-25T05:22:11.584014Z,2021-07-13T23:59:00Z
2021-07-14,global_epu,111.172,daily,authorized_policy_uncertainty_proxy,2026-06-25T05:22:11.584014Z,2021-07-14T23:59:00Z
2021-07-14,china_epu,106.384,daily,authorized_policy_uncertainty_proxy,2026-06-25T05:22:11.584014Z,2021-07-14T23:59:00Z
2021-07-15,global_epu,116.884,daily,authorized_policy_uncertainty_proxy,2026-06-25T05:22:11.584014Z,2021-07-15T23:59:00Z
2021-07-15,china_epu,109.648,daily,authorized_policy_uncertainty_proxy,2026-06-25T05:22:11.584014Z,2021-07-15T23:59:00Z
2021-07-16,global_epu,128.98,daily,authorized_policy_uncertainty_proxy,2026-06-25T05:22:11.584014Z,2021-07-16T23:59:00Z
2021-07-16,china_epu,116.56,daily,authorized_policy_uncertainty_proxy,2026-06-25T05:22:11.584014Z,2021-07-16T23:59:00Z
2021-07-18,global_epu,100.0,daily,authorized_policy_uncertainty_proxy,2026-06-25T05:22:11.584014Z,2021-07-18T23:59:00Z
2021-07-18,china_epu,100.0,daily,authorized_policy_uncertainty_proxy,2026-06-25T05:22:11.584014Z,2021-07-18T23:59:00Z
2021-07-19,global_epu,163.0,daily,authorized_policy_uncertainty_proxy,2026-06-25T05:22:11.584014Z,2021-07-19T23:59:00Z
2021-07-19,china_epu,136.0,daily,authorized_policy_uncertainty_proxy,2026-06-25T05:22:11.584014Z,2021-07-19T23:59:00Z
2021-07-20,global_epu,139.732,daily,authorized_policy_uncertainty_proxy,2026-06-25T05:22:11.584014Z,2021-07-20T23:59:00Z
2021-07-20,china_epu,122.704,daily,authorized_policy_uncertainty_proxy,2026-06-25T05:22:11.584014Z,2021-07-20T23:59:00Z
2021-07-21,global_epu,124.444,daily,authorized_policy_uncertainty_proxy,2026-06-25T05:22:11.584014Z,2021-07-21T23:59:00Z
2021-07-21,china_epu,113.968,daily,authorized_policy_uncertainty_proxy,2026-06-25T05:22:11.584014Z,2021-07-21T23:59:00Z
2021-07-22,global_epu,122.596,daily,authorized_policy_uncertainty_proxy,2026-06-25T05:22:11.584014Z,2021-07-22T23:59:00Z
2021-07-22,china_epu,112.912,daily,authorized_policy_uncertainty_proxy,2026-06-25T05:22:11.584014Z,2021-07-22T23:59:00Z
2021-07-23,global_epu,118.48,daily,authorized_policy_uncertainty_proxy,2026-06-25T05:22:11.584014Z,2021-07-23T23:59:00Z
2021-07-23,china_epu,110.56,daily,authorized_policy_uncertainty_proxy,2026-06-25T05:22:11.584014Z,2021-07-23T23:59:00Z
2021-07-25,global_epu,100.0,daily,authorized_policy_uncertainty_proxy,2026-06-25T05:22:11.584014Z,2021-07-25T23:59:00Z
2021-07-25,china_epu,100.0,daily,authorized_policy_uncertainty_proxy,2026-06-25T05:22:11.584014Z,2021-07-25T23:59:00Z
2021-07-26,global_epu,121.672,daily,authorized_policy_uncertainty_proxy,2026-06-25T05:22:11.584014Z,2021-07-26T23:59:00Z
2021-07-26,china_epu,112.384,daily,authorized_policy_uncertainty_proxy,2026-06-25T05:22:11.584014Z,2021-07-26T23:59:00Z
2021-07-27,global_epu,137.351487,daily,authorized_policy_uncertainty_proxy,2026-06-25T05:22:11.584014Z,2021-07-27T23:59:00Z
2021-07-27,china_epu,122.382973,daily,authorized_policy_uncertainty_proxy,2026-06-25T05:22:11.584014Z,2021-07-27T23:59:00Z
2021-07-28,global_epu,127.804,daily,authorized_policy_uncertainty_proxy,2026-06-25T05:22:11.584014Z,2021-07-28T23:59:00Z
2021-07-28,china_epu,115.888,daily,authorized_policy_uncertainty_proxy,2026-06-25T05:22:11.584014Z,2021-07-28T23:59:00Z
2021-07-29,global_epu,122.68,daily,authorized_policy_uncertainty_proxy,2026-06-25T05:22:11.584014Z,2021-07-29T23:59:00Z
2021-07-29,china_epu,112.96,daily,authorized_policy_uncertainty_proxy,2026-06-25T05:22:11.584014Z,2021-07-29T23:59:00Z
2021-07-30,global_epu,127.216,daily,authorized_policy_uncertainty_proxy,2026-06-25T05:22:11.584014Z,2021-07-30T23:59:00Z
2021-07-30,china_epu,115.552,daily,authorized_policy_uncertainty_proxy,2026-06-25T05:22:11.584014Z,2021-07-30T23:59:00Z
2021-08-01,global_epu,100.0,daily,authorized_policy_uncertainty_proxy,2026-06-25T05:22:11.584014Z,2021-08-01T23:59:00Z
2021-08-01,china_epu,100.0,daily,authorized_policy_uncertainty_proxy,2026-06-25T05:22:11.584014Z,2021-08-01T23:59:00Z
2021-08-02,global_epu,137.464,daily,authorized_policy_uncertainty_proxy,2026-06-25T05:22:11.584014Z,2021-08-02T23:59:00Z
2021-08-02,china_epu,121.408,daily,authorized_policy_uncertainty_proxy,2026-06-25T05:22:11.584014Z,2021-08-02T23:59:00Z
2021-08-03,global_epu,125.536,daily,authorized_policy_uncertainty_proxy,2026-06-25T05:22:11.584014Z,2021-08-03T23:59:00Z
2021-08-03,china_epu,114.592,daily,authorized_policy_uncertainty_proxy,2026-06-25T05:22:11.584014Z,2021-08-03T23:59:00Z
2021-08-04,global_epu,124.948,daily,authorized_policy_uncertainty_proxy,2026-06-25T05:22:11.584014Z,2021-08-04T23:59:00Z
2021-08-04,china_epu,114.256,daily,authorized_policy_uncertainty_proxy,2026-06-25T05:22:11.584014Z,2021-08-04T23:59:00Z
2021-08-05,global_epu,119.152,daily,authorized_policy_uncertainty_proxy,2026-06-25T05:22:11.584014Z,2021-08-05T23:59:00Z
2021-08-05,china_epu,110.944,daily,authorized_policy_uncertainty_proxy,2026-06-25T05:22:11.584014Z,2021-08-05T23:59:00Z
2021-08-06,global_epu,109.66,daily,authorized_policy_uncertainty_proxy,2026-06-25T05:22:11.584014Z,2021-08-06T23:59:00Z
2021-08-06,china_epu,105.52,daily,authorized_policy_uncertainty_proxy,2026-06-25T05:22:11.584014Z,2021-08-06T23:59:00Z
2021-08-08,global_epu,100.0,daily,authorized_policy_uncertainty_proxy,2026-06-25T05:22:11.584014Z,2021-08-08T23:59:00Z
2021-08-08,china_epu,100.0,daily,authorized_policy_uncertainty_proxy,2026-06-25T05:22:11.584014Z,2021-08-08T23:59:00Z
2021-08-09,global_epu,114.448,daily,authorized_policy_uncertainty_proxy,2026-06-25T05:22:11.584014Z,2021-08-09T23:59:00Z
2021-08-09,china_epu,108.256,daily,authorized_policy_uncertainty_proxy,2026-06-25T05:22:11.584014Z,2021-08-09T23:59:00Z
2021-08-10,global_epu,115.036,daily,authorized_policy_uncertainty_proxy,2026-06-25T05:22:11.584014Z,2021-08-10T23:59:00Z
2021-08-10,china_epu,108.592,daily,authorized_policy_uncertainty_proxy,2026-06-25T05:22:11.584014Z,2021-08-10T23:59:00Z
2021-08-11,global_epu,108.904,daily,authorized_policy_uncertainty_proxy,2026-06-25T05:22:11.584014Z,2021-08-11T23:59:00Z
2021-08-11,china_epu,105.088,daily,authorized_policy_uncertainty_proxy,2026-06-25T05:22:11.584014Z,2021-08-11T23:59:00Z
2021-08-12,global_epu,104.956,daily,authorized_policy_uncertainty_proxy,2026-06-25T05:22:11.584014Z,2021-08-12T23:59:00Z
2021-08-12,china_epu,102.832,daily,authorized_policy_uncertainty_proxy,2026-06-25T05:22:11.584014Z,2021-08-12T23:59:00Z
2021-08-13,global_epu,103.78,daily,authorized_policy_uncertainty_proxy,2026-06-25T05:22:11.584014Z,2021-08-13T23:59:00Z
2021-08-13,china_epu,102.16,daily,authorized_policy_uncertainty_proxy,2026-06-25T05:22:11.584014Z,2021-08-13T23:59:00Z
2021-08-15,global_epu,100.0,daily,authorized_policy_uncertainty_proxy,2026-06-25T05:22:11.584014Z,2021-08-15T23:59:00Z
2021-08-15,china_epu,100.0,daily,authorized_policy_uncertainty_proxy,2026-06-25T05:22:11.584014Z,2021-08-15T23:59:00Z
2021-08-16,global_epu,109.408,daily,authorized_policy_uncertainty_proxy,2026-06-25T05:22:11.584014Z,2021-08-16T23:59:00Z
2021-08-16,china_epu,105.376,daily,authorized_policy_uncertainty_proxy,2026-06-25T05:22:11.584014Z,2021-08-16T23:59:00Z
2021-08-17,global_epu,124.444,daily,authorized_policy_uncertainty_proxy,2026-06-25T05:22:11.584014Z,2021-08-17T23:59:00Z
2021-08-17,china_epu,113.968,daily,authorized_policy_uncertainty_proxy,2026-06-25T05:22:11.584014Z,2021-08-17T23:59:00Z
2021-08-18,global_epu,155.188,daily,authorized_policy_uncertainty_proxy,2026-06-25T05:22:11.584014Z,2021-08-18T23:59:00Z
2021-08-18,china_epu,131.536,daily,authorized_policy_uncertainty_proxy,2026-06-25T05:22:11.584014Z,2021-08-18T23:59:00Z
2021-08-19,global_epu,156.028,daily,authorized_policy_uncertainty_proxy,2026-06-25T05:22:11.584014Z,2021-08-19T23:59:00Z
2021-08-19,china_epu,132.016,daily,authorized_policy_uncertainty_proxy,2026-06-25T05:22:11.584014Z,2021-08-19T23:59:00Z
2021-08-20,global_epu,129.904,daily,authorized_policy_uncertainty_proxy,2026-06-25T05:22:11.584014Z,2021-08-20T23:59:00Z
2021-08-20,china_epu,117.088,daily,authorized_policy_uncertainty_proxy,2026-06-25T05:22:11.584014Z,2021-08-20T23:59:00Z
2021-08-22,global_epu,100.0,daily,authorized_policy_uncertainty_proxy,2026-06-25T05:22:11.584014Z,2021-08-22T23:59:00Z
2021-08-22,china_epu,100.0,daily,authorized_policy_uncertainty_proxy,2026-06-25T05:22:11.584014Z,2021-08-22T23:59:00Z
2021-08-23,global_epu,118.06,daily,authorized_policy_uncertainty_proxy,2026-06-25T05:22:11.584014Z,2021-08-23T23:59:00Z
2021-08-23,china_epu,110.32,daily,authorized_policy_uncertainty_proxy,2026-06-25T05:22:11.584014Z,2021-08-23T23:59:00Z
2021-08-24,global_epu,118.648,daily,authorized_policy_uncertainty_proxy,2026-06-25T05:22:11.584014Z,2021-08-24T23:59:00Z
2021-08-24,china_epu,110.656,daily,authorized_policy_uncertainty_proxy,2026-06-25T05:22:11.584014Z,2021-08-24T23:59:00Z
2021-08-25,global_epu,115.036,daily,authorized_policy_uncertainty_proxy,2026-06-25T05:22:11.584014Z,2021-08-25T23:59:00Z
2021-08-25,china_epu,108.592,daily,authorized_policy_uncertainty_proxy,2026-06-25T05:22:11.584014Z,2021-08-25T23:59:00Z
2021-08-26,global_epu,132.256,daily,authorized_policy_uncertainty_proxy,2026-06-25T05:22:11.584014Z,2021-08-26T23:59:00Z
2021-08-26,china_epu,118.432,daily,authorized_policy_uncertainty_proxy,2026-06-25T05:22:11.584014Z,2021-08-26T23:59:00Z
2021-08-27,global_epu,111.676,daily,authorized_policy_uncertainty_proxy,2026-06-25T05:22:11.584014Z,2021-08-27T23:59:00Z
2021-08-27,china_epu,106.672,daily,authorized_policy_uncertainty_proxy,2026-06-25T05:22:11.584014Z,2021-08-27T23:59:00Z
2021-08-29,global_epu,100.0,daily,authorized_policy_uncertainty_proxy,2026-06-25T05:22:11.584014Z,2021-08-29T23:59:00Z
2021-08-29,china_epu,100.0,daily,authorized_policy_uncertainty_proxy,2026-06-25T05:22:11.584014Z,2021-08-29T23:59:00Z
2021-08-30,global_epu,109.996,daily,authorized_policy_uncertainty_proxy,2026-06-25T05:22:11.584014Z,2021-08-30T23:59:00Z
2021-08-30,china_epu,105.712,daily,authorized_policy_uncertainty_proxy,2026-06-25T05:22:11.584014Z,2021-08-30T23:59:00Z
2021-08-31,global_epu,112.432,daily,authorized_policy_uncertainty_proxy,2026-06-25T05:22:11.584014Z,2021-08-31T23:59:00Z
2021-08-31,china_epu,107.104,daily,authorized_policy_uncertainty_proxy,2026-06-25T05:22:11.584014Z,2021-08-31T23:59:00Z
2021-09-01,global_epu,109.324,daily,authorized_policy_uncertainty_proxy,2026-06-25T05:22:11.584014Z,2021-09-01T23:59:00Z
2021-09-01,china_epu,105.328,daily,authorized_policy_uncertainty_proxy,2026-06-25T05:22:11.584014Z,2021-09-01T23:59:00Z
2021-09-02,global_epu,111.844,daily,authorized_policy_uncertainty_proxy,2026-06-25T05:22:11.584014Z,2021-09-02T23:59:00Z
2021-09-02,china_epu,106.768,daily,authorized_policy_uncertainty_proxy,2026-06-25T05:22:11.584014Z,2021-09-02T23:59:00Z
2021-09-03,global_epu,111.844,daily,authorized_policy_uncertainty_proxy,2026-06-25T05:22:11.584014Z,2021-09-03T23:59:00Z
2021-09-03,china_epu,106.768,daily,authorized_policy_uncertainty_proxy,2026-06-25T05:22:11.584014Z,2021-09-03T23:59:00Z
2021-09-05,global_epu,100.0,daily,authorized_policy_uncertainty_proxy,2026-06-25T05:22:11.584014Z,2021-09-05T23:59:00Z
2021-09-05,china_epu,100.0,daily,authorized_policy_uncertainty_proxy,2026-06-25T05:22:11.584014Z,2021-09-05T23:59:00Z
2021-09-06,global_epu,100.0,daily,authorized_policy_uncertainty_proxy,2026-06-25T05:22:11.584014Z,2021-09-06T23:59:00Z
2021-09-06,china_epu,100.0,daily,authorized_policy_uncertainty_proxy,2026-06-25T05:22:11.584014Z,2021-09-06T23:59:00Z
2021-09-07,global_epu,126.376,daily,authorized_policy_uncertainty_proxy,2026-06-25T05:22:11.584014Z,2021-09-07T23:59:00Z
2021-09-07,china_epu,115.072,daily,authorized_policy_uncertainty_proxy,2026-06-25T05:22:11.584014Z,2021-09-07T23:59:00Z
2021-09-08,global_epu,124.864,daily,authorized_policy_uncertainty_proxy,2026-06-25T05:22:11.584014Z,2021-09-08T23:59:00Z
2021-09-08,china_epu,114.208,daily,authorized_policy_uncertainty_proxy,2026-06-25T05:22:11.584014Z,2021-09-08T23:59:00Z
2021-09-09,global_epu,131.92,daily,authorized_policy_uncertainty_proxy,2026-06-25T05:22:11.584014Z,2021-09-09T23:59:00Z
2021-09-09,china_epu,118.24,daily,authorized_policy_uncertainty_proxy,2026-06-25T05:22:11.584014Z,2021-09-09T23:59:00Z
2021-09-10,global_epu,149.98,daily,authorized_policy_uncertainty_proxy,2026-06-25T05:22:11.584014Z,2021-09-10T23:59:00Z
2021-09-10,china_epu,128.56,daily,authorized_policy_uncertainty_proxy,2026-06-25T05:22:11.584014Z,2021-09-10T23:59:00Z
2021-09-12,global_epu,100.0,daily,authorized_policy_uncertainty_proxy,2026-06-25T05:22:11.584014Z,2021-09-12T23:59:00Z
2021-09-12,china_epu,100.0,daily,authorized_policy_uncertainty_proxy,2026-06-25T05:22:11.584014Z,2021-09-12T23:59:00Z
2021-09-13,global_epu,136.708,daily,authorized_policy_uncertainty_proxy,2026-06-25T05:22:11.584014Z,2021-09-13T23:59:00Z
2021-09-13,china_epu,120.976,daily,authorized_policy_uncertainty_proxy,2026-06-25T05:22:11.584014Z,2021-09-13T23:59:00Z
2021-09-14,global_epu,137.464,daily,authorized_policy_uncertainty_proxy,2026-06-25T05:22:11.584014Z,2021-09-14T23:59:00Z
2021-09-14,china_epu,121.408,daily,authorized_policy_uncertainty_proxy,2026-06-25T05:22:11.584014Z,2021-09-14T23:59:00Z
2021-09-15,global_epu,126.712,daily,authorized_policy_uncertainty_proxy,2026-06-25T05:22:11.584014Z,2021-09-15T23:59:00Z
2021-09-15,china_epu,115.264,daily,authorized_policy_uncertainty_proxy,2026-06-25T05:22:11.584014Z,2021-09-15T23:59:00Z
2021-09-16,global_epu,130.996,daily,authorized_policy_uncertainty_proxy,2026-06-25T05:22:11.584014Z,2021-09-16T23:59:00Z
2021-09-16,china_epu,117.712,daily,authorized_policy_uncertainty_proxy,2026-06-25T05:22:11.584014Z,2021-09-16T23:59:00Z
2021-09-17,global_epu,148.804,daily,authorized_policy_uncertainty_proxy,2026-06-25T05:22:11.584014Z,2021-09-17T23:59:00Z
2021-09-17,china_epu,127.888,daily,authorized_policy_uncertainty_proxy,2026-06-25T05:22:11.584014Z,2021-09-17T23:59:00Z
2021-09-19,global_epu,100.0,daily,authorized_policy_uncertainty_proxy,2026-06-25T05:22:11.584014Z,2021-09-19T23:59:00Z
2021-09-19,china_epu,100.0,daily,authorized_policy_uncertainty_proxy,2026-06-25T05:22:11.584014Z,2021-09-19T23:59:00Z
2021-09-20,global_epu,189.964,daily,authorized_policy_uncertainty_proxy,2026-06-25T05:22:11.584014Z,2021-09-20T23:59:00Z
2021-09-20,china_epu,151.408,daily,authorized_policy_uncertainty_proxy,2026-06-25T05:22:11.584014Z,2021-09-20T23:59:00Z
2021-09-21,global_epu,178.624,daily,authorized_policy_uncertainty_proxy,2026-06-25T05:22:11.584014Z,2021-09-21T23:59:00Z
2021-09-21,china_epu,144.928,daily,authorized_policy_uncertainty_proxy,2026-06-25T05:22:11.584014Z,2021-09-21T23:59:00Z
2021-09-22,global_epu,149.308,daily,authorized_policy_uncertainty_proxy,2026-06-25T05:22:11.584014Z,2021-09-22T23:59:00Z
2021-09-22,china_epu,128.176,daily,authorized_policy_uncertainty_proxy,2026-06-25T05:22:11.584014Z,2021-09-22T23:59:00Z
2021-09-23,global_epu,130.492,daily,authorized_policy_uncertainty_proxy,2026-06-25T05:22:11.584014Z,2021-09-23T23:59:00Z
2021-09-23,china_epu,117.424,daily,authorized_policy_uncertainty_proxy,2026-06-25T05:22:11.584014Z,2021-09-23T23:59:00Z
2021-09-24,global_epu,123.1,daily,authorized_policy_uncertainty_proxy,2026-06-25T05:22:11.584014Z,2021-09-24T23:59:00Z
2021-09-24,china_epu,113.2,daily,authorized_policy_uncertainty_proxy,2026-06-25T05:22:11.584014Z,2021-09-24T23:59:00Z
2021-09-26,global_epu,100.0,daily,authorized_policy_uncertainty_proxy,2026-06-25T05:22:11.584014Z,2021-09-26T23:59:00Z
2021-09-26,china_epu,100.0,daily,authorized_policy_uncertainty_proxy,2026-06-25T05:22:11.584014Z,2021-09-26T23:59:00Z
2021-09-27,global_epu,131.584,daily,authorized_policy_uncertainty_proxy,2026-06-25T05:22:11.584014Z,2021-09-27T23:59:00Z
2021-09-27,china_epu,118.048,daily,authorized_policy_uncertainty_proxy,2026-06-25T05:22:11.584014Z,2021-09-27T23:59:00Z
2021-09-28,global_epu,169.3,daily,authorized_policy_uncertainty_proxy,2026-06-25T05:22:11.584014Z,2021-09-28T23:59:00Z
2021-09-28,china_epu,139.6,daily,authorized_policy_uncertainty_proxy,2026-06-25T05:22:11.584014Z,2021-09-28T23:59:00Z
2021-09-29,global_epu,163.504,daily,authorized_policy_uncertainty_proxy,2026-06-25T05:22:11.584014Z,2021-09-29T23:59:00Z
2021-09-29,china_epu,136.288,daily,authorized_policy_uncertainty_proxy,2026-06-25T05:22:11.584014Z,2021-09-29T23:59:00Z
2021-09-30,global_epu,168.376,daily,authorized_policy_uncertainty_proxy,2026-06-25T05:22:11.584014Z,2021-09-30T23:59:00Z
2021-09-30,china_epu,139.072,daily,authorized_policy_uncertainty_proxy,2026-06-25T05:22:11.584014Z,2021-09-30T23:59:00Z
2021-10-01,global_epu,151.66,daily,authorized_policy_uncertainty_proxy,2026-06-25T05:22:11.584014Z,2021-10-01T23:59:00Z
2021-10-01,china_epu,129.52,daily,authorized_policy_uncertainty_proxy,2026-06-25T05:22:11.584014Z,2021-10-01T23:59:00Z
2021-10-03,global_epu,100.0,daily,authorized_policy_uncertainty_proxy,2026-06-25T05:22:11.584014Z,2021-10-03T23:59:00Z
2021-10-03,china_epu,100.0,daily,authorized_policy_uncertainty_proxy,2026-06-25T05:22:11.584014Z,2021-10-03T23:59:00Z
2021-10-04,global_epu,166.864,daily,authorized_policy_uncertainty_proxy,2026-06-25T05:22:11.584014Z,2021-10-04T23:59:00Z
2021-10-04,china_epu,138.208,daily,authorized_policy_uncertainty_proxy,2026-06-25T05:22:11.584014Z,2021-10-04T23:59:00Z
2021-10-05,global_epu,152.92,daily,authorized_policy_uncertainty_proxy,2026-06-25T05:22:11.584014Z,2021-10-05T23:59:00Z
2021-10-05,china_epu,130.24,daily,authorized_policy_uncertainty_proxy,2026-06-25T05:22:11.584014Z,2021-10-05T23:59:00Z
2021-10-06,global_epu,150.4,daily,authorized_policy_uncertainty_proxy,2026-06-25T05:22:11.584014Z,2021-10-06T23:59:00Z
2021-10-06,china_epu,128.8,daily,authorized_policy_uncertainty_proxy,2026-06-25T05:22:11.584014Z,2021-10-06T23:59:00Z
2021-10-07,global_epu,138.136,daily,authorized_policy_uncertainty_proxy,2026-06-25T05:22:11.584014Z,2021-10-07T23:59:00Z
2021-10-07,china_epu,121.792,daily,authorized_policy_uncertainty_proxy,2026-06-25T05:22:11.584014Z,2021-10-07T23:59:00Z
2021-10-08,global_epu,131.668,daily,authorized_policy_uncertainty_proxy,2026-06-25T05:22:11.584014Z,2021-10-08T23:59:00Z
2021-10-08,china_epu,118.096,daily,authorized_policy_uncertainty_proxy,2026-06-25T05:22:11.584014Z,2021-10-08T23:59:00Z
2021-10-10,global_epu,100.0,daily,authorized_policy_uncertainty_proxy,2026-06-25T05:22:11.584014Z,2021-10-10T23:59:00Z
2021-10-10,china_epu,100.0,daily,authorized_policy_uncertainty_proxy,2026-06-25T05:22:11.584014Z,2021-10-10T23:59:00Z
2021-10-11,global_epu,142.0,daily,authorized_policy_uncertainty_proxy,2026-06-25T05:22:11.584014Z,2021-10-11T23:59:00Z
2021-10-11,china_epu,124.0,daily,authorized_policy_uncertainty_proxy,2026-06-25T05:22:11.584014Z,2021-10-11T23:59:00Z
2021-10-12,global_epu,140.74,daily,authorized_policy_uncertainty_proxy,2026-06-25T05:22:11.584014Z,2021-10-12T23:59:00Z
2021-10-12,china_epu,123.28,daily,authorized_policy_uncertainty_proxy,2026-06-25T05:22:11.584014Z,2021-10-12T23:59:00Z
2021-10-13,global_epu,130.576,daily,authorized_policy_uncertainty_proxy,2026-06-25T05:22:11.584014Z,2021-10-13T23:59:00Z
2021-10-13,china_epu,117.472,daily,authorized_policy_uncertainty_proxy,2026-06-25T05:22:11.584014Z,2021-10-13T23:59:00Z
2021-10-14,global_epu,115.624,daily,authorized_policy_uncertainty_proxy,2026-06-25T05:22:11.584014Z,2021-10-14T23:59:00Z
2021-10-14,china_epu,108.928,daily,authorized_policy_uncertainty_proxy,2026-06-25T05:22:11.584014Z,2021-10-14T23:59:00Z
2021-10-15,global_epu,110.92,daily,authorized_policy_uncertainty_proxy,2026-06-25T05:22:11.584014Z,2021-10-15T23:59:00Z
2021-10-15,china_epu,106.24,daily,authorized_policy_uncertainty_proxy,2026-06-25T05:22:11.584014Z,2021-10-15T23:59:00Z
2021-10-17,global_epu,100.0,daily,authorized_policy_uncertainty_proxy,2026-06-25T05:22:11.584014Z,2021-10-17T23:59:00Z
2021-10-17,china_epu,100.0,daily,authorized_policy_uncertainty_proxy,2026-06-25T05:22:11.584014Z,2021-10-17T23:59:00Z
2021-10-18,global_epu,111.004,daily,authorized_policy_uncertainty_proxy,2026-06-25T05:22:11.584014Z,2021-10-18T23:59:00Z
2021-10-18,china_epu,106.288,daily,authorized_policy_uncertainty_proxy,2026-06-25T05:22:11.584014Z,2021-10-18T23:59:00Z
2021-10-19,global_epu,105.88,daily,authorized_policy_uncertainty_proxy,2026-06-25T05:22:11.584014Z,2021-10-19T23:59:00Z
2021-10-19,china_epu,103.36,daily,authorized_policy_uncertainty_proxy,2026-06-25T05:22:11.584014Z,2021-10-19T23:59:00Z
2021-10-20,global_epu,104.116,daily,authorized_policy_uncertainty_proxy,2026-06-25T05:22:11.584014Z,2021-10-20T23:59:00Z
2021-10-20,china_epu,102.352,daily,authorized_policy_uncertainty_proxy,2026-06-25T05:22:11.584014Z,2021-10-20T23:59:00Z
2021-10-21,global_epu,100.084,daily,authorized_policy_uncertainty_proxy,2026-06-25T05:22:11.584014Z,2021-10-21T23:59:00Z
2021-10-21,china_epu,100.048,daily,authorized_policy_uncertainty_proxy,2026-06-25T05:22:11.584014Z,2021-10-21T23:59:00Z
2021-10-22,global_epu,103.612,daily,authorized_policy_uncertainty_proxy,2026-06-25T05:22:11.584014Z,2021-10-22T23:59:00Z
2021-10-22,china_epu,102.064,daily,authorized_policy_uncertainty_proxy,2026-06-25T05:22:11.584014Z,2021-10-22T23:59:00Z
2021-10-24,global_epu,100.0,daily,authorized_policy_uncertainty_proxy,2026-06-25T05:22:11.584014Z,2021-10-24T23:59:00Z
2021-10-24,china_epu,100.0,daily,authorized_policy_uncertainty_proxy,2026-06-25T05:22:11.584014Z,2021-10-24T23:59:00Z
2021-10-25,global_epu,102.016,daily,authorized_policy_uncertainty_proxy,2026-06-25T05:22:11.584014Z,2021-10-25T23:59:00Z
2021-10-25,china_epu,101.152,daily,authorized_policy_uncertainty_proxy,2026-06-25T05:22:11.584014Z,2021-10-25T23:59:00Z
2021-10-26,global_epu,108.232,daily,authorized_policy_uncertainty_proxy,2026-06-25T05:22:11.584014Z,2021-10-26T23:59:00Z
2021-10-26,china_epu,104.704,daily,authorized_policy_uncertainty_proxy,2026-06-25T05:22:11.584014Z,2021-10-26T23:59:00Z
2021-10-27,global_epu,116.632,daily,authorized_policy_uncertainty_proxy,2026-06-25T05:22:11.584014Z,2021-10-27T23:59:00Z
2021-10-27,china_epu,109.504,daily,authorized_policy_uncertainty_proxy,2026-06-25T05:22:11.584014Z,2021-10-27T23:59:00Z
2021-10-28,global_epu,112.852,daily,authorized_policy_uncertainty_proxy,2026-06-25T05:22:11.584014Z,2021-10-28T23:59:00Z
2021-10-28,china_epu,107.344,daily,authorized_policy_uncertainty_proxy,2026-06-25T05:22:11.584014Z,2021-10-28T23:59:00Z
2021-10-29,global_epu,110.584,daily,authorized_policy_uncertainty_proxy,2026-06-25T05:22:11.584014Z,2021-10-29T23:59:00Z
2021-10-29,china_epu,106.048,daily,authorized_policy_uncertainty_proxy,2026-06-25T05:22:11.584014Z,2021-10-29T23:59:00Z
2021-11-01,global_epu,111.844,daily,authorized_policy_uncertainty_proxy,2026-06-25T05:22:11.584014Z,2021-11-01T23:59:00Z
2021-11-01,china_epu,106.768,daily,authorized_policy_uncertainty_proxy,2026-06-25T05:22:11.584014Z,2021-11-01T23:59:00Z
2021-11-02,global_epu,108.652,daily,authorized_policy_uncertainty_proxy,2026-06-25T05:22:11.584014Z,2021-11-02T23:59:00Z
2021-11-02,china_epu,104.944,daily,authorized_policy_uncertainty_proxy,2026-06-25T05:22:11.584014Z,2021-11-02T23:59:00Z
2021-11-03,global_epu,100.84,daily,authorized_policy_uncertainty_proxy,2026-06-25T05:22:11.584014Z,2021-11-03T23:59:00Z
2021-11-03,china_epu,100.48,daily,authorized_policy_uncertainty_proxy,2026-06-25T05:22:11.584014Z,2021-11-03T23:59:00Z
2021-11-04,global_epu,103.696,daily,authorized_policy_uncertainty_proxy,2026-06-25T05:22:11.584014Z,2021-11-04T23:59:00Z
2021-11-04,china_epu,102.112,daily,authorized_policy_uncertainty_proxy,2026-06-25T05:22:11.584014Z,2021-11-04T23:59:00Z
2021-11-05,global_epu,112.432,daily,authorized_policy_uncertainty_proxy,2026-06-25T05:22:11.584014Z,2021-11-05T23:59:00Z
2021-11-05,china_epu,107.104,daily,authorized_policy_uncertainty_proxy,2026-06-25T05:22:11.584014Z,2021-11-05T23:59:00Z
2021-11-08,global_epu,118.648,daily,authorized_policy_uncertainty_proxy,2026-06-25T05:22:11.584014Z,2021-11-08T23:59:00Z
2021-11-08,china_epu,110.656,daily,authorized_policy_uncertainty_proxy,2026-06-25T05:22:11.584014Z,2021-11-08T23:59:00Z
2021-11-09,global_epu,123.352,daily,authorized_policy_uncertainty_proxy,2026-06-25T05:22:11.584014Z,2021-11-09T23:59:00Z
2021-11-09,china_epu,113.344,daily,authorized_policy_uncertainty_proxy,2026-06-25T05:22:11.584014Z,2021-11-09T23:59:00Z
2021-11-10,global_epu,131.332,daily,authorized_policy_uncertainty_proxy,2026-06-25T05:22:11.584014Z,2021-11-10T23:59:00Z
2021-11-10,china_epu,117.904,daily,authorized_policy_uncertainty_proxy,2026-06-25T05:22:11.584014Z,2021-11-10T23:59:00Z
2021-11-11,global_epu,122.344,daily,authorized_policy_uncertainty_proxy,2026-06-25T05:22:11.584014Z,2021-11-11T23:59:00Z
2021-11-11,china_epu,112.768,daily,authorized_policy_uncertainty_proxy,2026-06-25T05:22:11.584014Z,2021-11-11T23:59:00Z
2021-11-12,global_epu,110.836,daily,authorized_policy_uncertainty_proxy,2026-06-25T05:22:11.584014Z,2021-11-12T23:59:00Z
2021-11-12,china_epu,106.192,daily,authorized_policy_uncertainty_proxy,2026-06-25T05:22:11.584014Z,2021-11-12T23:59:00Z
2021-11-15,global_epu,112.516,daily,authorized_policy_uncertainty_proxy,2026-06-25T05:22:11.584014Z,2021-11-15T23:59:00Z
2021-11-15,china_epu,107.152,daily,authorized_policy_uncertainty_proxy,2026-06-25T05:22:11.584014Z,2021-11-15T23:59:00Z
2021-11-16,global_epu,111.508,daily,authorized_policy_uncertainty_proxy,2026-06-25T05:22:11.584014Z,2021-11-16T23:59:00Z
2021-11-16,china_epu,106.576,daily,authorized_policy_uncertainty_proxy,2026-06-25T05:22:11.584014Z,2021-11-16T23:59:00Z
2021-11-17,global_epu,117.724,daily,authorized_policy_uncertainty_proxy,2026-06-25T05:22:11.584014Z,2021-11-17T23:59:00Z
2021-11-17,china_epu,110.128,daily,authorized_policy_uncertainty_proxy,2026-06-25T05:22:11.584014Z,2021-11-17T23:59:00Z
2021-11-18,global_epu,121.756,daily,authorized_policy_uncertainty_proxy,2026-06-25T05:22:11.584014Z,2021-11-18T23:59:00Z
2021-11-18,china_epu,112.432,daily,authorized_policy_uncertainty_proxy,2026-06-25T05:22:11.584014Z,2021-11-18T23:59:00Z
2021-11-19,global_epu,124.444,daily,authorized_policy_uncertainty_proxy,2026-06-25T05:22:11.584014Z,2021-11-19T23:59:00Z
2021-11-19,china_epu,113.968,daily,authorized_policy_uncertainty_proxy,2026-06-25T05:22:11.584014Z,2021-11-19T23:59:00Z
2021-11-22,global_epu,135.028,daily,authorized_policy_uncertainty_proxy,2026-06-25T05:22:11.584014Z,2021-11-22T23:59:00Z
2021-11-22,china_epu,120.016,daily,authorized_policy_uncertainty_proxy,2026-06-25T05:22:11.584014Z,2021-11-22T23:59:00Z
2021-11-23,global_epu,136.792,daily,authorized_policy_uncertainty_proxy,2026-06-25T05:22:11.584014Z,2021-11-23T23:59:00Z
2021-11-23,china_epu,121.024,daily,authorized_policy_uncertainty_proxy,2026-06-25T05:22:11.584014Z,2021-11-23T23:59:00Z
2021-11-24,global_epu,130.072,daily,authorized_policy_uncertainty_proxy,2026-06-25T05:22:11.584014Z,2021-11-24T23:59:00Z
2021-11-24,china_epu,117.184,daily,authorized_policy_uncertainty_proxy,2026-06-25T05:22:11.584014Z,2021-11-24T23:59:00Z
2021-11-25,global_epu,100.0,daily,authorized_policy_uncertainty_proxy,2026-06-25T05:22:11.584014Z,2021-11-25T23:59:00Z
2021-11-25,china_epu,100.0,daily,authorized_policy_uncertainty_proxy,2026-06-25T05:22:11.584014Z,2021-11-25T23:59:00Z
2021-11-26,global_epu,214.408,daily,authorized_policy_uncertainty_proxy,2026-06-25T05:22:11.584014Z,2021-11-26T23:59:00Z
2021-11-26,china_epu,165.376,daily,authorized_policy_uncertainty_proxy,2026-06-25T05:22:11.584014Z,2021-11-26T23:59:00Z
2021-11-29,global_epu,166.864,daily,authorized_policy_uncertainty_proxy,2026-06-25T05:22:11.584014Z,2021-11-29T23:59:00Z
2021-11-29,china_epu,138.208,daily,authorized_policy_uncertainty_proxy,2026-06-25T05:22:11.584014Z,2021-11-29T23:59:00Z
2021-11-30,global_epu,202.396,daily,authorized_policy_uncertainty_proxy,2026-06-25T05:22:11.584014Z,2021-11-30T23:59:00Z
2021-11-30,china_epu,158.512,daily,authorized_policy_uncertainty_proxy,2026-06-25T05:22:11.584014Z,2021-11-30T23:59:00Z
2021-12-01,global_epu,235.408,daily,authorized_policy_uncertainty_proxy,2026-06-25T05:22:11.584014Z,2021-12-01T23:59:00Z
2021-12-01,china_epu,177.376,daily,authorized_policy_uncertainty_proxy,2026-06-25T05:22:11.584014Z,2021-12-01T23:59:00Z
2021-12-02,global_epu,208.78,daily,authorized_policy_uncertainty_proxy,2026-06-25T05:22:11.584014Z,2021-12-02T23:59:00Z
2021-12-02,china_epu,162.16,daily,authorized_policy_uncertainty_proxy,2026-06-25T05:22:11.584014Z,2021-12-02T23:59:00Z
2021-12-03,global_epu,231.628,daily,authorized_policy_uncertainty_proxy,2026-06-25T05:22:11.584014Z,2021-12-03T23:59:00Z
2021-12-03,china_epu,175.216,daily,authorized_policy_uncertainty_proxy,2026-06-25T05:22:11.584014Z,2021-12-03T23:59:00Z
2021-12-06,global_epu,202.312,daily,authorized_policy_uncertainty_proxy,2026-06-25T05:22:11.584014Z,2021-12-06T23:59:00Z
2021-12-06,china_epu,158.464,daily,authorized_policy_uncertainty_proxy,2026-06-25T05:22:11.584014Z,2021-12-06T23:59:00Z
2021-12-07,global_epu,157.876,daily,authorized_policy_uncertainty_proxy,2026-06-25T05:22:11.584014Z,2021-12-07T23:59:00Z
2021-12-07,china_epu,133.072,daily,authorized_policy_uncertainty_proxy,2026-06-25T05:22:11.584014Z,2021-12-07T23:59:00Z
2021-12-08,global_epu,141.16,daily,authorized_policy_uncertainty_proxy,2026-06-25T05:22:11.584014Z,2021-12-08T23:59:00Z
2021-12-08,china_epu,123.52,daily,authorized_policy_uncertainty_proxy,2026-06-25T05:22:11.584014Z,2021-12-08T23:59:00Z
2021-12-09,global_epu,155.272,daily,authorized_policy_uncertainty_proxy,2026-06-25T05:22:11.584014Z,2021-12-09T23:59:00Z
2021-12-09,china_epu,131.584,daily,authorized_policy_uncertainty_proxy,2026-06-25T05:22:11.584014Z,2021-12-09T23:59:00Z
2021-12-10,global_epu,130.996,daily,authorized_policy_uncertainty_proxy,2026-06-25T05:22:11.584014Z,2021-12-10T23:59:00Z
2021-12-10,china_epu,117.712,daily,authorized_policy_uncertainty_proxy,2026-06-25T05:22:11.584014Z,2021-12-10T23:59:00Z
2021-12-13,global_epu,144.604,daily,authorized_policy_uncertainty_proxy,2026-06-25T05:22:11.584014Z,2021-12-13T23:59:00Z
2021-12-13,china_epu,125.488,daily,authorized_policy_uncertainty_proxy,2026-06-25T05:22:11.584014Z,2021-12-13T23:59:00Z
2021-12-14,global_epu,157.876,daily,authorized_policy_uncertainty_proxy,2026-06-25T05:22:11.584014Z,2021-12-14T23:59:00Z
2021-12-14,china_epu,133.072,daily,authorized_policy_uncertainty_proxy,2026-06-25T05:22:11.584014Z,2021-12-14T23:59:00Z
2021-12-15,global_epu,136.036,daily,authorized_policy_uncertainty_proxy,2026-06-25T05:22:11.584014Z,2021-12-15T23:59:00Z
2021-12-15,china_epu,120.592,daily,authorized_policy_uncertainty_proxy,2026-06-25T05:22:11.584014Z,2021-12-15T23:59:00Z
2021-12-16,global_epu,146.788,daily,authorized_policy_uncertainty_proxy,2026-06-25T05:22:11.584014Z,2021-12-16T23:59:00Z
2021-12-16,china_epu,126.736,daily,authorized_policy_uncertainty_proxy,2026-06-25T05:22:11.584014Z,2021-12-16T23:59:00Z
2021-12-17,global_epu,155.188,daily,authorized_policy_uncertainty_proxy,2026-06-25T05:22:11.584014Z,2021-12-17T23:59:00Z
2021-12-17,china_epu,131.536,daily,authorized_policy_uncertainty_proxy,2026-06-25T05:22:11.584014Z,2021-12-17T23:59:00Z
2021-12-20,global_epu,166.108,daily,authorized_policy_uncertainty_proxy,2026-06-25T05:22:11.584014Z,2021-12-20T23:59:00Z
2021-12-20,china_epu,137.776,daily,authorized_policy_uncertainty_proxy,2026-06-25T05:22:11.584014Z,2021-12-20T23:59:00Z
2021-12-21,global_epu,150.484,daily,authorized_policy_uncertainty_proxy,2026-06-25T05:22:11.584014Z,2021-12-21T23:59:00Z
2021-12-21,china_epu,128.848,daily,authorized_policy_uncertainty_proxy,2026-06-25T05:22:11.584014Z,2021-12-21T23:59:00Z
2021-12-22,global_epu,130.492,daily,authorized_policy_uncertainty_proxy,2026-06-25T05:22:11.584014Z,2021-12-22T23:59:00Z
2021-12-22,china_epu,117.424,daily,authorized_policy_uncertainty_proxy,2026-06-25T05:22:11.584014Z,2021-12-22T23:59:00Z
2021-12-23,global_epu,124.864,daily,authorized_policy_uncertainty_proxy,2026-06-25T05:22:11.584014Z,2021-12-23T23:59:00Z
2021-12-23,china_epu,114.208,daily,authorized_policy_uncertainty_proxy,2026-06-25T05:22:11.584014Z,2021-12-23T23:59:00Z
2021-12-24,global_epu,100.0,daily,authorized_policy_uncertainty_proxy,2026-06-25T05:22:11.584014Z,2021-12-24T23:59:00Z
2021-12-24,china_epu,100.0,daily,authorized_policy_uncertainty_proxy,2026-06-25T05:22:11.584014Z,2021-12-24T23:59:00Z
2021-12-27,global_epu,122.512,daily,authorized_policy_uncertainty_proxy,2026-06-25T05:22:11.584014Z,2021-12-27T23:59:00Z
2021-12-27,china_epu,112.864,daily,authorized_policy_uncertainty_proxy,2026-06-25T05:22:11.584014Z,2021-12-27T23:59:00Z
2021-12-28,global_epu,121.336,daily,authorized_policy_uncertainty_proxy,2026-06-25T05:22:11.584014Z,2021-12-28T23:59:00Z
2021-12-28,china_epu,112.192,daily,authorized_policy_uncertainty_proxy,2026-06-25T05:22:11.584014Z,2021-12-28T23:59:00Z
2021-12-29,global_epu,116.38,daily,authorized_policy_uncertainty_proxy,2026-06-25T05:22:11.584014Z,2021-12-29T23:59:00Z
2021-12-29,china_epu,109.36,daily,authorized_policy_uncertainty_proxy,2026-06-25T05:22:11.584014Z,2021-12-29T23:59:00Z
2021-12-30,global_epu,119.572,daily,authorized_policy_uncertainty_proxy,2026-06-25T05:22:11.584014Z,2021-12-30T23:59:00Z
2021-12-30,china_epu,111.184,daily,authorized_policy_uncertainty_proxy,2026-06-25T05:22:11.584014Z,2021-12-30T23:59:00Z
2021-12-31,global_epu,118.648,daily,authorized_policy_uncertainty_proxy,2026-06-25T05:22:11.584014Z,2021-12-31T23:59:00Z
2021-12-31,china_epu,110.656,daily,authorized_policy_uncertainty_proxy,2026-06-25T05:22:11.584014Z,2021-12-31T23:59:00Z
2022-01-03,global_epu,113.44,daily,authorized_policy_uncertainty_proxy,2026-06-25T05:22:11.584014Z,2022-01-03T23:59:00Z
2022-01-03,china_epu,107.68,daily,authorized_policy_uncertainty_proxy,2026-06-25T05:22:11.584014Z,2022-01-03T23:59:00Z
2022-01-04,global_epu,116.044,daily,authorized_policy_uncertainty_proxy,2026-06-25T05:22:11.584014Z,2022-01-04T23:59:00Z
2022-01-04,china_epu,109.168,daily,authorized_policy_uncertainty_proxy,2026-06-25T05:22:11.584014Z,2022-01-04T23:59:00Z
2022-01-05,global_epu,139.732,daily,authorized_policy_uncertainty_proxy,2026-06-25T05:22:11.584014Z,2022-01-05T23:59:00Z
2022-01-05,china_epu,122.704,daily,authorized_policy_uncertainty_proxy,2026-06-25T05:22:11.584014Z,2022-01-05T23:59:00Z
2022-01-06,global_epu,138.724,daily,authorized_policy_uncertainty_proxy,2026-06-25T05:22:11.584014Z,2022-01-06T23:59:00Z
2022-01-06,china_epu,122.128,daily,authorized_policy_uncertainty_proxy,2026-06-25T05:22:11.584014Z,2022-01-06T23:59:00Z
2022-01-07,global_epu,131.584,daily,authorized_policy_uncertainty_proxy,2026-06-25T05:22:11.584014Z,2022-01-07T23:59:00Z
2022-01-07,china_epu,118.048,daily,authorized_policy_uncertainty_proxy,2026-06-25T05:22:11.584014Z,2022-01-07T23:59:00Z
2022-01-10,global_epu,136.96,daily,authorized_policy_uncertainty_proxy,2026-06-25T05:22:11.584014Z,2022-01-10T23:59:00Z
2022-01-10,china_epu,121.12,daily,authorized_policy_uncertainty_proxy,2026-06-25T05:22:11.584014Z,2022-01-10T23:59:00Z
2022-01-11,global_epu,128.644,daily,authorized_policy_uncertainty_proxy,2026-06-25T05:22:11.584014Z,2022-01-11T23:59:00Z
2022-01-11,china_epu,116.368,daily,authorized_policy_uncertainty_proxy,2026-06-25T05:22:11.584014Z,2022-01-11T23:59:00Z
2022-01-12,global_epu,122.008,daily,authorized_policy_uncertainty_proxy,2026-06-25T05:22:11.584014Z,2022-01-12T23:59:00Z
2022-01-12,china_epu,112.576,daily,authorized_policy_uncertainty_proxy,2026-06-25T05:22:11.584014Z,2022-01-12T23:59:00Z
2022-01-13,global_epu,144.604,daily,authorized_policy_uncertainty_proxy,2026-06-25T05:22:11.584014Z,2022-01-13T23:59:00Z
2022-01-13,china_epu,125.488,daily,authorized_policy_uncertainty_proxy,2026-06-25T05:22:11.584014Z,2022-01-13T23:59:00Z
2022-01-14,global_epu,135.196,daily,authorized_policy_uncertainty_proxy,2026-06-25T05:22:11.584014Z,2022-01-14T23:59:00Z
2022-01-14,china_epu,120.112,daily,authorized_policy_uncertainty_proxy,2026-06-25T05:22:11.584014Z,2022-01-14T23:59:00Z
2022-01-17,global_epu,100.0,daily,authorized_policy_uncertainty_proxy,2026-06-25T05:22:11.584014Z,2022-01-17T23:59:00Z
2022-01-17,china_epu,100.0,daily,authorized_policy_uncertainty_proxy,2026-06-25T05:22:11.584014Z,2022-01-17T23:59:00Z
2022-01-18,global_epu,165.436,daily,authorized_policy_uncertainty_proxy,2026-06-25T05:22:11.584014Z,2022-01-18T23:59:00Z
2022-01-18,china_epu,137.392,daily,authorized_policy_uncertainty_proxy,2026-06-25T05:22:11.584014Z,2022-01-18T23:59:00Z
2022-01-19,global_epu,174.34,daily,authorized_policy_uncertainty_proxy,2026-06-25T05:22:11.584014Z,2022-01-19T23:59:00Z
2022-01-19,china_epu,142.48,daily,authorized_policy_uncertainty_proxy,2026-06-25T05:22:11.584014Z,2022-01-19T23:59:00Z
2022-01-20,global_epu,188.956,daily,authorized_policy_uncertainty_proxy,2026-06-25T05:22:11.584014Z,2022-01-20T23:59:00Z
2022-01-20,china_epu,150.832,daily,authorized_policy_uncertainty_proxy,2026-06-25T05:22:11.584014Z,2022-01-20T23:59:00Z
2022-01-21,global_epu,216.34,daily,authorized_policy_uncertainty_proxy,2026-06-25T05:22:11.584014Z,2022-01-21T23:59:00Z
2022-01-21,china_epu,166.48,daily,authorized_policy_uncertainty_proxy,2026-06-25T05:22:11.584014Z,2022-01-21T23:59:00Z
2022-01-24,global_epu,225.16,daily,authorized_policy_uncertainty_proxy,2026-06-25T05:22:11.584014Z,2022-01-24T23:59:00Z
2022-01-24,china_epu,171.52,daily,authorized_policy_uncertainty_proxy,2026-06-25T05:22:11.584014Z,2022-01-24T23:59:00Z
2022-01-25,global_epu,235.744,daily,authorized_policy_uncertainty_proxy,2026-06-25T05:22:11.584014Z,2022-01-25T23:59:00Z
2022-01-25,china_epu,177.568,daily,authorized_policy_uncertainty_proxy,2026-06-25T05:22:11.584014Z,2022-01-25T23:59:00Z
2022-01-26,global_epu,242.464,daily,authorized_policy_uncertainty_proxy,2026-06-25T05:22:11.584014Z,2022-01-26T23:59:00Z
2022-01-26,china_epu,181.408,daily,authorized_policy_uncertainty_proxy,2026-06-25T05:22:11.584014Z,2022-01-26T23:59:00Z
2022-01-27,global_epu,230.116,daily,authorized_policy_uncertainty_proxy,2026-06-25T05:22:11.584014Z,2022-01-27T23:59:00Z
2022-01-27,china_epu,174.352,daily,authorized_policy_uncertainty_proxy,2026-06-25T05:22:11.584014Z,2022-01-27T23:59:00Z
2022-01-28,global_epu,206.344,daily,authorized_policy_uncertainty_proxy,2026-06-25T05:22:11.584014Z,2022-01-28T23:59:00Z
2022-01-28,china_epu,160.768,daily,authorized_policy_uncertainty_proxy,2026-06-25T05:22:11.584014Z,2022-01-28T23:59:00Z
2022-01-31,global_epu,182.572,daily,authorized_policy_uncertainty_proxy,2026-06-25T05:22:11.584014Z,2022-01-31T23:59:00Z
2022-01-31,china_epu,147.184,daily,authorized_policy_uncertainty_proxy,2026-06-25T05:22:11.584014Z,2022-01-31T23:59:00Z
2022-02-01,global_epu,158.464,daily,authorized_policy_uncertainty_proxy,2026-06-25T05:22:11.584014Z,2022-02-01T23:59:00Z
2022-02-01,china_epu,133.408,daily,authorized_policy_uncertainty_proxy,2026-06-25T05:22:11.584014Z,2022-02-01T23:59:00Z
2022-02-02,global_epu,159.556,daily,authorized_policy_uncertainty_proxy,2026-06-25T05:22:11.584014Z,2022-02-02T23:59:00Z
2022-02-02,china_epu,134.032,daily,authorized_policy_uncertainty_proxy,2026-06-25T05:22:11.584014Z,2022-02-02T23:59:00Z
2022-02-03,global_epu,178.54,daily,authorized_policy_uncertainty_proxy,2026-06-25T05:22:11.584014Z,2022-02-03T23:59:00Z
2022-02-03,china_epu,144.88,daily,authorized_policy_uncertainty_proxy,2026-06-25T05:22:11.584014Z,2022-02-03T23:59:00Z
2022-02-04,global_epu,169.048,daily,authorized_policy_uncertainty_proxy,2026-06-25T05:22:11.584014Z,2022-02-04T23:59:00Z
2022-02-04,china_epu,139.456,daily,authorized_policy_uncertainty_proxy,2026-06-25T05:22:11.584014Z,2022-02-04T23:59:00Z
2022-02-07,global_epu,166.024,daily,authorized_policy_uncertainty_proxy,2026-06-25T05:22:11.584014Z,2022-02-07T23:59:00Z
2022-02-07,china_epu,137.728,daily,authorized_policy_uncertainty_proxy,2026-06-25T05:22:11.584014Z,2022-02-07T23:59:00Z
2022-02-08,global_epu,154.096,daily,authorized_policy_uncertainty_proxy,2026-06-25T05:22:11.584014Z,2022-02-08T23:59:00Z
2022-02-08,china_epu,130.912,daily,authorized_policy_uncertainty_proxy,2026-06-25T05:22:11.584014Z,2022-02-08T23:59:00Z
2022-02-09,global_epu,141.664,daily,authorized_policy_uncertainty_proxy,2026-06-25T05:22:11.584014Z,2022-02-09T23:59:00Z
2022-02-09,china_epu,123.808,daily,authorized_policy_uncertainty_proxy,2026-06-25T05:22:11.584014Z,2022-02-09T23:59:00Z
2022-02-10,global_epu,174.844,daily,authorized_policy_uncertainty_proxy,2026-06-25T05:22:11.584014Z,2022-02-10T23:59:00Z
2022-02-10,china_epu,142.768,daily,authorized_policy_uncertainty_proxy,2026-06-25T05:22:11.584014Z,2022-02-10T23:59:00Z
2022-02-11,global_epu,203.824,daily,authorized_policy_uncertainty_proxy,2026-06-25T05:22:11.584014Z,2022-02-11T23:59:00Z
2022-02-11,china_epu,159.328,daily,authorized_policy_uncertainty_proxy,2026-06-25T05:22:11.584014Z,2022-02-11T23:59:00Z
2022-02-14,global_epu,211.972,daily,authorized_policy_uncertainty_proxy,2026-06-25T05:22:11.584014Z,2022-02-14T23:59:00Z
2022-02-14,china_epu,163.984,daily,authorized_policy_uncertainty_proxy,2026-06-25T05:22:11.584014Z,2022-02-14T23:59:00Z
2022-02-15,global_epu,189.88,daily,authorized_policy_uncertainty_proxy,2026-06-25T05:22:11.584014Z,2022-02-15T23:59:00Z
2022-02-15,china_epu,151.36,daily,authorized_policy_uncertainty_proxy,2026-06-25T05:22:11.584014Z,2022-02-15T23:59:00Z
2022-02-16,global_epu,178.036,daily,authorized_policy_uncertainty_proxy,2026-06-25T05:22:11.584014Z,2022-02-16T23:59:00Z
2022-02-16,china_epu,144.592,daily,authorized_policy_uncertainty_proxy,2026-06-25T05:22:11.584014Z,2022-02-16T23:59:00Z
2022-02-17,global_epu,210.124,daily,authorized_policy_uncertainty_proxy,2026-06-25T05:22:11.584014Z,2022-02-17T23:59:00Z
2022-02-17,china_epu,162.928,daily,authorized_policy_uncertainty_proxy,2026-06-25T05:22:11.584014Z,2022-02-17T23:59:00Z
2022-02-18,global_epu,207.1,daily,authorized_policy_uncertainty_proxy,2026-06-25T05:22:11.584014Z,2022-02-18T23:59:00Z
2022-02-18,china_epu,161.2,daily,authorized_policy_uncertainty_proxy,2026-06-25T05:22:11.584014Z,2022-02-18T23:59:00Z
2022-02-21,global_epu,100.0,daily,authorized_policy_uncertainty_proxy,2026-06-25T05:22:11.584014Z,2022-02-21T23:59:00Z
2022-02-21,china_epu,100.0,daily,authorized_policy_uncertainty_proxy,2026-06-25T05:22:11.584014Z,2022-02-21T23:59:00Z
2022-02-22,global_epu,216.004,daily,authorized_policy_uncertainty_proxy,2026-06-25T05:22:11.584014Z,2022-02-22T23:59:00Z
2022-02-22,china_epu,166.288,daily,authorized_policy_uncertainty_proxy,2026-06-25T05:22:11.584014Z,2022-02-22T23:59:00Z
2022-02-23,global_epu,234.568,daily,authorized_policy_uncertainty_proxy,2026-06-25T05:22:11.584014Z,2022-02-23T23:59:00Z
2022-02-23,china_epu,176.896,daily,authorized_policy_uncertainty_proxy,2026-06-25T05:22:11.584014Z,2022-02-23T23:59:00Z
2022-02-24,global_epu,228.688,daily,authorized_policy_uncertainty_proxy,2026-06-25T05:22:11.584014Z,2022-02-24T23:59:00Z
2022-02-24,china_epu,173.536,daily,authorized_policy_uncertainty_proxy,2026-06-25T05:22:11.584014Z,2022-02-24T23:59:00Z
2022-02-25,global_epu,205.756,daily,authorized_policy_uncertainty_proxy,2026-06-25T05:22:11.584014Z,2022-02-25T23:59:00Z
2022-02-25,china_epu,160.432,daily,authorized_policy_uncertainty_proxy,2026-06-25T05:22:11.584014Z,2022-02-25T23:59:00Z
2022-02-28,global_epu,227.26,daily,authorized_policy_uncertainty_proxy,2026-06-25T05:22:11.584014Z,2022-02-28T23:59:00Z
2022-02-28,china_epu,172.72,daily,authorized_policy_uncertainty_proxy,2026-06-25T05:22:11.584014Z,2022-02-28T23:59:00Z
2022-03-01,global_epu,253.888,daily,authorized_policy_uncertainty_proxy,2026-06-25T05:22:11.584014Z,2022-03-01T23:59:00Z
2022-03-01,china_epu,187.936,daily,authorized_policy_uncertainty_proxy,2026-06-25T05:22:11.584014Z,2022-03-01T23:59:00Z
2022-03-02,global_epu,232.216,daily,authorized_policy_uncertainty_proxy,2026-06-25T05:22:11.584014Z,2022-03-02T23:59:00Z
2022-03-02,china_epu,175.552,daily,authorized_policy_uncertainty_proxy,2026-06-25T05:22:11.584014Z,2022-03-02T23:59:00Z
2022-03-03,global_epu,230.032,daily,authorized_policy_uncertainty_proxy,2026-06-25T05:22:11.584014Z,2022-03-03T23:59:00Z
2022-03-03,china_epu,174.304,daily,authorized_policy_uncertainty_proxy,2026-06-25T05:22:11.584014Z,2022-03-03T23:59:00Z
2022-03-04,global_epu,242.632,daily,authorized_policy_uncertainty_proxy,2026-06-25T05:22:11.584014Z,2022-03-04T23:59:00Z
2022-03-04,china_epu,181.504,daily,authorized_policy_uncertainty_proxy,2026-06-25T05:22:11.584014Z,2022-03-04T23:59:00Z
2022-03-07,global_epu,280.18,daily,authorized_policy_uncertainty_proxy,2026-06-25T05:22:11.584014Z,2022-03-07T23:59:00Z
2022-03-07,china_epu,202.96,daily,authorized_policy_uncertainty_proxy,2026-06-25T05:22:11.584014Z,2022-03-07T23:59:00Z
2022-03-08,global_epu,269.092,daily,authorized_policy_uncertainty_proxy,2026-06-25T05:22:11.584014Z,2022-03-08T23:59:00Z
2022-03-08,china_epu,196.624,daily,authorized_policy_uncertainty_proxy,2026-06-25T05:22:11.584014Z,2022-03-08T23:59:00Z
2022-03-09,global_epu,246.58,daily,authorized_policy_uncertainty_proxy,2026-06-25T05:22:11.584014Z,2022-03-09T23:59:00Z
2022-03-09,china_epu,183.76,daily,authorized_policy_uncertainty_proxy,2026-06-25T05:22:11.584014Z,2022-03-09T23:59:00Z
2022-03-10,global_epu,227.932,daily,authorized_policy_uncertainty_proxy,2026-06-25T05:22:11.584014Z,2022-03-10T23:59:00Z
2022-03-10,china_epu,173.104,daily,authorized_policy_uncertainty_proxy,2026-06-25T05:22:11.584014Z,2022-03-10T23:59:00Z
2022-03-11,global_epu,232.3,daily,authorized_policy_uncertainty_proxy,2026-06-25T05:22:11.584014Z,2022-03-11T23:59:00Z
2022-03-11,china_epu,175.6,daily,authorized_policy_uncertainty_proxy,2026-06-25T05:22:11.584014Z,2022-03-11T23:59:00Z
2022-03-14,global_epu,240.868,daily,authorized_policy_uncertainty_proxy,2026-06-25T05:22:11.584014Z,2022-03-14T23:59:00Z
2022-03-14,china_epu,180.496,daily,authorized_policy_uncertainty_proxy,2026-06-25T05:22:11.584014Z,2022-03-14T23:59:00Z
2022-03-15,global_epu,224.572,daily,authorized_policy_uncertainty_proxy,2026-06-25T05:22:11.584014Z,2022-03-15T23:59:00Z
2022-03-15,china_epu,171.184,daily,authorized_policy_uncertainty_proxy,2026-06-25T05:22:11.584014Z,2022-03-15T23:59:00Z
2022-03-16,global_epu,198.028,daily,authorized_policy_uncertainty_proxy,2026-06-25T05:22:11.584014Z,2022-03-16T23:59:00Z
2022-03-16,china_epu,156.016,daily,authorized_policy_uncertainty_proxy,2026-06-25T05:22:11.584014Z,2022-03-16T23:59:00Z
2022-03-17,global_epu,189.628,daily,authorized_policy_uncertainty_proxy,2026-06-25T05:22:11.584014Z,2022-03-17T23:59:00Z
2022-03-17,china_epu,151.216,daily,authorized_policy_uncertainty_proxy,2026-06-25T05:22:11.584014Z,2022-03-17T23:59:00Z
2022-03-18,global_epu,174.508,daily,authorized_policy_uncertainty_proxy,2026-06-25T05:22:11.584014Z,2022-03-18T23:59:00Z
2022-03-18,china_epu,142.576,daily,authorized_policy_uncertainty_proxy,2026-06-25T05:22:11.584014Z,2022-03-18T23:59:00Z
2022-03-21,global_epu,171.652,daily,authorized_policy_uncertainty_proxy,2026-06-25T05:22:11.584014Z,2022-03-21T23:59:00Z
2022-03-21,china_epu,140.944,daily,authorized_policy_uncertainty_proxy,2026-06-25T05:22:11.584014Z,2022-03-21T23:59:00Z
2022-03-22,global_epu,166.696,daily,authorized_policy_uncertainty_proxy,2026-06-25T05:22:11.584014Z,2022-03-22T23:59:00Z
2022-03-22,china_epu,138.112,daily,authorized_policy_uncertainty_proxy,2026-06-25T05:22:11.584014Z,2022-03-22T23:59:00Z
2022-03-23,global_epu,171.988,daily,authorized_policy_uncertainty_proxy,2026-06-25T05:22:11.584014Z,2022-03-23T23:59:00Z
2022-03-23,china_epu,141.136,daily,authorized_policy_uncertainty_proxy,2026-06-25T05:22:11.584014Z,2022-03-23T23:59:00Z
2022-03-24,global_epu,156.028,daily,authorized_policy_uncertainty_proxy,2026-06-25T05:22:11.584014Z,2022-03-24T23:59:00Z
2022-03-24,china_epu,132.016,daily,authorized_policy_uncertainty_proxy,2026-06-25T05:22:11.584014Z,2022-03-24T23:59:00Z
2022-03-25,global_epu,148.804,daily,authorized_policy_uncertainty_proxy,2026-06-25T05:22:11.584014Z,2022-03-25T23:59:00Z
2022-03-25,china_epu,127.888,daily,authorized_policy_uncertainty_proxy,2026-06-25T05:22:11.584014Z,2022-03-25T23:59:00Z
2022-03-27,global_epu,100.0,daily,authorized_policy_uncertainty_proxy,2026-06-25T05:22:11.584014Z,2022-03-27T23:59:00Z
2022-03-27,china_epu,100.0,daily,authorized_policy_uncertainty_proxy,2026-06-25T05:22:11.584014Z,2022-03-27T23:59:00Z
2022-03-28,global_epu,138.892,daily,authorized_policy_uncertainty_proxy,2026-06-25T05:22:11.584014Z,2022-03-28T23:59:00Z
2022-03-28,china_epu,122.224,daily,authorized_policy_uncertainty_proxy,2026-06-25T05:22:11.584014Z,2022-03-28T23:59:00Z
2022-03-29,global_epu,132.76,daily,authorized_policy_uncertainty_proxy,2026-06-25T05:22:11.584014Z,2022-03-29T23:59:00Z
2022-03-29,china_epu,118.72,daily,authorized_policy_uncertainty_proxy,2026-06-25T05:22:11.584014Z,2022-03-29T23:59:00Z
2022-03-30,global_epu,136.372,daily,authorized_policy_uncertainty_proxy,2026-06-25T05:22:11.584014Z,2022-03-30T23:59:00Z
2022-03-30,china_epu,120.784,daily,authorized_policy_uncertainty_proxy,2026-06-25T05:22:11.584014Z,2022-03-30T23:59:00Z
2022-03-31,global_epu,146.704,daily,authorized_policy_uncertainty_proxy,2026-06-25T05:22:11.584014Z,2022-03-31T23:59:00Z
2022-03-31,china_epu,126.688,daily,authorized_policy_uncertainty_proxy,2026-06-25T05:22:11.584014Z,2022-03-31T23:59:00Z
2022-04-01,global_epu,138.892,daily,authorized_policy_uncertainty_proxy,2026-06-25T05:22:11.584014Z,2022-04-01T23:59:00Z
2022-04-01,china_epu,122.224,daily,authorized_policy_uncertainty_proxy,2026-06-25T05:22:11.584014Z,2022-04-01T23:59:00Z
2022-04-03,global_epu,100.0,daily,authorized_policy_uncertainty_proxy,2026-06-25T05:22:11.584014Z,2022-04-03T23:59:00Z
2022-04-03,china_epu,100.0,daily,authorized_policy_uncertainty_proxy,2026-06-25T05:22:11.584014Z,2022-04-03T23:59:00Z
2022-04-04,global_epu,129.988,daily,authorized_policy_uncertainty_proxy,2026-06-25T05:22:11.584014Z,2022-04-04T23:59:00Z
2022-04-04,china_epu,117.136,daily,authorized_policy_uncertainty_proxy,2026-06-25T05:22:11.584014Z,2022-04-04T23:59:00Z
2022-04-05,global_epu,150.652,daily,authorized_policy_uncertainty_proxy,2026-06-25T05:22:11.584014Z,2022-04-05T23:59:00Z
2022-04-05,china_epu,128.944,daily,authorized_policy_uncertainty_proxy,2026-06-25T05:22:11.584014Z,2022-04-05T23:59:00Z
2022-04-06,global_epu,159.64,daily,authorized_policy_uncertainty_proxy,2026-06-25T05:22:11.584014Z,2022-04-06T23:59:00Z
2022-04-06,china_epu,134.08,daily,authorized_policy_uncertainty_proxy,2026-06-25T05:22:11.584014Z,2022-04-06T23:59:00Z
2022-04-07,global_epu,155.02,daily,authorized_policy_uncertainty_proxy,2026-06-25T05:22:11.584014Z,2022-04-07T23:59:00Z
2022-04-07,china_epu,131.44,daily,authorized_policy_uncertainty_proxy,2026-06-25T05:22:11.584014Z,2022-04-07T23:59:00Z
2022-04-08,global_epu,151.744,daily,authorized_policy_uncertainty_proxy,2026-06-25T05:22:11.584014Z,2022-04-08T23:59:00Z
2022-04-08,china_epu,129.568,daily,authorized_policy_uncertainty_proxy,2026-06-25T05:22:11.584014Z,2022-04-08T23:59:00Z
2022-04-10,global_epu,100.0,daily,authorized_policy_uncertainty_proxy,2026-06-25T05:22:11.584014Z,2022-04-10T23:59:00Z
2022-04-10,china_epu,100.0,daily,authorized_policy_uncertainty_proxy,2026-06-25T05:22:11.584014Z,2022-04-10T23:59:00Z
2022-04-11,global_epu,178.708,daily,authorized_policy_uncertainty_proxy,2026-06-25T05:22:11.584014Z,2022-04-11T23:59:00Z
2022-04-11,china_epu,144.976,daily,authorized_policy_uncertainty_proxy,2026-06-25T05:22:11.584014Z,2022-04-11T23:59:00Z
2022-04-12,global_epu,177.784,daily,authorized_policy_uncertainty_proxy,2026-06-25T05:22:11.584014Z,2022-04-12T23:59:00Z
2022-04-12,china_epu,144.448,daily,authorized_policy_uncertainty_proxy,2026-06-25T05:22:11.584014Z,2022-04-12T23:59:00Z
2022-04-13,global_epu,157.288,daily,authorized_policy_uncertainty_proxy,2026-06-25T05:22:11.584014Z,2022-04-13T23:59:00Z
2022-04-13,china_epu,132.736,daily,authorized_policy_uncertainty_proxy,2026-06-25T05:22:11.584014Z,2022-04-13T23:59:00Z
2022-04-14,global_epu,164.68,daily,authorized_policy_uncertainty_proxy,2026-06-25T05:22:11.584014Z,2022-04-14T23:59:00Z
2022-04-14,china_epu,136.96,daily,authorized_policy_uncertainty_proxy,2026-06-25T05:22:11.584014Z,2022-04-14T23:59:00Z
2022-04-17,global_epu,100.0,daily,authorized_policy_uncertainty_proxy,2026-06-25T05:22:11.584014Z,2022-04-17T23:59:00Z
2022-04-17,china_epu,100.0,daily,authorized_policy_uncertainty_proxy,2026-06-25T05:22:11.584014Z,2022-04-17T23:59:00Z
2022-04-18,global_epu,160.228,daily,authorized_policy_uncertainty_proxy,2026-06-25T05:22:11.584014Z,2022-04-18T23:59:00Z
2022-04-18,china_epu,134.416,daily,authorized_policy_uncertainty_proxy,2026-06-25T05:22:11.584014Z,2022-04-18T23:59:00Z
2022-04-19,global_epu,153.508,daily,authorized_policy_uncertainty_proxy,2026-06-25T05:22:11.584014Z,2022-04-19T23:59:00Z
2022-04-19,china_epu,130.576,daily,authorized_policy_uncertainty_proxy,2026-06-25T05:22:11.584014Z,2022-04-19T23:59:00Z
2022-04-20,global_epu,144.688,daily,authorized_policy_uncertainty_proxy,2026-06-25T05:22:11.584014Z,2022-04-20T23:59:00Z
2022-04-20,china_epu,125.536,daily,authorized_policy_uncertainty_proxy,2026-06-25T05:22:11.584014Z,2022-04-20T23:59:00Z
2022-04-21,global_epu,164.512,daily,authorized_policy_uncertainty_proxy,2026-06-25T05:22:11.584014Z,2022-04-21T23:59:00Z
2022-04-21,china_epu,136.864,daily,authorized_policy_uncertainty_proxy,2026-06-25T05:22:11.584014Z,2022-04-21T23:59:00Z
2022-04-22,global_epu,210.964,daily,authorized_policy_uncertainty_proxy,2026-06-25T05:22:11.584014Z,2022-04-22T23:59:00Z
2022-04-22,china_epu,163.408,daily,authorized_policy_uncertainty_proxy,2026-06-25T05:22:11.584014Z,2022-04-22T23:59:00Z
2022-04-24,global_epu,100.022495,daily,authorized_policy_uncertainty_proxy,2026-06-25T05:22:11.584014Z,2022-04-24T23:59:00Z
2022-04-24,china_epu,100.04499,daily,authorized_policy_uncertainty_proxy,2026-06-25T05:22:11.584014Z,2022-04-24T23:59:00Z
2022-04-25,global_epu,205.310496,daily,authorized_policy_uncertainty_proxy,2026-06-25T05:22:11.584014Z,2022-04-25T23:59:00Z
2022-04-25,china_epu,166.380993,daily,authorized_policy_uncertainty_proxy,2026-06-25T05:22:11.584014Z,2022-04-25T23:59:00Z
2022-04-26,global_epu,259.790512,daily,authorized_policy_uncertainty_proxy,2026-06-25T05:22:11.584014Z,2022-04-26T23:59:00Z
2022-04-26,china_epu,197.341024,daily,authorized_policy_uncertainty_proxy,2026-06-25T05:22:11.584014Z,2022-04-26T23:59:00Z
2022-04-27,global_epu,243.902516,daily,authorized_policy_uncertainty_proxy,2026-06-25T05:22:11.584014Z,2022-04-27T23:59:00Z
2022-04-27,china_epu,188.605033,daily,authorized_policy_uncertainty_proxy,2026-06-25T05:22:11.584014Z,2022-04-27T23:59:00Z
2022-04-28,global_epu,235.313495,daily,authorized_policy_uncertainty_proxy,2026-06-25T05:22:11.584014Z,2022-04-28T23:59:00Z
2022-04-28,china_epu,190.74699,daily,authorized_policy_uncertainty_proxy,2026-06-25T05:22:11.584014Z,2022-04-28T23:59:00Z
2022-04-29,global_epu,254.56,daily,authorized_policy_uncertainty_proxy,2026-06-25T05:22:11.584014Z,2022-04-29T23:59:00Z
2022-04-29,china_epu,188.32,daily,authorized_policy_uncertainty_proxy,2026-06-25T05:22:11.584014Z,2022-04-29T23:59:00Z
2022-05-01,global_epu,108.062506,daily,authorized_policy_uncertainty_proxy,2026-06-25T05:22:11.584014Z,2022-05-01T23:59:00Z
2022-05-01,china_epu,116.125011,daily,authorized_policy_uncertainty_proxy,2026-06-25T05:22:11.584014Z,2022-05-01T23:59:00Z
2022-05-02,global_epu,253.718506,daily,authorized_policy_uncertainty_proxy,2026-06-25T05:22:11.584014Z,2022-05-02T23:59:00Z
2022-05-02,china_epu,199.357011,daily,authorized_policy_uncertainty_proxy,2026-06-25T05:22:11.584014Z,2022-05-02T23:59:00Z
2022-05-03,global_epu,227.754996,daily,authorized_policy_uncertainty_proxy,2026-06-25T05:22:11.584014Z,2022-05-03T23:59:00Z
2022-05-03,china_epu,184.509991,daily,authorized_policy_uncertainty_proxy,2026-06-25T05:22:11.584014Z,2022-05-03T23:59:00Z
2022-05-04,global_epu,195.590506,daily,authorized_policy_uncertainty_proxy,2026-06-25T05:22:11.584014Z,2022-05-04T23:59:00Z
2022-05-04,china_epu,166.141011,daily,authorized_policy_uncertainty_proxy,2026-06-25T05:22:11.584014Z,2022-05-04T23:59:00Z
2022-05-05,global_epu,247.675011,daily,authorized_policy_uncertainty_proxy,2026-06-25T05:22:11.584014Z,2022-05-05T23:59:00Z
2022-05-05,china_epu,200.950022,daily,authorized_policy_uncertainty_proxy,2026-06-25T05:22:11.584014Z,2022-05-05T23:59:00Z
2022-05-06,global_epu,227.596,daily,authorized_policy_uncertainty_proxy,2026-06-25T05:22:11.584014Z,2022-05-06T23:59:00Z
2022-05-06,china_epu,172.912,daily,authorized_policy_uncertainty_proxy,2026-06-25T05:22:11.584014Z,2022-05-06T23:59:00Z
2022-05-08,global_epu,112.419987,daily,authorized_policy_uncertainty_proxy,2026-06-25T05:22:11.584014Z,2022-05-08T23:59:00Z
2022-05-08,china_epu,124.839973,daily,authorized_policy_uncertainty_proxy,2026-06-25T05:22:11.584014Z,2022-05-08T23:59:00Z
2022-05-09,global_epu,283.135017,daily,authorized_policy_uncertainty_proxy,2026-06-25T05:22:11.584014Z,2022-05-09T23:59:00Z
2022-05-09,china_epu,229.270034,daily,authorized_policy_uncertainty_proxy,2026-06-25T05:22:11.584014Z,2022-05-09T23:59:00Z
2022-05-10,global_epu,268.63601,daily,authorized_policy_uncertainty_proxy,2026-06-25T05:22:11.584014Z,2022-05-10T23:59:00Z
2022-05-10,china_epu,221.392021,daily,authorized_policy_uncertainty_proxy,2026-06-25T05:22:11.584014Z,2022-05-10T23:59:00Z
2022-05-11,global_epu,264.056484,daily,authorized_policy_uncertainty_proxy,2026-06-25T05:22:11.584014Z,2022-05-11T23:59:00Z
2022-05-11,china_epu,217.392968,daily,authorized_policy_uncertainty_proxy,2026-06-25T05:22:11.584014Z,2022-05-11T23:59:00Z
2022-05-12,global_epu,262.310509,daily,authorized_policy_uncertainty_proxy,2026-06-25T05:22:11.584014Z,2022-05-12T23:59:00Z
2022-05-12,china_epu,223.381017,daily,authorized_policy_uncertainty_proxy,2026-06-25T05:22:11.584014Z,2022-05-12T23:59:00Z
2022-05-13,global_epu,216.508,daily,authorized_policy_uncertainty_proxy,2026-06-25T05:22:11.584014Z,2022-05-13T23:59:00Z
2022-05-13,china_epu,166.576,daily,authorized_policy_uncertainty_proxy,2026-06-25T05:22:11.584014Z,2022-05-13T23:59:00Z
2022-05-15,global_epu,121.600008,daily,authorized_policy_uncertainty_proxy,2026-06-25T05:22:11.584014Z,2022-05-15T23:59:00Z
2022-05-15,china_epu,143.200016,daily,authorized_policy_uncertainty_proxy,2026-06-25T05:22:11.584014Z,2022-05-15T23:59:00Z
2022-05-16,global_epu,226.130499,daily,authorized_policy_uncertainty_proxy,2026-06-25T05:22:11.584014Z,2022-05-16T23:59:00Z
2022-05-16,china_epu,202.620997,daily,authorized_policy_uncertainty_proxy,2026-06-25T05:22:11.584014Z,2022-05-16T23:59:00Z
2022-05-17,global_epu,210.954989,daily,authorized_policy_uncertainty_proxy,2026-06-25T05:22:11.584014Z,2022-05-17T23:59:00Z
2022-05-17,china_epu,188.709978,daily,authorized_policy_uncertainty_proxy,2026-06-25T05:22:11.584014Z,2022-05-17T23:59:00Z
2022-05-18,global_epu,253.068989,daily,authorized_policy_uncertainty_proxy,2026-06-25T05:22:11.584014Z,2022-05-18T23:59:00Z
2022-05-18,china_epu,214.617977,daily,authorized_policy_uncertainty_proxy,2026-06-25T05:22:11.584014Z,2022-05-18T23:59:00Z
2022-05-19,global_epu,236.447502,daily,authorized_policy_uncertainty_proxy,2026-06-25T05:22:11.584014Z,2022-05-19T23:59:00Z
2022-05-19,china_epu,200.695004,daily,authorized_policy_uncertainty_proxy,2026-06-25T05:22:11.584014Z,2022-05-19T23:59:00Z
2022-05-20,global_epu,221.212,daily,authorized_policy_uncertainty_proxy,2026-06-25T05:22:11.584014Z,2022-05-20T23:59:00Z
2022-05-20,china_epu,169.264,daily,authorized_policy_uncertainty_proxy,2026-06-25T05:22:11.584014Z,2022-05-20T23:59:00Z
2022-05-22,global_epu,114.399993,daily,authorized_policy_uncertainty_proxy,2026-06-25T05:22:11.584014Z,2022-05-22T23:59:00Z
2022-05-22,china_epu,128.799987,daily,authorized_policy_uncertainty_proxy,2026-06-25T05:22:11.584014Z,2022-05-22T23:59:00Z
2022-05-23,global_epu,224.466987,daily,authorized_policy_uncertainty_proxy,2026-06-25T05:22:11.584014Z,2022-05-23T23:59:00Z
2022-05-23,china_epu,187.173974,daily,authorized_policy_uncertainty_proxy,2026-06-25T05:22:11.584014Z,2022-05-23T23:59:00Z
2022-05-24,global_epu,232.854991,daily,authorized_policy_uncertainty_proxy,2026-06-25T05:22:11.584014Z,2022-05-24T23:59:00Z
2022-05-24,china_epu,192.309982,daily,authorized_policy_uncertainty_proxy,2026-06-25T05:22:11.584014Z,2022-05-24T23:59:00Z
2022-05-25,global_epu,226.685499,daily,authorized_policy_uncertainty_proxy,2026-06-25T05:22:11.584014Z,2022-05-25T23:59:00Z
2022-05-25,china_epu,192.930997,daily,authorized_policy_uncertainty_proxy,2026-06-25T05:22:11.584014Z,2022-05-25T23:59:00Z
2022-05-26,global_epu,222.835009,daily,authorized_policy_uncertainty_proxy,2026-06-25T05:22:11.584014Z,2022-05-26T23:59:00Z
2022-05-26,china_epu,195.670018,daily,authorized_policy_uncertainty_proxy,2026-06-25T05:22:11.584014Z,2022-05-26T23:59:00Z
2022-05-27,global_epu,190.048,daily,authorized_policy_uncertainty_proxy,2026-06-25T05:22:11.584014Z,2022-05-27T23:59:00Z
2022-05-27,china_epu,151.456,daily,authorized_policy_uncertainty_proxy,2026-06-25T05:22:11.584014Z,2022-05-27T23:59:00Z
2022-05-29,global_epu,114.819992,daily,authorized_policy_uncertainty_proxy,2026-06-25T05:22:11.584014Z,2022-05-29T23:59:00Z
2022-05-29,china_epu,129.639983,daily,authorized_policy_uncertainty_proxy,2026-06-25T05:22:11.584014Z,2022-05-29T23:59:00Z
2022-05-30,global_epu,208.958483,daily,authorized_policy_uncertainty_proxy,2026-06-25T05:22:11.584014Z,2022-05-30T23:59:00Z
2022-05-30,china_epu,179.436967,daily,authorized_policy_uncertainty_proxy,2026-06-25T05:22:11.584014Z,2022-05-30T23:59:00Z
2022-05-31,global_epu,206.8735,daily,authorized_policy_uncertainty_proxy,2026-06-25T05:22:11.584014Z,2022-05-31T23:59:00Z
2022-05-31,china_epu,179.467,daily,authorized_policy_uncertainty_proxy,2026-06-25T05:22:11.584014Z,2022-05-31T23:59:00Z
2022-06-01,global_epu,203.686016,daily,authorized_policy_uncertainty_proxy,2026-06-25T05:22:11.584014Z,2022-06-01T23:59:00Z
2022-06-01,china_epu,179.092032,daily,authorized_policy_uncertainty_proxy,2026-06-25T05:22:11.584014Z,2022-06-01T23:59:00Z
2022-06-02,global_epu,193.588014,daily,authorized_policy_uncertainty_proxy,2026-06-25T05:22:11.584014Z,2022-06-02T23:59:00Z
2022-06-02,china_epu,170.536029,daily,authorized_policy_uncertainty_proxy,2026-06-25T05:22:11.584014Z,2022-06-02T23:59:00Z
2022-06-03,global_epu,182.236,daily,authorized_policy_uncertainty_proxy,2026-06-25T05:22:11.584014Z,2022-06-03T23:59:00Z
2022-06-03,china_epu,146.992,daily,authorized_policy_uncertainty_proxy,2026-06-25T05:22:11.584014Z,2022-06-03T23:59:00Z
2022-06-05,global_epu,111.947489,daily,authorized_policy_uncertainty_proxy,2026-06-25T05:22:11.584014Z,2022-06-05T23:59:00Z
2022-06-05,china_epu,123.894978,daily,authorized_policy_uncertainty_proxy,2026-06-25T05:22:11.584014Z,2022-06-05T23:59:00Z
2022-06-06,global_epu,196.055516,daily,authorized_policy_uncertainty_proxy,2026-06-25T05:22:11.584014Z,2022-06-06T23:59:00Z
2022-06-06,china_epu,171.271033,daily,authorized_policy_uncertainty_proxy,2026-06-25T05:22:11.584014Z,2022-06-06T23:59:00Z
2022-06-07,global_epu,188.495511,daily,authorized_policy_uncertainty_proxy,2026-06-25T05:22:11.584014Z,2022-06-07T23:59:00Z
2022-06-07,china_epu,168.751022,daily,authorized_policy_uncertainty_proxy,2026-06-25T05:22:11.584014Z,2022-06-07T23:59:00Z
2022-06-08,global_epu,188.966512,daily,authorized_policy_uncertainty_proxy,2026-06-25T05:22:11.584014Z,2022-06-08T23:59:00Z
2022-06-08,china_epu,170.413024,daily,authorized_policy_uncertainty_proxy,2026-06-25T05:22:11.584014Z,2022-06-08T23:59:00Z
2022-06-09,global_epu,207.466014,daily,authorized_policy_uncertainty_proxy,2026-06-25T05:22:11.584014Z,2022-06-09T23:59:00Z
2022-06-09,china_epu,181.852028,daily,authorized_policy_uncertainty_proxy,2026-06-25T05:22:11.584014Z,2022-06-09T23:59:00Z
2022-06-10,global_epu,207.1,daily,authorized_policy_uncertainty_proxy,2026-06-25T05:22:11.584014Z,2022-06-10T23:59:00Z
2022-06-10,china_epu,161.2,daily,authorized_policy_uncertainty_proxy,2026-06-25T05:22:11.584014Z,2022-06-10T23:59:00Z
2022-06-12,global_epu,115.592504,daily,authorized_policy_uncertainty_proxy,2026-06-25T05:22:11.584014Z,2022-06-12T23:59:00Z
2022-06-12,china_epu,131.185007,daily,authorized_policy_uncertainty_proxy,2026-06-25T05:22:11.584014Z,2022-06-12T23:59:00Z
2022-06-13,global_epu,278.780499,daily,authorized_policy_uncertainty_proxy,2026-06-25T05:22:11.584014Z,2022-06-13T23:59:00Z
2022-06-13,china_epu,229.320998,daily,authorized_policy_uncertainty_proxy,2026-06-25T05:22:11.584014Z,2022-06-13T23:59:00Z
2022-06-14,global_epu,266.558503,daily,authorized_policy_uncertainty_proxy,2026-06-25T05:22:11.584014Z,2022-06-14T23:59:00Z
2022-06-14,china_epu,220.837007,daily,authorized_policy_uncertainty_proxy,2026-06-25T05:22:11.584014Z,2022-06-14T23:59:00Z
2022-06-15,global_epu,238.730487,daily,authorized_policy_uncertainty_proxy,2026-06-25T05:22:11.584014Z,2022-06-15T23:59:00Z
2022-06-15,china_epu,202.020974,daily,authorized_policy_uncertainty_proxy,2026-06-25T05:22:11.584014Z,2022-06-15T23:59:00Z
2022-06-16,global_epu,266.03501,daily,authorized_policy_uncertainty_proxy,2026-06-25T05:22:11.584014Z,2022-06-16T23:59:00Z
2022-06-16,china_epu,216.67002,daily,authorized_policy_uncertainty_proxy,2026-06-25T05:22:11.584014Z,2022-06-16T23:59:00Z
2022-06-17,global_epu,235.492,daily,authorized_policy_uncertainty_proxy,2026-06-25T05:22:11.584014Z,2022-06-17T23:59:00Z
2022-06-17,china_epu,177.424,daily,authorized_policy_uncertainty_proxy,2026-06-25T05:22:11.584014Z,2022-06-17T23:59:00Z
2022-06-19,global_epu,116.177511,daily,authorized_policy_uncertainty_proxy,2026-06-25T05:22:11.584014Z,2022-06-19T23:59:00Z
2022-06-19,china_epu,132.355022,daily,authorized_policy_uncertainty_proxy,2026-06-25T05:22:11.584014Z,2022-06-19T23:59:00Z
2022-06-20,global_epu,249.007004,daily,authorized_policy_uncertainty_proxy,2026-06-25T05:22:11.584014Z,2022-06-20T23:59:00Z
2022-06-20,china_epu,205.654008,daily,authorized_policy_uncertainty_proxy,2026-06-25T05:22:11.584014Z,2022-06-20T23:59:00Z
2022-06-21,global_epu,241.725984,daily,authorized_policy_uncertainty_proxy,2026-06-25T05:22:11.584014Z,2022-06-21T23:59:00Z
2022-06-21,china_epu,201.171969,daily,authorized_policy_uncertainty_proxy,2026-06-25T05:22:11.584014Z,2022-06-21T23:59:00Z
2022-06-22,global_epu,232.26249,daily,authorized_policy_uncertainty_proxy,2026-06-25T05:22:11.584014Z,2022-06-22T23:59:00Z
2022-06-22,china_epu,197.124981,daily,authorized_policy_uncertainty_proxy,2026-06-25T05:22:11.584014Z,2022-06-22T23:59:00Z
2022-06-23,global_epu,232.817497,daily,authorized_policy_uncertainty_proxy,2026-06-25T05:22:11.584014Z,2022-06-23T23:59:00Z
2022-06-23,china_epu,197.034994,daily,authorized_policy_uncertainty_proxy,2026-06-25T05:22:11.584014Z,2022-06-23T23:59:00Z
2022-06-24,global_epu,202.732,daily,authorized_policy_uncertainty_proxy,2026-06-25T05:22:11.584014Z,2022-06-24T23:59:00Z
2022-06-24,china_epu,158.704,daily,authorized_policy_uncertainty_proxy,2026-06-25T05:22:11.584014Z,2022-06-24T23:59:00Z
2022-06-26,global_epu,114.159989,daily,authorized_policy_uncertainty_proxy,2026-06-25T05:22:11.584014Z,2022-06-26T23:59:00Z
2022-06-26,china_epu,128.319979,daily,authorized_policy_uncertainty_proxy,2026-06-25T05:22:11.584014Z,2022-06-26T23:59:00Z
2022-06-27,global_epu,214.682504,daily,authorized_policy_uncertainty_proxy,2026-06-25T05:22:11.584014Z,2022-06-27T23:59:00Z
2022-06-27,china_epu,185.965008,daily,authorized_policy_uncertainty_proxy,2026-06-25T05:22:11.584014Z,2022-06-27T23:59:00Z
2022-06-28,global_epu,227.771514,daily,authorized_policy_uncertainty_proxy,2026-06-25T05:22:11.584014Z,2022-06-28T23:59:00Z
2022-06-28,china_epu,195.223028,daily,authorized_policy_uncertainty_proxy,2026-06-25T05:22:11.584014Z,2022-06-28T23:59:00Z
2022-06-29,global_epu,225.529001,daily,authorized_policy_uncertainty_proxy,2026-06-25T05:22:11.584014Z,2022-06-29T23:59:00Z
2022-06-29,china_epu,193.138002,daily,authorized_policy_uncertainty_proxy,2026-06-25T05:22:11.584014Z,2022-06-29T23:59:00Z
2022-06-30,global_epu,230.029017,daily,authorized_policy_uncertainty_proxy,2026-06-25T05:22:11.584014Z,2022-06-30T23:59:00Z
2022-06-30,china_epu,195.538034,daily,authorized_policy_uncertainty_proxy,2026-06-25T05:22:11.584014Z,2022-06-30T23:59:00Z
2022-07-01,global_epu,198.28,daily,authorized_policy_uncertainty_proxy,2026-06-25T05:22:11.584014Z,2022-07-01T23:59:00Z
2022-07-01,china_epu,156.16,daily,authorized_policy_uncertainty_proxy,2026-06-25T05:22:11.584014Z,2022-07-01T23:59:00Z
2022-07-03,global_epu,115.037501,daily,authorized_policy_uncertainty_proxy,2026-06-25T05:22:11.584014Z,2022-07-03T23:59:00Z
2022-07-03,china_epu,130.075002,daily,authorized_policy_uncertainty_proxy,2026-06-25T05:22:11.584014Z,2022-07-03T23:59:00Z
2022-07-04,global_epu,220.146986,daily,authorized_policy_uncertainty_proxy,2026-06-25T05:22:11.584014Z,2022-07-04T23:59:00Z
2022-07-04,china_epu,189.933972,daily,authorized_policy_uncertainty_proxy,2026-06-25T05:22:11.584014Z,2022-07-04T23:59:00Z
2022-07-05,global_epu,221.746005,daily,authorized_policy_uncertainty_proxy,2026-06-25T05:22:11.584014Z,2022-07-05T23:59:00Z
2022-07-05,china_epu,193.01201,daily,authorized_policy_uncertainty_proxy,2026-06-25T05:22:11.584014Z,2022-07-05T23:59:00Z
2022-07-06,global_epu,214.019504,daily,authorized_policy_uncertainty_proxy,2026-06-25T05:22:11.584014Z,2022-07-06T23:59:00Z
2022-07-06,china_epu,187.279008,daily,authorized_policy_uncertainty_proxy,2026-06-25T05:22:11.584014Z,2022-07-06T23:59:00Z
2022-07-07,global_epu,208.109501,daily,authorized_policy_uncertainty_proxy,2026-06-25T05:22:11.584014Z,2022-07-07T23:59:00Z
2022-07-07,china_epu,183.259002,daily,authorized_policy_uncertainty_proxy,2026-06-25T05:22:11.584014Z,2022-07-07T23:59:00Z
2022-07-08,global_epu,180.976,daily,authorized_policy_uncertainty_proxy,2026-06-25T05:22:11.584014Z,2022-07-08T23:59:00Z
2022-07-08,china_epu,146.272,daily,authorized_policy_uncertainty_proxy,2026-06-25T05:22:11.584014Z,2022-07-08T23:59:00Z
2022-07-10,global_epu,114.572513,daily,authorized_policy_uncertainty_proxy,2026-06-25T05:22:11.584014Z,2022-07-10T23:59:00Z
2022-07-10,china_epu,129.145026,daily,authorized_policy_uncertainty_proxy,2026-06-25T05:22:11.584014Z,2022-07-10T23:59:00Z
2022-07-11,global_epu,210.117985,daily,authorized_policy_uncertainty_proxy,2026-06-25T05:22:11.584014Z,2022-07-11T23:59:00Z
2022-07-11,china_epu,186.19597,daily,authorized_policy_uncertainty_proxy,2026-06-25T05:22:11.584014Z,2022-07-11T23:59:00Z
2022-07-12,global_epu,219.983499,daily,authorized_policy_uncertainty_proxy,2026-06-25T05:22:11.584014Z,2022-07-12T23:59:00Z
2022-07-12,china_epu,192.486997,daily,authorized_policy_uncertainty_proxy,2026-06-25T05:22:11.584014Z,2022-07-12T23:59:00Z
2022-07-13,global_epu,215.60799,daily,authorized_policy_uncertainty_proxy,2026-06-25T05:22:11.584014Z,2022-07-13T23:59:00Z
2022-07-13,china_epu,189.37598,daily,authorized_policy_uncertainty_proxy,2026-06-25T05:22:11.584014Z,2022-07-13T23:59:00Z
2022-07-14,global_epu,214.899993,daily,authorized_policy_uncertainty_proxy,2026-06-25T05:22:11.584014Z,2022-07-14T23:59:00Z
2022-07-14,china_epu,192.999986,daily,authorized_policy_uncertainty_proxy,2026-06-25T05:22:11.584014Z,2022-07-14T23:59:00Z
2022-07-15,global_epu,177.532,daily,authorized_policy_uncertainty_proxy,2026-06-25T05:22:11.584014Z,2022-07-15T23:59:00Z
2022-07-15,china_epu,144.304,daily,authorized_policy_uncertainty_proxy,2026-06-25T05:22:11.584014Z,2022-07-15T23:59:00Z
2022-07-17,global_epu,119.237483,daily,authorized_policy_uncertainty_proxy,2026-06-25T05:22:11.584014Z,2022-07-17T23:59:00Z
2022-07-17,china_epu,138.474965,daily,authorized_policy_uncertainty_proxy,2026-06-25T05:22:11.584014Z,2022-07-17T23:59:00Z
2022-07-18,global_epu,204.692503,daily,authorized_policy_uncertainty_proxy,2026-06-25T05:22:11.584014Z,2022-07-18T23:59:00Z
2022-07-18,china_epu,185.785005,daily,authorized_policy_uncertainty_proxy,2026-06-25T05:22:11.584014Z,2022-07-18T23:59:00Z
2022-07-19,global_epu,198.077502,daily,authorized_policy_uncertainty_proxy,2026-06-25T05:22:11.584014Z,2022-07-19T23:59:00Z
2022-07-19,china_epu,182.155004,daily,authorized_policy_uncertainty_proxy,2026-06-25T05:22:11.584014Z,2022-07-19T23:59:00Z
2022-07-20,global_epu,193.709498,daily,authorized_policy_uncertainty_proxy,2026-06-25T05:22:11.584014Z,2022-07-20T23:59:00Z
2022-07-20,china_epu,180.858997,daily,authorized_policy_uncertainty_proxy,2026-06-25T05:22:11.584014Z,2022-07-20T23:59:00Z
2022-07-21,global_epu,188.044015,daily,authorized_policy_uncertainty_proxy,2026-06-25T05:22:11.584014Z,2022-07-21T23:59:00Z
2022-07-21,china_epu,178.768031,daily,authorized_policy_uncertainty_proxy,2026-06-25T05:22:11.584014Z,2022-07-21T23:59:00Z
2022-07-22,global_epu,167.452,daily,authorized_policy_uncertainty_proxy,2026-06-25T05:22:11.584014Z,2022-07-22T23:59:00Z
2022-07-22,china_epu,138.544,daily,authorized_policy_uncertainty_proxy,2026-06-25T05:22:11.584014Z,2022-07-22T23:59:00Z
2022-07-24,global_epu,118.787515,daily,authorized_policy_uncertainty_proxy,2026-06-25T05:22:11.584014Z,2022-07-24T23:59:00Z
2022-07-24,china_epu,137.57503,daily,authorized_policy_uncertainty_proxy,2026-06-25T05:22:11.584014Z,2022-07-24T23:59:00Z
2022-07-25,global_epu,188.936485,daily,authorized_policy_uncertainty_proxy,2026-06-25T05:22:11.584014Z,2022-07-25T23:59:00Z
2022-07-25,china_epu,177.55297,daily,authorized_policy_uncertainty_proxy,2026-06-25T05:22:11.584014Z,2022-07-25T23:59:00Z
2022-07-26,global_epu,201.068501,daily,authorized_policy_uncertainty_proxy,2026-06-25T05:22:11.584014Z,2022-07-26T23:59:00Z
2022-07-26,china_epu,185.857002,daily,authorized_policy_uncertainty_proxy,2026-06-25T05:22:11.584014Z,2022-07-26T23:59:00Z
2022-07-27,global_epu,188.521003,daily,authorized_policy_uncertainty_proxy,2026-06-25T05:22:11.584014Z,2022-07-27T23:59:00Z
2022-07-27,china_epu,178.162005,daily,authorized_policy_uncertainty_proxy,2026-06-25T05:22:11.584014Z,2022-07-27T23:59:00Z
2022-07-28,global_epu,180.007001,daily,authorized_policy_uncertainty_proxy,2026-06-25T05:22:11.584014Z,2022-07-28T23:59:00Z
2022-07-28,china_epu,172.054003,daily,authorized_policy_uncertainty_proxy,2026-06-25T05:22:11.584014Z,2022-07-28T23:59:00Z
2022-07-29,global_epu,153.172,daily,authorized_policy_uncertainty_proxy,2026-06-25T05:22:11.584014Z,2022-07-29T23:59:00Z
2022-07-29,china_epu,130.384,daily,authorized_policy_uncertainty_proxy,2026-06-25T05:22:11.584014Z,2022-07-29T23:59:00Z
2022-07-31,global_epu,118.239987,daily,authorized_policy_uncertainty_proxy,2026-06-25T05:22:11.584014Z,2022-07-31T23:59:00Z
2022-07-31,china_epu,136.479974,daily,authorized_policy_uncertainty_proxy,2026-06-25T05:22:11.584014Z,2022-07-31T23:59:00Z
2022-08-01,global_epu,185.933515,daily,authorized_policy_uncertainty_proxy,2026-06-25T05:22:11.584014Z,2022-08-01T23:59:00Z
2022-08-01,china_epu,177.787029,daily,authorized_policy_uncertainty_proxy,2026-06-25T05:22:11.584014Z,2022-08-01T23:59:00Z
2022-08-02,global_epu,193.897005,daily,authorized_policy_uncertainty_proxy,2026-06-25T05:22:11.584014Z,2022-08-02T23:59:00Z
2022-08-02,china_epu,180.634009,daily,authorized_policy_uncertainty_proxy,2026-06-25T05:22:11.584014Z,2022-08-02T23:59:00Z
2022-08-03,global_epu,177.654998,daily,authorized_policy_uncertainty_proxy,2026-06-25T05:22:11.584014Z,2022-08-03T23:59:00Z
2022-08-03,china_epu,171.909995,daily,authorized_policy_uncertainty_proxy,2026-06-25T05:22:11.584014Z,2022-08-03T23:59:00Z
2022-08-04,global_epu,172.680991,daily,authorized_policy_uncertainty_proxy,2026-06-25T05:22:11.584014Z,2022-08-04T23:59:00Z
2022-08-04,china_epu,168.081981,daily,authorized_policy_uncertainty_proxy,2026-06-25T05:22:11.584014Z,2022-08-04T23:59:00Z
2022-08-05,global_epu,151.66,daily,authorized_policy_uncertainty_proxy,2026-06-25T05:22:11.584014Z,2022-08-05T23:59:00Z
2022-08-05,china_epu,129.52,daily,authorized_policy_uncertainty_proxy,2026-06-25T05:22:11.584014Z,2022-08-05T23:59:00Z
2022-08-07,global_epu,119.567502,daily,authorized_policy_uncertainty_proxy,2026-06-25T05:22:11.584014Z,2022-08-07T23:59:00Z
2022-08-07,china_epu,139.135003,daily,authorized_policy_uncertainty_proxy,2026-06-25T05:22:11.584014Z,2022-08-07T23:59:00Z
2022-08-08,global_epu,171.57849,daily,authorized_policy_uncertainty_proxy,2026-06-25T05:22:11.584014Z,2022-08-08T23:59:00Z
2022-08-08,china_epu,167.67698,daily,authorized_policy_uncertainty_proxy,2026-06-25T05:22:11.584014Z,2022-08-08T23:59:00Z
2022-08-09,global_epu,175.745494,daily,authorized_policy_uncertainty_proxy,2026-06-25T05:22:11.584014Z,2022-08-09T23:59:00Z
2022-08-09,china_epu,170.250989,daily,authorized_policy_uncertainty_proxy,2026-06-25T05:22:11.584014Z,2022-08-09T23:59:00Z
2022-08-10,global_epu,156.525983,daily,authorized_policy_uncertainty_proxy,2026-06-25T05:22:11.584014Z,2022-08-10T23:59:00Z
2022-08-10,china_epu,156.171967,daily,authorized_policy_uncertainty_proxy,2026-06-25T05:22:11.584014Z,2022-08-10T23:59:00Z
2022-08-11,global_epu,161.949992,daily,authorized_policy_uncertainty_proxy,2026-06-25T05:22:11.584014Z,2022-08-11T23:59:00Z
2022-08-11,china_epu,161.499984,daily,authorized_policy_uncertainty_proxy,2026-06-25T05:22:11.584014Z,2022-08-11T23:59:00Z
2022-08-12,global_epu,138.052,daily,authorized_policy_uncertainty_proxy,2026-06-25T05:22:11.584014Z,2022-08-12T23:59:00Z
2022-08-12,china_epu,121.744,daily,authorized_policy_uncertainty_proxy,2026-06-25T05:22:11.584014Z,2022-08-12T23:59:00Z
2022-08-14,global_epu,118.134987,daily,authorized_policy_uncertainty_proxy,2026-06-25T05:22:11.584014Z,2022-08-14T23:59:00Z
2022-08-14,china_epu,136.269975,daily,authorized_policy_uncertainty_proxy,2026-06-25T05:22:11.584014Z,2022-08-14T23:59:00Z
2022-08-15,global_epu,161.979988,daily,authorized_policy_uncertainty_proxy,2026-06-25T05:22:11.584014Z,2022-08-15T23:59:00Z
2022-08-15,china_epu,164.559975,daily,authorized_policy_uncertainty_proxy,2026-06-25T05:22:11.584014Z,2022-08-15T23:59:00Z
2022-08-16,global_epu,160.950983,daily,authorized_policy_uncertainty_proxy,2026-06-25T05:22:11.584014Z,2022-08-16T23:59:00Z
2022-08-16,china_epu,165.621965,daily,authorized_policy_uncertainty_proxy,2026-06-25T05:22:11.584014Z,2022-08-16T23:59:00Z
2022-08-17,global_epu,162.152506,daily,authorized_policy_uncertainty_proxy,2026-06-25T05:22:11.584014Z,2022-08-17T23:59:00Z
2022-08-17,china_epu,165.505011,daily,authorized_policy_uncertainty_proxy,2026-06-25T05:22:11.584014Z,2022-08-17T23:59:00Z
2022-08-18,global_epu,159.648984,daily,authorized_policy_uncertainty_proxy,2026-06-25T05:22:11.584014Z,2022-08-18T23:59:00Z
2022-08-18,china_epu,164.577967,daily,authorized_policy_uncertainty_proxy,2026-06-25T05:22:11.584014Z,2022-08-18T23:59:00Z
2022-08-19,global_epu,147.04,daily,authorized_policy_uncertainty_proxy,2026-06-25T05:22:11.584014Z,2022-08-19T23:59:00Z
2022-08-19,china_epu,126.88,daily,authorized_policy_uncertainty_proxy,2026-06-25T05:22:11.584014Z,2022-08-19T23:59:00Z
2022-08-21,global_epu,123.677504,daily,authorized_policy_uncertainty_proxy,2026-06-25T05:22:11.584014Z,2022-08-21T23:59:00Z
2022-08-21,china_epu,147.355008,daily,authorized_policy_uncertainty_proxy,2026-06-25T05:22:11.584014Z,2022-08-21T23:59:00Z
2022-08-22,global_epu,200.012494,daily,authorized_policy_uncertainty_proxy,2026-06-25T05:22:11.584014Z,2022-08-22T23:59:00Z
2022-08-22,china_epu,194.424987,daily,authorized_policy_uncertainty_proxy,2026-06-25T05:22:11.584014Z,2022-08-22T23:59:00Z
2022-08-23,global_epu,201.544003,daily,authorized_policy_uncertainty_proxy,2026-06-25T05:22:11.584014Z,2022-08-23T23:59:00Z
2022-08-23,china_epu,193.768007,daily,authorized_policy_uncertainty_proxy,2026-06-25T05:22:11.584014Z,2022-08-23T23:59:00Z
2022-08-24,global_epu,192.5755,daily,authorized_policy_uncertainty_proxy,2026-06-25T05:22:11.584014Z,2022-08-24T23:59:00Z
2022-08-24,china_epu,191.311001,daily,authorized_policy_uncertainty_proxy,2026-06-25T05:22:11.584014Z,2022-08-24T23:59:00Z
2022-08-25,global_epu,183.074499,daily,authorized_policy_uncertainty_proxy,2026-06-25T05:22:11.584014Z,2022-08-25T23:59:00Z
2022-08-25,china_epu,184.788997,daily,authorized_policy_uncertainty_proxy,2026-06-25T05:22:11.584014Z,2022-08-25T23:59:00Z
2022-08-26,global_epu,188.704,daily,authorized_policy_uncertainty_proxy,2026-06-25T05:22:11.584014Z,2022-08-26T23:59:00Z
2022-08-26,china_epu,150.688,daily,authorized_policy_uncertainty_proxy,2026-06-25T05:22:11.584014Z,2022-08-26T23:59:00Z
2022-08-28,global_epu,127.810001,daily,authorized_policy_uncertainty_proxy,2026-06-25T05:22:11.584014Z,2022-08-28T23:59:00Z
2022-08-28,china_epu,155.620003,daily,authorized_policy_uncertainty_proxy,2026-06-25T05:22:11.584014Z,2022-08-28T23:59:00Z
2022-08-29,global_epu,224.689005,daily,authorized_policy_uncertainty_proxy,2026-06-25T05:22:11.584014Z,2022-08-29T23:59:00Z
2022-08-29,china_epu,214.85801,daily,authorized_policy_uncertainty_proxy,2026-06-25T05:22:11.584014Z,2022-08-29T23:59:00Z
2022-08-30,global_epu,224.973999,daily,authorized_policy_uncertainty_proxy,2026-06-25T05:22:11.584014Z,2022-08-30T23:59:00Z
2022-08-30,china_epu,215.427997,daily,authorized_policy_uncertainty_proxy,2026-06-25T05:22:11.584014Z,2022-08-30T23:59:00Z
2022-08-31,global_epu,220.475485,daily,authorized_policy_uncertainty_proxy,2026-06-25T05:22:11.584014Z,2022-08-31T23:59:00Z
2022-08-31,china_epu,210.51097,daily,authorized_policy_uncertainty_proxy,2026-06-25T05:22:11.584014Z,2022-08-31T23:59:00Z
2022-09-01,global_epu,219.116495,daily,authorized_policy_uncertainty_proxy,2026-06-25T05:22:11.584014Z,2022-09-01T23:59:00Z
2022-09-01,china_epu,211.51299,daily,authorized_policy_uncertainty_proxy,2026-06-25T05:22:11.584014Z,2022-09-01T23:59:00Z
2022-09-02,global_epu,187.948,daily,authorized_policy_uncertainty_proxy,2026-06-25T05:22:11.584014Z,2022-09-02T23:59:00Z
2022-09-02,china_epu,150.256,daily,authorized_policy_uncertainty_proxy,2026-06-25T05:22:11.584014Z,2022-09-02T23:59:00Z
2022-09-04,global_epu,129.925013,daily,authorized_policy_uncertainty_proxy,2026-06-25T05:22:11.584014Z,2022-09-04T23:59:00Z
2022-09-04,china_epu,159.850025,daily,authorized_policy_uncertainty_proxy,2026-06-25T05:22:11.584014Z,2022-09-04T23:59:00Z
2022-09-05,global_epu,224.798517,daily,authorized_policy_uncertainty_proxy,2026-06-25T05:22:11.584014Z,2022-09-05T23:59:00Z
2022-09-05,china_epu,217.717034,daily,authorized_policy_uncertainty_proxy,2026-06-25T05:22:11.584014Z,2022-09-05T23:59:00Z
2022-09-06,global_epu,234.026515,daily,authorized_policy_uncertainty_proxy,2026-06-25T05:22:11.584014Z,2022-09-06T23:59:00Z
2022-09-06,china_epu,225.133031,daily,authorized_policy_uncertainty_proxy,2026-06-25T05:22:11.584014Z,2022-09-06T23:59:00Z
2022-09-07,global_epu,215.873506,daily,authorized_policy_uncertainty_proxy,2026-06-25T05:22:11.584014Z,2022-09-07T23:59:00Z
2022-09-07,china_epu,216.067012,daily,authorized_policy_uncertainty_proxy,2026-06-25T05:22:11.584014Z,2022-09-07T23:59:00Z
2022-09-08,global_epu,206.561504,daily,authorized_policy_uncertainty_proxy,2026-06-25T05:22:11.584014Z,2022-09-08T23:59:00Z
2022-09-08,china_epu,209.803008,daily,authorized_policy_uncertainty_proxy,2026-06-25T05:22:11.584014Z,2022-09-08T23:59:00Z
2022-09-09,global_epu,165.436,daily,authorized_policy_uncertainty_proxy,2026-06-25T05:22:11.584014Z,2022-09-09T23:59:00Z
2022-09-09,china_epu,137.392,daily,authorized_policy_uncertainty_proxy,2026-06-25T05:22:11.584014Z,2022-09-09T23:59:00Z
2022-09-11,global_epu,131.912494,daily,authorized_policy_uncertainty_proxy,2026-06-25T05:22:11.584014Z,2022-09-11T23:59:00Z
2022-09-11,china_epu,163.824987,daily,authorized_policy_uncertainty_proxy,2026-06-25T05:22:11.584014Z,2022-09-11T23:59:00Z
2022-09-12,global_epu,206.383014,daily,authorized_policy_uncertainty_proxy,2026-06-25T05:22:11.584014Z,2022-09-12T23:59:00Z
2022-09-12,china_epu,206.326029,daily,authorized_policy_uncertainty_proxy,2026-06-25T05:22:11.584014Z,2022-09-12T23:59:00Z
2022-09-13,global_epu,234.875494,daily,authorized_policy_uncertainty_proxy,2026-06-25T05:22:11.584014Z,2022-09-13T23:59:00Z
2022-09-13,china_epu,222.510988,daily,authorized_policy_uncertainty_proxy,2026-06-25T05:22:11.584014Z,2022-09-13T23:59:00Z
2022-09-14,global_epu,228.318997,daily,authorized_policy_uncertainty_proxy,2026-06-25T05:22:11.584014Z,2022-09-14T23:59:00Z
2022-09-14,china_epu,222.717995,daily,authorized_policy_uncertainty_proxy,2026-06-25T05:22:11.584014Z,2022-09-14T23:59:00Z
2022-09-15,global_epu,231.643002,daily,authorized_policy_uncertainty_proxy,2026-06-25T05:22:11.584014Z,2022-09-15T23:59:00Z
2022-09-15,china_epu,228.046005,daily,authorized_policy_uncertainty_proxy,2026-06-25T05:22:11.584014Z,2022-09-15T23:59:00Z
2022-09-16,global_epu,194.92,daily,authorized_policy_uncertainty_proxy,2026-06-25T05:22:11.584014Z,2022-09-16T23:59:00Z
2022-09-16,china_epu,154.24,daily,authorized_policy_uncertainty_proxy,2026-06-25T05:22:11.584014Z,2022-09-16T23:59:00Z
2022-09-18,global_epu,135.925007,daily,authorized_policy_uncertainty_proxy,2026-06-25T05:22:11.584014Z,2022-09-18T23:59:00Z
2022-09-18,china_epu,171.850014,daily,authorized_policy_uncertainty_proxy,2026-06-25T05:22:11.584014Z,2022-09-18T23:59:00Z
2022-09-19,global_epu,228.303998,daily,authorized_policy_uncertainty_proxy,2026-06-25T05:22:11.584014Z,2022-09-19T23:59:00Z
2022-09-19,china_epu,227.487996,daily,authorized_policy_uncertainty_proxy,2026-06-25T05:22:11.584014Z,2022-09-19T23:59:00Z
2022-09-20,global_epu,240.933999,daily,authorized_policy_uncertainty_proxy,2026-06-25T05:22:11.584014Z,2022-09-20T23:59:00Z
2022-09-20,china_epu,235.947999,daily,authorized_policy_uncertainty_proxy,2026-06-25T05:22:11.584014Z,2022-09-20T23:59:00Z
2022-09-21,global_epu,250.208515,daily,authorized_policy_uncertainty_proxy,2026-06-25T05:22:11.584014Z,2022-09-21T23:59:00Z
2022-09-21,china_epu,244.53703,daily,authorized_policy_uncertainty_proxy,2026-06-25T05:22:11.584014Z,2022-09-21T23:59:00Z
2022-09-22,global_epu,246.985006,daily,authorized_policy_uncertainty_proxy,2026-06-25T05:22:11.584014Z,2022-09-22T23:59:00Z
2022-09-22,china_epu,245.770011,daily,authorized_policy_uncertainty_proxy,2026-06-25T05:22:11.584014Z,2022-09-22T23:59:00Z
2022-09-23,global_epu,225.328,daily,authorized_policy_uncertainty_proxy,2026-06-25T05:22:11.584014Z,2022-09-23T23:59:00Z
2022-09-23,china_epu,171.616,daily,authorized_policy_uncertainty_proxy,2026-06-25T05:22:11.584014Z,2022-09-23T23:59:00Z
2022-09-25,global_epu,147.054994,daily,authorized_policy_uncertainty_proxy,2026-06-25T05:22:11.584014Z,2022-09-25T23:59:00Z
2022-09-25,china_epu,194.109988,daily,authorized_policy_uncertainty_proxy,2026-06-25T05:22:11.584014Z,2022-09-25T23:59:00Z
2022-09-26,global_epu,293.583982,daily,authorized_policy_uncertainty_proxy,2026-06-25T05:22:11.584014Z,2022-09-26T23:59:00Z
2022-09-26,china_epu,280.047965,daily,authorized_policy_uncertainty_proxy,2026-06-25T05:22:11.584014Z,2022-09-26T23:59:00Z
2022-09-27,global_epu,298.599983,daily,authorized_policy_uncertainty_proxy,2026-06-25T05:22:11.584014Z,2022-09-27T23:59:00Z
2022-09-27,china_epu,285.999966,daily,authorized_policy_uncertainty_proxy,2026-06-25T05:22:11.584014Z,2022-09-27T23:59:00Z
2022-09-28,global_epu,279.936991,daily,authorized_policy_uncertainty_proxy,2026-06-25T05:22:11.584014Z,2022-09-28T23:59:00Z
2022-09-28,china_epu,277.713982,daily,authorized_policy_uncertainty_proxy,2026-06-25T05:22:11.584014Z,2022-09-28T23:59:00Z
2022-09-29,global_epu,288.248495,daily,authorized_policy_uncertainty_proxy,2026-06-25T05:22:11.584014Z,2022-09-29T23:59:00Z
2022-09-29,china_epu,274.416991,daily,authorized_policy_uncertainty_proxy,2026-06-25T05:22:11.584014Z,2022-09-29T23:59:00Z
2022-09-30,global_epu,239.608,daily,authorized_policy_uncertainty_proxy,2026-06-25T05:22:11.584014Z,2022-09-30T23:59:00Z
2022-09-30,china_epu,179.776,daily,authorized_policy_uncertainty_proxy,2026-06-25T05:22:11.584014Z,2022-09-30T23:59:00Z
2022-10-02,global_epu,146.124983,daily,authorized_policy_uncertainty_proxy,2026-06-25T05:22:11.584014Z,2022-10-02T23:59:00Z
2022-10-02,china_epu,192.249966,daily,authorized_policy_uncertainty_proxy,2026-06-25T05:22:11.584014Z,2022-10-02T23:59:00Z
2022-10-03,global_epu,272.957508,daily,authorized_policy_uncertainty_proxy,2026-06-25T05:22:11.584014Z,2022-10-03T23:59:00Z
2022-10-03,china_epu,264.715017,daily,authorized_policy_uncertainty_proxy,2026-06-25T05:22:11.584014Z,2022-10-03T23:59:00Z
2022-10-04,global_epu,264.312983,daily,authorized_policy_uncertainty_proxy,2026-06-25T05:22:11.584014Z,2022-10-04T23:59:00Z
2022-10-04,china_epu,259.785966,daily,authorized_policy_uncertainty_proxy,2026-06-25T05:22:11.584014Z,2022-10-04T23:59:00Z
2022-10-05,global_epu,259.944983,daily,authorized_policy_uncertainty_proxy,2026-06-25T05:22:11.584014Z,2022-10-05T23:59:00Z
2022-10-05,china_epu,257.289966,daily,authorized_policy_uncertainty_proxy,2026-06-25T05:22:11.584014Z,2022-10-05T23:59:00Z
2022-10-06,global_epu,276.492983,daily,authorized_policy_uncertainty_proxy,2026-06-25T05:22:11.584014Z,2022-10-06T23:59:00Z
2022-10-06,china_epu,266.745966,daily,authorized_policy_uncertainty_proxy,2026-06-25T05:22:11.584014Z,2022-10-06T23:59:00Z
2022-10-07,global_epu,237.424,daily,authorized_policy_uncertainty_proxy,2026-06-25T05:22:11.584014Z,2022-10-07T23:59:00Z
2022-10-07,china_epu,178.528,daily,authorized_policy_uncertainty_proxy,2026-06-25T05:22:11.584014Z,2022-10-07T23:59:00Z
2022-10-09,global_epu,146.124983,daily,authorized_policy_uncertainty_proxy,2026-06-25T05:22:11.584014Z,2022-10-09T23:59:00Z
2022-10-09,china_epu,192.249966,daily,authorized_policy_uncertainty_proxy,2026-06-25T05:22:11.584014Z,2022-10-09T23:59:00Z
2022-10-10,global_epu,295.600016,daily,authorized_policy_uncertainty_proxy,2026-06-25T05:22:11.584014Z,2022-10-10T23:59:00Z
2022-10-10,china_epu,281.800032,daily,authorized_policy_uncertainty_proxy,2026-06-25T05:22:11.584014Z,2022-10-10T23:59:00Z
2022-10-11,global_epu,306.322008,daily,authorized_policy_uncertainty_proxy,2026-06-25T05:22:11.584014Z,2022-10-11T23:59:00Z
2022-10-11,china_epu,289.084015,daily,authorized_policy_uncertainty_proxy,2026-06-25T05:22:11.584014Z,2022-10-11T23:59:00Z
2022-10-12,global_epu,306.545494,daily,authorized_policy_uncertainty_proxy,2026-06-25T05:22:11.584014Z,2022-10-12T23:59:00Z
2022-10-12,china_epu,290.250988,daily,authorized_policy_uncertainty_proxy,2026-06-25T05:22:11.584014Z,2022-10-12T23:59:00Z
2022-10-13,global_epu,292.508491,daily,authorized_policy_uncertainty_proxy,2026-06-25T05:22:11.584014Z,2022-10-13T23:59:00Z
2022-10-13,china_epu,281.736981,daily,authorized_policy_uncertainty_proxy,2026-06-25T05:22:11.584014Z,2022-10-13T23:59:00Z
2022-10-14,global_epu,242.968,daily,authorized_policy_uncertainty_proxy,2026-06-25T05:22:11.584014Z,2022-10-14T23:59:00Z
2022-10-14,china_epu,181.696,daily,authorized_policy_uncertainty_proxy,2026-06-25T05:22:11.584014Z,2022-10-14T23:59:00Z
2022-10-16,global_epu,151.750004,daily,authorized_policy_uncertainty_proxy,2026-06-25T05:22:11.584014Z,2022-10-16T23:59:00Z
2022-10-16,china_epu,203.500009,daily,authorized_policy_uncertainty_proxy,2026-06-25T05:22:11.584014Z,2022-10-16T23:59:00Z
2022-10-17,global_epu,289.670492,daily,authorized_policy_uncertainty_proxy,2026-06-25T05:22:11.584014Z,2022-10-17T23:59:00Z
2022-10-17,china_epu,282.900985,daily,authorized_policy_uncertainty_proxy,2026-06-25T05:22:11.584014Z,2022-10-17T23:59:00Z
2022-10-18,global_epu,282.745011,daily,authorized_policy_uncertainty_proxy,2026-06-25T05:22:11.584014Z,2022-10-18T23:59:00Z
2022-10-18,china_epu,279.490022,daily,authorized_policy_uncertainty_proxy,2026-06-25T05:22:11.584014Z,2022-10-18T23:59:00Z
2022-10-19,global_epu,286.931513,daily,authorized_policy_uncertainty_proxy,2026-06-25T05:22:11.584014Z,2022-10-19T23:59:00Z
2022-10-19,china_epu,284.743025,daily,authorized_policy_uncertainty_proxy,2026-06-25T05:22:11.584014Z,2022-10-19T23:59:00Z
2022-10-20,global_epu,279.516986,daily,authorized_policy_uncertainty_proxy,2026-06-25T05:22:11.584014Z,2022-10-20T23:59:00Z
2022-10-20,china_epu,279.273971,daily,authorized_policy_uncertainty_proxy,2026-06-25T05:22:11.584014Z,2022-10-20T23:59:00Z
2022-10-21,global_epu,223.396,daily,authorized_policy_uncertainty_proxy,2026-06-25T05:22:11.584014Z,2022-10-21T23:59:00Z
2022-10-21,china_epu,170.512,daily,authorized_policy_uncertainty_proxy,2026-06-25T05:22:11.584014Z,2022-10-21T23:59:00Z
2022-10-23,global_epu,155.710018,daily,authorized_policy_uncertainty_proxy,2026-06-25T05:22:11.584014Z,2022-10-23T23:59:00Z
2022-10-23,china_epu,211.420035,daily,authorized_policy_uncertainty_proxy,2026-06-25T05:22:11.584014Z,2022-10-23T23:59:00Z
2022-10-24,global_epu,281.882496,daily,authorized_policy_uncertainty_proxy,2026-06-25T05:22:11.584014Z,2022-10-24T23:59:00Z
2022-10-24,china_epu,285.564992,daily,authorized_policy_uncertainty_proxy,2026-06-25T05:22:11.584014Z,2022-10-24T23:59:00Z
2022-10-25,global_epu,273.349008,daily,authorized_policy_uncertainty_proxy,2026-06-25T05:22:11.584014Z,2022-10-25T23:59:00Z
2022-10-25,china_epu,285.178016,daily,authorized_policy_uncertainty_proxy,2026-06-25T05:22:11.584014Z,2022-10-25T23:59:00Z
2022-10-26,global_epu,253.544485,daily,authorized_policy_uncertainty_proxy,2026-06-25T05:22:11.584014Z,2022-10-26T23:59:00Z
2022-10-26,china_epu,259.728969,daily,authorized_policy_uncertainty_proxy,2026-06-25T05:22:11.584014Z,2022-10-26T23:59:00Z
2022-10-27,global_epu,258.668502,daily,authorized_policy_uncertainty_proxy,2026-06-25T05:22:11.584014Z,2022-10-27T23:59:00Z
2022-10-27,china_epu,268.657004,daily,authorized_policy_uncertainty_proxy,2026-06-25T05:22:11.584014Z,2022-10-27T23:59:00Z
2022-10-28,global_epu,190.3,daily,authorized_policy_uncertainty_proxy,2026-06-25T05:22:11.584014Z,2022-10-28T23:59:00Z
2022-10-28,china_epu,151.6,daily,authorized_policy_uncertainty_proxy,2026-06-25T05:22:11.584014Z,2022-10-28T23:59:00Z
2022-10-31,global_epu,247.747,daily,authorized_policy_uncertainty_proxy,2026-06-25T05:22:11.584014Z,2022-10-31T23:59:00Z
2022-10-31,china_epu,264.933999,daily,authorized_policy_uncertainty_proxy,2026-06-25T05:22:11.584014Z,2022-10-31T23:59:00Z
2022-11-01,global_epu,250.938983,daily,authorized_policy_uncertainty_proxy,2026-06-25T05:22:11.584014Z,2022-11-01T23:59:00Z
2022-11-01,china_epu,272.157966,daily,authorized_policy_uncertainty_proxy,2026-06-25T05:22:11.584014Z,2022-11-01T23:59:00Z
2022-11-02,global_epu,249.468991,daily,authorized_policy_uncertainty_proxy,2026-06-25T05:22:11.584014Z,2022-11-02T23:59:00Z
2022-11-02,china_epu,268.617983,daily,authorized_policy_uncertainty_proxy,2026-06-25T05:22:11.584014Z,2022-11-02T23:59:00Z
2022-11-03,global_epu,245.672508,daily,authorized_policy_uncertainty_proxy,2026-06-25T05:22:11.584014Z,2022-11-03T23:59:00Z
2022-11-03,china_epu,267.745016,daily,authorized_policy_uncertainty_proxy,2026-06-25T05:22:11.584014Z,2022-11-03T23:59:00Z
2022-11-04,global_epu,240.279988,daily,authorized_policy_uncertainty_proxy,2026-06-25T05:22:11.584014Z,2022-11-04T23:59:00Z
2022-11-04,china_epu,265.959977,daily,authorized_policy_uncertainty_proxy,2026-06-25T05:22:11.584014Z,2022-11-04T23:59:00Z
2022-11-07,global_epu,229.172489,daily,authorized_policy_uncertainty_proxy,2026-06-25T05:22:11.584014Z,2022-11-07T23:59:00Z
2022-11-07,china_epu,246.144977,daily,authorized_policy_uncertainty_proxy,2026-06-25T05:22:11.584014Z,2022-11-07T23:59:00Z
2022-11-08,global_epu,243.195986,daily,authorized_policy_uncertainty_proxy,2026-06-25T05:22:11.584014Z,2022-11-08T23:59:00Z
2022-11-08,china_epu,259.911973,daily,authorized_policy_uncertainty_proxy,2026-06-25T05:22:11.584014Z,2022-11-08T23:59:00Z
2022-11-09,global_epu,249.270995,daily,authorized_policy_uncertainty_proxy,2026-06-25T05:22:11.584014Z,2022-11-09T23:59:00Z
2022-11-09,china_epu,265.461991,daily,authorized_policy_uncertainty_proxy,2026-06-25T05:22:11.584014Z,2022-11-09T23:59:00Z
2022-11-10,global_epu,227.211993,daily,authorized_policy_uncertainty_proxy,2026-06-25T05:22:11.584014Z,2022-11-10T23:59:00Z
2022-11-10,china_epu,252.063986,daily,authorized_policy_uncertainty_proxy,2026-06-25T05:22:11.584014Z,2022-11-10T23:59:00Z
2022-11-11,global_epu,214.610516,daily,authorized_policy_uncertainty_proxy,2026-06-25T05:22:11.584014Z,2022-11-11T23:59:00Z
2022-11-11,china_epu,238.981032,daily,authorized_policy_uncertainty_proxy,2026-06-25T05:22:11.584014Z,2022-11-11T23:59:00Z
2022-11-14,global_epu,218.864501,daily,authorized_policy_uncertainty_proxy,2026-06-25T05:22:11.584014Z,2022-11-14T23:59:00Z
2022-11-14,china_epu,232.969001,daily,authorized_policy_uncertainty_proxy,2026-06-25T05:22:11.584014Z,2022-11-14T23:59:00Z
2022-11-15,global_epu,223.103486,daily,authorized_policy_uncertainty_proxy,2026-06-25T05:22:11.584014Z,2022-11-15T23:59:00Z
2022-11-15,china_epu,231.726973,daily,authorized_policy_uncertainty_proxy,2026-06-25T05:22:11.584014Z,2022-11-15T23:59:00Z
2022-11-16,global_epu,217.249017,daily,authorized_policy_uncertainty_proxy,2026-06-25T05:22:11.584014Z,2022-11-16T23:59:00Z
2022-11-16,china_epu,225.178033,daily,authorized_policy_uncertainty_proxy,2026-06-25T05:22:11.584014Z,2022-11-16T23:59:00Z
2022-11-17,global_epu,219.052012,daily,authorized_policy_uncertainty_proxy,2026-06-25T05:22:11.584014Z,2022-11-17T23:59:00Z
2022-11-17,china_epu,230.944025,daily,authorized_policy_uncertainty_proxy,2026-06-25T05:22:11.584014Z,2022-11-17T23:59:00Z
2022-11-18,global_epu,217.422995,daily,authorized_policy_uncertainty_proxy,2026-06-25T05:22:11.584014Z,2022-11-18T23:59:00Z
2022-11-18,china_epu,237.40599,daily,authorized_policy_uncertainty_proxy,2026-06-25T05:22:11.584014Z,2022-11-18T23:59:00Z
2022-11-21,global_epu,208.241487,daily,authorized_policy_uncertainty_proxy,2026-06-25T05:22:11.584014Z,2022-11-21T23:59:00Z
2022-11-21,china_epu,228.162973,daily,authorized_policy_uncertainty_proxy,2026-06-25T05:22:11.584014Z,2022-11-21T23:59:00Z
2022-11-22,global_epu,202.650987,daily,authorized_policy_uncertainty_proxy,2026-06-25T05:22:11.584014Z,2022-11-22T23:59:00Z
2022-11-22,china_epu,229.821974,daily,authorized_policy_uncertainty_proxy,2026-06-25T05:22:11.584014Z,2022-11-22T23:59:00Z
2022-11-23,global_epu,192.88749,daily,authorized_policy_uncertainty_proxy,2026-06-25T05:22:11.584014Z,2022-11-23T23:59:00Z
2022-11-23,china_epu,221.57498,daily,authorized_policy_uncertainty_proxy,2026-06-25T05:22:11.584014Z,2022-11-23T23:59:00Z
2022-11-24,global_epu,195.463007,daily,authorized_policy_uncertainty_proxy,2026-06-25T05:22:11.584014Z,2022-11-24T23:59:00Z
2022-11-24,china_epu,225.886014,daily,authorized_policy_uncertainty_proxy,2026-06-25T05:22:11.584014Z,2022-11-24T23:59:00Z
2022-11-25,global_epu,194.972502,daily,authorized_policy_uncertainty_proxy,2026-06-25T05:22:11.584014Z,2022-11-25T23:59:00Z
2022-11-25,china_epu,223.945004,daily,authorized_policy_uncertainty_proxy,2026-06-25T05:22:11.584014Z,2022-11-25T23:59:00Z
2022-11-28,global_epu,210.851485,daily,authorized_policy_uncertainty_proxy,2026-06-25T05:22:11.584014Z,2022-11-28T23:59:00Z
2022-11-28,china_epu,235.18297,daily,authorized_policy_uncertainty_proxy,2026-06-25T05:22:11.584014Z,2022-11-28T23:59:00Z
2022-11-29,global_epu,210.908494,daily,authorized_policy_uncertainty_proxy,2026-06-25T05:22:11.584014Z,2022-11-29T23:59:00Z
2022-11-29,china_epu,239.136987,daily,authorized_policy_uncertainty_proxy,2026-06-25T05:22:11.584014Z,2022-11-29T23:59:00Z
2022-11-30,global_epu,196.326999,daily,authorized_policy_uncertainty_proxy,2026-06-25T05:22:11.584014Z,2022-11-30T23:59:00Z
2022-11-30,china_epu,225.693998,daily,authorized_policy_uncertainty_proxy,2026-06-25T05:22:11.584014Z,2022-11-30T23:59:00Z
2022-12-01,global_epu,183.871001,daily,authorized_policy_uncertainty_proxy,2026-06-25T05:22:11.584014Z,2022-12-01T23:59:00Z
2022-12-01,china_epu,209.662001,daily,authorized_policy_uncertainty_proxy,2026-06-25T05:22:11.584014Z,2022-12-01T23:59:00Z
2022-12-02,global_epu,174.881516,daily,authorized_policy_uncertainty_proxy,2026-06-25T05:22:11.584014Z,2022-12-02T23:59:00Z
2022-12-02,china_epu,201.043033,daily,authorized_policy_uncertainty_proxy,2026-06-25T05:22:11.584014Z,2022-12-02T23:59:00Z
2022-12-05,global_epu,187.592502,daily,authorized_policy_uncertainty_proxy,2026-06-25T05:22:11.584014Z,2022-12-05T23:59:00Z
2022-12-05,china_epu,206.185005,daily,authorized_policy_uncertainty_proxy,2026-06-25T05:22:11.584014Z,2022-12-05T23:59:00Z
2022-12-06,global_epu,194.795487,daily,authorized_policy_uncertainty_proxy,2026-06-25T05:22:11.584014Z,2022-12-06T23:59:00Z
2022-12-06,china_epu,203.550974,daily,authorized_policy_uncertainty_proxy,2026-06-25T05:22:11.584014Z,2022-12-06T23:59:00Z
2022-12-07,global_epu,201.629517,daily,authorized_policy_uncertainty_proxy,2026-06-25T05:22:11.584014Z,2022-12-07T23:59:00Z
2022-12-07,china_epu,211.099034,daily,authorized_policy_uncertainty_proxy,2026-06-25T05:22:11.584014Z,2022-12-07T23:59:00Z
2022-12-08,global_epu,196.680999,daily,authorized_policy_uncertainty_proxy,2026-06-25T05:22:11.584014Z,2022-12-08T23:59:00Z
2022-12-08,china_epu,205.881997,daily,authorized_policy_uncertainty_proxy,2026-06-25T05:22:11.584014Z,2022-12-08T23:59:00Z
2022-12-09,global_epu,200.744501,daily,authorized_policy_uncertainty_proxy,2026-06-25T05:22:11.584014Z,2022-12-09T23:59:00Z
2022-12-09,china_epu,207.529002,daily,authorized_policy_uncertainty_proxy,2026-06-25T05:22:11.584014Z,2022-12-09T23:59:00Z
2022-12-12,global_epu,218.245014,daily,authorized_policy_uncertainty_proxy,2026-06-25T05:22:11.584014Z,2022-12-12T23:59:00Z
2022-12-12,china_epu,216.490028,daily,authorized_policy_uncertainty_proxy,2026-06-25T05:22:11.584014Z,2022-12-12T23:59:00Z
2022-12-13,global_epu,199.157503,daily,authorized_policy_uncertainty_proxy,2026-06-25T05:22:11.584014Z,2022-12-13T23:59:00Z
2022-12-13,china_epu,207.715005,daily,authorized_policy_uncertainty_proxy,2026-06-25T05:22:11.584014Z,2022-12-13T23:59:00Z
2022-12-14,global_epu,184.830993,daily,authorized_policy_uncertainty_proxy,2026-06-25T05:22:11.584014Z,2022-12-14T23:59:00Z
2022-12-14,china_epu,195.981986,daily,authorized_policy_uncertainty_proxy,2026-06-25T05:22:11.584014Z,2022-12-14T23:59:00Z
2022-12-15,global_epu,199.514511,daily,authorized_policy_uncertainty_proxy,2026-06-25T05:22:11.584014Z,2022-12-15T23:59:00Z
2022-12-15,china_epu,205.069023,daily,authorized_policy_uncertainty_proxy,2026-06-25T05:22:11.584014Z,2022-12-15T23:59:00Z
2022-12-16,global_epu,199.422994,daily,authorized_policy_uncertainty_proxy,2026-06-25T05:22:11.584014Z,2022-12-16T23:59:00Z
2022-12-16,china_epu,207.405988,daily,authorized_policy_uncertainty_proxy,2026-06-25T05:22:11.584014Z,2022-12-16T23:59:00Z
2022-12-19,global_epu,197.735484,daily,authorized_policy_uncertainty_proxy,2026-06-25T05:22:11.584014Z,2022-12-19T23:59:00Z
2022-12-19,china_epu,206.430967,daily,authorized_policy_uncertainty_proxy,2026-06-25T05:22:11.584014Z,2022-12-19T23:59:00Z
2022-12-20,global_epu,190.327002,daily,authorized_policy_uncertainty_proxy,2026-06-25T05:22:11.584014Z,2022-12-20T23:59:00Z
2022-12-20,china_epu,202.894004,daily,authorized_policy_uncertainty_proxy,2026-06-25T05:22:11.584014Z,2022-12-20T23:59:00Z
2022-12-21,global_epu,177.148013,daily,authorized_policy_uncertainty_proxy,2026-06-25T05:22:11.584014Z,2022-12-21T23:59:00Z
2022-12-21,china_epu,193.456026,daily,authorized_policy_uncertainty_proxy,2026-06-25T05:22:11.584014Z,2022-12-21T23:59:00Z
2022-12-22,global_epu,194.592991,daily,authorized_policy_uncertainty_proxy,2026-06-25T05:22:11.584014Z,2022-12-22T23:59:00Z
2022-12-22,china_epu,205.545982,daily,authorized_policy_uncertainty_proxy,2026-06-25T05:22:11.584014Z,2022-12-22T23:59:00Z
2022-12-23,global_epu,185.532985,daily,authorized_policy_uncertainty_proxy,2026-06-25T05:22:11.584014Z,2022-12-23T23:59:00Z
2022-12-23,china_epu,200.62597,daily,authorized_policy_uncertainty_proxy,2026-06-25T05:22:11.584014Z,2022-12-23T23:59:00Z
2022-12-26,global_epu,136.652493,daily,authorized_policy_uncertainty_proxy,2026-06-25T05:22:11.584014Z,2022-12-26T23:59:00Z
2022-12-26,china_epu,173.304987,daily,authorized_policy_uncertainty_proxy,2026-06-25T05:22:11.584014Z,2022-12-26T23:59:00Z
2022-12-27,global_epu,190.450018,daily,authorized_policy_uncertainty_proxy,2026-06-25T05:22:11.584014Z,2022-12-27T23:59:00Z
2022-12-27,china_epu,201.100036,daily,authorized_policy_uncertainty_proxy,2026-06-25T05:22:11.584014Z,2022-12-27T23:59:00Z
2022-12-28,global_epu,194.401008,daily,authorized_policy_uncertainty_proxy,2026-06-25T05:22:11.584014Z,2022-12-28T23:59:00Z
2022-12-28,china_epu,203.122017,daily,authorized_policy_uncertainty_proxy,2026-06-25T05:22:11.584014Z,2022-12-28T23:59:00Z
2022-12-29,global_epu,189.916007,daily,authorized_policy_uncertainty_proxy,2026-06-25T05:22:11.584014Z,2022-12-29T23:59:00Z
2022-12-29,china_epu,202.552015,daily,authorized_policy_uncertainty_proxy,2026-06-25T05:22:11.584014Z,2022-12-29T23:59:00Z
2022-12-30,global_epu,190.760497,daily,authorized_policy_uncertainty_proxy,2026-06-25T05:22:11.584014Z,2022-12-30T23:59:00Z
2022-12-30,china_epu,201.480993,daily,authorized_policy_uncertainty_proxy,2026-06-25T05:22:11.584014Z,2022-12-30T23:59:00Z
2023-01-02,global_epu,129.767513,daily,authorized_policy_uncertainty_proxy,2026-06-25T05:22:11.584014Z,2023-01-02T23:59:00Z
2023-01-02,china_epu,159.535027,daily,authorized_policy_uncertainty_proxy,2026-06-25T05:22:11.584014Z,2023-01-02T23:59:00Z
2023-01-03,global_epu,196.142498,daily,authorized_policy_uncertainty_proxy,2026-06-25T05:22:11.584014Z,2023-01-03T23:59:00Z
2023-01-03,china_epu,197.484996,daily,authorized_policy_uncertainty_proxy,2026-06-25T05:22:11.584014Z,2023-01-03T23:59:00Z
2023-01-04,global_epu,189.941513,daily,authorized_policy_uncertainty_proxy,2026-06-25T05:22:11.584014Z,2023-01-04T23:59:00Z
2023-01-04,china_epu,195.763026,daily,authorized_policy_uncertainty_proxy,2026-06-25T05:22:11.584014Z,2023-01-04T23:59:00Z
2023-01-05,global_epu,191.749016,daily,authorized_policy_uncertainty_proxy,2026-06-25T05:22:11.584014Z,2023-01-05T23:59:00Z
2023-01-05,china_epu,193.978033,daily,authorized_policy_uncertainty_proxy,2026-06-25T05:22:11.584014Z,2023-01-05T23:59:00Z
2023-01-06,global_epu,180.104483,daily,authorized_policy_uncertainty_proxy,2026-06-25T05:22:11.584014Z,2023-01-06T23:59:00Z
2023-01-06,china_epu,186.648965,daily,authorized_policy_uncertainty_proxy,2026-06-25T05:22:11.584014Z,2023-01-06T23:59:00Z
2023-01-09,global_epu,183.852997,daily,authorized_policy_uncertainty_proxy,2026-06-25T05:22:11.584014Z,2023-01-09T23:59:00Z
2023-01-09,china_epu,184.065994,daily,authorized_policy_uncertainty_proxy,2026-06-25T05:22:11.584014Z,2023-01-09T23:59:00Z
2023-01-10,global_epu,167.196993,daily,authorized_policy_uncertainty_proxy,2026-06-25T05:22:11.584014Z,2023-01-10T23:59:00Z
2023-01-10,china_epu,167.433986,daily,authorized_policy_uncertainty_proxy,2026-06-25T05:22:11.584014Z,2023-01-10T23:59:00Z
2023-01-11,global_epu,171.961001,daily,authorized_policy_uncertainty_proxy,2026-06-25T05:22:11.584014Z,2023-01-11T23:59:00Z
2023-01-11,china_epu,170.842003,daily,authorized_policy_uncertainty_proxy,2026-06-25T05:22:11.584014Z,2023-01-11T23:59:00Z
2023-01-12,global_epu,152.347004,daily,authorized_policy_uncertainty_proxy,2026-06-25T05:22:11.584014Z,2023-01-12T23:59:00Z
2023-01-12,china_epu,158.734008,daily,authorized_policy_uncertainty_proxy,2026-06-25T05:22:11.584014Z,2023-01-12T23:59:00Z
2023-01-13,global_epu,145.975009,daily,authorized_policy_uncertainty_proxy,2026-06-25T05:22:11.584014Z,2023-01-13T23:59:00Z
2023-01-13,china_epu,151.750018,daily,authorized_policy_uncertainty_proxy,2026-06-25T05:22:11.584014Z,2023-01-13T23:59:00Z
2023-01-16,global_epu,152.85099,daily,authorized_policy_uncertainty_proxy,2026-06-25T05:22:11.584014Z,2023-01-16T23:59:00Z
2023-01-16,china_epu,151.82198,daily,authorized_policy_uncertainty_proxy,2026-06-25T05:22:11.584014Z,2023-01-16T23:59:00Z
2023-01-17,global_epu,154.061506,daily,authorized_policy_uncertainty_proxy,2026-06-25T05:22:11.584014Z,2023-01-17T23:59:00Z
2023-01-17,china_epu,155.803011,daily,authorized_policy_uncertainty_proxy,2026-06-25T05:22:11.584014Z,2023-01-17T23:59:00Z
2023-01-18,global_epu,165.285993,daily,authorized_policy_uncertainty_proxy,2026-06-25T05:22:11.584014Z,2023-01-18T23:59:00Z
2023-01-18,china_epu,166.491985,daily,authorized_policy_uncertainty_proxy,2026-06-25T05:22:11.584014Z,2023-01-18T23:59:00Z
2023-01-19,global_epu,164.900491,daily,authorized_policy_uncertainty_proxy,2026-06-25T05:22:11.584014Z,2023-01-19T23:59:00Z
2023-01-19,china_epu,163.560981,daily,authorized_policy_uncertainty_proxy,2026-06-25T05:22:11.584014Z,2023-01-19T23:59:00Z
2023-01-20,global_epu,161.425017,daily,authorized_policy_uncertainty_proxy,2026-06-25T05:22:11.584014Z,2023-01-20T23:59:00Z
2023-01-20,china_epu,164.650034,daily,authorized_policy_uncertainty_proxy,2026-06-25T05:22:11.584014Z,2023-01-20T23:59:00Z
2023-01-23,global_epu,161.598994,daily,authorized_policy_uncertainty_proxy,2026-06-25T05:22:11.584014Z,2023-01-23T23:59:00Z
2023-01-23,china_epu,165.477989,daily,authorized_policy_uncertainty_proxy,2026-06-25T05:22:11.584014Z,2023-01-23T23:59:00Z
2023-01-24,global_epu,156.504999,daily,authorized_policy_uncertainty_proxy,2026-06-25T05:22:11.584014Z,2023-01-24T23:59:00Z
2023-01-24,china_epu,162.609999,daily,authorized_policy_uncertainty_proxy,2026-06-25T05:22:11.584014Z,2023-01-24T23:59:00Z
2023-01-25,global_epu,155.534515,daily,authorized_policy_uncertainty_proxy,2026-06-25T05:22:11.584014Z,2023-01-25T23:59:00Z
2023-01-25,china_epu,162.109029,daily,authorized_policy_uncertainty_proxy,2026-06-25T05:22:11.584014Z,2023-01-25T23:59:00Z
2023-01-26,global_epu,152.549489,daily,authorized_policy_uncertainty_proxy,2026-06-25T05:22:11.584014Z,2023-01-26T23:59:00Z
2023-01-26,china_epu,160.338978,daily,authorized_policy_uncertainty_proxy,2026-06-25T05:22:11.584014Z,2023-01-26T23:59:00Z
2023-01-27,global_epu,150.671484,daily,authorized_policy_uncertainty_proxy,2026-06-25T05:22:11.584014Z,2023-01-27T23:59:00Z
2023-01-27,china_epu,159.222969,daily,authorized_policy_uncertainty_proxy,2026-06-25T05:22:11.584014Z,2023-01-27T23:59:00Z
2023-01-30,global_epu,162.67601,daily,authorized_policy_uncertainty_proxy,2026-06-25T05:22:11.584014Z,2023-01-30T23:59:00Z
2023-01-30,china_epu,166.07202,daily,authorized_policy_uncertainty_proxy,2026-06-25T05:22:11.584014Z,2023-01-30T23:59:00Z
2023-01-31,global_epu,155.544991,daily,authorized_policy_uncertainty_proxy,2026-06-25T05:22:11.584014Z,2023-01-31T23:59:00Z
2023-01-31,china_epu,158.289981,daily,authorized_policy_uncertainty_proxy,2026-06-25T05:22:11.584014Z,2023-01-31T23:59:00Z
2023-02-01,global_epu,143.128009,daily,authorized_policy_uncertainty_proxy,2026-06-25T05:22:11.584014Z,2023-02-01T23:59:00Z
2023-02-01,china_epu,151.816018,daily,authorized_policy_uncertainty_proxy,2026-06-25T05:22:11.584014Z,2023-02-01T23:59:00Z
2023-02-02,global_epu,149.391993,daily,authorized_policy_uncertainty_proxy,2026-06-25T05:22:11.584014Z,2023-02-02T23:59:00Z
2023-02-02,china_epu,154.023986,daily,authorized_policy_uncertainty_proxy,2026-06-25T05:22:11.584014Z,2023-02-02T23:59:00Z
2023-02-03,global_epu,145.334511,daily,authorized_policy_uncertainty_proxy,2026-06-25T05:22:11.584014Z,2023-02-03T23:59:00Z
2023-02-03,china_epu,150.709022,daily,authorized_policy_uncertainty_proxy,2026-06-25T05:22:11.584014Z,2023-02-03T23:59:00Z
2023-02-06,global_epu,157.776997,daily,authorized_policy_uncertainty_proxy,2026-06-25T05:22:11.584014Z,2023-02-06T23:59:00Z
2023-02-06,china_epu,162.393994,daily,authorized_policy_uncertainty_proxy,2026-06-25T05:22:11.584014Z,2023-02-06T23:59:00Z
2023-02-07,global_epu,152.794011,daily,authorized_policy_uncertainty_proxy,2026-06-25T05:22:11.584014Z,2023-02-07T23:59:00Z
2023-02-07,china_epu,161.668022,daily,authorized_policy_uncertainty_proxy,2026-06-25T05:22:11.584014Z,2023-02-07T23:59:00Z
2023-02-08,global_epu,160.732012,daily,authorized_policy_uncertainty_proxy,2026-06-25T05:22:11.584014Z,2023-02-08T23:59:00Z
2023-02-08,china_epu,165.904024,daily,authorized_policy_uncertainty_proxy,2026-06-25T05:22:11.584014Z,2023-02-08T23:59:00Z
2023-02-09,global_epu,169.578993,daily,authorized_policy_uncertainty_proxy,2026-06-25T05:22:11.584014Z,2023-02-09T23:59:00Z
2023-02-09,china_epu,170.637985,daily,authorized_policy_uncertainty_proxy,2026-06-25T05:22:11.584014Z,2023-02-09T23:59:00Z
2023-02-10,global_epu,167.429485,daily,authorized_policy_uncertainty_proxy,2026-06-25T05:22:11.584014Z,2023-02-10T23:59:00Z
2023-02-10,china_epu,168.49897,daily,authorized_policy_uncertainty_proxy,2026-06-25T05:22:11.584014Z,2023-02-10T23:59:00Z
2023-02-13,global_epu,167.978501,daily,authorized_policy_uncertainty_proxy,2026-06-25T05:22:11.584014Z,2023-02-13T23:59:00Z
2023-02-13,china_epu,171.877003,daily,authorized_policy_uncertainty_proxy,2026-06-25T05:22:11.584014Z,2023-02-13T23:59:00Z
2023-02-14,global_epu,156.986492,daily,authorized_policy_uncertainty_proxy,2026-06-25T05:22:11.584014Z,2023-02-14T23:59:00Z
2023-02-14,china_epu,167.052984,daily,authorized_policy_uncertainty_proxy,2026-06-25T05:22:11.584014Z,2023-02-14T23:59:00Z
2023-02-15,global_epu,151.574506,daily,authorized_policy_uncertainty_proxy,2026-06-25T05:22:11.584014Z,2023-02-15T23:59:00Z
2023-02-15,china_epu,164.389012,daily,authorized_policy_uncertainty_proxy,2026-06-25T05:22:11.584014Z,2023-02-15T23:59:00Z
2023-02-16,global_epu,169.820508,daily,authorized_policy_uncertainty_proxy,2026-06-25T05:22:11.584014Z,2023-02-16T23:59:00Z
2023-02-16,china_epu,177.601015,daily,authorized_policy_uncertainty_proxy,2026-06-25T05:22:11.584014Z,2023-02-16T23:59:00Z
2023-02-17,global_epu,169.145515,daily,authorized_policy_uncertainty_proxy,2026-06-25T05:22:11.584014Z,2023-02-17T23:59:00Z
2023-02-17,china_epu,178.05103,daily,authorized_policy_uncertainty_proxy,2026-06-25T05:22:11.584014Z,2023-02-17T23:59:00Z
2023-02-20,global_epu,179.152016,daily,authorized_policy_uncertainty_proxy,2026-06-25T05:22:11.584014Z,2023-02-20T23:59:00Z
2023-02-20,china_epu,183.544032,daily,authorized_policy_uncertainty_proxy,2026-06-25T05:22:11.584014Z,2023-02-20T23:59:00Z
2023-02-21,global_epu,192.665517,daily,authorized_policy_uncertainty_proxy,2026-06-25T05:22:11.584014Z,2023-02-21T23:59:00Z
2023-02-21,china_epu,190.891034,daily,authorized_policy_uncertainty_proxy,2026-06-25T05:22:11.584014Z,2023-02-21T23:59:00Z
2023-02-22,global_epu,189.173496,daily,authorized_policy_uncertainty_proxy,2026-06-25T05:22:11.584014Z,2023-02-22T23:59:00Z
2023-02-22,china_epu,190.866991,daily,authorized_policy_uncertainty_proxy,2026-06-25T05:22:11.584014Z,2023-02-22T23:59:00Z
2023-02-23,global_epu,180.923515,daily,authorized_policy_uncertainty_proxy,2026-06-25T05:22:11.584014Z,2023-02-23T23:59:00Z
2023-02-23,china_epu,188.16703,daily,authorized_policy_uncertainty_proxy,2026-06-25T05:22:11.584014Z,2023-02-23T23:59:00Z
2023-02-24,global_epu,186.553005,daily,authorized_policy_uncertainty_proxy,2026-06-25T05:22:11.584014Z,2023-02-24T23:59:00Z
2023-02-24,china_epu,193.06601,daily,authorized_policy_uncertainty_proxy,2026-06-25T05:22:11.584014Z,2023-02-24T23:59:00Z
2023-02-27,global_epu,184.104994,daily,authorized_policy_uncertainty_proxy,2026-06-25T05:22:11.584014Z,2023-02-27T23:59:00Z
2023-02-27,china_epu,196.809989,daily,authorized_policy_uncertainty_proxy,2026-06-25T05:22:11.584014Z,2023-02-27T23:59:00Z
2023-02-28,global_epu,181.172508,daily,authorized_policy_uncertainty_proxy,2026-06-25T05:22:11.584014Z,2023-02-28T23:59:00Z
2023-02-28,china_epu,193.945016,daily,authorized_policy_uncertainty_proxy,2026-06-25T05:22:11.584014Z,2023-02-28T23:59:00Z
2023-03-01,global_epu,179.294507,daily,authorized_policy_uncertainty_proxy,2026-06-25T05:22:11.584014Z,2023-03-01T23:59:00Z
2023-03-01,china_epu,191.629014,daily,authorized_policy_uncertainty_proxy,2026-06-25T05:22:11.584014Z,2023-03-01T23:59:00Z
2023-03-02,global_epu,166.156002,daily,authorized_policy_uncertainty_proxy,2026-06-25T05:22:11.584014Z,2023-03-02T23:59:00Z
2023-03-02,china_epu,177.232005,daily,authorized_policy_uncertainty_proxy,2026-06-25T05:22:11.584014Z,2023-03-02T23:59:00Z
2023-03-03,global_epu,160.350982,daily,authorized_policy_uncertainty_proxy,2026-06-25T05:22:11.584014Z,2023-03-03T23:59:00Z
2023-03-03,china_epu,178.821964,daily,authorized_policy_uncertainty_proxy,2026-06-25T05:22:11.584014Z,2023-03-03T23:59:00Z
2023-03-06,global_epu,160.833984,daily,authorized_policy_uncertainty_proxy,2026-06-25T05:22:11.584014Z,2023-03-06T23:59:00Z
2023-03-06,china_epu,178.347969,daily,authorized_policy_uncertainty_proxy,2026-06-25T05:22:11.584014Z,2023-03-06T23:59:00Z
2023-03-07,global_epu,170.760998,daily,authorized_policy_uncertainty_proxy,2026-06-25T05:22:11.584014Z,2023-03-07T23:59:00Z
2023-03-07,china_epu,186.441995,daily,authorized_policy_uncertainty_proxy,2026-06-25T05:22:11.584014Z,2023-03-07T23:59:00Z
2023-03-08,global_epu,169.129002,daily,authorized_policy_uncertainty_proxy,2026-06-25T05:22:11.584014Z,2023-03-08T23:59:00Z
2023-03-08,china_epu,188.938005,daily,authorized_policy_uncertainty_proxy,2026-06-25T05:22:11.584014Z,2023-03-08T23:59:00Z
2023-03-09,global_epu,197.696516,daily,authorized_policy_uncertainty_proxy,2026-06-25T05:22:11.584014Z,2023-03-09T23:59:00Z
2023-03-09,china_epu,204.073033,daily,authorized_policy_uncertainty_proxy,2026-06-25T05:22:11.584014Z,2023-03-09T23:59:00Z
2023-03-10,global_epu,217.090012,daily,authorized_policy_uncertainty_proxy,2026-06-25T05:22:11.584014Z,2023-03-10T23:59:00Z
2023-03-10,china_epu,216.580024,daily,authorized_policy_uncertainty_proxy,2026-06-25T05:22:11.584014Z,2023-03-10T23:59:00Z
2023-03-13,global_epu,227.158,daily,authorized_policy_uncertainty_proxy,2026-06-25T05:22:11.584014Z,2023-03-13T23:59:00Z
2023-03-13,china_epu,216.076001,daily,authorized_policy_uncertainty_proxy,2026-06-25T05:22:11.584014Z,2023-03-13T23:59:00Z
2023-03-14,global_epu,199.177015,daily,authorized_policy_uncertainty_proxy,2026-06-25T05:22:11.584014Z,2023-03-14T23:59:00Z
2023-03-14,china_epu,193.59403,daily,authorized_policy_uncertainty_proxy,2026-06-25T05:22:11.584014Z,2023-03-14T23:59:00Z
2023-03-15,global_epu,221.363507,daily,authorized_policy_uncertainty_proxy,2026-06-25T05:22:11.584014Z,2023-03-15T23:59:00Z
2023-03-15,china_epu,209.047013,daily,authorized_policy_uncertainty_proxy,2026-06-25T05:22:11.584014Z,2023-03-15T23:59:00Z
2023-03-16,global_epu,197.5585,daily,authorized_policy_uncertainty_proxy,2026-06-25T05:22:11.584014Z,2023-03-16T23:59:00Z
2023-03-16,china_epu,199.237,daily,authorized_policy_uncertainty_proxy,2026-06-25T05:22:11.584014Z,2023-03-16T23:59:00Z
2023-03-17,global_epu,218.096503,daily,authorized_policy_uncertainty_proxy,2026-06-25T05:22:11.584014Z,2023-03-17T23:59:00Z
2023-03-17,china_epu,210.073006,daily,authorized_policy_uncertainty_proxy,2026-06-25T05:22:11.584014Z,2023-03-17T23:59:00Z
2023-03-20,global_epu,205.817486,daily,authorized_policy_uncertainty_proxy,2026-06-25T05:22:11.584014Z,2023-03-20T23:59:00Z
2023-03-20,china_epu,201.834972,daily,authorized_policy_uncertainty_proxy,2026-06-25T05:22:11.584014Z,2023-03-20T23:59:00Z
2023-03-21,global_epu,181.919489,daily,authorized_policy_uncertainty_proxy,2026-06-25T05:22:11.584014Z,2023-03-21T23:59:00Z
2023-03-21,china_epu,187.278978,daily,authorized_policy_uncertainty_proxy,2026-06-25T05:22:11.584014Z,2023-03-21T23:59:00Z
2023-03-22,global_epu,189.708992,daily,authorized_policy_uncertainty_proxy,2026-06-25T05:22:11.584014Z,2023-03-22T23:59:00Z
2023-03-22,china_epu,192.297985,daily,authorized_policy_uncertainty_proxy,2026-06-25T05:22:11.584014Z,2023-03-22T23:59:00Z
2023-03-23,global_epu,192.363999,daily,authorized_policy_uncertainty_proxy,2026-06-25T05:22:11.584014Z,2023-03-23T23:59:00Z
2023-03-23,china_epu,193.407997,daily,authorized_policy_uncertainty_proxy,2026-06-25T05:22:11.584014Z,2023-03-23T23:59:00Z
2023-03-24,global_epu,180.495993,daily,authorized_policy_uncertainty_proxy,2026-06-25T05:22:11.584014Z,2023-03-24T23:59:00Z
2023-03-24,china_epu,180.111986,daily,authorized_policy_uncertainty_proxy,2026-06-25T05:22:11.584014Z,2023-03-24T23:59:00Z
2023-03-26,global_epu,127.525008,daily,authorized_policy_uncertainty_proxy,2026-06-25T05:22:11.584014Z,2023-03-26T23:59:00Z
2023-03-26,china_epu,155.050015,daily,authorized_policy_uncertainty_proxy,2026-06-25T05:22:11.584014Z,2023-03-26T23:59:00Z
2023-03-27,global_epu,175.869992,daily,authorized_policy_uncertainty_proxy,2026-06-25T05:22:11.584014Z,2023-03-27T23:59:00Z
2023-03-27,china_epu,184.539984,daily,authorized_policy_uncertainty_proxy,2026-06-25T05:22:11.584014Z,2023-03-27T23:59:00Z
2023-03-28,global_epu,169.745506,daily,authorized_policy_uncertainty_proxy,2026-06-25T05:22:11.584014Z,2023-03-28T23:59:00Z
2023-03-28,china_epu,179.851011,daily,authorized_policy_uncertainty_proxy,2026-06-25T05:22:11.584014Z,2023-03-28T23:59:00Z
2023-03-29,global_epu,163.528007,daily,authorized_policy_uncertainty_proxy,2026-06-25T05:22:11.584014Z,2023-03-29T23:59:00Z
2023-03-29,china_epu,177.616014,daily,authorized_policy_uncertainty_proxy,2026-06-25T05:22:11.584014Z,2023-03-29T23:59:00Z
2023-03-30,global_epu,161.547996,daily,authorized_policy_uncertainty_proxy,2026-06-25T05:22:11.584014Z,2023-03-30T23:59:00Z
2023-03-30,china_epu,174.855993,daily,authorized_policy_uncertainty_proxy,2026-06-25T05:22:11.584014Z,2023-03-30T23:59:00Z
2023-03-31,global_epu,131.08,daily,authorized_policy_uncertainty_proxy,2026-06-25T05:22:11.584014Z,2023-03-31T23:59:00Z
2023-03-31,china_epu,117.76,daily,authorized_policy_uncertainty_proxy,2026-06-25T05:22:11.584014Z,2023-03-31T23:59:00Z
2023-04-02,global_epu,127.600002,daily,authorized_policy_uncertainty_proxy,2026-06-25T05:22:11.584014Z,2023-04-02T23:59:00Z
2023-04-02,china_epu,155.200005,daily,authorized_policy_uncertainty_proxy,2026-06-25T05:22:11.584014Z,2023-04-02T23:59:00Z
2023-04-03,global_epu,158.117484,daily,authorized_policy_uncertainty_proxy,2026-06-25T05:22:11.584014Z,2023-04-03T23:59:00Z
2023-04-03,china_epu,173.634968,daily,authorized_policy_uncertainty_proxy,2026-06-25T05:22:11.584014Z,2023-04-03T23:59:00Z
2023-04-04,global_epu,162.009994,daily,authorized_policy_uncertainty_proxy,2026-06-25T05:22:11.584014Z,2023-04-04T23:59:00Z
2023-04-04,china_epu,176.019987,daily,authorized_policy_uncertainty_proxy,2026-06-25T05:22:11.584014Z,2023-04-04T23:59:00Z
2023-04-05,global_epu,162.659499,daily,authorized_policy_uncertainty_proxy,2026-06-25T05:22:11.584014Z,2023-04-05T23:59:00Z
2023-04-05,china_epu,176.358998,daily,authorized_policy_uncertainty_proxy,2026-06-25T05:22:11.584014Z,2023-04-05T23:59:00Z
2023-04-06,global_epu,156.67749,daily,authorized_policy_uncertainty_proxy,2026-06-25T05:22:11.584014Z,2023-04-06T23:59:00Z
2023-04-06,china_epu,172.55498,daily,authorized_policy_uncertainty_proxy,2026-06-25T05:22:11.584014Z,2023-04-06T23:59:00Z
2023-04-09,global_epu,127.697492,daily,authorized_policy_uncertainty_proxy,2026-06-25T05:22:11.584014Z,2023-04-09T23:59:00Z
2023-04-09,china_epu,155.394983,daily,authorized_policy_uncertainty_proxy,2026-06-25T05:22:11.584014Z,2023-04-09T23:59:00Z
2023-04-10,global_epu,161.930513,daily,authorized_policy_uncertainty_proxy,2026-06-25T05:22:11.584014Z,2023-04-10T23:59:00Z
2023-04-10,china_epu,176.221027,daily,authorized_policy_uncertainty_proxy,2026-06-25T05:22:11.584014Z,2023-04-10T23:59:00Z
2023-04-11,global_epu,163.352497,daily,authorized_policy_uncertainty_proxy,2026-06-25T05:22:11.584014Z,2023-04-11T23:59:00Z
2023-04-11,china_epu,177.504993,daily,authorized_policy_uncertainty_proxy,2026-06-25T05:22:11.584014Z,2023-04-11T23:59:00Z
2023-04-12,global_epu,162.383511,daily,authorized_policy_uncertainty_proxy,2026-06-25T05:22:11.584014Z,2023-04-12T23:59:00Z
2023-04-12,china_epu,175.687021,daily,authorized_policy_uncertainty_proxy,2026-06-25T05:22:11.584014Z,2023-04-12T23:59:00Z
2023-04-13,global_epu,151.105018,daily,authorized_policy_uncertainty_proxy,2026-06-25T05:22:11.584014Z,2023-04-13T23:59:00Z
2023-04-13,china_epu,168.610035,daily,authorized_policy_uncertainty_proxy,2026-06-25T05:22:11.584014Z,2023-04-13T23:59:00Z
2023-04-14,global_epu,117.388,daily,authorized_policy_uncertainty_proxy,2026-06-25T05:22:11.584014Z,2023-04-14T23:59:00Z
2023-04-14,china_epu,109.936,daily,authorized_policy_uncertainty_proxy,2026-06-25T05:22:11.584014Z,2023-04-14T23:59:00Z
2023-04-16,global_epu,127.779996,daily,authorized_policy_uncertainty_proxy,2026-06-25T05:22:11.584014Z,2023-04-16T23:59:00Z
2023-04-16,china_epu,155.559993,daily,authorized_policy_uncertainty_proxy,2026-06-25T05:22:11.584014Z,2023-04-16T23:59:00Z
2023-04-17,global_epu,144.789994,daily,authorized_policy_uncertainty_proxy,2026-06-25T05:22:11.584014Z,2023-04-17T23:59:00Z
2023-04-17,china_epu,166.179987,daily,authorized_policy_uncertainty_proxy,2026-06-25T05:22:11.584014Z,2023-04-17T23:59:00Z
2023-04-18,global_epu,143.48949,daily,authorized_policy_uncertainty_proxy,2026-06-25T05:22:11.584014Z,2023-04-18T23:59:00Z
2023-04-18,china_epu,165.01898,daily,authorized_policy_uncertainty_proxy,2026-06-25T05:22:11.584014Z,2023-04-18T23:59:00Z
2023-04-19,global_epu,141.146492,daily,authorized_policy_uncertainty_proxy,2026-06-25T05:22:11.584014Z,2023-04-19T23:59:00Z
2023-04-19,china_epu,164.772983,daily,authorized_policy_uncertainty_proxy,2026-06-25T05:22:11.584014Z,2023-04-19T23:59:00Z
2023-04-20,global_epu,146.135491,daily,authorized_policy_uncertainty_proxy,2026-06-25T05:22:11.584014Z,2023-04-20T23:59:00Z
2023-04-20,china_epu,166.230981,daily,authorized_policy_uncertainty_proxy,2026-06-25T05:22:11.584014Z,2023-04-20T23:59:00Z
2023-04-21,global_epu,114.868,daily,authorized_policy_uncertainty_proxy,2026-06-25T05:22:11.584014Z,2023-04-21T23:59:00Z
2023-04-21,china_epu,108.496,daily,authorized_policy_uncertainty_proxy,2026-06-25T05:22:11.584014Z,2023-04-21T23:59:00Z
2023-04-23,global_epu,129.437494,daily,authorized_policy_uncertainty_proxy,2026-06-25T05:22:11.584014Z,2023-04-23T23:59:00Z
2023-04-23,china_epu,158.874989,daily,authorized_policy_uncertainty_proxy,2026-06-25T05:22:11.584014Z,2023-04-23T23:59:00Z
2023-04-24,global_epu,145.493488,daily,authorized_policy_uncertainty_proxy,2026-06-25T05:22:11.584014Z,2023-04-24T23:59:00Z
2023-04-24,china_epu,168.306977,daily,authorized_policy_uncertainty_proxy,2026-06-25T05:22:11.584014Z,2023-04-24T23:59:00Z
2023-04-25,global_epu,163.954007,daily,authorized_policy_uncertainty_proxy,2026-06-25T05:22:11.584014Z,2023-04-25T23:59:00Z
2023-04-25,china_epu,182.788014,daily,authorized_policy_uncertainty_proxy,2026-06-25T05:22:11.584014Z,2023-04-25T23:59:00Z
2023-04-26,global_epu,164.190988,daily,authorized_policy_uncertainty_proxy,2026-06-25T05:22:11.584014Z,2023-04-26T23:59:00Z
2023-04-26,china_epu,182.301977,daily,authorized_policy_uncertainty_proxy,2026-06-25T05:22:11.584014Z,2023-04-26T23:59:00Z
2023-04-27,global_epu,148.72449,daily,authorized_policy_uncertainty_proxy,2026-06-25T05:22:11.584014Z,2023-04-27T23:59:00Z
2023-04-27,china_epu,173.088979,daily,authorized_policy_uncertainty_proxy,2026-06-25T05:22:11.584014Z,2023-04-27T23:59:00Z
2023-04-28,global_epu,106.552,daily,authorized_policy_uncertainty_proxy,2026-06-25T05:22:11.584014Z,2023-04-28T23:59:00Z
2023-04-28,china_epu,103.744,daily,authorized_policy_uncertainty_proxy,2026-06-25T05:22:11.584014Z,2023-04-28T23:59:00Z
2023-04-30,global_epu,130.832493,daily,authorized_policy_uncertainty_proxy,2026-06-25T05:22:11.584014Z,2023-04-30T23:59:00Z
2023-04-30,china_epu,161.664987,daily,authorized_policy_uncertainty_proxy,2026-06-25T05:22:11.584014Z,2023-04-30T23:59:00Z
2023-05-01,global_epu,139.896983,daily,authorized_policy_uncertainty_proxy,2026-06-25T05:22:11.584014Z,2023-05-01T23:59:00Z
2023-05-01,china_epu,166.833966,daily,authorized_policy_uncertainty_proxy,2026-06-25T05:22:11.584014Z,2023-05-01T23:59:00Z
2023-05-02,global_epu,154.147014,daily,authorized_policy_uncertainty_proxy,2026-06-25T05:22:11.584014Z,2023-05-02T23:59:00Z
2023-05-02,china_epu,174.934028,daily,authorized_policy_uncertainty_proxy,2026-06-25T05:22:11.584014Z,2023-05-02T23:59:00Z
2023-05-03,global_epu,158.851014,daily,authorized_policy_uncertainty_proxy,2026-06-25T05:22:11.584014Z,2023-05-03T23:59:00Z
2023-05-03,china_epu,177.622028,daily,authorized_policy_uncertainty_proxy,2026-06-25T05:22:11.584014Z,2023-05-03T23:59:00Z
2023-05-04,global_epu,173.183516,daily,authorized_policy_uncertainty_proxy,2026-06-25T05:22:11.584014Z,2023-05-04T23:59:00Z
2023-05-04,china_epu,185.287031,daily,authorized_policy_uncertainty_proxy,2026-06-25T05:22:11.584014Z,2023-05-04T23:59:00Z
2023-05-05,global_epu,118.396,daily,authorized_policy_uncertainty_proxy,2026-06-25T05:22:11.584014Z,2023-05-05T23:59:00Z
2023-05-05,china_epu,110.512,daily,authorized_policy_uncertainty_proxy,2026-06-25T05:22:11.584014Z,2023-05-05T23:59:00Z
2023-05-07,global_epu,130.712509,daily,authorized_policy_uncertainty_proxy,2026-06-25T05:22:11.584014Z,2023-05-07T23:59:00Z
2023-05-07,china_epu,161.425018,daily,authorized_policy_uncertainty_proxy,2026-06-25T05:22:11.584014Z,2023-05-07T23:59:00Z
2023-05-08,global_epu,147.494498,daily,authorized_policy_uncertainty_proxy,2026-06-25T05:22:11.584014Z,2023-05-08T23:59:00Z
2023-05-08,china_epu,171.228997,daily,authorized_policy_uncertainty_proxy,2026-06-25T05:22:11.584014Z,2023-05-08T23:59:00Z
2023-05-09,global_epu,154.219016,daily,authorized_policy_uncertainty_proxy,2026-06-25T05:22:11.584014Z,2023-05-09T23:59:00Z
2023-05-09,china_epu,175.918032,daily,authorized_policy_uncertainty_proxy,2026-06-25T05:22:11.584014Z,2023-05-09T23:59:00Z
2023-05-10,global_epu,148.710997,daily,authorized_policy_uncertainty_proxy,2026-06-25T05:22:11.584014Z,2023-05-10T23:59:00Z
2023-05-10,china_epu,174.141993,daily,authorized_policy_uncertainty_proxy,2026-06-25T05:22:11.584014Z,2023-05-10T23:59:00Z
2023-05-11,global_epu,149.789502,daily,authorized_policy_uncertainty_proxy,2026-06-25T05:22:11.584014Z,2023-05-11T23:59:00Z
2023-05-11,china_epu,176.419004,daily,authorized_policy_uncertainty_proxy,2026-06-25T05:22:11.584014Z,2023-05-11T23:59:00Z
2023-05-12,global_epu,117.052,daily,authorized_policy_uncertainty_proxy,2026-06-25T05:22:11.584014Z,2023-05-12T23:59:00Z
2023-05-12,china_epu,109.744,daily,authorized_policy_uncertainty_proxy,2026-06-25T05:22:11.584014Z,2023-05-12T23:59:00Z
2023-05-14,global_epu,134.297514,daily,authorized_policy_uncertainty_proxy,2026-06-25T05:22:11.584014Z,2023-05-14T23:59:00Z
2023-05-14,china_epu,168.595028,daily,authorized_policy_uncertainty_proxy,2026-06-25T05:22:11.584014Z,2023-05-14T23:59:00Z
2023-05-15,global_epu,151.678006,daily,authorized_policy_uncertainty_proxy,2026-06-25T05:22:11.584014Z,2023-05-15T23:59:00Z
2023-05-15,china_epu,177.916011,daily,authorized_policy_uncertainty_proxy,2026-06-25T05:22:11.584014Z,2023-05-15T23:59:00Z
2023-05-16,global_epu,160.861013,daily,authorized_policy_uncertainty_proxy,2026-06-25T05:22:11.584014Z,2023-05-16T23:59:00Z
2023-05-16,china_epu,185.842026,daily,authorized_policy_uncertainty_proxy,2026-06-25T05:22:11.584014Z,2023-05-16T23:59:00Z
2023-05-17,global_epu,152.990491,daily,authorized_policy_uncertainty_proxy,2026-06-25T05:22:11.584014Z,2023-05-17T23:59:00Z
2023-05-17,china_epu,183.540981,daily,authorized_policy_uncertainty_proxy,2026-06-25T05:22:11.584014Z,2023-05-17T23:59:00Z
2023-05-18,global_epu,148.952499,daily,authorized_policy_uncertainty_proxy,2026-06-25T05:22:11.584014Z,2023-05-18T23:59:00Z
2023-05-18,china_epu,185.304997,daily,authorized_policy_uncertainty_proxy,2026-06-25T05:22:11.584014Z,2023-05-18T23:59:00Z
2023-05-19,global_epu,115.204,daily,authorized_policy_uncertainty_proxy,2026-06-25T05:22:11.584014Z,2023-05-19T23:59:00Z
2023-05-19,china_epu,108.688,daily,authorized_policy_uncertainty_proxy,2026-06-25T05:22:11.584014Z,2023-05-19T23:59:00Z
2023-05-21,global_epu,138.017488,daily,authorized_policy_uncertainty_proxy,2026-06-25T05:22:11.584014Z,2023-05-21T23:59:00Z
2023-05-21,china_epu,176.034975,daily,authorized_policy_uncertainty_proxy,2026-06-25T05:22:11.584014Z,2023-05-21T23:59:00Z
2023-05-22,global_epu,158.3815,daily,authorized_policy_uncertainty_proxy,2026-06-25T05:22:11.584014Z,2023-05-22T23:59:00Z
2023-05-22,china_epu,190.243,daily,authorized_policy_uncertainty_proxy,2026-06-25T05:22:11.584014Z,2023-05-22T23:59:00Z
2023-05-23,global_epu,171.381987,daily,authorized_policy_uncertainty_proxy,2026-06-25T05:22:11.584014Z,2023-05-23T23:59:00Z
2023-05-23,china_epu,200.403973,daily,authorized_policy_uncertainty_proxy,2026-06-25T05:22:11.584014Z,2023-05-23T23:59:00Z
2023-05-24,global_epu,184.237011,daily,authorized_policy_uncertainty_proxy,2026-06-25T05:22:11.584014Z,2023-05-24T23:59:00Z
2023-05-24,china_epu,208.114022,daily,authorized_policy_uncertainty_proxy,2026-06-25T05:22:11.584014Z,2023-05-24T23:59:00Z
2023-05-25,global_epu,178.081016,daily,authorized_policy_uncertainty_proxy,2026-06-25T05:22:11.584014Z,2023-05-25T23:59:00Z
2023-05-25,china_epu,206.482031,daily,authorized_policy_uncertainty_proxy,2026-06-25T05:22:11.584014Z,2023-05-25T23:59:00Z
2023-05-26,global_epu,124.78,daily,authorized_policy_uncertainty_proxy,2026-06-25T05:22:11.584014Z,2023-05-26T23:59:00Z
2023-05-26,china_epu,114.16,daily,authorized_policy_uncertainty_proxy,2026-06-25T05:22:11.584014Z,2023-05-26T23:59:00Z
2023-05-28,global_epu,141.610003,daily,authorized_policy_uncertainty_proxy,2026-06-25T05:22:11.584014Z,2023-05-28T23:59:00Z
2023-05-28,china_epu,183.220005,daily,authorized_policy_uncertainty_proxy,2026-06-25T05:22:11.584014Z,2023-05-28T23:59:00Z
2023-05-29,global_epu,163.586497,daily,authorized_policy_uncertainty_proxy,2026-06-25T05:22:11.584014Z,2023-05-29T23:59:00Z
2023-05-29,china_epu,197.652994,daily,authorized_policy_uncertainty_proxy,2026-06-25T05:22:11.584014Z,2023-05-29T23:59:00Z
2023-05-30,global_epu,164.089,daily,authorized_policy_uncertainty_proxy,2026-06-25T05:22:11.584014Z,2023-05-30T23:59:00Z
2023-05-30,china_epu,198.657999,daily,authorized_policy_uncertainty_proxy,2026-06-25T05:22:11.584014Z,2023-05-30T23:59:00Z
2023-05-31,global_epu,170.505984,daily,authorized_policy_uncertainty_proxy,2026-06-25T05:22:11.584014Z,2023-05-31T23:59:00Z
2023-05-31,china_epu,205.731968,daily,authorized_policy_uncertainty_proxy,2026-06-25T05:22:11.584014Z,2023-05-31T23:59:00Z
2023-06-01,global_epu,149.934995,daily,authorized_policy_uncertainty_proxy,2026-06-25T05:22:11.584014Z,2023-06-01T23:59:00Z
2023-06-01,china_epu,192.06999,daily,authorized_policy_uncertainty_proxy,2026-06-25T05:22:11.584014Z,2023-06-01T23:59:00Z
2023-06-02,global_epu,100.0,daily,authorized_policy_uncertainty_proxy,2026-06-25T05:22:11.584014Z,2023-06-02T23:59:00Z
2023-06-02,china_epu,100.0,daily,authorized_policy_uncertainty_proxy,2026-06-25T05:22:11.584014Z,2023-06-02T23:59:00Z
2023-06-04,global_epu,143.784988,daily,authorized_policy_uncertainty_proxy,2026-06-25T05:22:11.584014Z,2023-06-04T23:59:00Z
2023-06-04,china_epu,187.569976,daily,authorized_policy_uncertainty_proxy,2026-06-25T05:22:11.584014Z,2023-06-04T23:59:00Z
2023-06-05,global_epu,145.375001,daily,authorized_policy_uncertainty_proxy,2026-06-25T05:22:11.584014Z,2023-06-05T23:59:00Z
2023-06-05,china_epu,190.750003,daily,authorized_policy_uncertainty_proxy,2026-06-25T05:22:11.584014Z,2023-06-05T23:59:00Z
2023-06-06,global_epu,146.410012,daily,authorized_policy_uncertainty_proxy,2026-06-25T05:22:11.584014Z,2023-06-06T23:59:00Z
2023-06-06,china_epu,192.820024,daily,authorized_policy_uncertainty_proxy,2026-06-25T05:22:11.584014Z,2023-06-06T23:59:00Z
2023-06-07,global_epu,147.159994,daily,authorized_policy_uncertainty_proxy,2026-06-25T05:22:11.584014Z,2023-06-07T23:59:00Z
2023-06-07,china_epu,194.319987,daily,authorized_policy_uncertainty_proxy,2026-06-25T05:22:11.584014Z,2023-06-07T23:59:00Z
2023-06-08,global_epu,145.839989,daily,authorized_policy_uncertainty_proxy,2026-06-25T05:22:11.584014Z,2023-06-08T23:59:00Z
2023-06-08,china_epu,191.679978,daily,authorized_policy_uncertainty_proxy,2026-06-25T05:22:11.584014Z,2023-06-08T23:59:00Z
2023-06-09,global_epu,100.0,daily,authorized_policy_uncertainty_proxy,2026-06-25T05:22:11.584014Z,2023-06-09T23:59:00Z
2023-06-09,china_epu,100.0,daily,authorized_policy_uncertainty_proxy,2026-06-25T05:22:11.584014Z,2023-06-09T23:59:00Z
2023-06-11,global_epu,147.070014,daily,authorized_policy_uncertainty_proxy,2026-06-25T05:22:11.584014Z,2023-06-11T23:59:00Z
2023-06-11,china_epu,194.140029,daily,authorized_policy_uncertainty_proxy,2026-06-25T05:22:11.584014Z,2023-06-11T23:59:00Z
2023-06-12,global_epu,148.428994,daily,authorized_policy_uncertainty_proxy,2026-06-25T05:22:11.584014Z,2023-06-12T23:59:00Z
2023-06-12,china_epu,196.737987,daily,authorized_policy_uncertainty_proxy,2026-06-25T05:22:11.584014Z,2023-06-12T23:59:00Z
2023-06-13,global_epu,149.987507,daily,authorized_policy_uncertainty_proxy,2026-06-25T05:22:11.584014Z,2023-06-13T23:59:00Z
2023-06-13,china_epu,199.975014,daily,authorized_policy_uncertainty_proxy,2026-06-25T05:22:11.584014Z,2023-06-13T23:59:00Z
2023-06-14,global_epu,149.695003,daily,authorized_policy_uncertainty_proxy,2026-06-25T05:22:11.584014Z,2023-06-14T23:59:00Z
2023-06-14,china_epu,199.390006,daily,authorized_policy_uncertainty_proxy,2026-06-25T05:22:11.584014Z,2023-06-14T23:59:00Z
2023-06-15,global_epu,146.492517,daily,authorized_policy_uncertainty_proxy,2026-06-25T05:22:11.584014Z,2023-06-15T23:59:00Z
2023-06-15,china_epu,192.985034,daily,authorized_policy_uncertainty_proxy,2026-06-25T05:22:11.584014Z,2023-06-15T23:59:00Z
2023-06-16,global_epu,100.0,daily,authorized_policy_uncertainty_proxy,2026-06-25T05:22:11.584014Z,2023-06-16T23:59:00Z
2023-06-16,china_epu,100.0,daily,authorized_policy_uncertainty_proxy,2026-06-25T05:22:11.584014Z,2023-06-16T23:59:00Z
2023-06-18,global_epu,146.91999,daily,authorized_policy_uncertainty_proxy,2026-06-25T05:22:11.584014Z,2023-06-18T23:59:00Z
2023-06-18,china_epu,193.839979,daily,authorized_policy_uncertainty_proxy,2026-06-25T05:22:11.584014Z,2023-06-18T23:59:00Z
2023-06-19,global_epu,149.529994,daily,authorized_policy_uncertainty_proxy,2026-06-25T05:22:11.584014Z,2023-06-19T23:59:00Z
2023-06-19,china_epu,199.059987,daily,authorized_policy_uncertainty_proxy,2026-06-25T05:22:11.584014Z,2023-06-19T23:59:00Z
2023-06-20,global_epu,151.059997,daily,authorized_policy_uncertainty_proxy,2026-06-25T05:22:11.584014Z,2023-06-20T23:59:00Z
2023-06-20,china_epu,202.119994,daily,authorized_policy_uncertainty_proxy,2026-06-25T05:22:11.584014Z,2023-06-20T23:59:00Z
2023-06-21,global_epu,150.880003,daily,authorized_policy_uncertainty_proxy,2026-06-25T05:22:11.584014Z,2023-06-21T23:59:00Z
2023-06-21,china_epu,201.760006,daily,authorized_policy_uncertainty_proxy,2026-06-25T05:22:11.584014Z,2023-06-21T23:59:00Z
2023-06-22,global_epu,150.887513,daily,authorized_policy_uncertainty_proxy,2026-06-25T05:22:11.584014Z,2023-06-22T23:59:00Z
2023-06-22,china_epu,201.775026,daily,authorized_policy_uncertainty_proxy,2026-06-25T05:22:11.584014Z,2023-06-22T23:59:00Z
2023-06-23,global_epu,100.0,daily,authorized_policy_uncertainty_proxy,2026-06-25T05:22:11.584014Z,2023-06-23T23:59:00Z
2023-06-23,china_epu,100.0,daily,authorized_policy_uncertainty_proxy,2026-06-25T05:22:11.584014Z,2023-06-23T23:59:00Z
2023-06-25,global_epu,150.887513,daily,authorized_policy_uncertainty_proxy,2026-06-25T05:22:11.584014Z,2023-06-25T23:59:00Z
2023-06-25,china_epu,201.775026,daily,authorized_policy_uncertainty_proxy,2026-06-25T05:22:11.584014Z,2023-06-25T23:59:00Z
2023-06-26,global_epu,155.237484,daily,authorized_policy_uncertainty_proxy,2026-06-25T05:22:11.584014Z,2023-06-26T23:59:00Z
2023-06-26,china_epu,210.474968,daily,authorized_policy_uncertainty_proxy,2026-06-25T05:22:11.584014Z,2023-06-26T23:59:00Z
2023-06-27,global_epu,153.902495,daily,authorized_policy_uncertainty_proxy,2026-06-25T05:22:11.584014Z,2023-06-27T23:59:00Z
2023-06-27,china_epu,207.80499,daily,authorized_policy_uncertainty_proxy,2026-06-25T05:22:11.584014Z,2023-06-27T23:59:00Z
2023-06-28,global_epu,155.755007,daily,authorized_policy_uncertainty_proxy,2026-06-25T05:22:11.584014Z,2023-06-28T23:59:00Z
2023-06-28,china_epu,211.510015,daily,authorized_policy_uncertainty_proxy,2026-06-25T05:22:11.584014Z,2023-06-28T23:59:00Z
2023-06-29,global_epu,156.385005,daily,authorized_policy_uncertainty_proxy,2026-06-25T05:22:11.584014Z,2023-06-29T23:59:00Z
2023-06-29,china_epu,212.770009,daily,authorized_policy_uncertainty_proxy,2026-06-25T05:22:11.584014Z,2023-06-29T23:59:00Z
2023-06-30,global_epu,100.0,daily,authorized_policy_uncertainty_proxy,2026-06-25T05:22:11.584014Z,2023-06-30T23:59:00Z
2023-06-30,china_epu,100.0,daily,authorized_policy_uncertainty_proxy,2026-06-25T05:22:11.584014Z,2023-06-30T23:59:00Z
2023-07-02,global_epu,155.680013,daily,authorized_policy_uncertainty_proxy,2026-06-25T05:22:11.584014Z,2023-07-02T23:59:00Z
2023-07-02,china_epu,211.360025,daily,authorized_policy_uncertainty_proxy,2026-06-25T05:22:11.584014Z,2023-07-02T23:59:00Z
2023-07-03,global_epu,155.484998,daily,authorized_policy_uncertainty_proxy,2026-06-25T05:22:11.584014Z,2023-07-03T23:59:00Z
2023-07-03,china_epu,210.969996,daily,authorized_policy_uncertainty_proxy,2026-06-25T05:22:11.584014Z,2023-07-03T23:59:00Z
2023-07-04,global_epu,153.512502,daily,authorized_policy_uncertainty_proxy,2026-06-25T05:22:11.584014Z,2023-07-04T23:59:00Z
2023-07-04,china_epu,207.025003,daily,authorized_policy_uncertainty_proxy,2026-06-25T05:22:11.584014Z,2023-07-04T23:59:00Z
2023-07-05,global_epu,155.979991,daily,authorized_policy_uncertainty_proxy,2026-06-25T05:22:11.584014Z,2023-07-05T23:59:00Z
2023-07-05,china_epu,211.959982,daily,authorized_policy_uncertainty_proxy,2026-06-25T05:22:11.584014Z,2023-07-05T23:59:00Z
2023-07-06,global_epu,159.88599,daily,authorized_policy_uncertainty_proxy,2026-06-25T05:22:11.584014Z,2023-07-06T23:59:00Z
2023-07-06,china_epu,214.49198,daily,authorized_policy_uncertainty_proxy,2026-06-25T05:22:11.584014Z,2023-07-06T23:59:00Z
2023-07-07,global_epu,100.0,daily,authorized_policy_uncertainty_proxy,2026-06-25T05:22:11.584014Z,2023-07-07T23:59:00Z
2023-07-07,china_epu,100.0,daily,authorized_policy_uncertainty_proxy,2026-06-25T05:22:11.584014Z,2023-07-07T23:59:00Z
2023-07-09,global_epu,153.347492,daily,authorized_policy_uncertainty_proxy,2026-06-25T05:22:11.584014Z,2023-07-09T23:59:00Z
2023-07-09,china_epu,206.694984,daily,authorized_policy_uncertainty_proxy,2026-06-25T05:22:11.584014Z,2023-07-09T23:59:00Z
2023-07-10,global_epu,155.382991,daily,authorized_policy_uncertainty_proxy,2026-06-25T05:22:11.584014Z,2023-07-10T23:59:00Z
2023-07-10,china_epu,209.925982,daily,authorized_policy_uncertainty_proxy,2026-06-25T05:22:11.584014Z,2023-07-10T23:59:00Z
2023-07-11,global_epu,153.189993,daily,authorized_policy_uncertainty_proxy,2026-06-25T05:22:11.584014Z,2023-07-11T23:59:00Z
2023-07-11,china_epu,206.379986,daily,authorized_policy_uncertainty_proxy,2026-06-25T05:22:11.584014Z,2023-07-11T23:59:00Z
2023-07-12,global_epu,149.897492,daily,authorized_policy_uncertainty_proxy,2026-06-25T05:22:11.584014Z,2023-07-12T23:59:00Z
2023-07-12,china_epu,199.794984,daily,authorized_policy_uncertainty_proxy,2026-06-25T05:22:11.584014Z,2023-07-12T23:59:00Z
2023-07-13,global_epu,148.750007,daily,authorized_policy_uncertainty_proxy,2026-06-25T05:22:11.584014Z,2023-07-13T23:59:00Z
2023-07-13,china_epu,197.500014,daily,authorized_policy_uncertainty_proxy,2026-06-25T05:22:11.584014Z,2023-07-13T23:59:00Z
2023-07-14,global_epu,100.0,daily,authorized_policy_uncertainty_proxy,2026-06-25T05:22:11.584014Z,2023-07-14T23:59:00Z
2023-07-14,china_epu,100.0,daily,authorized_policy_uncertainty_proxy,2026-06-25T05:22:11.584014Z,2023-07-14T23:59:00Z
2023-07-16,global_epu,148.022485,daily,authorized_policy_uncertainty_proxy,2026-06-25T05:22:11.584014Z,2023-07-16T23:59:00Z
2023-07-16,china_epu,196.04497,daily,authorized_policy_uncertainty_proxy,2026-06-25T05:22:11.584014Z,2023-07-16T23:59:00Z
2023-07-17,global_epu,150.294995,daily,authorized_policy_uncertainty_proxy,2026-06-25T05:22:11.584014Z,2023-07-17T23:59:00Z
2023-07-17,china_epu,200.589991,daily,authorized_policy_uncertainty_proxy,2026-06-25T05:22:11.584014Z,2023-07-17T23:59:00Z
2023-07-18,global_epu,150.947487,daily,authorized_policy_uncertainty_proxy,2026-06-25T05:22:11.584014Z,2023-07-18T23:59:00Z
2023-07-18,china_epu,201.894975,daily,authorized_policy_uncertainty_proxy,2026-06-25T05:22:11.584014Z,2023-07-18T23:59:00Z
2023-07-19,global_epu,154.442513,daily,authorized_policy_uncertainty_proxy,2026-06-25T05:22:11.584014Z,2023-07-19T23:59:00Z
2023-07-19,china_epu,208.885026,daily,authorized_policy_uncertainty_proxy,2026-06-25T05:22:11.584014Z,2023-07-19T23:59:00Z
2023-07-20,global_epu,150.737488,daily,authorized_policy_uncertainty_proxy,2026-06-25T05:22:11.584014Z,2023-07-20T23:59:00Z
2023-07-20,china_epu,201.474977,daily,authorized_policy_uncertainty_proxy,2026-06-25T05:22:11.584014Z,2023-07-20T23:59:00Z
2023-07-21,global_epu,100.0,daily,authorized_policy_uncertainty_proxy,2026-06-25T05:22:11.584014Z,2023-07-21T23:59:00Z
2023-07-21,china_epu,100.0,daily,authorized_policy_uncertainty_proxy,2026-06-25T05:22:11.584014Z,2023-07-21T23:59:00Z
2023-07-23,global_epu,150.842488,daily,authorized_policy_uncertainty_proxy,2026-06-25T05:22:11.584014Z,2023-07-23T23:59:00Z
2023-07-23,china_epu,201.684976,daily,authorized_policy_uncertainty_proxy,2026-06-25T05:22:11.584014Z,2023-07-23T23:59:00Z
2023-07-24,global_epu,151.397491,daily,authorized_policy_uncertainty_proxy,2026-06-25T05:22:11.584014Z,2023-07-24T23:59:00Z
2023-07-24,china_epu,202.794981,daily,authorized_policy_uncertainty_proxy,2026-06-25T05:22:11.584014Z,2023-07-24T23:59:00Z
2023-07-25,global_epu,147.654986,daily,authorized_policy_uncertainty_proxy,2026-06-25T05:22:11.584014Z,2023-07-25T23:59:00Z
2023-07-25,china_epu,195.309973,daily,authorized_policy_uncertainty_proxy,2026-06-25T05:22:11.584014Z,2023-07-25T23:59:00Z
2023-07-26,global_epu,148.750007,daily,authorized_policy_uncertainty_proxy,2026-06-25T05:22:11.584014Z,2023-07-26T23:59:00Z
2023-07-26,china_epu,197.500014,daily,authorized_policy_uncertainty_proxy,2026-06-25T05:22:11.584014Z,2023-07-26T23:59:00Z
2023-07-27,global_epu,150.4825,daily,authorized_policy_uncertainty_proxy,2026-06-25T05:22:11.584014Z,2023-07-27T23:59:00Z
2023-07-27,china_epu,200.964999,daily,authorized_policy_uncertainty_proxy,2026-06-25T05:22:11.584014Z,2023-07-27T23:59:00Z
2023-07-28,global_epu,100.0,daily,authorized_policy_uncertainty_proxy,2026-06-25T05:22:11.584014Z,2023-07-28T23:59:00Z
2023-07-28,china_epu,100.0,daily,authorized_policy_uncertainty_proxy,2026-06-25T05:22:11.584014Z,2023-07-28T23:59:00Z
2023-07-30,global_epu,145.209992,daily,authorized_policy_uncertainty_proxy,2026-06-25T05:22:11.584014Z,2023-07-30T23:59:00Z
2023-07-30,china_epu,190.419984,daily,authorized_policy_uncertainty_proxy,2026-06-25T05:22:11.584014Z,2023-07-30T23:59:00Z
2023-07-31,global_epu,144.677484,daily,authorized_policy_uncertainty_proxy,2026-06-25T05:22:11.584014Z,2023-07-31T23:59:00Z
2023-07-31,china_epu,189.354968,daily,authorized_policy_uncertainty_proxy,2026-06-25T05:22:11.584014Z,2023-07-31T23:59:00Z
2023-08-01,global_epu,150.737488,daily,authorized_policy_uncertainty_proxy,2026-06-25T05:22:11.584014Z,2023-08-01T23:59:00Z
2023-08-01,china_epu,201.474977,daily,authorized_policy_uncertainty_proxy,2026-06-25T05:22:11.584014Z,2023-08-01T23:59:00Z
2023-08-02,global_epu,160.936009,daily,authorized_policy_uncertainty_proxy,2026-06-25T05:22:11.584014Z,2023-08-02T23:59:00Z
2023-08-02,china_epu,208.792019,daily,authorized_policy_uncertainty_proxy,2026-06-25T05:22:11.584014Z,2023-08-02T23:59:00Z
2023-08-03,global_epu,157.437988,daily,authorized_policy_uncertainty_proxy,2026-06-25T05:22:11.584014Z,2023-08-03T23:59:00Z
2023-08-03,china_epu,203.835975,daily,authorized_policy_uncertainty_proxy,2026-06-25T05:22:11.584014Z,2023-08-03T23:59:00Z
2023-08-04,global_epu,117.64,daily,authorized_policy_uncertainty_proxy,2026-06-25T05:22:11.584014Z,2023-08-04T23:59:00Z
2023-08-04,china_epu,110.08,daily,authorized_policy_uncertainty_proxy,2026-06-25T05:22:11.584014Z,2023-08-04T23:59:00Z
2023-08-06,global_epu,147.339988,daily,authorized_policy_uncertainty_proxy,2026-06-25T05:22:11.584014Z,2023-08-06T23:59:00Z
2023-08-06,china_epu,194.679976,daily,authorized_policy_uncertainty_proxy,2026-06-25T05:22:11.584014Z,2023-08-06T23:59:00Z
2023-08-07,global_epu,158.390488,daily,authorized_policy_uncertainty_proxy,2026-06-25T05:22:11.584014Z,2023-08-07T23:59:00Z
2023-08-07,china_epu,207.540976,daily,authorized_policy_uncertainty_proxy,2026-06-25T05:22:11.584014Z,2023-08-07T23:59:00Z
2023-08-08,global_epu,161.993511,daily,authorized_policy_uncertainty_proxy,2026-06-25T05:22:11.584014Z,2023-08-08T23:59:00Z
2023-08-08,china_epu,212.107022,daily,authorized_policy_uncertainty_proxy,2026-06-25T05:22:11.584014Z,2023-08-08T23:59:00Z
2023-08-09,global_epu,161.209003,daily,authorized_policy_uncertainty_proxy,2026-06-25T05:22:11.584014Z,2023-08-09T23:59:00Z
2023-08-09,china_epu,210.898007,daily,authorized_policy_uncertainty_proxy,2026-06-25T05:22:11.584014Z,2023-08-09T23:59:00Z
2023-08-10,global_epu,160.742517,daily,authorized_policy_uncertainty_proxy,2026-06-25T05:22:11.584014Z,2023-08-10T23:59:00Z
2023-08-10,china_epu,211.285033,daily,authorized_policy_uncertainty_proxy,2026-06-25T05:22:11.584014Z,2023-08-10T23:59:00Z
2023-08-11,global_epu,100.0,daily,authorized_policy_uncertainty_proxy,2026-06-25T05:22:11.584014Z,2023-08-11T23:59:00Z
2023-08-11,china_epu,100.0,daily,authorized_policy_uncertainty_proxy,2026-06-25T05:22:11.584014Z,2023-08-11T23:59:00Z
2023-08-13,global_epu,151.922488,daily,authorized_policy_uncertainty_proxy,2026-06-25T05:22:11.584014Z,2023-08-13T23:59:00Z
2023-08-13,china_epu,203.844976,daily,authorized_policy_uncertainty_proxy,2026-06-25T05:22:11.584014Z,2023-08-13T23:59:00Z
2023-08-14,global_epu,156.797493,daily,authorized_policy_uncertainty_proxy,2026-06-25T05:22:11.584014Z,2023-08-14T23:59:00Z
2023-08-14,china_epu,213.594985,daily,authorized_policy_uncertainty_proxy,2026-06-25T05:22:11.584014Z,2023-08-14T23:59:00Z
2023-08-15,global_epu,170.87649,daily,authorized_policy_uncertainty_proxy,2026-06-25T05:22:11.584014Z,2023-08-15T23:59:00Z
2023-08-15,china_epu,224.232979,daily,authorized_policy_uncertainty_proxy,2026-06-25T05:22:11.584014Z,2023-08-15T23:59:00Z
2023-08-16,global_epu,174.726995,daily,authorized_policy_uncertainty_proxy,2026-06-25T05:22:11.584014Z,2023-08-16T23:59:00Z
2023-08-16,china_epu,228.09399,daily,authorized_policy_uncertainty_proxy,2026-06-25T05:22:11.584014Z,2023-08-16T23:59:00Z
2023-08-17,global_epu,182.805985,daily,authorized_policy_uncertainty_proxy,2026-06-25T05:22:11.584014Z,2023-08-17T23:59:00Z
2023-08-17,china_epu,230.93197,daily,authorized_policy_uncertainty_proxy,2026-06-25T05:22:11.584014Z,2023-08-17T23:59:00Z
2023-08-18,global_epu,119.32,daily,authorized_policy_uncertainty_proxy,2026-06-25T05:22:11.584014Z,2023-08-18T23:59:00Z
2023-08-18,china_epu,111.04,daily,authorized_policy_uncertainty_proxy,2026-06-25T05:22:11.584014Z,2023-08-18T23:59:00Z
2023-08-20,global_epu,158.552516,daily,authorized_policy_uncertainty_proxy,2026-06-25T05:22:11.584014Z,2023-08-20T23:59:00Z
2023-08-20,china_epu,217.105031,daily,authorized_policy_uncertainty_proxy,2026-06-25T05:22:11.584014Z,2023-08-20T23:59:00Z
2023-08-21,global_epu,170.241997,daily,authorized_policy_uncertainty_proxy,2026-06-25T05:22:11.584014Z,2023-08-21T23:59:00Z
2023-08-21,china_epu,214.923993,daily,authorized_policy_uncertainty_proxy,2026-06-25T05:22:11.584014Z,2023-08-21T23:59:00Z
2023-08-22,global_epu,175.977991,daily,authorized_policy_uncertainty_proxy,2026-06-25T05:22:11.584014Z,2023-08-22T23:59:00Z
2023-08-22,china_epu,228.315982,daily,authorized_policy_uncertainty_proxy,2026-06-25T05:22:11.584014Z,2023-08-22T23:59:00Z
2023-08-23,global_epu,158.519485,daily,authorized_policy_uncertainty_proxy,2026-06-25T05:22:11.584014Z,2023-08-23T23:59:00Z
2023-08-23,china_epu,205.27897,daily,authorized_policy_uncertainty_proxy,2026-06-25T05:22:11.584014Z,2023-08-23T23:59:00Z
2023-08-24,global_epu,176.717517,daily,authorized_policy_uncertainty_proxy,2026-06-25T05:22:11.584014Z,2023-08-24T23:59:00Z
2023-08-24,china_epu,227.035034,daily,authorized_policy_uncertainty_proxy,2026-06-25T05:22:11.584014Z,2023-08-24T23:59:00Z
2023-08-25,global_epu,105.712,daily,authorized_policy_uncertainty_proxy,2026-06-25T05:22:11.584014Z,2023-08-25T23:59:00Z
2023-08-25,china_epu,103.264,daily,authorized_policy_uncertainty_proxy,2026-06-25T05:22:11.584014Z,2023-08-25T23:59:00Z
2023-08-27,global_epu,159.175003,daily,authorized_policy_uncertainty_proxy,2026-06-25T05:22:11.584014Z,2023-08-27T23:59:00Z
2023-08-27,china_epu,218.350005,daily,authorized_policy_uncertainty_proxy,2026-06-25T05:22:11.584014Z,2023-08-27T23:59:00Z
2023-08-28,global_epu,159.854513,daily,authorized_policy_uncertainty_proxy,2026-06-25T05:22:11.584014Z,2023-08-28T23:59:00Z
2023-08-28,china_epu,218.749026,daily,authorized_policy_uncertainty_proxy,2026-06-25T05:22:11.584014Z,2023-08-28T23:59:00Z
2023-08-29,global_epu,158.45499,daily,authorized_policy_uncertainty_proxy,2026-06-25T05:22:11.584014Z,2023-08-29T23:59:00Z
2023-08-29,china_epu,216.909981,daily,authorized_policy_uncertainty_proxy,2026-06-25T05:22:11.584014Z,2023-08-29T23:59:00Z
2023-08-30,global_epu,158.769989,daily,authorized_policy_uncertainty_proxy,2026-06-25T05:22:11.584014Z,2023-08-30T23:59:00Z
2023-08-30,china_epu,217.539978,daily,authorized_policy_uncertainty_proxy,2026-06-25T05:22:11.584014Z,2023-08-30T23:59:00Z
2023-08-31,global_epu,156.767488,daily,authorized_policy_uncertainty_proxy,2026-06-25T05:22:11.584014Z,2023-08-31T23:59:00Z
2023-08-31,china_epu,213.534975,daily,authorized_policy_uncertainty_proxy,2026-06-25T05:22:11.584014Z,2023-08-31T23:59:00Z
2023-09-01,global_epu,100.0,daily,authorized_policy_uncertainty_proxy,2026-06-25T05:22:11.584014Z,2023-09-01T23:59:00Z
2023-09-01,china_epu,100.0,daily,authorized_policy_uncertainty_proxy,2026-06-25T05:22:11.584014Z,2023-09-01T23:59:00Z
2023-09-03,global_epu,148.0075,daily,authorized_policy_uncertainty_proxy,2026-06-25T05:22:11.584014Z,2023-09-03T23:59:00Z
2023-09-03,china_epu,196.015,daily,authorized_policy_uncertainty_proxy,2026-06-25T05:22:11.584014Z,2023-09-03T23:59:00Z
2023-09-04,global_epu,157.892513,daily,authorized_policy_uncertainty_proxy,2026-06-25T05:22:11.584014Z,2023-09-04T23:59:00Z
2023-09-04,china_epu,215.785027,daily,authorized_policy_uncertainty_proxy,2026-06-25T05:22:11.584014Z,2023-09-04T23:59:00Z
2023-09-05,global_epu,160.255003,daily,authorized_policy_uncertainty_proxy,2026-06-25T05:22:11.584014Z,2023-09-05T23:59:00Z
2023-09-05,china_epu,220.510006,daily,authorized_policy_uncertainty_proxy,2026-06-25T05:22:11.584014Z,2023-09-05T23:59:00Z
2023-09-06,global_epu,161.192489,daily,authorized_policy_uncertainty_proxy,2026-06-25T05:22:11.584014Z,2023-09-06T23:59:00Z
2023-09-06,china_epu,222.384977,daily,authorized_policy_uncertainty_proxy,2026-06-25T05:22:11.584014Z,2023-09-06T23:59:00Z
2023-09-07,global_epu,162.084985,daily,authorized_policy_uncertainty_proxy,2026-06-25T05:22:11.584014Z,2023-09-07T23:59:00Z
2023-09-07,china_epu,224.16997,daily,authorized_policy_uncertainty_proxy,2026-06-25T05:22:11.584014Z,2023-09-07T23:59:00Z
2023-09-08,global_epu,100.0,daily,authorized_policy_uncertainty_proxy,2026-06-25T05:22:11.584014Z,2023-09-08T23:59:00Z
2023-09-08,china_epu,100.0,daily,authorized_policy_uncertainty_proxy,2026-06-25T05:22:11.584014Z,2023-09-08T23:59:00Z
2023-09-10,global_epu,154.929996,daily,authorized_policy_uncertainty_proxy,2026-06-25T05:22:11.584014Z,2023-09-10T23:59:00Z
2023-09-10,china_epu,209.859991,daily,authorized_policy_uncertainty_proxy,2026-06-25T05:22:11.584014Z,2023-09-10T23:59:00Z
2023-09-11,global_epu,159.100008,daily,authorized_policy_uncertainty_proxy,2026-06-25T05:22:11.584014Z,2023-09-11T23:59:00Z
2023-09-11,china_epu,218.200016,daily,authorized_policy_uncertainty_proxy,2026-06-25T05:22:11.584014Z,2023-09-11T23:59:00Z
2023-09-12,global_epu,159.317517,daily,authorized_policy_uncertainty_proxy,2026-06-25T05:22:11.584014Z,2023-09-12T23:59:00Z
2023-09-12,china_epu,218.635035,daily,authorized_policy_uncertainty_proxy,2026-06-25T05:22:11.584014Z,2023-09-12T23:59:00Z
2023-09-13,global_epu,157.659984,daily,authorized_policy_uncertainty_proxy,2026-06-25T05:22:11.584014Z,2023-09-13T23:59:00Z
2023-09-13,china_epu,215.319967,daily,authorized_policy_uncertainty_proxy,2026-06-25T05:22:11.584014Z,2023-09-13T23:59:00Z
2023-09-14,global_epu,158.192492,daily,authorized_policy_uncertainty_proxy,2026-06-25T05:22:11.584014Z,2023-09-14T23:59:00Z
2023-09-14,china_epu,216.384983,daily,authorized_policy_uncertainty_proxy,2026-06-25T05:22:11.584014Z,2023-09-14T23:59:00Z
2023-09-15,global_epu,100.0,daily,authorized_policy_uncertainty_proxy,2026-06-25T05:22:11.584014Z,2023-09-15T23:59:00Z
2023-09-15,china_epu,100.0,daily,authorized_policy_uncertainty_proxy,2026-06-25T05:22:11.584014Z,2023-09-15T23:59:00Z
2023-09-17,global_epu,158.042502,daily,authorized_policy_uncertainty_proxy,2026-06-25T05:22:11.584014Z,2023-09-17T23:59:00Z
2023-09-17,china_epu,216.085005,daily,authorized_policy_uncertainty_proxy,2026-06-25T05:22:11.584014Z,2023-09-17T23:59:00Z
2023-09-18,global_epu,159.294987,daily,authorized_policy_uncertainty_proxy,2026-06-25T05:22:11.584014Z,2023-09-18T23:59:00Z
2023-09-18,china_epu,218.589973,daily,authorized_policy_uncertainty_proxy,2026-06-25T05:22:11.584014Z,2023-09-18T23:59:00Z
2023-09-19,global_epu,159.669995,daily,authorized_policy_uncertainty_proxy,2026-06-25T05:22:11.584014Z,2023-09-19T23:59:00Z
2023-09-19,china_epu,219.339991,daily,authorized_policy_uncertainty_proxy,2026-06-25T05:22:11.584014Z,2023-09-19T23:59:00Z
2023-09-20,global_epu,160.125983,daily,authorized_policy_uncertainty_proxy,2026-06-25T05:22:11.584014Z,2023-09-20T23:59:00Z
2023-09-20,china_epu,218.571966,daily,authorized_policy_uncertainty_proxy,2026-06-25T05:22:11.584014Z,2023-09-20T23:59:00Z
2023-09-21,global_epu,181.823497,daily,authorized_policy_uncertainty_proxy,2026-06-25T05:22:11.584014Z,2023-09-21T23:59:00Z
2023-09-21,china_epu,233.166994,daily,authorized_policy_uncertainty_proxy,2026-06-25T05:22:11.584014Z,2023-09-21T23:59:00Z
2023-09-22,global_epu,118.48,daily,authorized_policy_uncertainty_proxy,2026-06-25T05:22:11.584014Z,2023-09-22T23:59:00Z
2023-09-22,china_epu,110.56,daily,authorized_policy_uncertainty_proxy,2026-06-25T05:22:11.584014Z,2023-09-22T23:59:00Z
2023-09-24,global_epu,159.81251,daily,authorized_policy_uncertainty_proxy,2026-06-25T05:22:11.584014Z,2023-09-24T23:59:00Z
2023-09-24,china_epu,219.62502,daily,authorized_policy_uncertainty_proxy,2026-06-25T05:22:11.584014Z,2023-09-24T23:59:00Z
2023-09-25,global_epu,176.702486,daily,authorized_policy_uncertainty_proxy,2026-06-25T05:22:11.584014Z,2023-09-25T23:59:00Z
2023-09-25,china_epu,230.604971,daily,authorized_policy_uncertainty_proxy,2026-06-25T05:22:11.584014Z,2023-09-25T23:59:00Z
2023-09-26,global_epu,193.898495,daily,authorized_policy_uncertainty_proxy,2026-06-25T05:22:11.584014Z,2023-09-26T23:59:00Z
2023-09-26,china_epu,240.516991,daily,authorized_policy_uncertainty_proxy,2026-06-25T05:22:11.584014Z,2023-09-26T23:59:00Z
2023-09-27,global_epu,187.655517,daily,authorized_policy_uncertainty_proxy,2026-06-25T05:22:11.584014Z,2023-09-27T23:59:00Z
2023-09-27,china_epu,236.671034,daily,authorized_policy_uncertainty_proxy,2026-06-25T05:22:11.584014Z,2023-09-27T23:59:00Z
2023-09-28,global_epu,179.648504,daily,authorized_policy_uncertainty_proxy,2026-06-25T05:22:11.584014Z,2023-09-28T23:59:00Z
2023-09-28,china_epu,231.217008,daily,authorized_policy_uncertainty_proxy,2026-06-25T05:22:11.584014Z,2023-09-28T23:59:00Z
2023-09-29,global_epu,121.168,daily,authorized_policy_uncertainty_proxy,2026-06-25T05:22:11.584014Z,2023-09-29T23:59:00Z
2023-09-29,china_epu,112.096,daily,authorized_policy_uncertainty_proxy,2026-06-25T05:22:11.584014Z,2023-09-29T23:59:00Z
2023-10-01,global_epu,149.769998,daily,authorized_policy_uncertainty_proxy,2026-06-25T05:22:11.584014Z,2023-10-01T23:59:00Z
2023-10-01,china_epu,199.539995,daily,authorized_policy_uncertainty_proxy,2026-06-25T05:22:11.584014Z,2023-10-01T23:59:00Z
2023-10-02,global_epu,172.916513,daily,authorized_policy_uncertainty_proxy,2026-06-25T05:22:11.584014Z,2023-10-02T23:59:00Z
2023-10-02,china_epu,214.513025,daily,authorized_policy_uncertainty_proxy,2026-06-25T05:22:11.584014Z,2023-10-02T23:59:00Z
2023-10-03,global_epu,192.224513,daily,authorized_policy_uncertainty_proxy,2026-06-25T05:22:11.584014Z,2023-10-03T23:59:00Z
2023-10-03,china_epu,227.089026,daily,authorized_policy_uncertainty_proxy,2026-06-25T05:22:11.584014Z,2023-10-03T23:59:00Z
2023-10-04,global_epu,182.594516,daily,authorized_policy_uncertainty_proxy,2026-06-25T05:22:11.584014Z,2023-10-04T23:59:00Z
2023-10-04,china_epu,222.229033,daily,authorized_policy_uncertainty_proxy,2026-06-25T05:22:11.584014Z,2023-10-04T23:59:00Z
2023-10-05,global_epu,181.643502,daily,authorized_policy_uncertainty_proxy,2026-06-25T05:22:11.584014Z,2023-10-05T23:59:00Z
2023-10-05,china_epu,221.407004,daily,authorized_policy_uncertainty_proxy,2026-06-25T05:22:11.584014Z,2023-10-05T23:59:00Z
2023-10-06,global_epu,120.58,daily,authorized_policy_uncertainty_proxy,2026-06-25T05:22:11.584014Z,2023-10-06T23:59:00Z
2023-10-06,china_epu,111.76,daily,authorized_policy_uncertainty_proxy,2026-06-25T05:22:11.584014Z,2023-10-06T23:59:00Z
2023-10-08,global_epu,160.037494,daily,authorized_policy_uncertainty_proxy,2026-06-25T05:22:11.584014Z,2023-10-08T23:59:00Z
2023-10-08,china_epu,220.074987,daily,authorized_policy_uncertainty_proxy,2026-06-25T05:22:11.584014Z,2023-10-08T23:59:00Z
2023-10-09,global_epu,181.960002,daily,authorized_policy_uncertainty_proxy,2026-06-25T05:22:11.584014Z,2023-10-09T23:59:00Z
2023-10-09,china_epu,231.520004,daily,authorized_policy_uncertainty_proxy,2026-06-25T05:22:11.584014Z,2023-10-09T23:59:00Z
2023-10-10,global_epu,176.677006,daily,authorized_policy_uncertainty_proxy,2026-06-25T05:22:11.584014Z,2023-10-10T23:59:00Z
2023-10-10,china_epu,228.994011,daily,authorized_policy_uncertainty_proxy,2026-06-25T05:22:11.584014Z,2023-10-10T23:59:00Z
2023-10-11,global_epu,169.058489,daily,authorized_policy_uncertainty_proxy,2026-06-25T05:22:11.584014Z,2023-10-11T23:59:00Z
2023-10-11,china_epu,225.036978,daily,authorized_policy_uncertainty_proxy,2026-06-25T05:22:11.584014Z,2023-10-11T23:59:00Z
2023-10-12,global_epu,174.308488,daily,authorized_policy_uncertainty_proxy,2026-06-25T05:22:11.584014Z,2023-10-12T23:59:00Z
2023-10-12,china_epu,228.336977,daily,authorized_policy_uncertainty_proxy,2026-06-25T05:22:11.584014Z,2023-10-12T23:59:00Z
2023-10-13,global_epu,136.288,daily,authorized_policy_uncertainty_proxy,2026-06-25T05:22:11.584014Z,2023-10-13T23:59:00Z
2023-10-13,china_epu,120.736,daily,authorized_policy_uncertainty_proxy,2026-06-25T05:22:11.584014Z,2023-10-13T23:59:00Z
2023-10-15,global_epu,150.107491,daily,authorized_policy_uncertainty_proxy,2026-06-25T05:22:11.584014Z,2023-10-15T23:59:00Z
2023-10-15,china_epu,200.214982,daily,authorized_policy_uncertainty_proxy,2026-06-25T05:22:11.584014Z,2023-10-15T23:59:00Z
2023-10-16,global_epu,179.261496,daily,authorized_policy_uncertainty_proxy,2026-06-25T05:22:11.584014Z,2023-10-16T23:59:00Z
2023-10-16,china_epu,232.002992,daily,authorized_policy_uncertainty_proxy,2026-06-25T05:22:11.584014Z,2023-10-16T23:59:00Z
2023-10-17,global_epu,185.06949,daily,authorized_policy_uncertainty_proxy,2026-06-25T05:22:11.584014Z,2023-10-17T23:59:00Z
2023-10-17,china_epu,235.57898,daily,authorized_policy_uncertainty_proxy,2026-06-25T05:22:11.584014Z,2023-10-17T23:59:00Z
2023-10-18,global_epu,196.460495,daily,authorized_policy_uncertainty_proxy,2026-06-25T05:22:11.584014Z,2023-10-18T23:59:00Z
2023-10-18,china_epu,242.280989,daily,authorized_policy_uncertainty_proxy,2026-06-25T05:22:11.584014Z,2023-10-18T23:59:00Z
2023-10-19,global_epu,214.600011,daily,authorized_policy_uncertainty_proxy,2026-06-25T05:22:11.584014Z,2023-10-19T23:59:00Z
2023-10-19,china_epu,252.400021,daily,authorized_policy_uncertainty_proxy,2026-06-25T05:22:11.584014Z,2023-10-19T23:59:00Z
2023-10-20,global_epu,156.364,daily,authorized_policy_uncertainty_proxy,2026-06-25T05:22:11.584014Z,2023-10-20T23:59:00Z
2023-10-20,china_epu,132.208,daily,authorized_policy_uncertainty_proxy,2026-06-25T05:22:11.584014Z,2023-10-20T23:59:00Z
2023-10-22,global_epu,161.155009,daily,authorized_policy_uncertainty_proxy,2026-06-25T05:22:11.584014Z,2023-10-22T23:59:00Z
2023-10-22,china_epu,222.310019,daily,authorized_policy_uncertainty_proxy,2026-06-25T05:22:11.584014Z,2023-10-22T23:59:00Z
2023-10-23,global_epu,206.165484,daily,authorized_policy_uncertainty_proxy,2026-06-25T05:22:11.584014Z,2023-10-23T23:59:00Z
2023-10-23,china_epu,247.890968,daily,authorized_policy_uncertainty_proxy,2026-06-25T05:22:11.584014Z,2023-10-23T23:59:00Z
2023-10-24,global_epu,194.023001,daily,authorized_policy_uncertainty_proxy,2026-06-25T05:22:11.584014Z,2023-10-24T23:59:00Z
2023-10-24,china_epu,240.406002,daily,authorized_policy_uncertainty_proxy,2026-06-25T05:22:11.584014Z,2023-10-24T23:59:00Z
2023-10-25,global_epu,204.773504,daily,authorized_policy_uncertainty_proxy,2026-06-25T05:22:11.584014Z,2023-10-25T23:59:00Z
2023-10-25,china_epu,247.267008,daily,authorized_policy_uncertainty_proxy,2026-06-25T05:22:11.584014Z,2023-10-25T23:59:00Z
2023-10-26,global_epu,208.829494,daily,authorized_policy_uncertainty_proxy,2026-06-25T05:22:11.584014Z,2023-10-26T23:59:00Z
2023-10-26,china_epu,249.498988,daily,authorized_policy_uncertainty_proxy,2026-06-25T05:22:11.584014Z,2023-10-26T23:59:00Z
2023-10-27,global_epu,152.668,daily,authorized_policy_uncertainty_proxy,2026-06-25T05:22:11.584014Z,2023-10-27T23:59:00Z
2023-10-27,china_epu,130.096,daily,authorized_policy_uncertainty_proxy,2026-06-25T05:22:11.584014Z,2023-10-27T23:59:00Z
2023-10-30,global_epu,189.302499,daily,authorized_policy_uncertainty_proxy,2026-06-25T05:22:11.584014Z,2023-10-30T23:59:00Z
2023-10-30,china_epu,221.604998,daily,authorized_policy_uncertainty_proxy,2026-06-25T05:22:11.584014Z,2023-10-30T23:59:00Z
2023-10-31,global_epu,187.283495,daily,authorized_policy_uncertainty_proxy,2026-06-25T05:22:11.584014Z,2023-10-31T23:59:00Z
2023-10-31,china_epu,236.88699,daily,authorized_policy_uncertainty_proxy,2026-06-25T05:22:11.584014Z,2023-10-31T23:59:00Z
2023-11-01,global_epu,176.870484,daily,authorized_policy_uncertainty_proxy,2026-06-25T05:22:11.584014Z,2023-11-01T23:59:00Z
2023-11-01,china_epu,231.300967,daily,authorized_policy_uncertainty_proxy,2026-06-25T05:22:11.584014Z,2023-11-01T23:59:00Z
2023-11-02,global_epu,166.736489,daily,authorized_policy_uncertainty_proxy,2026-06-25T05:22:11.584014Z,2023-11-02T23:59:00Z
2023-11-02,china_epu,225.552977,daily,authorized_policy_uncertainty_proxy,2026-06-25T05:22:11.584014Z,2023-11-02T23:59:00Z
2023-11-03,global_epu,161.057484,daily,authorized_policy_uncertainty_proxy,2026-06-25T05:22:11.584014Z,2023-11-03T23:59:00Z
2023-11-03,china_epu,222.114968,daily,authorized_policy_uncertainty_proxy,2026-06-25T05:22:11.584014Z,2023-11-03T23:59:00Z
2023-11-06,global_epu,159.887505,daily,authorized_policy_uncertainty_proxy,2026-06-25T05:22:11.584014Z,2023-11-06T23:59:00Z
2023-11-06,china_epu,219.775009,daily,authorized_policy_uncertainty_proxy,2026-06-25T05:22:11.584014Z,2023-11-06T23:59:00Z
2023-11-07,global_epu,157.644999,daily,authorized_policy_uncertainty_proxy,2026-06-25T05:22:11.584014Z,2023-11-07T23:59:00Z
2023-11-07,china_epu,215.289998,daily,authorized_policy_uncertainty_proxy,2026-06-25T05:22:11.584014Z,2023-11-07T23:59:00Z
2023-11-08,global_epu,158.357501,daily,authorized_policy_uncertainty_proxy,2026-06-25T05:22:11.584014Z,2023-11-08T23:59:00Z
2023-11-08,china_epu,216.715002,daily,authorized_policy_uncertainty_proxy,2026-06-25T05:22:11.584014Z,2023-11-08T23:59:00Z
2023-11-09,global_epu,160.883516,daily,authorized_policy_uncertainty_proxy,2026-06-25T05:22:11.584014Z,2023-11-09T23:59:00Z
2023-11-09,china_epu,218.287032,daily,authorized_policy_uncertainty_proxy,2026-06-25T05:22:11.584014Z,2023-11-09T23:59:00Z
2023-11-10,global_epu,158.6725,daily,authorized_policy_uncertainty_proxy,2026-06-25T05:22:11.584014Z,2023-11-10T23:59:00Z
2023-11-10,china_epu,217.344999,daily,authorized_policy_uncertainty_proxy,2026-06-25T05:22:11.584014Z,2023-11-10T23:59:00Z
2023-11-13,global_epu,151.134992,daily,authorized_policy_uncertainty_proxy,2026-06-25T05:22:11.584014Z,2023-11-13T23:59:00Z
2023-11-13,china_epu,202.269983,daily,authorized_policy_uncertainty_proxy,2026-06-25T05:22:11.584014Z,2023-11-13T23:59:00Z
2023-11-14,global_epu,159.175003,daily,authorized_policy_uncertainty_proxy,2026-06-25T05:22:11.584014Z,2023-11-14T23:59:00Z
2023-11-14,china_epu,218.350005,daily,authorized_policy_uncertainty_proxy,2026-06-25T05:22:11.584014Z,2023-11-14T23:59:00Z
2023-11-15,global_epu,156.407499,daily,authorized_policy_uncertainty_proxy,2026-06-25T05:22:11.584014Z,2023-11-15T23:59:00Z
2023-11-15,china_epu,212.814999,daily,authorized_policy_uncertainty_proxy,2026-06-25T05:22:11.584014Z,2023-11-15T23:59:00Z
2023-11-16,global_epu,155.935001,daily,authorized_policy_uncertainty_proxy,2026-06-25T05:22:11.584014Z,2023-11-16T23:59:00Z
2023-11-16,china_epu,211.870003,daily,authorized_policy_uncertainty_proxy,2026-06-25T05:22:11.584014Z,2023-11-16T23:59:00Z
2023-11-17,global_epu,155.575013,daily,authorized_policy_uncertainty_proxy,2026-06-25T05:22:11.584014Z,2023-11-17T23:59:00Z
2023-11-17,china_epu,211.150026,daily,authorized_policy_uncertainty_proxy,2026-06-25T05:22:11.584014Z,2023-11-17T23:59:00Z
2023-11-20,global_epu,153.227508,daily,authorized_policy_uncertainty_proxy,2026-06-25T05:22:11.584014Z,2023-11-20T23:59:00Z
2023-11-20,china_epu,206.455016,daily,authorized_policy_uncertainty_proxy,2026-06-25T05:22:11.584014Z,2023-11-20T23:59:00Z
2023-11-21,global_epu,150.062501,daily,authorized_policy_uncertainty_proxy,2026-06-25T05:22:11.584014Z,2023-11-21T23:59:00Z
2023-11-21,china_epu,200.125003,daily,authorized_policy_uncertainty_proxy,2026-06-25T05:22:11.584014Z,2023-11-21T23:59:00Z
2023-11-22,global_epu,144.017518,daily,authorized_policy_uncertainty_proxy,2026-06-25T05:22:11.584014Z,2023-11-22T23:59:00Z
2023-11-22,china_epu,188.035035,daily,authorized_policy_uncertainty_proxy,2026-06-25T05:22:11.584014Z,2023-11-22T23:59:00Z
2023-11-23,global_epu,149.065006,daily,authorized_policy_uncertainty_proxy,2026-06-25T05:22:11.584014Z,2023-11-23T23:59:00Z
2023-11-23,china_epu,198.130012,daily,authorized_policy_uncertainty_proxy,2026-06-25T05:22:11.584014Z,2023-11-23T23:59:00Z
2023-11-24,global_epu,143.935013,daily,authorized_policy_uncertainty_proxy,2026-06-25T05:22:11.584014Z,2023-11-24T23:59:00Z
2023-11-24,china_epu,187.870026,daily,authorized_policy_uncertainty_proxy,2026-06-25T05:22:11.584014Z,2023-11-24T23:59:00Z
2023-11-27,global_epu,143.642509,daily,authorized_policy_uncertainty_proxy,2026-06-25T05:22:11.584014Z,2023-11-27T23:59:00Z
2023-11-27,china_epu,187.285018,daily,authorized_policy_uncertainty_proxy,2026-06-25T05:22:11.584014Z,2023-11-27T23:59:00Z
2023-11-28,global_epu,147.272503,daily,authorized_policy_uncertainty_proxy,2026-06-25T05:22:11.584014Z,2023-11-28T23:59:00Z
2023-11-28,china_epu,194.545007,daily,authorized_policy_uncertainty_proxy,2026-06-25T05:22:11.584014Z,2023-11-28T23:59:00Z
2023-11-29,global_epu,142.284989,daily,authorized_policy_uncertainty_proxy,2026-06-25T05:22:11.584014Z,2023-11-29T23:59:00Z
2023-11-29,china_epu,184.569979,daily,authorized_policy_uncertainty_proxy,2026-06-25T05:22:11.584014Z,2023-11-29T23:59:00Z
2023-11-30,global_epu,143.41749,daily,authorized_policy_uncertainty_proxy,2026-06-25T05:22:11.584014Z,2023-11-30T23:59:00Z
2023-11-30,china_epu,186.834979,daily,authorized_policy_uncertainty_proxy,2026-06-25T05:22:11.584014Z,2023-11-30T23:59:00Z
2023-12-01,global_epu,143.154991,daily,authorized_policy_uncertainty_proxy,2026-06-25T05:22:11.584014Z,2023-12-01T23:59:00Z
2023-12-01,china_epu,186.309981,daily,authorized_policy_uncertainty_proxy,2026-06-25T05:22:11.584014Z,2023-12-01T23:59:00Z
2023-12-04,global_epu,142.135,daily,authorized_policy_uncertainty_proxy,2026-06-25T05:22:11.584014Z,2023-12-04T23:59:00Z
2023-12-04,china_epu,184.27,daily,authorized_policy_uncertainty_proxy,2026-06-25T05:22:11.584014Z,2023-12-04T23:59:00Z
2023-12-05,global_epu,147.640002,daily,authorized_policy_uncertainty_proxy,2026-06-25T05:22:11.584014Z,2023-12-05T23:59:00Z
2023-12-05,china_epu,195.280004,daily,authorized_policy_uncertainty_proxy,2026-06-25T05:22:11.584014Z,2023-12-05T23:59:00Z
2023-12-06,global_epu,148.419988,daily,authorized_policy_uncertainty_proxy,2026-06-25T05:22:11.584014Z,2023-12-06T23:59:00Z
2023-12-06,china_epu,196.839976,daily,authorized_policy_uncertainty_proxy,2026-06-25T05:22:11.584014Z,2023-12-06T23:59:00Z
2023-12-07,global_epu,148.344994,daily,authorized_policy_uncertainty_proxy,2026-06-25T05:22:11.584014Z,2023-12-07T23:59:00Z
2023-12-07,china_epu,196.689987,daily,authorized_policy_uncertainty_proxy,2026-06-25T05:22:11.584014Z,2023-12-07T23:59:00Z
2023-12-08,global_epu,148.659992,daily,authorized_policy_uncertainty_proxy,2026-06-25T05:22:11.584014Z,2023-12-08T23:59:00Z
2023-12-08,china_epu,197.319984,daily,authorized_policy_uncertainty_proxy,2026-06-25T05:22:11.584014Z,2023-12-08T23:59:00Z
2023-12-11,global_epu,146.994984,daily,authorized_policy_uncertainty_proxy,2026-06-25T05:22:11.584014Z,2023-12-11T23:59:00Z
2023-12-11,china_epu,193.989968,daily,authorized_policy_uncertainty_proxy,2026-06-25T05:22:11.584014Z,2023-12-11T23:59:00Z
2023-12-12,global_epu,150.565004,daily,authorized_policy_uncertainty_proxy,2026-06-25T05:22:11.584014Z,2023-12-12T23:59:00Z
2023-12-12,china_epu,201.130009,daily,authorized_policy_uncertainty_proxy,2026-06-25T05:22:11.584014Z,2023-12-12T23:59:00Z
2023-12-13,global_epu,150.700009,daily,authorized_policy_uncertainty_proxy,2026-06-25T05:22:11.584014Z,2023-12-13T23:59:00Z
2023-12-13,china_epu,201.400018,daily,authorized_policy_uncertainty_proxy,2026-06-25T05:22:11.584014Z,2023-12-13T23:59:00Z
2023-12-14,global_epu,150.3775,daily,authorized_policy_uncertainty_proxy,2026-06-25T05:22:11.584014Z,2023-12-14T23:59:00Z
2023-12-14,china_epu,200.755,daily,authorized_policy_uncertainty_proxy,2026-06-25T05:22:11.584014Z,2023-12-14T23:59:00Z
2023-12-15,global_epu,142.524993,daily,authorized_policy_uncertainty_proxy,2026-06-25T05:22:11.584014Z,2023-12-15T23:59:00Z
2023-12-15,china_epu,185.049987,daily,authorized_policy_uncertainty_proxy,2026-06-25T05:22:11.584014Z,2023-12-15T23:59:00Z
2023-12-18,global_epu,142.787492,daily,authorized_policy_uncertainty_proxy,2026-06-25T05:22:11.584014Z,2023-12-18T23:59:00Z
2023-12-18,china_epu,185.574985,daily,authorized_policy_uncertainty_proxy,2026-06-25T05:22:11.584014Z,2023-12-18T23:59:00Z
2023-12-19,global_epu,147.399998,daily,authorized_policy_uncertainty_proxy,2026-06-25T05:22:11.584014Z,2023-12-19T23:59:00Z
2023-12-19,china_epu,194.799995,daily,authorized_policy_uncertainty_proxy,2026-06-25T05:22:11.584014Z,2023-12-19T23:59:00Z
2023-12-20,global_epu,142.569983,daily,authorized_policy_uncertainty_proxy,2026-06-25T05:22:11.584014Z,2023-12-20T23:59:00Z
2023-12-20,china_epu,185.139966,daily,authorized_policy_uncertainty_proxy,2026-06-25T05:22:11.584014Z,2023-12-20T23:59:00Z
2023-12-21,global_epu,147.557497,daily,authorized_policy_uncertainty_proxy,2026-06-25T05:22:11.584014Z,2023-12-21T23:59:00Z
2023-12-21,china_epu,195.114994,daily,authorized_policy_uncertainty_proxy,2026-06-25T05:22:11.584014Z,2023-12-21T23:59:00Z
2023-12-22,global_epu,147.887516,daily,authorized_policy_uncertainty_proxy,2026-06-25T05:22:11.584014Z,2023-12-22T23:59:00Z
2023-12-22,china_epu,195.775032,daily,authorized_policy_uncertainty_proxy,2026-06-25T05:22:11.584014Z,2023-12-22T23:59:00Z
2023-12-25,global_epu,143.747509,daily,authorized_policy_uncertainty_proxy,2026-06-25T05:22:11.584014Z,2023-12-25T23:59:00Z
2023-12-25,china_epu,187.495017,daily,authorized_policy_uncertainty_proxy,2026-06-25T05:22:11.584014Z,2023-12-25T23:59:00Z
2023-12-26,global_epu,147.662497,daily,authorized_policy_uncertainty_proxy,2026-06-25T05:22:11.584014Z,2023-12-26T23:59:00Z
2023-12-26,china_epu,195.324993,daily,authorized_policy_uncertainty_proxy,2026-06-25T05:22:11.584014Z,2023-12-26T23:59:00Z
2023-12-27,global_epu,148.179984,daily,authorized_policy_uncertainty_proxy,2026-06-25T05:22:11.584014Z,2023-12-27T23:59:00Z
2023-12-27,china_epu,196.359968,daily,authorized_policy_uncertainty_proxy,2026-06-25T05:22:11.584014Z,2023-12-27T23:59:00Z
2023-12-28,global_epu,148.01501,daily,authorized_policy_uncertainty_proxy,2026-06-25T05:22:11.584014Z,2023-12-28T23:59:00Z
2023-12-28,china_epu,196.030021,daily,authorized_policy_uncertainty_proxy,2026-06-25T05:22:11.584014Z,2023-12-28T23:59:00Z
2023-12-29,global_epu,145.524991,daily,authorized_policy_uncertainty_proxy,2026-06-25T05:22:11.584014Z,2023-12-29T23:59:00Z
2023-12-29,china_epu,191.049981,daily,authorized_policy_uncertainty_proxy,2026-06-25T05:22:11.584014Z,2023-12-29T23:59:00Z
2024-01-01,global_epu,142.645013,daily,authorized_policy_uncertainty_proxy,2026-06-25T05:22:11.584014Z,2024-01-01T23:59:00Z
2024-01-01,china_epu,185.290027,daily,authorized_policy_uncertainty_proxy,2026-06-25T05:22:11.584014Z,2024-01-01T23:59:00Z
2024-01-02,global_epu,142.645013,daily,authorized_policy_uncertainty_proxy,2026-06-25T05:22:11.584014Z,2024-01-02T23:59:00Z
2024-01-02,china_epu,185.290027,daily,authorized_policy_uncertainty_proxy,2026-06-25T05:22:11.584014Z,2024-01-02T23:59:00Z
2024-01-03,global_epu,144.220006,daily,authorized_policy_uncertainty_proxy,2026-06-25T05:22:11.584014Z,2024-01-03T23:59:00Z
2024-01-03,china_epu,188.440013,daily,authorized_policy_uncertainty_proxy,2026-06-25T05:22:11.584014Z,2024-01-03T23:59:00Z
2024-01-04,global_epu,144.917488,daily,authorized_policy_uncertainty_proxy,2026-06-25T05:22:11.584014Z,2024-01-04T23:59:00Z
2024-01-04,china_epu,189.834976,daily,authorized_policy_uncertainty_proxy,2026-06-25T05:22:11.584014Z,2024-01-04T23:59:00Z
2024-01-05,global_epu,145.75001,daily,authorized_policy_uncertainty_proxy,2026-06-25T05:22:11.584014Z,2024-01-05T23:59:00Z
2024-01-05,china_epu,191.50002,daily,authorized_policy_uncertainty_proxy,2026-06-25T05:22:11.584014Z,2024-01-05T23:59:00Z
2024-01-08,global_epu,144.437516,daily,authorized_policy_uncertainty_proxy,2026-06-25T05:22:11.584014Z,2024-01-08T23:59:00Z
2024-01-08,china_epu,188.875031,daily,authorized_policy_uncertainty_proxy,2026-06-25T05:22:11.584014Z,2024-01-08T23:59:00Z
2024-01-09,global_epu,144.250011,daily,authorized_policy_uncertainty_proxy,2026-06-25T05:22:11.584014Z,2024-01-09T23:59:00Z
2024-01-09,china_epu,188.500023,daily,authorized_policy_uncertainty_proxy,2026-06-25T05:22:11.584014Z,2024-01-09T23:59:00Z
2024-01-10,global_epu,145.120013,daily,authorized_policy_uncertainty_proxy,2026-06-25T05:22:11.584014Z,2024-01-10T23:59:00Z
2024-01-10,china_epu,190.240026,daily,authorized_policy_uncertainty_proxy,2026-06-25T05:22:11.584014Z,2024-01-10T23:59:00Z
2024-01-11,global_epu,150.280011,daily,authorized_policy_uncertainty_proxy,2026-06-25T05:22:11.584014Z,2024-01-11T23:59:00Z
2024-01-11,china_epu,200.560021,daily,authorized_policy_uncertainty_proxy,2026-06-25T05:22:11.584014Z,2024-01-11T23:59:00Z
2024-01-12,global_epu,145.232487,daily,authorized_policy_uncertainty_proxy,2026-06-25T05:22:11.584014Z,2024-01-12T23:59:00Z
2024-01-12,china_epu,190.464973,daily,authorized_policy_uncertainty_proxy,2026-06-25T05:22:11.584014Z,2024-01-12T23:59:00Z
2024-01-15,global_epu,145.044982,daily,authorized_policy_uncertainty_proxy,2026-06-25T05:22:11.584014Z,2024-01-15T23:59:00Z
2024-01-15,china_epu,190.089965,daily,authorized_policy_uncertainty_proxy,2026-06-25T05:22:11.584014Z,2024-01-15T23:59:00Z
2024-01-16,global_epu,144.775009,daily,authorized_policy_uncertainty_proxy,2026-06-25T05:22:11.584014Z,2024-01-16T23:59:00Z
2024-01-16,china_epu,189.550018,daily,authorized_policy_uncertainty_proxy,2026-06-25T05:22:11.584014Z,2024-01-16T23:59:00Z
2024-01-17,global_epu,146.237493,daily,authorized_policy_uncertainty_proxy,2026-06-25T05:22:11.584014Z,2024-01-17T23:59:00Z
2024-01-17,china_epu,192.474985,daily,authorized_policy_uncertainty_proxy,2026-06-25T05:22:11.584014Z,2024-01-17T23:59:00Z
2024-01-18,global_epu,146.087503,daily,authorized_policy_uncertainty_proxy,2026-06-25T05:22:11.584014Z,2024-01-18T23:59:00Z
2024-01-18,china_epu,192.175007,daily,authorized_policy_uncertainty_proxy,2026-06-25T05:22:11.584014Z,2024-01-18T23:59:00Z
2024-01-19,global_epu,146.124983,daily,authorized_policy_uncertainty_proxy,2026-06-25T05:22:11.584014Z,2024-01-19T23:59:00Z
2024-01-19,china_epu,192.249966,daily,authorized_policy_uncertainty_proxy,2026-06-25T05:22:11.584014Z,2024-01-19T23:59:00Z
2024-01-22,global_epu,145.532501,daily,authorized_policy_uncertainty_proxy,2026-06-25T05:22:11.584014Z,2024-01-22T23:59:00Z
2024-01-22,china_epu,191.065001,daily,authorized_policy_uncertainty_proxy,2026-06-25T05:22:11.584014Z,2024-01-22T23:59:00Z
2024-01-23,global_epu,151.952493,daily,authorized_policy_uncertainty_proxy,2026-06-25T05:22:11.584014Z,2024-01-23T23:59:00Z
2024-01-23,china_epu,203.904986,daily,authorized_policy_uncertainty_proxy,2026-06-25T05:22:11.584014Z,2024-01-23T23:59:00Z
2024-01-24,global_epu,143.32,daily,authorized_policy_uncertainty_proxy,2026-06-25T05:22:11.584014Z,2024-01-24T23:59:00Z
2024-01-24,china_epu,186.64,daily,authorized_policy_uncertainty_proxy,2026-06-25T05:22:11.584014Z,2024-01-24T23:59:00Z
2024-01-25,global_epu,143.649983,daily,authorized_policy_uncertainty_proxy,2026-06-25T05:22:11.584014Z,2024-01-25T23:59:00Z
2024-01-25,china_epu,187.299967,daily,authorized_policy_uncertainty_proxy,2026-06-25T05:22:11.584014Z,2024-01-25T23:59:00Z
2024-01-26,global_epu,143.582499,daily,authorized_policy_uncertainty_proxy,2026-06-25T05:22:11.584014Z,2024-01-26T23:59:00Z
2024-01-26,china_epu,187.164998,daily,authorized_policy_uncertainty_proxy,2026-06-25T05:22:11.584014Z,2024-01-26T23:59:00Z
2024-01-29,global_epu,143.994987,daily,authorized_policy_uncertainty_proxy,2026-06-25T05:22:11.584014Z,2024-01-29T23:59:00Z
2024-01-29,china_epu,187.989974,daily,authorized_policy_uncertainty_proxy,2026-06-25T05:22:11.584014Z,2024-01-29T23:59:00Z
2024-01-30,global_epu,143.837488,daily,authorized_policy_uncertainty_proxy,2026-06-25T05:22:11.584014Z,2024-01-30T23:59:00Z
2024-01-30,china_epu,187.674975,daily,authorized_policy_uncertainty_proxy,2026-06-25T05:22:11.584014Z,2024-01-30T23:59:00Z
2024-01-31,global_epu,144.5575,daily,authorized_policy_uncertainty_proxy,2026-06-25T05:22:11.584014Z,2024-01-31T23:59:00Z
2024-01-31,china_epu,189.115,daily,authorized_policy_uncertainty_proxy,2026-06-25T05:22:11.584014Z,2024-01-31T23:59:00Z
2024-02-01,global_epu,145.052493,daily,authorized_policy_uncertainty_proxy,2026-06-25T05:22:11.584014Z,2024-02-01T23:59:00Z
2024-02-01,china_epu,190.104985,daily,authorized_policy_uncertainty_proxy,2026-06-25T05:22:11.584014Z,2024-02-01T23:59:00Z
2024-02-02,global_epu,144.137502,daily,authorized_policy_uncertainty_proxy,2026-06-25T05:22:11.584014Z,2024-02-02T23:59:00Z
2024-02-02,china_epu,188.275003,daily,authorized_policy_uncertainty_proxy,2026-06-25T05:22:11.584014Z,2024-02-02T23:59:00Z
2024-02-05,global_epu,145.944989,daily,authorized_policy_uncertainty_proxy,2026-06-25T05:22:11.584014Z,2024-02-05T23:59:00Z
2024-02-05,china_epu,191.889977,daily,authorized_policy_uncertainty_proxy,2026-06-25T05:22:11.584014Z,2024-02-05T23:59:00Z
2024-02-06,global_epu,145.6375,daily,authorized_policy_uncertainty_proxy,2026-06-25T05:22:11.584014Z,2024-02-06T23:59:00Z
2024-02-06,china_epu,191.275001,daily,authorized_policy_uncertainty_proxy,2026-06-25T05:22:11.584014Z,2024-02-06T23:59:00Z
2024-02-07,global_epu,145.007503,daily,authorized_policy_uncertainty_proxy,2026-06-25T05:22:11.584014Z,2024-02-07T23:59:00Z
2024-02-07,china_epu,190.015006,daily,authorized_policy_uncertainty_proxy,2026-06-25T05:22:11.584014Z,2024-02-07T23:59:00Z
2024-02-08,global_epu,145.082498,daily,authorized_policy_uncertainty_proxy,2026-06-25T05:22:11.584014Z,2024-02-08T23:59:00Z
2024-02-08,china_epu,190.164995,daily,authorized_policy_uncertainty_proxy,2026-06-25T05:22:11.584014Z,2024-02-08T23:59:00Z
2024-02-09,global_epu,145.524991,daily,authorized_policy_uncertainty_proxy,2026-06-25T05:22:11.584014Z,2024-02-09T23:59:00Z
2024-02-09,china_epu,191.049981,daily,authorized_policy_uncertainty_proxy,2026-06-25T05:22:11.584014Z,2024-02-09T23:59:00Z
2024-02-12,global_epu,150.924993,daily,authorized_policy_uncertainty_proxy,2026-06-25T05:22:11.584014Z,2024-02-12T23:59:00Z
2024-02-12,china_epu,201.849985,daily,authorized_policy_uncertainty_proxy,2026-06-25T05:22:11.584014Z,2024-02-12T23:59:00Z
2024-02-13,global_epu,159.055014,daily,authorized_policy_uncertainty_proxy,2026-06-25T05:22:11.584014Z,2024-02-13T23:59:00Z
2024-02-13,china_epu,207.910028,daily,authorized_policy_uncertainty_proxy,2026-06-25T05:22:11.584014Z,2024-02-13T23:59:00Z
2024-02-14,global_epu,151.652515,daily,authorized_policy_uncertainty_proxy,2026-06-25T05:22:11.584014Z,2024-02-14T23:59:00Z
2024-02-14,china_epu,203.30503,daily,authorized_policy_uncertainty_proxy,2026-06-25T05:22:11.584014Z,2024-02-14T23:59:00Z
2024-02-15,global_epu,150.692499,daily,authorized_policy_uncertainty_proxy,2026-06-25T05:22:11.584014Z,2024-02-15T23:59:00Z
2024-02-15,china_epu,201.384997,daily,authorized_policy_uncertainty_proxy,2026-06-25T05:22:11.584014Z,2024-02-15T23:59:00Z
2024-02-16,global_epu,149.792492,daily,authorized_policy_uncertainty_proxy,2026-06-25T05:22:11.584014Z,2024-02-16T23:59:00Z
2024-02-16,china_epu,199.584985,daily,authorized_policy_uncertainty_proxy,2026-06-25T05:22:11.584014Z,2024-02-16T23:59:00Z
2024-02-19,global_epu,146.394992,daily,authorized_policy_uncertainty_proxy,2026-06-25T05:22:11.584014Z,2024-02-19T23:59:00Z
2024-02-19,china_epu,192.789984,daily,authorized_policy_uncertainty_proxy,2026-06-25T05:22:11.584014Z,2024-02-19T23:59:00Z
2024-02-20,global_epu,155.817987,daily,authorized_policy_uncertainty_proxy,2026-06-25T05:22:11.584014Z,2024-02-20T23:59:00Z
2024-02-20,china_epu,206.595973,daily,authorized_policy_uncertainty_proxy,2026-06-25T05:22:11.584014Z,2024-02-20T23:59:00Z
2024-02-21,global_epu,154.583509,daily,authorized_policy_uncertainty_proxy,2026-06-25T05:22:11.584014Z,2024-02-21T23:59:00Z
2024-02-21,china_epu,205.087019,daily,authorized_policy_uncertainty_proxy,2026-06-25T05:22:11.584014Z,2024-02-21T23:59:00Z
2024-02-22,global_epu,151.60749,daily,authorized_policy_uncertainty_proxy,2026-06-25T05:22:11.584014Z,2024-02-22T23:59:00Z
2024-02-22,china_epu,203.214979,daily,authorized_policy_uncertainty_proxy,2026-06-25T05:22:11.584014Z,2024-02-22T23:59:00Z
2024-02-23,global_epu,151.997483,daily,authorized_policy_uncertainty_proxy,2026-06-25T05:22:11.584014Z,2024-02-23T23:59:00Z
2024-02-23,china_epu,203.994966,daily,authorized_policy_uncertainty_proxy,2026-06-25T05:22:11.584014Z,2024-02-23T23:59:00Z
2024-02-26,global_epu,152.079988,daily,authorized_policy_uncertainty_proxy,2026-06-25T05:22:11.584014Z,2024-02-26T23:59:00Z
2024-02-26,china_epu,204.159975,daily,authorized_policy_uncertainty_proxy,2026-06-25T05:22:11.584014Z,2024-02-26T23:59:00Z
2024-02-27,global_epu,152.222502,daily,authorized_policy_uncertainty_proxy,2026-06-25T05:22:11.584014Z,2024-02-27T23:59:00Z
2024-02-27,china_epu,204.445004,daily,authorized_policy_uncertainty_proxy,2026-06-25T05:22:11.584014Z,2024-02-27T23:59:00Z
2024-02-28,global_epu,152.305007,daily,authorized_policy_uncertainty_proxy,2026-06-25T05:22:11.584014Z,2024-02-28T23:59:00Z
2024-02-28,china_epu,204.610014,daily,authorized_policy_uncertainty_proxy,2026-06-25T05:22:11.584014Z,2024-02-28T23:59:00Z
2024-02-29,global_epu,152.200007,daily,authorized_policy_uncertainty_proxy,2026-06-25T05:22:11.584014Z,2024-02-29T23:59:00Z
2024-02-29,china_epu,204.400015,daily,authorized_policy_uncertainty_proxy,2026-06-25T05:22:11.584014Z,2024-02-29T23:59:00Z
2024-03-01,global_epu,151.540005,daily,authorized_policy_uncertainty_proxy,2026-06-25T05:22:11.584014Z,2024-03-01T23:59:00Z
2024-03-01,china_epu,203.08001,daily,authorized_policy_uncertainty_proxy,2026-06-25T05:22:11.584014Z,2024-03-01T23:59:00Z
2024-03-04,global_epu,152.184987,daily,authorized_policy_uncertainty_proxy,2026-06-25T05:22:11.584014Z,2024-03-04T23:59:00Z
2024-03-04,china_epu,204.369974,daily,authorized_policy_uncertainty_proxy,2026-06-25T05:22:11.584014Z,2024-03-04T23:59:00Z
2024-03-05,global_epu,152.417517,daily,authorized_policy_uncertainty_proxy,2026-06-25T05:22:11.584014Z,2024-03-05T23:59:00Z
2024-03-05,china_epu,204.835033,daily,authorized_policy_uncertainty_proxy,2026-06-25T05:22:11.584014Z,2024-03-05T23:59:00Z
2024-03-06,global_epu,152.200007,daily,authorized_policy_uncertainty_proxy,2026-06-25T05:22:11.584014Z,2024-03-06T23:59:00Z
2024-03-06,china_epu,204.400015,daily,authorized_policy_uncertainty_proxy,2026-06-25T05:22:11.584014Z,2024-03-06T23:59:00Z
2024-03-07,global_epu,152.192497,daily,authorized_policy_uncertainty_proxy,2026-06-25T05:22:11.584014Z,2024-03-07T23:59:00Z
2024-03-07,china_epu,204.384995,daily,authorized_policy_uncertainty_proxy,2026-06-25T05:22:11.584014Z,2024-03-07T23:59:00Z
2024-03-08,global_epu,151.922488,daily,authorized_policy_uncertainty_proxy,2026-06-25T05:22:11.584014Z,2024-03-08T23:59:00Z
2024-03-08,china_epu,203.844976,daily,authorized_policy_uncertainty_proxy,2026-06-25T05:22:11.584014Z,2024-03-08T23:59:00Z
2024-03-11,global_epu,153.238016,daily,authorized_policy_uncertainty_proxy,2026-06-25T05:22:11.584014Z,2024-03-11T23:59:00Z
2024-03-11,china_epu,203.836032,daily,authorized_policy_uncertainty_proxy,2026-06-25T05:22:11.584014Z,2024-03-11T23:59:00Z
2024-03-12,global_epu,151.285017,daily,authorized_policy_uncertainty_proxy,2026-06-25T05:22:11.584014Z,2024-03-12T23:59:00Z
2024-03-12,china_epu,202.570033,daily,authorized_policy_uncertainty_proxy,2026-06-25T05:22:11.584014Z,2024-03-12T23:59:00Z
2024-03-13,global_epu,151.075017,daily,authorized_policy_uncertainty_proxy,2026-06-25T05:22:11.584014Z,2024-03-13T23:59:00Z
2024-03-13,china_epu,202.150035,daily,authorized_policy_uncertainty_proxy,2026-06-25T05:22:11.584014Z,2024-03-13T23:59:00Z
2024-03-14,global_epu,151.495016,daily,authorized_policy_uncertainty_proxy,2026-06-25T05:22:11.584014Z,2024-03-14T23:59:00Z
2024-03-14,china_epu,202.990031,daily,authorized_policy_uncertainty_proxy,2026-06-25T05:22:11.584014Z,2024-03-14T23:59:00Z
2024-03-15,global_epu,151.915014,daily,authorized_policy_uncertainty_proxy,2026-06-25T05:22:11.584014Z,2024-03-15T23:59:00Z
2024-03-15,china_epu,203.830028,daily,authorized_policy_uncertainty_proxy,2026-06-25T05:22:11.584014Z,2024-03-15T23:59:00Z
2024-03-18,global_epu,152.125013,daily,authorized_policy_uncertainty_proxy,2026-06-25T05:22:11.584014Z,2024-03-18T23:59:00Z
2024-03-18,china_epu,204.250026,daily,authorized_policy_uncertainty_proxy,2026-06-25T05:22:11.584014Z,2024-03-18T23:59:00Z
2024-03-19,global_epu,152.289987,daily,authorized_policy_uncertainty_proxy,2026-06-25T05:22:11.584014Z,2024-03-19T23:59:00Z
2024-03-19,china_epu,204.579973,daily,authorized_policy_uncertainty_proxy,2026-06-25T05:22:11.584014Z,2024-03-19T23:59:00Z
2024-03-20,global_epu,152.349997,daily,authorized_policy_uncertainty_proxy,2026-06-25T05:22:11.584014Z,2024-03-20T23:59:00Z
2024-03-20,china_epu,204.699993,daily,authorized_policy_uncertainty_proxy,2026-06-25T05:22:11.584014Z,2024-03-20T23:59:00Z
2024-03-21,global_epu,152.319992,daily,authorized_policy_uncertainty_proxy,2026-06-25T05:22:11.584014Z,2024-03-21T23:59:00Z
2024-03-21,china_epu,204.639983,daily,authorized_policy_uncertainty_proxy,2026-06-25T05:22:11.584014Z,2024-03-21T23:59:00Z
2024-03-22,global_epu,152.365017,daily,authorized_policy_uncertainty_proxy,2026-06-25T05:22:11.584014Z,2024-03-22T23:59:00Z
2024-03-22,china_epu,204.730034,daily,authorized_policy_uncertainty_proxy,2026-06-25T05:22:11.584014Z,2024-03-22T23:59:00Z
2024-03-25,global_epu,154.607487,daily,authorized_policy_uncertainty_proxy,2026-06-25T05:22:11.584014Z,2024-03-25T23:59:00Z
2024-03-25,china_epu,209.214973,daily,authorized_policy_uncertainty_proxy,2026-06-25T05:22:11.584014Z,2024-03-25T23:59:00Z
2024-03-26,global_epu,153.129983,daily,authorized_policy_uncertainty_proxy,2026-06-25T05:22:11.584014Z,2024-03-26T23:59:00Z
2024-03-26,china_epu,206.259966,daily,authorized_policy_uncertainty_proxy,2026-06-25T05:22:11.584014Z,2024-03-26T23:59:00Z
2024-03-27,global_epu,153.8275,daily,authorized_policy_uncertainty_proxy,2026-06-25T05:22:11.584014Z,2024-03-27T23:59:00Z
2024-03-27,china_epu,207.655001,daily,authorized_policy_uncertainty_proxy,2026-06-25T05:22:11.584014Z,2024-03-27T23:59:00Z
2024-03-28,global_epu,154.435003,daily,authorized_policy_uncertainty_proxy,2026-06-25T05:22:11.584014Z,2024-03-28T23:59:00Z
2024-03-28,china_epu,208.870006,daily,authorized_policy_uncertainty_proxy,2026-06-25T05:22:11.584014Z,2024-03-28T23:59:00Z
2024-03-29,global_epu,154.487503,daily,authorized_policy_uncertainty_proxy,2026-06-25T05:22:11.584014Z,2024-03-29T23:59:00Z
2024-03-29,china_epu,208.975005,daily,authorized_policy_uncertainty_proxy,2026-06-25T05:22:11.584014Z,2024-03-29T23:59:00Z
2024-03-31,global_epu,154.022515,daily,authorized_policy_uncertainty_proxy,2026-06-25T05:22:11.584014Z,2024-03-31T23:59:00Z
2024-03-31,china_epu,208.04503,daily,authorized_policy_uncertainty_proxy,2026-06-25T05:22:11.584014Z,2024-03-31T23:59:00Z
2024-04-01,global_epu,154.727507,daily,authorized_policy_uncertainty_proxy,2026-06-25T05:22:11.584014Z,2024-04-01T23:59:00Z
2024-04-01,china_epu,209.455013,daily,authorized_policy_uncertainty_proxy,2026-06-25T05:22:11.584014Z,2024-04-01T23:59:00Z
2024-04-02,global_epu,154.929996,daily,authorized_policy_uncertainty_proxy,2026-06-25T05:22:11.584014Z,2024-04-02T23:59:00Z
2024-04-02,china_epu,209.859991,daily,authorized_policy_uncertainty_proxy,2026-06-25T05:22:11.584014Z,2024-04-02T23:59:00Z
2024-04-03,global_epu,155.079985,daily,authorized_policy_uncertainty_proxy,2026-06-25T05:22:11.584014Z,2024-04-03T23:59:00Z
2024-04-03,china_epu,210.159969,daily,authorized_policy_uncertainty_proxy,2026-06-25T05:22:11.584014Z,2024-04-03T23:59:00Z
2024-04-04,global_epu,166.382505,daily,authorized_policy_uncertainty_proxy,2026-06-25T05:22:11.584014Z,2024-04-04T23:59:00Z
2024-04-04,china_epu,216.565011,daily,authorized_policy_uncertainty_proxy,2026-06-25T05:22:11.584014Z,2024-04-04T23:59:00Z
2024-04-05,global_epu,108.652,daily,authorized_policy_uncertainty_proxy,2026-06-25T05:22:11.584014Z,2024-04-05T23:59:00Z
2024-04-05,china_epu,104.944,daily,authorized_policy_uncertainty_proxy,2026-06-25T05:22:11.584014Z,2024-04-05T23:59:00Z
2024-04-07,global_epu,154.855001,daily,authorized_policy_uncertainty_proxy,2026-06-25T05:22:11.584014Z,2024-04-07T23:59:00Z
2024-04-07,china_epu,209.710002,daily,authorized_policy_uncertainty_proxy,2026-06-25T05:22:11.584014Z,2024-04-07T23:59:00Z
2024-04-08,global_epu,156.323507,daily,authorized_policy_uncertainty_proxy,2026-06-25T05:22:11.584014Z,2024-04-08T23:59:00Z
2024-04-08,china_epu,210.367013,daily,authorized_policy_uncertainty_proxy,2026-06-25T05:22:11.584014Z,2024-04-08T23:59:00Z
2024-04-09,global_epu,154.802501,daily,authorized_policy_uncertainty_proxy,2026-06-25T05:22:11.584014Z,2024-04-09T23:59:00Z
2024-04-09,china_epu,209.605002,daily,authorized_policy_uncertainty_proxy,2026-06-25T05:22:11.584014Z,2024-04-09T23:59:00Z
2024-04-10,global_epu,161.582511,daily,authorized_policy_uncertainty_proxy,2026-06-25T05:22:11.584014Z,2024-04-10T23:59:00Z
2024-04-10,china_epu,213.565022,daily,authorized_policy_uncertainty_proxy,2026-06-25T05:22:11.584014Z,2024-04-10T23:59:00Z
2024-04-11,global_epu,155.192494,daily,authorized_policy_uncertainty_proxy,2026-06-25T05:22:11.584014Z,2024-04-11T23:59:00Z
2024-04-11,china_epu,210.384989,daily,authorized_policy_uncertainty_proxy,2026-06-25T05:22:11.584014Z,2024-04-11T23:59:00Z
2024-04-12,global_epu,119.404,daily,authorized_policy_uncertainty_proxy,2026-06-25T05:22:11.584014Z,2024-04-12T23:59:00Z
2024-04-12,china_epu,111.088,daily,authorized_policy_uncertainty_proxy,2026-06-25T05:22:11.584014Z,2024-04-12T23:59:00Z
2024-04-14,global_epu,155.17,daily,authorized_policy_uncertainty_proxy,2026-06-25T05:22:11.584014Z,2024-04-14T23:59:00Z
2024-04-14,china_epu,210.339999,daily,authorized_policy_uncertainty_proxy,2026-06-25T05:22:11.584014Z,2024-04-14T23:59:00Z
2024-04-15,global_epu,190.806999,daily,authorized_policy_uncertainty_proxy,2026-06-25T05:22:11.584014Z,2024-04-15T23:59:00Z
2024-04-15,china_epu,230.853998,daily,authorized_policy_uncertainty_proxy,2026-06-25T05:22:11.584014Z,2024-04-15T23:59:00Z
2024-04-16,global_epu,183.774989,daily,authorized_policy_uncertainty_proxy,2026-06-25T05:22:11.584014Z,2024-04-16T23:59:00Z
2024-04-16,china_epu,226.749978,daily,authorized_policy_uncertainty_proxy,2026-06-25T05:22:11.584014Z,2024-04-16T23:59:00Z
2024-04-17,global_epu,182.269004,daily,authorized_policy_uncertainty_proxy,2026-06-25T05:22:11.584014Z,2024-04-17T23:59:00Z
2024-04-17,china_epu,226.018008,daily,authorized_policy_uncertainty_proxy,2026-06-25T05:22:11.584014Z,2024-04-17T23:59:00Z
2024-04-18,global_epu,180.452504,daily,authorized_policy_uncertainty_proxy,2026-06-25T05:22:11.584014Z,2024-04-18T23:59:00Z
2024-04-18,china_epu,224.905009,daily,authorized_policy_uncertainty_proxy,2026-06-25T05:22:11.584014Z,2024-04-18T23:59:00Z
2024-04-19,global_epu,131.164,daily,authorized_policy_uncertainty_proxy,2026-06-25T05:22:11.584014Z,2024-04-19T23:59:00Z
2024-04-19,china_epu,117.808,daily,authorized_policy_uncertainty_proxy,2026-06-25T05:22:11.584014Z,2024-04-19T23:59:00Z
2024-04-21,global_epu,155.454993,daily,authorized_policy_uncertainty_proxy,2026-06-25T05:22:11.584014Z,2024-04-21T23:59:00Z
2024-04-21,china_epu,210.909986,daily,authorized_policy_uncertainty_proxy,2026-06-25T05:22:11.584014Z,2024-04-21T23:59:00Z
2024-04-22,global_epu,171.983487,daily,authorized_policy_uncertainty_proxy,2026-06-25T05:22:11.584014Z,2024-04-22T23:59:00Z
2024-04-22,china_epu,220.686974,daily,authorized_policy_uncertainty_proxy,2026-06-25T05:22:11.584014Z,2024-04-22T23:59:00Z
2024-04-23,global_epu,161.633512,daily,authorized_policy_uncertainty_proxy,2026-06-25T05:22:11.584014Z,2024-04-23T23:59:00Z
2024-04-23,china_epu,214.987024,daily,authorized_policy_uncertainty_proxy,2026-06-25T05:22:11.584014Z,2024-04-23T23:59:00Z
2024-04-24,global_epu,163.963017,daily,authorized_policy_uncertainty_proxy,2026-06-25T05:22:11.584014Z,2024-04-24T23:59:00Z
2024-04-24,china_epu,216.286034,daily,authorized_policy_uncertainty_proxy,2026-06-25T05:22:11.584014Z,2024-04-24T23:59:00Z
2024-04-25,global_epu,158.502983,daily,authorized_policy_uncertainty_proxy,2026-06-25T05:22:11.584014Z,2024-04-25T23:59:00Z
2024-04-25,china_epu,212.565967,daily,authorized_policy_uncertainty_proxy,2026-06-25T05:22:11.584014Z,2024-04-25T23:59:00Z
2024-04-26,global_epu,100.252,daily,authorized_policy_uncertainty_proxy,2026-06-25T05:22:11.584014Z,2024-04-26T23:59:00Z
2024-04-26,china_epu,100.144,daily,authorized_policy_uncertainty_proxy,2026-06-25T05:22:11.584014Z,2024-04-26T23:59:00Z
2024-04-28,global_epu,155.844986,daily,authorized_policy_uncertainty_proxy,2026-06-25T05:22:11.584014Z,2024-04-28T23:59:00Z
2024-04-28,china_epu,211.689973,daily,authorized_policy_uncertainty_proxy,2026-06-25T05:22:11.584014Z,2024-04-28T23:59:00Z
2024-04-29,global_epu,155.327499,daily,authorized_policy_uncertainty_proxy,2026-06-25T05:22:11.584014Z,2024-04-29T23:59:00Z
2024-04-29,china_epu,210.654998,daily,authorized_policy_uncertainty_proxy,2026-06-25T05:22:11.584014Z,2024-04-29T23:59:00Z
2024-04-30,global_epu,161.012483,daily,authorized_policy_uncertainty_proxy,2026-06-25T05:22:11.584014Z,2024-04-30T23:59:00Z
2024-04-30,china_epu,214.224965,daily,authorized_policy_uncertainty_proxy,2026-06-25T05:22:11.584014Z,2024-04-30T23:59:00Z
2024-05-01,global_epu,158.768508,daily,authorized_policy_uncertainty_proxy,2026-06-25T05:22:11.584014Z,2024-05-01T23:59:00Z
2024-05-01,china_epu,212.857017,daily,authorized_policy_uncertainty_proxy,2026-06-25T05:22:11.584014Z,2024-05-01T23:59:00Z
2024-05-02,global_epu,155.379999,daily,authorized_policy_uncertainty_proxy,2026-06-25T05:22:11.584014Z,2024-05-02T23:59:00Z
2024-05-02,china_epu,210.759997,daily,authorized_policy_uncertainty_proxy,2026-06-25T05:22:11.584014Z,2024-05-02T23:59:00Z
2024-05-03,global_epu,100.0,daily,authorized_policy_uncertainty_proxy,2026-06-25T05:22:11.584014Z,2024-05-03T23:59:00Z
2024-05-03,china_epu,100.0,daily,authorized_policy_uncertainty_proxy,2026-06-25T05:22:11.584014Z,2024-05-03T23:59:00Z
2024-05-05,global_epu,155.214989,daily,authorized_policy_uncertainty_proxy,2026-06-25T05:22:11.584014Z,2024-05-05T23:59:00Z
2024-05-05,china_epu,210.429978,daily,authorized_policy_uncertainty_proxy,2026-06-25T05:22:11.584014Z,2024-05-05T23:59:00Z
2024-05-06,global_epu,153.100014,daily,authorized_policy_uncertainty_proxy,2026-06-25T05:22:11.584014Z,2024-05-06T23:59:00Z
2024-05-06,china_epu,206.200027,daily,authorized_policy_uncertainty_proxy,2026-06-25T05:22:11.584014Z,2024-05-06T23:59:00Z
2024-05-07,global_epu,153.88,daily,authorized_policy_uncertainty_proxy,2026-06-25T05:22:11.584014Z,2024-05-07T23:59:00Z
2024-05-07,china_epu,207.76,daily,authorized_policy_uncertainty_proxy,2026-06-25T05:22:11.584014Z,2024-05-07T23:59:00Z
2024-05-08,global_epu,154.285014,daily,authorized_policy_uncertainty_proxy,2026-06-25T05:22:11.584014Z,2024-05-08T23:59:00Z
2024-05-08,china_epu,208.570027,daily,authorized_policy_uncertainty_proxy,2026-06-25T05:22:11.584014Z,2024-05-08T23:59:00Z
2024-05-09,global_epu,153.902495,daily,authorized_policy_uncertainty_proxy,2026-06-25T05:22:11.584014Z,2024-05-09T23:59:00Z
2024-05-09,china_epu,207.80499,daily,authorized_policy_uncertainty_proxy,2026-06-25T05:22:11.584014Z,2024-05-09T23:59:00Z
2024-05-10,global_epu,100.0,daily,authorized_policy_uncertainty_proxy,2026-06-25T05:22:11.584014Z,2024-05-10T23:59:00Z
2024-05-10,china_epu,100.0,daily,authorized_policy_uncertainty_proxy,2026-06-25T05:22:11.584014Z,2024-05-10T23:59:00Z
2024-05-12,global_epu,154.435003,daily,authorized_policy_uncertainty_proxy,2026-06-25T05:22:11.584014Z,2024-05-12T23:59:00Z
2024-05-12,china_epu,208.870006,daily,authorized_policy_uncertainty_proxy,2026-06-25T05:22:11.584014Z,2024-05-12T23:59:00Z
2024-05-13,global_epu,154.922485,daily,authorized_policy_uncertainty_proxy,2026-06-25T05:22:11.584014Z,2024-05-13T23:59:00Z
2024-05-13,china_epu,209.844971,daily,authorized_policy_uncertainty_proxy,2026-06-25T05:22:11.584014Z,2024-05-13T23:59:00Z
2024-05-14,global_epu,154.922485,daily,authorized_policy_uncertainty_proxy,2026-06-25T05:22:11.584014Z,2024-05-14T23:59:00Z
2024-05-14,china_epu,209.844971,daily,authorized_policy_uncertainty_proxy,2026-06-25T05:22:11.584014Z,2024-05-14T23:59:00Z
2024-05-15,global_epu,153.8275,daily,authorized_policy_uncertainty_proxy,2026-06-25T05:22:11.584014Z,2024-05-15T23:59:00Z
2024-05-15,china_epu,207.655001,daily,authorized_policy_uncertainty_proxy,2026-06-25T05:22:11.584014Z,2024-05-15T23:59:00Z
2024-05-16,global_epu,153.775001,daily,authorized_policy_uncertainty_proxy,2026-06-25T05:22:11.584014Z,2024-05-16T23:59:00Z
2024-05-16,china_epu,207.550001,daily,authorized_policy_uncertainty_proxy,2026-06-25T05:22:11.584014Z,2024-05-16T23:59:00Z
2024-05-17,global_epu,100.0,daily,authorized_policy_uncertainty_proxy,2026-06-25T05:22:11.584014Z,2024-05-17T23:59:00Z
2024-05-17,china_epu,100.0,daily,authorized_policy_uncertainty_proxy,2026-06-25T05:22:11.584014Z,2024-05-17T23:59:00Z
2024-05-19,global_epu,154.202509,daily,authorized_policy_uncertainty_proxy,2026-06-25T05:22:11.584014Z,2024-05-19T23:59:00Z
2024-05-19,china_epu,208.405018,daily,authorized_policy_uncertainty_proxy,2026-06-25T05:22:11.584014Z,2024-05-19T23:59:00Z
2024-05-20,global_epu,154.877496,daily,authorized_policy_uncertainty_proxy,2026-06-25T05:22:11.584014Z,2024-05-20T23:59:00Z
2024-05-20,china_epu,209.754992,daily,authorized_policy_uncertainty_proxy,2026-06-25T05:22:11.584014Z,2024-05-20T23:59:00Z
2024-05-21,global_epu,155.319989,daily,authorized_policy_uncertainty_proxy,2026-06-25T05:22:11.584014Z,2024-05-21T23:59:00Z
2024-05-21,china_epu,210.639977,daily,authorized_policy_uncertainty_proxy,2026-06-25T05:22:11.584014Z,2024-05-21T23:59:00Z
2024-05-22,global_epu,155.522513,daily,authorized_policy_uncertainty_proxy,2026-06-25T05:22:11.584014Z,2024-05-22T23:59:00Z
2024-05-22,china_epu,211.045027,daily,authorized_policy_uncertainty_proxy,2026-06-25T05:22:11.584014Z,2024-05-22T23:59:00Z
2024-05-23,global_epu,155.612493,daily,authorized_policy_uncertainty_proxy,2026-06-25T05:22:11.584014Z,2024-05-23T23:59:00Z
2024-05-23,china_epu,211.224985,daily,authorized_policy_uncertainty_proxy,2026-06-25T05:22:11.584014Z,2024-05-23T23:59:00Z
2024-05-24,global_epu,100.0,daily,authorized_policy_uncertainty_proxy,2026-06-25T05:22:11.584014Z,2024-05-24T23:59:00Z
2024-05-24,china_epu,100.0,daily,authorized_policy_uncertainty_proxy,2026-06-25T05:22:11.584014Z,2024-05-24T23:59:00Z
2024-05-26,global_epu,155.612493,daily,authorized_policy_uncertainty_proxy,2026-06-25T05:22:11.584014Z,2024-05-26T23:59:00Z
2024-05-26,china_epu,211.224985,daily,authorized_policy_uncertainty_proxy,2026-06-25T05:22:11.584014Z,2024-05-26T23:59:00Z
2024-05-27,global_epu,155.612493,daily,authorized_policy_uncertainty_proxy,2026-06-25T05:22:11.584014Z,2024-05-27T23:59:00Z
2024-05-27,china_epu,211.224985,daily,authorized_policy_uncertainty_proxy,2026-06-25T05:22:11.584014Z,2024-05-27T23:59:00Z
2024-05-28,global_epu,155.874991,daily,authorized_policy_uncertainty_proxy,2026-06-25T05:22:11.584014Z,2024-05-28T23:59:00Z
2024-05-28,china_epu,211.749983,daily,authorized_policy_uncertainty_proxy,2026-06-25T05:22:11.584014Z,2024-05-28T23:59:00Z
2024-05-29,global_epu,156.20501,daily,authorized_policy_uncertainty_proxy,2026-06-25T05:22:11.584014Z,2024-05-29T23:59:00Z
2024-05-29,china_epu,212.410021,daily,authorized_policy_uncertainty_proxy,2026-06-25T05:22:11.584014Z,2024-05-29T23:59:00Z
2024-05-30,global_epu,155.0125,daily,authorized_policy_uncertainty_proxy,2026-06-25T05:22:11.584014Z,2024-05-30T23:59:00Z
2024-05-30,china_epu,210.025001,daily,authorized_policy_uncertainty_proxy,2026-06-25T05:22:11.584014Z,2024-05-30T23:59:00Z
2024-05-31,global_epu,100.0,daily,authorized_policy_uncertainty_proxy,2026-06-25T05:22:11.584014Z,2024-05-31T23:59:00Z
2024-05-31,china_epu,100.0,daily,authorized_policy_uncertainty_proxy,2026-06-25T05:22:11.584014Z,2024-05-31T23:59:00Z
2024-06-02,global_epu,155.575013,daily,authorized_policy_uncertainty_proxy,2026-06-25T05:22:11.584014Z,2024-06-02T23:59:00Z
2024-06-02,china_epu,211.150026,daily,authorized_policy_uncertainty_proxy,2026-06-25T05:22:11.584014Z,2024-06-02T23:59:00Z
2024-06-03,global_epu,155.650008,daily,authorized_policy_uncertainty_proxy,2026-06-25T05:22:11.584014Z,2024-06-03T23:59:00Z
2024-06-03,china_epu,211.300015,daily,authorized_policy_uncertainty_proxy,2026-06-25T05:22:11.584014Z,2024-06-03T23:59:00Z
2024-06-04,global_epu,155.650008,daily,authorized_policy_uncertainty_proxy,2026-06-25T05:22:11.584014Z,2024-06-04T23:59:00Z
2024-06-04,china_epu,211.300015,daily,authorized_policy_uncertainty_proxy,2026-06-25T05:22:11.584014Z,2024-06-04T23:59:00Z
2024-06-05,global_epu,156.002486,daily,authorized_policy_uncertainty_proxy,2026-06-25T05:22:11.584014Z,2024-06-05T23:59:00Z
2024-06-05,china_epu,212.004972,daily,authorized_policy_uncertainty_proxy,2026-06-25T05:22:11.584014Z,2024-06-05T23:59:00Z
2024-06-06,global_epu,155.807507,daily,authorized_policy_uncertainty_proxy,2026-06-25T05:22:11.584014Z,2024-06-06T23:59:00Z
2024-06-06,china_epu,211.615014,daily,authorized_policy_uncertainty_proxy,2026-06-25T05:22:11.584014Z,2024-06-06T23:59:00Z
2024-06-07,global_epu,100.0,daily,authorized_policy_uncertainty_proxy,2026-06-25T05:22:11.584014Z,2024-06-07T23:59:00Z
2024-06-07,china_epu,100.0,daily,authorized_policy_uncertainty_proxy,2026-06-25T05:22:11.584014Z,2024-06-07T23:59:00Z
2024-06-09,global_epu,156.009996,daily,authorized_policy_uncertainty_proxy,2026-06-25T05:22:11.584014Z,2024-06-09T23:59:00Z
2024-06-09,china_epu,212.019992,daily,authorized_policy_uncertainty_proxy,2026-06-25T05:22:11.584014Z,2024-06-09T23:59:00Z
2024-06-10,global_epu,156.009996,daily,authorized_policy_uncertainty_proxy,2026-06-25T05:22:11.584014Z,2024-06-10T23:59:00Z
2024-06-10,china_epu,212.019992,daily,authorized_policy_uncertainty_proxy,2026-06-25T05:22:11.584014Z,2024-06-10T23:59:00Z
2024-06-11,global_epu,156.002486,daily,authorized_policy_uncertainty_proxy,2026-06-25T05:22:11.584014Z,2024-06-11T23:59:00Z
2024-06-11,china_epu,212.004972,daily,authorized_policy_uncertainty_proxy,2026-06-25T05:22:11.584014Z,2024-06-11T23:59:00Z
2024-06-12,global_epu,155.357504,daily,authorized_policy_uncertainty_proxy,2026-06-25T05:22:11.584014Z,2024-06-12T23:59:00Z
2024-06-12,china_epu,210.715008,daily,authorized_policy_uncertainty_proxy,2026-06-25T05:22:11.584014Z,2024-06-12T23:59:00Z
2024-06-13,global_epu,156.369984,daily,authorized_policy_uncertainty_proxy,2026-06-25T05:22:11.584014Z,2024-06-13T23:59:00Z
2024-06-13,china_epu,212.739968,daily,authorized_policy_uncertainty_proxy,2026-06-25T05:22:11.584014Z,2024-06-13T23:59:00Z
2024-06-14,global_epu,100.0,daily,authorized_policy_uncertainty_proxy,2026-06-25T05:22:11.584014Z,2024-06-14T23:59:00Z
2024-06-14,china_epu,100.0,daily,authorized_policy_uncertainty_proxy,2026-06-25T05:22:11.584014Z,2024-06-14T23:59:00Z
2024-06-16,global_epu,156.572509,daily,authorized_policy_uncertainty_proxy,2026-06-25T05:22:11.584014Z,2024-06-16T23:59:00Z
2024-06-16,china_epu,213.145018,daily,authorized_policy_uncertainty_proxy,2026-06-25T05:22:11.584014Z,2024-06-16T23:59:00Z
2024-06-17,global_epu,156.625009,daily,authorized_policy_uncertainty_proxy,2026-06-25T05:22:11.584014Z,2024-06-17T23:59:00Z
2024-06-17,china_epu,213.250017,daily,authorized_policy_uncertainty_proxy,2026-06-25T05:22:11.584014Z,2024-06-17T23:59:00Z
2024-06-18,global_epu,156.452489,daily,authorized_policy_uncertainty_proxy,2026-06-25T05:22:11.584014Z,2024-06-18T23:59:00Z
2024-06-18,china_epu,212.904978,daily,authorized_policy_uncertainty_proxy,2026-06-25T05:22:11.584014Z,2024-06-18T23:59:00Z
2024-06-19,global_epu,156.722498,daily,authorized_policy_uncertainty_proxy,2026-06-25T05:22:11.584014Z,2024-06-19T23:59:00Z
2024-06-19,china_epu,213.444996,daily,authorized_policy_uncertainty_proxy,2026-06-25T05:22:11.584014Z,2024-06-19T23:59:00Z
2024-06-20,global_epu,156.932497,daily,authorized_policy_uncertainty_proxy,2026-06-25T05:22:11.584014Z,2024-06-20T23:59:00Z
2024-06-20,china_epu,213.864994,daily,authorized_policy_uncertainty_proxy,2026-06-25T05:22:11.584014Z,2024-06-20T23:59:00Z
2024-06-21,global_epu,100.0,daily,authorized_policy_uncertainty_proxy,2026-06-25T05:22:11.584014Z,2024-06-21T23:59:00Z
2024-06-21,china_epu,100.0,daily,authorized_policy_uncertainty_proxy,2026-06-25T05:22:11.584014Z,2024-06-21T23:59:00Z
2024-06-23,global_epu,156.940007,daily,authorized_policy_uncertainty_proxy,2026-06-25T05:22:11.584014Z,2024-06-23T23:59:00Z
2024-06-23,china_epu,213.880014,daily,authorized_policy_uncertainty_proxy,2026-06-25T05:22:11.584014Z,2024-06-23T23:59:00Z
2024-06-24,global_epu,156.827497,daily,authorized_policy_uncertainty_proxy,2026-06-25T05:22:11.584014Z,2024-06-24T23:59:00Z
2024-06-24,china_epu,213.654995,daily,authorized_policy_uncertainty_proxy,2026-06-25T05:22:11.584014Z,2024-06-24T23:59:00Z
2024-06-25,global_epu,157.105017,daily,authorized_policy_uncertainty_proxy,2026-06-25T05:22:11.584014Z,2024-06-25T23:59:00Z
2024-06-25,china_epu,214.210033,daily,authorized_policy_uncertainty_proxy,2026-06-25T05:22:11.584014Z,2024-06-25T23:59:00Z
2024-06-26,global_epu,157.262516,daily,authorized_policy_uncertainty_proxy,2026-06-25T05:22:11.584014Z,2024-06-26T23:59:00Z
2024-06-26,china_epu,214.525032,daily,authorized_policy_uncertainty_proxy,2026-06-25T05:22:11.584014Z,2024-06-26T23:59:00Z
2024-06-27,global_epu,157.539999,daily,authorized_policy_uncertainty_proxy,2026-06-25T05:22:11.584014Z,2024-06-27T23:59:00Z
2024-06-27,china_epu,215.079999,daily,authorized_policy_uncertainty_proxy,2026-06-25T05:22:11.584014Z,2024-06-27T23:59:00Z
2024-06-28,global_epu,100.0,daily,authorized_policy_uncertainty_proxy,2026-06-25T05:22:11.584014Z,2024-06-28T23:59:00Z
2024-06-28,china_epu,100.0,daily,authorized_policy_uncertainty_proxy,2026-06-25T05:22:11.584014Z,2024-06-28T23:59:00Z
2024-06-30,global_epu,157.435,daily,authorized_policy_uncertainty_proxy,2026-06-25T05:22:11.584014Z,2024-06-30T23:59:00Z
2024-06-30,china_epu,214.87,daily,authorized_policy_uncertainty_proxy,2026-06-25T05:22:11.584014Z,2024-06-30T23:59:00Z
2024-07-01,global_epu,157.517505,daily,authorized_policy_uncertainty_proxy,2026-06-25T05:22:11.584014Z,2024-07-01T23:59:00Z
2024-07-01,china_epu,215.035009,daily,authorized_policy_uncertainty_proxy,2026-06-25T05:22:11.584014Z,2024-07-01T23:59:00Z
2024-07-02,global_epu,157.705009,daily,authorized_policy_uncertainty_proxy,2026-06-25T05:22:11.584014Z,2024-07-02T23:59:00Z
2024-07-02,china_epu,215.410018,daily,authorized_policy_uncertainty_proxy,2026-06-25T05:22:11.584014Z,2024-07-02T23:59:00Z
2024-07-03,global_epu,157.644999,daily,authorized_policy_uncertainty_proxy,2026-06-25T05:22:11.584014Z,2024-07-03T23:59:00Z
2024-07-03,china_epu,215.289998,daily,authorized_policy_uncertainty_proxy,2026-06-25T05:22:11.584014Z,2024-07-03T23:59:00Z
2024-07-04,global_epu,157.435,daily,authorized_policy_uncertainty_proxy,2026-06-25T05:22:11.584014Z,2024-07-04T23:59:00Z
2024-07-04,china_epu,214.87,daily,authorized_policy_uncertainty_proxy,2026-06-25T05:22:11.584014Z,2024-07-04T23:59:00Z
2024-07-05,global_epu,100.0,daily,authorized_policy_uncertainty_proxy,2026-06-25T05:22:11.584014Z,2024-07-05T23:59:00Z
2024-07-05,china_epu,100.0,daily,authorized_policy_uncertainty_proxy,2026-06-25T05:22:11.584014Z,2024-07-05T23:59:00Z
2024-07-07,global_epu,157.584989,daily,authorized_policy_uncertainty_proxy,2026-06-25T05:22:11.584014Z,2024-07-07T23:59:00Z
2024-07-07,china_epu,215.169978,daily,authorized_policy_uncertainty_proxy,2026-06-25T05:22:11.584014Z,2024-07-07T23:59:00Z
2024-07-08,global_epu,157.532489,daily,authorized_policy_uncertainty_proxy,2026-06-25T05:22:11.584014Z,2024-07-08T23:59:00Z
2024-07-08,china_epu,215.064979,daily,authorized_policy_uncertainty_proxy,2026-06-25T05:22:11.584014Z,2024-07-08T23:59:00Z
2024-07-09,global_epu,157.877493,daily,authorized_policy_uncertainty_proxy,2026-06-25T05:22:11.584014Z,2024-07-09T23:59:00Z
2024-07-09,china_epu,215.754986,daily,authorized_policy_uncertainty_proxy,2026-06-25T05:22:11.584014Z,2024-07-09T23:59:00Z
2024-07-10,global_epu,158.087492,daily,authorized_policy_uncertainty_proxy,2026-06-25T05:22:11.584014Z,2024-07-10T23:59:00Z
2024-07-10,china_epu,216.174984,daily,authorized_policy_uncertainty_proxy,2026-06-25T05:22:11.584014Z,2024-07-10T23:59:00Z
2024-07-11,global_epu,156.609988,daily,authorized_policy_uncertainty_proxy,2026-06-25T05:22:11.584014Z,2024-07-11T23:59:00Z
2024-07-11,china_epu,213.219976,daily,authorized_policy_uncertainty_proxy,2026-06-25T05:22:11.584014Z,2024-07-11T23:59:00Z
2024-07-12,global_epu,100.0,daily,authorized_policy_uncertainty_proxy,2026-06-25T05:22:11.584014Z,2024-07-12T23:59:00Z
2024-07-12,china_epu,100.0,daily,authorized_policy_uncertainty_proxy,2026-06-25T05:22:11.584014Z,2024-07-12T23:59:00Z
2024-07-14,global_epu,156.20501,daily,authorized_policy_uncertainty_proxy,2026-06-25T05:22:11.584014Z,2024-07-14T23:59:00Z
2024-07-14,china_epu,212.410021,daily,authorized_policy_uncertainty_proxy,2026-06-25T05:22:11.584014Z,2024-07-14T23:59:00Z
2024-07-15,global_epu,156.917512,daily,authorized_policy_uncertainty_proxy,2026-06-25T05:22:11.584014Z,2024-07-15T23:59:00Z
2024-07-15,china_epu,213.835025,daily,authorized_policy_uncertainty_proxy,2026-06-25T05:22:11.584014Z,2024-07-15T23:59:00Z
2024-07-16,global_epu,157.045007,daily,authorized_policy_uncertainty_proxy,2026-06-25T05:22:11.584014Z,2024-07-16T23:59:00Z
2024-07-16,china_epu,214.090014,daily,authorized_policy_uncertainty_proxy,2026-06-25T05:22:11.584014Z,2024-07-16T23:59:00Z
2024-07-17,global_epu,156.954992,daily,authorized_policy_uncertainty_proxy,2026-06-25T05:22:11.584014Z,2024-07-17T23:59:00Z
2024-07-17,china_epu,213.909984,daily,authorized_policy_uncertainty_proxy,2026-06-25T05:22:11.584014Z,2024-07-17T23:59:00Z
2024-07-18,global_epu,164.729512,daily,authorized_policy_uncertainty_proxy,2026-06-25T05:22:11.584014Z,2024-07-18T23:59:00Z
2024-07-18,china_epu,218.299025,daily,authorized_policy_uncertainty_proxy,2026-06-25T05:22:11.584014Z,2024-07-18T23:59:00Z
2024-07-19,global_epu,112.768,daily,authorized_policy_uncertainty_proxy,2026-06-25T05:22:11.584014Z,2024-07-19T23:59:00Z
2024-07-19,china_epu,107.296,daily,authorized_policy_uncertainty_proxy,2026-06-25T05:22:11.584014Z,2024-07-19T23:59:00Z
2024-07-21,global_epu,157.675004,daily,authorized_policy_uncertainty_proxy,2026-06-25T05:22:11.584014Z,2024-07-21T23:59:00Z
2024-07-21,china_epu,215.350008,daily,authorized_policy_uncertainty_proxy,2026-06-25T05:22:11.584014Z,2024-07-21T23:59:00Z
2024-07-22,global_epu,157.952487,daily,authorized_policy_uncertainty_proxy,2026-06-25T05:22:11.584014Z,2024-07-22T23:59:00Z
2024-07-22,china_epu,215.904975,daily,authorized_policy_uncertainty_proxy,2026-06-25T05:22:11.584014Z,2024-07-22T23:59:00Z
2024-07-23,global_epu,158.072507,daily,authorized_policy_uncertainty_proxy,2026-06-25T05:22:11.584014Z,2024-07-23T23:59:00Z
2024-07-23,china_epu,216.145015,daily,authorized_policy_uncertainty_proxy,2026-06-25T05:22:11.584014Z,2024-07-23T23:59:00Z
2024-07-24,global_epu,182.625996,daily,authorized_policy_uncertainty_proxy,2026-06-25T05:22:11.584014Z,2024-07-24T23:59:00Z
2024-07-24,china_epu,228.771993,daily,authorized_policy_uncertainty_proxy,2026-06-25T05:22:11.584014Z,2024-07-24T23:59:00Z
2024-07-25,global_epu,183.821512,daily,authorized_policy_uncertainty_proxy,2026-06-25T05:22:11.584014Z,2024-07-25T23:59:00Z
2024-07-25,china_epu,226.123023,daily,authorized_policy_uncertainty_proxy,2026-06-25T05:22:11.584014Z,2024-07-25T23:59:00Z
2024-07-26,global_epu,111.676,daily,authorized_policy_uncertainty_proxy,2026-06-25T05:22:11.584014Z,2024-07-26T23:59:00Z
2024-07-26,china_epu,106.672,daily,authorized_policy_uncertainty_proxy,2026-06-25T05:22:11.584014Z,2024-07-26T23:59:00Z
2024-07-28,global_epu,156.25751,daily,authorized_policy_uncertainty_proxy,2026-06-25T05:22:11.584014Z,2024-07-28T23:59:00Z
2024-07-28,china_epu,212.51502,daily,authorized_policy_uncertainty_proxy,2026-06-25T05:22:11.584014Z,2024-07-28T23:59:00Z
2024-07-29,global_epu,170.312487,daily,authorized_policy_uncertainty_proxy,2026-06-25T05:22:11.584014Z,2024-07-29T23:59:00Z
2024-07-29,china_epu,221.424974,daily,authorized_policy_uncertainty_proxy,2026-06-25T05:22:11.584014Z,2024-07-29T23:59:00Z
2024-07-30,global_epu,178.8985,daily,authorized_policy_uncertainty_proxy,2026-06-25T05:22:11.584014Z,2024-07-30T23:59:00Z
2024-07-30,china_epu,225.517,daily,authorized_policy_uncertainty_proxy,2026-06-25T05:22:11.584014Z,2024-07-30T23:59:00Z
2024-07-31,global_epu,165.213985,daily,authorized_policy_uncertainty_proxy,2026-06-25T05:22:11.584014Z,2024-07-31T23:59:00Z
2024-07-31,china_epu,214.10797,daily,authorized_policy_uncertainty_proxy,2026-06-25T05:22:11.584014Z,2024-07-31T23:59:00Z
2024-08-01,global_epu,185.866018,daily,authorized_policy_uncertainty_proxy,2026-06-25T05:22:11.584014Z,2024-08-01T23:59:00Z
2024-08-01,china_epu,228.652035,daily,authorized_policy_uncertainty_proxy,2026-06-25T05:22:11.584014Z,2024-08-01T23:59:00Z
2024-08-02,global_epu,170.476,daily,authorized_policy_uncertainty_proxy,2026-06-25T05:22:11.584014Z,2024-08-02T23:59:00Z
2024-08-02,china_epu,140.272,daily,authorized_policy_uncertainty_proxy,2026-06-25T05:22:11.584014Z,2024-08-02T23:59:00Z
2024-08-04,global_epu,149.289989,daily,authorized_policy_uncertainty_proxy,2026-06-25T05:22:11.584014Z,2024-08-04T23:59:00Z
2024-08-04,china_epu,198.579979,daily,authorized_policy_uncertainty_proxy,2026-06-25T05:22:11.584014Z,2024-08-04T23:59:00Z
2024-08-05,global_epu,344.503012,daily,authorized_policy_uncertainty_proxy,2026-06-25T05:22:11.584014Z,2024-08-05T23:59:00Z
2024-08-05,china_epu,306.166024,daily,authorized_policy_uncertainty_proxy,2026-06-25T05:22:11.584014Z,2024-08-05T23:59:00Z
2024-08-06,global_epu,255.986505,daily,authorized_policy_uncertainty_proxy,2026-06-25T05:22:11.584014Z,2024-08-06T23:59:00Z
2024-08-06,china_epu,259.45301,daily,authorized_policy_uncertainty_proxy,2026-06-25T05:22:11.584014Z,2024-08-06T23:59:00Z
2024-08-07,global_epu,258.962518,daily,authorized_policy_uncertainty_proxy,2026-06-25T05:22:11.584014Z,2024-08-07T23:59:00Z
2024-08-07,china_epu,263.725035,daily,authorized_policy_uncertainty_proxy,2026-06-25T05:22:11.584014Z,2024-08-07T23:59:00Z
2024-08-08,global_epu,224.363489,daily,authorized_policy_uncertainty_proxy,2026-06-25T05:22:11.584014Z,2024-08-08T23:59:00Z
2024-08-08,china_epu,243.246978,daily,authorized_policy_uncertainty_proxy,2026-06-25T05:22:11.584014Z,2024-08-08T23:59:00Z
2024-08-09,global_epu,145.108,daily,authorized_policy_uncertainty_proxy,2026-06-25T05:22:11.584014Z,2024-08-09T23:59:00Z
2024-08-09,china_epu,125.776,daily,authorized_policy_uncertainty_proxy,2026-06-25T05:22:11.584014Z,2024-08-09T23:59:00Z
2024-08-11,global_epu,149.972486,daily,authorized_policy_uncertainty_proxy,2026-06-25T05:22:11.584014Z,2024-08-11T23:59:00Z
2024-08-11,china_epu,199.944973,daily,authorized_policy_uncertainty_proxy,2026-06-25T05:22:11.584014Z,2024-08-11T23:59:00Z
2024-08-12,global_epu,198.513984,daily,authorized_policy_uncertainty_proxy,2026-06-25T05:22:11.584014Z,2024-08-12T23:59:00Z
2024-08-12,china_epu,228.507968,daily,authorized_policy_uncertainty_proxy,2026-06-25T05:22:11.584014Z,2024-08-12T23:59:00Z
2024-08-13,global_epu,175.175516,daily,authorized_policy_uncertainty_proxy,2026-06-25T05:22:11.584014Z,2024-08-13T23:59:00Z
2024-08-13,china_epu,212.911033,daily,authorized_policy_uncertainty_proxy,2026-06-25T05:22:11.584014Z,2024-08-13T23:59:00Z
2024-08-14,global_epu,157.793501,daily,authorized_policy_uncertainty_proxy,2026-06-25T05:22:11.584014Z,2024-08-14T23:59:00Z
2024-08-14,china_epu,201.307002,daily,authorized_policy_uncertainty_proxy,2026-06-25T05:22:11.584014Z,2024-08-14T23:59:00Z
2024-08-15,global_epu,152.436994,daily,authorized_policy_uncertainty_proxy,2026-06-25T05:22:11.584014Z,2024-08-15T23:59:00Z
2024-08-15,china_epu,202.113989,daily,authorized_policy_uncertainty_proxy,2026-06-25T05:22:11.584014Z,2024-08-15T23:59:00Z
2024-08-16,global_epu,100.0,daily,authorized_policy_uncertainty_proxy,2026-06-25T05:22:11.584014Z,2024-08-16T23:59:00Z
2024-08-16,china_epu,100.0,daily,authorized_policy_uncertainty_proxy,2026-06-25T05:22:11.584014Z,2024-08-16T23:59:00Z
2024-08-18,global_epu,149.800003,daily,authorized_policy_uncertainty_proxy,2026-06-25T05:22:11.584014Z,2024-08-18T23:59:00Z
2024-08-18,china_epu,199.600005,daily,authorized_policy_uncertainty_proxy,2026-06-25T05:22:11.584014Z,2024-08-18T23:59:00Z
2024-08-19,global_epu,148.037505,daily,authorized_policy_uncertainty_proxy,2026-06-25T05:22:11.584014Z,2024-08-19T23:59:00Z
2024-08-19,china_epu,196.07501,daily,authorized_policy_uncertainty_proxy,2026-06-25T05:22:11.584014Z,2024-08-19T23:59:00Z
2024-08-20,global_epu,154.791998,daily,authorized_policy_uncertainty_proxy,2026-06-25T05:22:11.584014Z,2024-08-20T23:59:00Z
2024-08-20,china_epu,199.023995,daily,authorized_policy_uncertainty_proxy,2026-06-25T05:22:11.584014Z,2024-08-20T23:59:00Z
2024-08-21,global_epu,158.053013,daily,authorized_policy_uncertainty_proxy,2026-06-25T05:22:11.584014Z,2024-08-21T23:59:00Z
2024-08-21,china_epu,200.866026,daily,authorized_policy_uncertainty_proxy,2026-06-25T05:22:11.584014Z,2024-08-21T23:59:00Z
2024-08-22,global_epu,169.750009,daily,authorized_policy_uncertainty_proxy,2026-06-25T05:22:11.584014Z,2024-08-22T23:59:00Z
2024-08-22,china_epu,208.900018,daily,authorized_policy_uncertainty_proxy,2026-06-25T05:22:11.584014Z,2024-08-22T23:59:00Z
2024-08-23,global_epu,107.224,daily,authorized_policy_uncertainty_proxy,2026-06-25T05:22:11.584014Z,2024-08-23T23:59:00Z
2024-08-23,china_epu,104.128,daily,authorized_policy_uncertainty_proxy,2026-06-25T05:22:11.584014Z,2024-08-23T23:59:00Z
2024-08-25,global_epu,146.800005,daily,authorized_policy_uncertainty_proxy,2026-06-25T05:22:11.584014Z,2024-08-25T23:59:00Z
2024-08-25,china_epu,193.600011,daily,authorized_policy_uncertainty_proxy,2026-06-25T05:22:11.584014Z,2024-08-25T23:59:00Z
2024-08-26,global_epu,156.017512,daily,authorized_policy_uncertainty_proxy,2026-06-25T05:22:11.584014Z,2024-08-26T23:59:00Z
2024-08-26,china_epu,198.235025,daily,authorized_policy_uncertainty_proxy,2026-06-25T05:22:11.584014Z,2024-08-26T23:59:00Z
2024-08-27,global_epu,150.344485,daily,authorized_policy_uncertainty_proxy,2026-06-25T05:22:11.584014Z,2024-08-27T23:59:00Z
2024-08-27,china_epu,195.528971,daily,authorized_policy_uncertainty_proxy,2026-06-25T05:22:11.584014Z,2024-08-27T23:59:00Z
2024-08-28,global_epu,164.5465,daily,authorized_policy_uncertainty_proxy,2026-06-25T05:22:11.584014Z,2024-08-28T23:59:00Z
2024-08-28,china_epu,203.773,daily,authorized_policy_uncertainty_proxy,2026-06-25T05:22:11.584014Z,2024-08-28T23:59:00Z
2024-08-29,global_epu,150.122499,daily,authorized_policy_uncertainty_proxy,2026-06-25T05:22:11.584014Z,2024-08-29T23:59:00Z
2024-08-29,china_epu,192.444999,daily,authorized_policy_uncertainty_proxy,2026-06-25T05:22:11.584014Z,2024-08-29T23:59:00Z
2024-08-30,global_epu,100.0,daily,authorized_policy_uncertainty_proxy,2026-06-25T05:22:11.584014Z,2024-08-30T23:59:00Z
2024-08-30,china_epu,100.0,daily,authorized_policy_uncertainty_proxy,2026-06-25T05:22:11.584014Z,2024-08-30T23:59:00Z
2024-09-01,global_epu,144.407511,daily,authorized_policy_uncertainty_proxy,2026-06-25T05:22:11.584014Z,2024-09-01T23:59:00Z
2024-09-01,china_epu,188.815022,daily,authorized_policy_uncertainty_proxy,2026-06-25T05:22:11.584014Z,2024-09-01T23:59:00Z
2024-09-02,global_epu,150.865003,daily,authorized_policy_uncertainty_proxy,2026-06-25T05:22:11.584014Z,2024-09-02T23:59:00Z
2024-09-02,china_epu,195.130005,daily,authorized_policy_uncertainty_proxy,2026-06-25T05:22:11.584014Z,2024-09-02T23:59:00Z
2024-09-03,global_epu,194.577996,daily,authorized_policy_uncertainty_proxy,2026-06-25T05:22:11.584014Z,2024-09-03T23:59:00Z
2024-09-03,china_epu,220.515993,daily,authorized_policy_uncertainty_proxy,2026-06-25T05:22:11.584014Z,2024-09-03T23:59:00Z
2024-09-04,global_epu,198.980489,daily,authorized_policy_uncertainty_proxy,2026-06-25T05:22:11.584014Z,2024-09-04T23:59:00Z
2024-09-04,china_epu,222.120978,daily,authorized_policy_uncertainty_proxy,2026-06-25T05:22:11.584014Z,2024-09-04T23:59:00Z
2024-09-05,global_epu,185.507501,daily,authorized_policy_uncertainty_proxy,2026-06-25T05:22:11.584014Z,2024-09-05T23:59:00Z
2024-09-05,china_epu,212.215002,daily,authorized_policy_uncertainty_proxy,2026-06-25T05:22:11.584014Z,2024-09-05T23:59:00Z
2024-09-06,global_epu,161.992,daily,authorized_policy_uncertainty_proxy,2026-06-25T05:22:11.584014Z,2024-09-06T23:59:00Z
2024-09-06,china_epu,135.424,daily,authorized_policy_uncertainty_proxy,2026-06-25T05:22:11.584014Z,2024-09-06T23:59:00Z
2024-09-08,global_epu,144.092512,daily,authorized_policy_uncertainty_proxy,2026-06-25T05:22:11.584014Z,2024-09-08T23:59:00Z
2024-09-08,china_epu,188.185024,daily,authorized_policy_uncertainty_proxy,2026-06-25T05:22:11.584014Z,2024-09-08T23:59:00Z
2024-09-09,global_epu,183.399983,daily,authorized_policy_uncertainty_proxy,2026-06-25T05:22:11.584014Z,2024-09-09T23:59:00Z
2024-09-09,china_epu,213.399967,daily,authorized_policy_uncertainty_proxy,2026-06-25T05:22:11.584014Z,2024-09-09T23:59:00Z
2024-09-10,global_epu,180.832001,daily,authorized_policy_uncertainty_proxy,2026-06-25T05:22:11.584014Z,2024-09-10T23:59:00Z
2024-09-10,china_epu,212.704003,daily,authorized_policy_uncertainty_proxy,2026-06-25T05:22:11.584014Z,2024-09-10T23:59:00Z
2024-09-11,global_epu,169.073497,daily,authorized_policy_uncertainty_proxy,2026-06-25T05:22:11.584014Z,2024-09-11T23:59:00Z
2024-09-11,china_epu,205.866993,daily,authorized_policy_uncertainty_proxy,2026-06-25T05:22:11.584014Z,2024-09-11T23:59:00Z
2024-09-12,global_epu,163.633003,daily,authorized_policy_uncertainty_proxy,2026-06-25T05:22:11.584014Z,2024-09-12T23:59:00Z
2024-09-12,china_epu,202.426005,daily,authorized_policy_uncertainty_proxy,2026-06-25T05:22:11.584014Z,2024-09-12T23:59:00Z
2024-09-13,global_epu,113.104,daily,authorized_policy_uncertainty_proxy,2026-06-25T05:22:11.584014Z,2024-09-13T23:59:00Z
2024-09-13,china_epu,107.488,daily,authorized_policy_uncertainty_proxy,2026-06-25T05:22:11.584014Z,2024-09-13T23:59:00Z
2024-09-15,global_epu,144.4525,daily,authorized_policy_uncertainty_proxy,2026-06-25T05:22:11.584014Z,2024-09-15T23:59:00Z
2024-09-15,china_epu,188.905001,daily,authorized_policy_uncertainty_proxy,2026-06-25T05:22:11.584014Z,2024-09-15T23:59:00Z
2024-09-16,global_epu,162.413516,daily,authorized_policy_uncertainty_proxy,2026-06-25T05:22:11.584014Z,2024-09-16T23:59:00Z
2024-09-16,china_epu,199.147031,daily,authorized_policy_uncertainty_proxy,2026-06-25T05:22:11.584014Z,2024-09-16T23:59:00Z
2024-09-17,global_epu,166.361516,daily,authorized_policy_uncertainty_proxy,2026-06-25T05:22:11.584014Z,2024-09-17T23:59:00Z
2024-09-17,china_epu,201.403031,daily,authorized_policy_uncertainty_proxy,2026-06-25T05:22:11.584014Z,2024-09-17T23:59:00Z
2024-09-18,global_epu,170.706989,daily,authorized_policy_uncertainty_proxy,2026-06-25T05:22:11.584014Z,2024-09-18T23:59:00Z
2024-09-18,china_epu,202.653978,daily,authorized_policy_uncertainty_proxy,2026-06-25T05:22:11.584014Z,2024-09-18T23:59:00Z
2024-09-19,global_epu,153.696993,daily,authorized_policy_uncertainty_proxy,2026-06-25T05:22:11.584014Z,2024-09-19T23:59:00Z
2024-09-19,china_epu,191.433987,daily,authorized_policy_uncertainty_proxy,2026-06-25T05:22:11.584014Z,2024-09-19T23:59:00Z
2024-09-20,global_epu,109.66,daily,authorized_policy_uncertainty_proxy,2026-06-25T05:22:11.584014Z,2024-09-20T23:59:00Z
2024-09-20,china_epu,105.52,daily,authorized_policy_uncertainty_proxy,2026-06-25T05:22:11.584014Z,2024-09-20T23:59:00Z
2024-09-22,global_epu,141.317499,daily,authorized_policy_uncertainty_proxy,2026-06-25T05:22:11.584014Z,2024-09-22T23:59:00Z
2024-09-22,china_epu,182.634997,daily,authorized_policy_uncertainty_proxy,2026-06-25T05:22:11.584014Z,2024-09-22T23:59:00Z
2024-09-23,global_epu,148.823504,daily,authorized_policy_uncertainty_proxy,2026-06-25T05:22:11.584014Z,2024-09-23T23:59:00Z
2024-09-23,china_epu,186.967007,daily,authorized_policy_uncertainty_proxy,2026-06-25T05:22:11.584014Z,2024-09-23T23:59:00Z
2024-09-24,global_epu,143.041,daily,authorized_policy_uncertainty_proxy,2026-06-25T05:22:11.584014Z,2024-09-24T23:59:00Z
2024-09-24,china_epu,181.402001,daily,authorized_policy_uncertainty_proxy,2026-06-25T05:22:11.584014Z,2024-09-24T23:59:00Z
2024-09-25,global_epu,143.3665,daily,authorized_policy_uncertainty_proxy,2026-06-25T05:22:11.584014Z,2024-09-25T23:59:00Z
2024-09-25,china_epu,181.812999,daily,authorized_policy_uncertainty_proxy,2026-06-25T05:22:11.584014Z,2024-09-25T23:59:00Z
2024-09-26,global_epu,141.282987,daily,authorized_policy_uncertainty_proxy,2026-06-25T05:22:11.584014Z,2024-09-26T23:59:00Z
2024-09-26,china_epu,178.125974,daily,authorized_policy_uncertainty_proxy,2026-06-25T05:22:11.584014Z,2024-09-26T23:59:00Z
2024-09-27,global_epu,116.464,daily,authorized_policy_uncertainty_proxy,2026-06-25T05:22:11.584014Z,2024-09-27T23:59:00Z
2024-09-27,china_epu,109.408,daily,authorized_policy_uncertainty_proxy,2026-06-25T05:22:11.584014Z,2024-09-27T23:59:00Z
2024-09-29,global_epu,138.272512,daily,authorized_policy_uncertainty_proxy,2026-06-25T05:22:11.584014Z,2024-09-29T23:59:00Z
2024-09-29,china_epu,176.545024,daily,authorized_policy_uncertainty_proxy,2026-06-25T05:22:11.584014Z,2024-09-29T23:59:00Z
2024-09-30,global_epu,153.344494,daily,authorized_policy_uncertainty_proxy,2026-06-25T05:22:11.584014Z,2024-09-30T23:59:00Z
2024-09-30,china_epu,185.928989,daily,authorized_policy_uncertainty_proxy,2026-06-25T05:22:11.584014Z,2024-09-30T23:59:00Z
2024-10-01,global_epu,175.563985,daily,authorized_policy_uncertainty_proxy,2026-06-25T05:22:11.584014Z,2024-10-01T23:59:00Z
2024-10-01,china_epu,200.00797,daily,authorized_policy_uncertainty_proxy,2026-06-25T05:22:11.584014Z,2024-10-01T23:59:00Z
2024-10-02,global_epu,173.087513,daily,authorized_policy_uncertainty_proxy,2026-06-25T05:22:11.584014Z,2024-10-02T23:59:00Z
2024-10-02,china_epu,199.375026,daily,authorized_policy_uncertainty_proxy,2026-06-25T05:22:11.584014Z,2024-10-02T23:59:00Z
2024-10-03,global_epu,186.998516,daily,authorized_policy_uncertainty_proxy,2026-06-25T05:22:11.584014Z,2024-10-03T23:59:00Z
2024-10-03,china_epu,208.117032,daily,authorized_policy_uncertainty_proxy,2026-06-25T05:22:11.584014Z,2024-10-03T23:59:00Z
2024-10-04,global_epu,135.364,daily,authorized_policy_uncertainty_proxy,2026-06-25T05:22:11.584014Z,2024-10-04T23:59:00Z
2024-10-04,china_epu,120.208,daily,authorized_policy_uncertainty_proxy,2026-06-25T05:22:11.584014Z,2024-10-04T23:59:00Z
2024-10-06,global_epu,138.812494,daily,authorized_policy_uncertainty_proxy,2026-06-25T05:22:11.584014Z,2024-10-06T23:59:00Z
2024-10-06,china_epu,177.624989,daily,authorized_policy_uncertainty_proxy,2026-06-25T05:22:11.584014Z,2024-10-06T23:59:00Z
2024-10-07,global_epu,203.108514,daily,authorized_policy_uncertainty_proxy,2026-06-25T05:22:11.584014Z,2024-10-07T23:59:00Z
2024-10-07,china_epu,214.537028,daily,authorized_policy_uncertainty_proxy,2026-06-25T05:22:11.584014Z,2024-10-07T23:59:00Z
2024-10-08,global_epu,195.762986,daily,authorized_policy_uncertainty_proxy,2026-06-25T05:22:11.584014Z,2024-10-08T23:59:00Z
2024-10-08,china_epu,214.485972,daily,authorized_policy_uncertainty_proxy,2026-06-25T05:22:11.584014Z,2024-10-08T23:59:00Z
2024-10-09,global_epu,192.731504,daily,authorized_policy_uncertainty_proxy,2026-06-25T05:22:11.584014Z,2024-10-09T23:59:00Z
2024-10-09,china_epu,215.143009,daily,authorized_policy_uncertainty_proxy,2026-06-25T05:22:11.584014Z,2024-10-09T23:59:00Z
2024-10-10,global_epu,193.319504,daily,authorized_policy_uncertainty_proxy,2026-06-25T05:22:11.584014Z,2024-10-10T23:59:00Z
2024-10-10,china_epu,215.479009,daily,authorized_policy_uncertainty_proxy,2026-06-25T05:22:11.584014Z,2024-10-10T23:59:00Z
2024-10-11,global_epu,145.864,daily,authorized_policy_uncertainty_proxy,2026-06-25T05:22:11.584014Z,2024-10-11T23:59:00Z
2024-10-11,china_epu,126.208,daily,authorized_policy_uncertainty_proxy,2026-06-25T05:22:11.584014Z,2024-10-11T23:59:00Z
2024-10-13,global_epu,142.389989,daily,authorized_policy_uncertainty_proxy,2026-06-25T05:22:11.584014Z,2024-10-13T23:59:00Z
2024-10-13,china_epu,184.779978,daily,authorized_policy_uncertainty_proxy,2026-06-25T05:22:11.584014Z,2024-10-13T23:59:00Z
2024-10-14,global_epu,183.520012,daily,authorized_policy_uncertainty_proxy,2026-06-25T05:22:11.584014Z,2024-10-14T23:59:00Z
2024-10-14,china_epu,210.640025,daily,authorized_policy_uncertainty_proxy,2026-06-25T05:22:11.584014Z,2024-10-14T23:59:00Z
2024-10-15,global_epu,193.711018,daily,authorized_policy_uncertainty_proxy,2026-06-25T05:22:11.584014Z,2024-10-15T23:59:00Z
2024-10-15,china_epu,219.742035,daily,authorized_policy_uncertainty_proxy,2026-06-25T05:22:11.584014Z,2024-10-15T23:59:00Z
2024-10-16,global_epu,184.852007,daily,authorized_policy_uncertainty_proxy,2026-06-25T05:22:11.584014Z,2024-10-16T23:59:00Z
2024-10-16,china_epu,214.744015,daily,authorized_policy_uncertainty_proxy,2026-06-25T05:22:11.584014Z,2024-10-16T23:59:00Z
2024-10-17,global_epu,181.249011,daily,authorized_policy_uncertainty_proxy,2026-06-25T05:22:11.584014Z,2024-10-17T23:59:00Z
2024-10-17,china_epu,213.178022,daily,authorized_policy_uncertainty_proxy,2026-06-25T05:22:11.584014Z,2024-10-17T23:59:00Z
2024-10-18,global_epu,125.452,daily,authorized_policy_uncertainty_proxy,2026-06-25T05:22:11.584014Z,2024-10-18T23:59:00Z
2024-10-18,china_epu,114.544,daily,authorized_policy_uncertainty_proxy,2026-06-25T05:22:11.584014Z,2024-10-18T23:59:00Z
2024-10-20,global_epu,145.060003,daily,authorized_policy_uncertainty_proxy,2026-06-25T05:22:11.584014Z,2024-10-20T23:59:00Z
2024-10-20,china_epu,190.120006,daily,authorized_policy_uncertainty_proxy,2026-06-25T05:22:11.584014Z,2024-10-20T23:59:00Z
2024-10-21,global_epu,174.658002,daily,authorized_policy_uncertainty_proxy,2026-06-25T05:22:11.584014Z,2024-10-21T23:59:00Z
2024-10-21,china_epu,208.876005,daily,authorized_policy_uncertainty_proxy,2026-06-25T05:22:11.584014Z,2024-10-21T23:59:00Z
2024-10-22,global_epu,173.507486,daily,authorized_policy_uncertainty_proxy,2026-06-25T05:22:11.584014Z,2024-10-22T23:59:00Z
2024-10-22,china_epu,208.614972,daily,authorized_policy_uncertainty_proxy,2026-06-25T05:22:11.584014Z,2024-10-22T23:59:00Z
2024-10-23,global_epu,182.513495,daily,authorized_policy_uncertainty_proxy,2026-06-25T05:22:11.584014Z,2024-10-23T23:59:00Z
2024-10-23,china_epu,214.14699,daily,authorized_policy_uncertainty_proxy,2026-06-25T05:22:11.584014Z,2024-10-23T23:59:00Z
2024-10-24,global_epu,180.674502,daily,authorized_policy_uncertainty_proxy,2026-06-25T05:22:11.584014Z,2024-10-24T23:59:00Z
2024-10-24,china_epu,212.389004,daily,authorized_policy_uncertainty_proxy,2026-06-25T05:22:11.584014Z,2024-10-24T23:59:00Z
2024-10-25,global_epu,144.772,daily,authorized_policy_uncertainty_proxy,2026-06-25T05:22:11.584014Z,2024-10-25T23:59:00Z
2024-10-25,china_epu,125.584,daily,authorized_policy_uncertainty_proxy,2026-06-25T05:22:11.584014Z,2024-10-25T23:59:00Z
2024-10-28,global_epu,186.827502,daily,authorized_policy_uncertainty_proxy,2026-06-25T05:22:11.584014Z,2024-10-28T23:59:00Z
2024-10-28,china_epu,216.055003,daily,authorized_policy_uncertainty_proxy,2026-06-25T05:22:11.584014Z,2024-10-28T23:59:00Z
2024-10-29,global_epu,183.518504,daily,authorized_policy_uncertainty_proxy,2026-06-25T05:22:11.584014Z,2024-10-29T23:59:00Z
2024-10-29,china_epu,214.957009,daily,authorized_policy_uncertainty_proxy,2026-06-25T05:22:11.584014Z,2024-10-29T23:59:00Z
2024-10-30,global_epu,192.197483,daily,authorized_policy_uncertainty_proxy,2026-06-25T05:22:11.584014Z,2024-10-30T23:59:00Z
2024-10-30,china_epu,220.194966,daily,authorized_policy_uncertainty_proxy,2026-06-25T05:22:11.584014Z,2024-10-30T23:59:00Z
2024-10-31,global_epu,214.653998,daily,authorized_policy_uncertainty_proxy,2026-06-25T05:22:11.584014Z,2024-10-31T23:59:00Z
2024-10-31,china_epu,231.387996,daily,authorized_policy_uncertainty_proxy,2026-06-25T05:22:11.584014Z,2024-10-31T23:59:00Z
2024-11-01,global_epu,204.179517,daily,authorized_policy_uncertainty_proxy,2026-06-25T05:22:11.584014Z,2024-11-01T23:59:00Z
2024-11-01,china_epu,225.799035,daily,authorized_policy_uncertainty_proxy,2026-06-25T05:22:11.584014Z,2024-11-01T23:59:00Z
2024-11-04,global_epu,205.259486,daily,authorized_policy_uncertainty_proxy,2026-06-25T05:22:11.584014Z,2024-11-04T23:59:00Z
2024-11-04,china_epu,226.758972,daily,authorized_policy_uncertainty_proxy,2026-06-25T05:22:11.584014Z,2024-11-04T23:59:00Z
2024-11-05,global_epu,190.950983,daily,authorized_policy_uncertainty_proxy,2026-06-25T05:22:11.584014Z,2024-11-05T23:59:00Z
2024-11-05,china_epu,216.021967,daily,authorized_policy_uncertainty_proxy,2026-06-25T05:22:11.584014Z,2024-11-05T23:59:00Z
2024-11-06,global_epu,155.833002,daily,authorized_policy_uncertainty_proxy,2026-06-25T05:22:11.584014Z,2024-11-06T23:59:00Z
2024-11-06,china_epu,196.426005,daily,authorized_policy_uncertainty_proxy,2026-06-25T05:22:11.584014Z,2024-11-06T23:59:00Z
2024-11-07,global_epu,152.447493,daily,authorized_policy_uncertainty_proxy,2026-06-25T05:22:11.584014Z,2024-11-07T23:59:00Z
2024-11-07,china_epu,202.494986,daily,authorized_policy_uncertainty_proxy,2026-06-25T05:22:11.584014Z,2024-11-07T23:59:00Z
2024-11-08,global_epu,148.090005,daily,authorized_policy_uncertainty_proxy,2026-06-25T05:22:11.584014Z,2024-11-08T23:59:00Z
2024-11-08,china_epu,196.18001,daily,authorized_policy_uncertainty_proxy,2026-06-25T05:22:11.584014Z,2024-11-08T23:59:00Z
2024-11-11,global_epu,150.864983,daily,authorized_policy_uncertainty_proxy,2026-06-25T05:22:11.584014Z,2024-11-11T23:59:00Z
2024-11-11,china_epu,201.729965,daily,authorized_policy_uncertainty_proxy,2026-06-25T05:22:11.584014Z,2024-11-11T23:59:00Z
2024-11-12,global_epu,153.332508,daily,authorized_policy_uncertainty_proxy,2026-06-25T05:22:11.584014Z,2024-11-12T23:59:00Z
2024-11-12,china_epu,206.665015,daily,authorized_policy_uncertainty_proxy,2026-06-25T05:22:11.584014Z,2024-11-12T23:59:00Z
2024-11-13,global_epu,154.869986,daily,authorized_policy_uncertainty_proxy,2026-06-25T05:22:11.584014Z,2024-11-13T23:59:00Z
2024-11-13,china_epu,209.739971,daily,authorized_policy_uncertainty_proxy,2026-06-25T05:22:11.584014Z,2024-11-13T23:59:00Z
2024-11-14,global_epu,154.262483,daily,authorized_policy_uncertainty_proxy,2026-06-25T05:22:11.584014Z,2024-11-14T23:59:00Z
2024-11-14,china_epu,208.524966,daily,authorized_policy_uncertainty_proxy,2026-06-25T05:22:11.584014Z,2024-11-14T23:59:00Z
2024-11-15,global_epu,164.265991,daily,authorized_policy_uncertainty_proxy,2026-06-25T05:22:11.584014Z,2024-11-15T23:59:00Z
2024-11-15,china_epu,214.851983,daily,authorized_policy_uncertainty_proxy,2026-06-25T05:22:11.584014Z,2024-11-15T23:59:00Z
2024-11-18,global_epu,159.696996,daily,authorized_policy_uncertainty_proxy,2026-06-25T05:22:11.584014Z,2024-11-18T23:59:00Z
2024-11-18,china_epu,212.433992,daily,authorized_policy_uncertainty_proxy,2026-06-25T05:22:11.584014Z,2024-11-18T23:59:00Z
2024-11-19,global_epu,166.495015,daily,authorized_policy_uncertainty_proxy,2026-06-25T05:22:11.584014Z,2024-11-19T23:59:00Z
2024-11-19,china_epu,216.79003,daily,authorized_policy_uncertainty_proxy,2026-06-25T05:22:11.584014Z,2024-11-19T23:59:00Z
2024-11-20,global_epu,173.501504,daily,authorized_policy_uncertainty_proxy,2026-06-25T05:22:11.584014Z,2024-11-20T23:59:00Z
2024-11-20,china_epu,221.083008,daily,authorized_policy_uncertainty_proxy,2026-06-25T05:22:11.584014Z,2024-11-20T23:59:00Z
2024-11-21,global_epu,171.507997,daily,authorized_policy_uncertainty_proxy,2026-06-25T05:22:11.584014Z,2024-11-21T23:59:00Z
2024-11-21,china_epu,220.575994,daily,authorized_policy_uncertainty_proxy,2026-06-25T05:22:11.584014Z,2024-11-21T23:59:00Z
2024-11-22,global_epu,157.043485,daily,authorized_policy_uncertainty_proxy,2026-06-25T05:22:11.584014Z,2024-11-22T23:59:00Z
2024-11-22,china_epu,211.20697,daily,authorized_policy_uncertainty_proxy,2026-06-25T05:22:11.584014Z,2024-11-22T23:59:00Z
2024-11-25,global_epu,155.650008,daily,authorized_policy_uncertainty_proxy,2026-06-25T05:22:11.584014Z,2024-11-25T23:59:00Z
2024-11-25,china_epu,211.300015,daily,authorized_policy_uncertainty_proxy,2026-06-25T05:22:11.584014Z,2024-11-25T23:59:00Z
2024-11-26,global_epu,155.462503,daily,authorized_policy_uncertainty_proxy,2026-06-25T05:22:11.584014Z,2024-11-26T23:59:00Z
2024-11-26,china_epu,210.925007,daily,authorized_policy_uncertainty_proxy,2026-06-25T05:22:11.584014Z,2024-11-26T23:59:00Z
2024-11-27,global_epu,156.399989,daily,authorized_policy_uncertainty_proxy,2026-06-25T05:22:11.584014Z,2024-11-27T23:59:00Z
2024-11-27,china_epu,212.799978,daily,authorized_policy_uncertainty_proxy,2026-06-25T05:22:11.584014Z,2024-11-27T23:59:00Z
2024-11-28,global_epu,155.965006,daily,authorized_policy_uncertainty_proxy,2026-06-25T05:22:11.584014Z,2024-11-28T23:59:00Z
2024-11-28,china_epu,211.930013,daily,authorized_policy_uncertainty_proxy,2026-06-25T05:22:11.584014Z,2024-11-28T23:59:00Z
2024-11-29,global_epu,155.717492,daily,authorized_policy_uncertainty_proxy,2026-06-25T05:22:11.584014Z,2024-11-29T23:59:00Z
2024-11-29,china_epu,211.434984,daily,authorized_policy_uncertainty_proxy,2026-06-25T05:22:11.584014Z,2024-11-29T23:59:00Z
2024-12-02,global_epu,155.552483,daily,authorized_policy_uncertainty_proxy,2026-06-25T05:22:11.584014Z,2024-12-02T23:59:00Z
2024-12-02,china_epu,211.104965,daily,authorized_policy_uncertainty_proxy,2026-06-25T05:22:11.584014Z,2024-12-02T23:59:00Z
2024-12-03,global_epu,157.817483,daily,authorized_policy_uncertainty_proxy,2026-06-25T05:22:11.584014Z,2024-12-03T23:59:00Z
2024-12-03,china_epu,215.634966,daily,authorized_policy_uncertainty_proxy,2026-06-25T05:22:11.584014Z,2024-12-03T23:59:00Z
2024-12-04,global_epu,158.785009,daily,authorized_policy_uncertainty_proxy,2026-06-25T05:22:11.584014Z,2024-12-04T23:59:00Z
2024-12-04,china_epu,217.570019,daily,authorized_policy_uncertainty_proxy,2026-06-25T05:22:11.584014Z,2024-12-04T23:59:00Z
2024-12-05,global_epu,157.225001,daily,authorized_policy_uncertainty_proxy,2026-06-25T05:22:11.584014Z,2024-12-05T23:59:00Z
2024-12-05,china_epu,214.450002,daily,authorized_policy_uncertainty_proxy,2026-06-25T05:22:11.584014Z,2024-12-05T23:59:00Z
2024-12-06,global_epu,156.940007,daily,authorized_policy_uncertainty_proxy,2026-06-25T05:22:11.584014Z,2024-12-06T23:59:00Z
2024-12-06,china_epu,213.880014,daily,authorized_policy_uncertainty_proxy,2026-06-25T05:22:11.584014Z,2024-12-06T23:59:00Z
2024-12-09,global_epu,157.697499,daily,authorized_policy_uncertainty_proxy,2026-06-25T05:22:11.584014Z,2024-12-09T23:59:00Z
2024-12-09,china_epu,215.394998,daily,authorized_policy_uncertainty_proxy,2026-06-25T05:22:11.584014Z,2024-12-09T23:59:00Z
2024-12-10,global_epu,156.962502,daily,authorized_policy_uncertainty_proxy,2026-06-25T05:22:11.584014Z,2024-12-10T23:59:00Z
2024-12-10,china_epu,213.925004,daily,authorized_policy_uncertainty_proxy,2026-06-25T05:22:11.584014Z,2024-12-10T23:59:00Z
2024-12-11,global_epu,156.152511,daily,authorized_policy_uncertainty_proxy,2026-06-25T05:22:11.584014Z,2024-12-11T23:59:00Z
2024-12-11,china_epu,212.305021,daily,authorized_policy_uncertainty_proxy,2026-06-25T05:22:11.584014Z,2024-12-11T23:59:00Z
2024-12-12,global_epu,157.082486,daily,authorized_policy_uncertainty_proxy,2026-06-25T05:22:11.584014Z,2024-12-12T23:59:00Z
2024-12-12,china_epu,214.164972,daily,authorized_policy_uncertainty_proxy,2026-06-25T05:22:11.584014Z,2024-12-12T23:59:00Z
2024-12-13,global_epu,157.570004,daily,authorized_policy_uncertainty_proxy,2026-06-25T05:22:11.584014Z,2024-12-13T23:59:00Z
2024-12-13,china_epu,215.140009,daily,authorized_policy_uncertainty_proxy,2026-06-25T05:22:11.584014Z,2024-12-13T23:59:00Z
2024-12-16,global_epu,158.132517,daily,authorized_policy_uncertainty_proxy,2026-06-25T05:22:11.584014Z,2024-12-16T23:59:00Z
2024-12-16,china_epu,216.265035,daily,authorized_policy_uncertainty_proxy,2026-06-25T05:22:11.584014Z,2024-12-16T23:59:00Z
2024-12-17,global_epu,165.98801,daily,authorized_policy_uncertainty_proxy,2026-06-25T05:22:11.584014Z,2024-12-17T23:59:00Z
2024-12-17,china_epu,221.53602,daily,authorized_policy_uncertainty_proxy,2026-06-25T05:22:11.584014Z,2024-12-17T23:59:00Z
2024-12-18,global_epu,264.852984,daily,authorized_policy_uncertainty_proxy,2026-06-25T05:22:11.584014Z,2024-12-18T23:59:00Z
2024-12-18,china_epu,278.265967,daily,authorized_policy_uncertainty_proxy,2026-06-25T05:22:11.584014Z,2024-12-18T23:59:00Z
2024-12-19,global_epu,235.260994,daily,authorized_policy_uncertainty_proxy,2026-06-25T05:22:11.584014Z,2024-12-19T23:59:00Z
2024-12-19,china_epu,261.441987,daily,authorized_policy_uncertainty_proxy,2026-06-25T05:22:11.584014Z,2024-12-19T23:59:00Z
2024-12-20,global_epu,187.879011,daily,authorized_policy_uncertainty_proxy,2026-06-25T05:22:11.584014Z,2024-12-20T23:59:00Z
2024-12-20,china_epu,235.438021,daily,authorized_policy_uncertainty_proxy,2026-06-25T05:22:11.584014Z,2024-12-20T23:59:00Z
2024-12-23,global_epu,174.607011,daily,authorized_policy_uncertainty_proxy,2026-06-25T05:22:11.584014Z,2024-12-23T23:59:00Z
2024-12-23,china_epu,227.854021,daily,authorized_policy_uncertainty_proxy,2026-06-25T05:22:11.584014Z,2024-12-23T23:59:00Z
2024-12-24,global_epu,159.774995,daily,authorized_policy_uncertainty_proxy,2026-06-25T05:22:11.584014Z,2024-12-24T23:59:00Z
2024-12-24,china_epu,219.54999,daily,authorized_policy_uncertainty_proxy,2026-06-25T05:22:11.584014Z,2024-12-24T23:59:00Z
2024-12-25,global_epu,159.595001,daily,authorized_policy_uncertainty_proxy,2026-06-25T05:22:11.584014Z,2024-12-25T23:59:00Z
2024-12-25,china_epu,219.190001,daily,authorized_policy_uncertainty_proxy,2026-06-25T05:22:11.584014Z,2024-12-25T23:59:00Z
2024-12-26,global_epu,159.790015,daily,authorized_policy_uncertainty_proxy,2026-06-25T05:22:11.584014Z,2024-12-26T23:59:00Z
2024-12-26,china_epu,219.58003,daily,authorized_policy_uncertainty_proxy,2026-06-25T05:22:11.584014Z,2024-12-26T23:59:00Z
2024-12-27,global_epu,167.77749,daily,authorized_policy_uncertainty_proxy,2026-06-25T05:22:11.584014Z,2024-12-27T23:59:00Z
2024-12-27,china_epu,224.154979,daily,authorized_policy_uncertainty_proxy,2026-06-25T05:22:11.584014Z,2024-12-27T23:59:00Z
2024-12-30,global_epu,179.995005,daily,authorized_policy_uncertainty_proxy,2026-06-25T05:22:11.584014Z,2024-12-30T23:59:00Z
2024-12-30,china_epu,231.19001,daily,authorized_policy_uncertainty_proxy,2026-06-25T05:22:11.584014Z,2024-12-30T23:59:00Z
2024-12-31,global_epu,179.5975,daily,authorized_policy_uncertainty_proxy,2026-06-25T05:22:11.584014Z,2024-12-31T23:59:00Z
2024-12-31,china_epu,230.994999,daily,authorized_policy_uncertainty_proxy,2026-06-25T05:22:11.584014Z,2024-12-31T23:59:00Z
2025-01-02,global_epu,184.4695,daily,authorized_policy_uncertainty_proxy,2026-06-25T05:22:11.584014Z,2025-01-02T23:59:00Z
2025-01-02,china_epu,233.778999,daily,authorized_policy_uncertainty_proxy,2026-06-25T05:22:11.584014Z,2025-01-02T23:59:00Z
2025-01-03,global_epu,169.387015,daily,authorized_policy_uncertainty_proxy,2026-06-25T05:22:11.584014Z,2025-01-03T23:59:00Z
2025-01-03,china_epu,225.21403,daily,authorized_policy_uncertainty_proxy,2026-06-25T05:22:11.584014Z,2025-01-03T23:59:00Z
2025-01-06,global_epu,170.206008,daily,authorized_policy_uncertainty_proxy,2026-06-25T05:22:11.584014Z,2025-01-06T23:59:00Z
2025-01-06,china_epu,227.932016,daily,authorized_policy_uncertainty_proxy,2026-06-25T05:22:11.584014Z,2025-01-06T23:59:00Z
2025-01-07,global_epu,185.360497,daily,authorized_policy_uncertainty_proxy,2026-06-25T05:22:11.584014Z,2025-01-07T23:59:00Z
2025-01-07,china_epu,236.880994,daily,authorized_policy_uncertainty_proxy,2026-06-25T05:22:11.584014Z,2025-01-07T23:59:00Z
2025-01-08,global_epu,184.659985,daily,authorized_policy_uncertainty_proxy,2026-06-25T05:22:11.584014Z,2025-01-08T23:59:00Z
2025-01-08,china_epu,236.91997,daily,authorized_policy_uncertainty_proxy,2026-06-25T05:22:11.584014Z,2025-01-08T23:59:00Z
2025-01-09,global_epu,188.150504,daily,authorized_policy_uncertainty_proxy,2026-06-25T05:22:11.584014Z,2025-01-09T23:59:00Z
2025-01-09,china_epu,239.461008,daily,authorized_policy_uncertainty_proxy,2026-06-25T05:22:11.584014Z,2025-01-09T23:59:00Z
2025-01-10,global_epu,200.543494,daily,authorized_policy_uncertainty_proxy,2026-06-25T05:22:11.584014Z,2025-01-10T23:59:00Z
2025-01-10,china_epu,246.606987,daily,authorized_policy_uncertainty_proxy,2026-06-25T05:22:11.584014Z,2025-01-10T23:59:00Z
2025-01-13,global_epu,197.573489,daily,authorized_policy_uncertainty_proxy,2026-06-25T05:22:11.584014Z,2025-01-13T23:59:00Z
2025-01-13,china_epu,244.866977,daily,authorized_policy_uncertainty_proxy,2026-06-25T05:22:11.584014Z,2025-01-13T23:59:00Z
2025-01-14,global_epu,193.39901,daily,authorized_policy_uncertainty_proxy,2026-06-25T05:22:11.584014Z,2025-01-14T23:59:00Z
2025-01-14,china_epu,242.278019,daily,authorized_policy_uncertainty_proxy,2026-06-25T05:22:11.584014Z,2025-01-14T23:59:00Z
2025-01-15,global_epu,171.725514,daily,authorized_policy_uncertainty_proxy,2026-06-25T05:22:11.584014Z,2025-01-15T23:59:00Z
2025-01-15,china_epu,230.011029,daily,authorized_policy_uncertainty_proxy,2026-06-25T05:22:11.584014Z,2025-01-15T23:59:00Z
2025-01-16,global_epu,175.697504,daily,authorized_policy_uncertainty_proxy,2026-06-25T05:22:11.584014Z,2025-01-16T23:59:00Z
2025-01-16,china_epu,232.195009,daily,authorized_policy_uncertainty_proxy,2026-06-25T05:22:11.584014Z,2025-01-16T23:59:00Z
2025-01-17,global_epu,170.472989,daily,authorized_policy_uncertainty_proxy,2026-06-25T05:22:11.584014Z,2025-01-17T23:59:00Z
2025-01-17,china_epu,229.305978,daily,authorized_policy_uncertainty_proxy,2026-06-25T05:22:11.584014Z,2025-01-17T23:59:00Z
2025-01-20,global_epu,168.603991,daily,authorized_policy_uncertainty_proxy,2026-06-25T05:22:11.584014Z,2025-01-20T23:59:00Z
2025-01-20,china_epu,227.487982,daily,authorized_policy_uncertainty_proxy,2026-06-25T05:22:11.584014Z,2025-01-20T23:59:00Z
2025-01-21,global_epu,161.50151,daily,authorized_policy_uncertainty_proxy,2026-06-25T05:22:11.584014Z,2025-01-21T23:59:00Z
2025-01-21,china_epu,222.28302,daily,authorized_policy_uncertainty_proxy,2026-06-25T05:22:11.584014Z,2025-01-21T23:59:00Z
2025-01-22,global_epu,158.680014,daily,authorized_policy_uncertainty_proxy,2026-06-25T05:22:11.584014Z,2025-01-22T23:59:00Z
2025-01-22,china_epu,216.160027,daily,authorized_policy_uncertainty_proxy,2026-06-25T05:22:11.584014Z,2025-01-22T23:59:00Z
2025-01-23,global_epu,158.008014,daily,authorized_policy_uncertainty_proxy,2026-06-25T05:22:11.584014Z,2025-01-23T23:59:00Z
2025-01-23,china_epu,215.776027,daily,authorized_policy_uncertainty_proxy,2026-06-25T05:22:11.584014Z,2025-01-23T23:59:00Z
2025-01-24,global_epu,158.965003,daily,authorized_policy_uncertainty_proxy,2026-06-25T05:22:11.584014Z,2025-01-24T23:59:00Z
2025-01-24,china_epu,217.930007,daily,authorized_policy_uncertainty_proxy,2026-06-25T05:22:11.584014Z,2025-01-24T23:59:00Z
2025-01-27,global_epu,180.092512,daily,authorized_policy_uncertainty_proxy,2026-06-25T05:22:11.584014Z,2025-01-27T23:59:00Z
2025-01-27,china_epu,225.385025,daily,authorized_policy_uncertainty_proxy,2026-06-25T05:22:11.584014Z,2025-01-27T23:59:00Z
2025-01-28,global_epu,168.1465,daily,authorized_policy_uncertainty_proxy,2026-06-25T05:22:11.584014Z,2025-01-28T23:59:00Z
2025-01-28,china_epu,219.373,daily,authorized_policy_uncertainty_proxy,2026-06-25T05:22:11.584014Z,2025-01-28T23:59:00Z
2025-01-29,global_epu,169.368985,daily,authorized_policy_uncertainty_proxy,2026-06-25T05:22:11.584014Z,2025-01-29T23:59:00Z
2025-01-29,china_epu,220.017969,daily,authorized_policy_uncertainty_proxy,2026-06-25T05:22:11.584014Z,2025-01-29T23:59:00Z
2025-01-30,global_epu,157.231011,daily,authorized_policy_uncertainty_proxy,2026-06-25T05:22:11.584014Z,2025-01-30T23:59:00Z
2025-01-30,china_epu,204.382022,daily,authorized_policy_uncertainty_proxy,2026-06-25T05:22:11.584014Z,2025-01-30T23:59:00Z
2025-01-31,global_epu,163.079507,daily,authorized_policy_uncertainty_proxy,2026-06-25T05:22:11.584014Z,2025-01-31T23:59:00Z
2025-01-31,china_epu,208.999015,daily,authorized_policy_uncertainty_proxy,2026-06-25T05:22:11.584014Z,2025-01-31T23:59:00Z
2025-02-03,global_epu,181.843006,daily,authorized_policy_uncertainty_proxy,2026-06-25T05:22:11.584014Z,2025-02-03T23:59:00Z
2025-02-03,china_epu,220.246011,daily,authorized_policy_uncertainty_proxy,2026-06-25T05:22:11.584014Z,2025-02-03T23:59:00Z
2025-02-04,global_epu,170.689013,daily,authorized_policy_uncertainty_proxy,2026-06-25T05:22:11.584014Z,2025-02-04T23:59:00Z
2025-02-04,china_epu,214.858026,daily,authorized_policy_uncertainty_proxy,2026-06-25T05:22:11.584014Z,2025-02-04T23:59:00Z
2025-02-05,global_epu,157.610502,daily,authorized_policy_uncertainty_proxy,2026-06-25T05:22:11.584014Z,2025-02-05T23:59:00Z
2025-02-05,china_epu,205.981004,daily,authorized_policy_uncertainty_proxy,2026-06-25T05:22:11.584014Z,2025-02-05T23:59:00Z
2025-02-06,global_epu,161.987514,daily,authorized_policy_uncertainty_proxy,2026-06-25T05:22:11.584014Z,2025-02-06T23:59:00Z
2025-02-06,china_epu,217.975027,daily,authorized_policy_uncertainty_proxy,2026-06-25T05:22:11.584014Z,2025-02-06T23:59:00Z
2025-02-07,global_epu,172.020988,daily,authorized_policy_uncertainty_proxy,2026-06-25T05:22:11.584014Z,2025-02-07T23:59:00Z
2025-02-07,china_epu,225.561975,daily,authorized_policy_uncertainty_proxy,2026-06-25T05:22:11.584014Z,2025-02-07T23:59:00Z
2025-02-10,global_epu,165.813993,daily,authorized_policy_uncertainty_proxy,2026-06-25T05:22:11.584014Z,2025-02-10T23:59:00Z
2025-02-10,china_epu,221.907986,daily,authorized_policy_uncertainty_proxy,2026-06-25T05:22:11.584014Z,2025-02-10T23:59:00Z
2025-02-11,global_epu,168.905508,daily,authorized_policy_uncertainty_proxy,2026-06-25T05:22:11.584014Z,2025-02-11T23:59:00Z
2025-02-11,china_epu,225.571015,daily,authorized_policy_uncertainty_proxy,2026-06-25T05:22:11.584014Z,2025-02-11T23:59:00Z
2025-02-12,global_epu,168.015997,daily,authorized_policy_uncertainty_proxy,2026-06-25T05:22:11.584014Z,2025-02-12T23:59:00Z
2025-02-12,china_epu,225.351993,daily,authorized_policy_uncertainty_proxy,2026-06-25T05:22:11.584014Z,2025-02-12T23:59:00Z
2025-02-13,global_epu,161.500017,daily,authorized_policy_uncertainty_proxy,2026-06-25T05:22:11.584014Z,2025-02-13T23:59:00Z
2025-02-13,china_epu,221.800033,daily,authorized_policy_uncertainty_proxy,2026-06-25T05:22:11.584014Z,2025-02-13T23:59:00Z
2025-02-14,global_epu,159.159982,daily,authorized_policy_uncertainty_proxy,2026-06-25T05:22:11.584014Z,2025-02-14T23:59:00Z
2025-02-14,china_epu,218.319964,daily,authorized_policy_uncertainty_proxy,2026-06-25T05:22:11.584014Z,2025-02-14T23:59:00Z
2025-02-17,global_epu,159.582984,daily,authorized_policy_uncertainty_proxy,2026-06-25T05:22:11.584014Z,2025-02-17T23:59:00Z
2025-02-17,china_epu,214.725967,daily,authorized_policy_uncertainty_proxy,2026-06-25T05:22:11.584014Z,2025-02-17T23:59:00Z
2025-02-18,global_epu,159.414984,daily,authorized_policy_uncertainty_proxy,2026-06-25T05:22:11.584014Z,2025-02-18T23:59:00Z
2025-02-18,china_epu,214.629967,daily,authorized_policy_uncertainty_proxy,2026-06-25T05:22:11.584014Z,2025-02-18T23:59:00Z
2025-02-19,global_epu,160.663016,daily,authorized_policy_uncertainty_proxy,2026-06-25T05:22:11.584014Z,2025-02-19T23:59:00Z
2025-02-19,china_epu,218.086032,daily,authorized_policy_uncertainty_proxy,2026-06-25T05:22:11.584014Z,2025-02-19T23:59:00Z
2025-02-20,global_epu,164.291494,daily,authorized_policy_uncertainty_proxy,2026-06-25T05:22:11.584014Z,2025-02-20T23:59:00Z
2025-02-20,china_epu,220.662988,daily,authorized_policy_uncertainty_proxy,2026-06-25T05:22:11.584014Z,2025-02-20T23:59:00Z
2025-02-21,global_epu,183.626488,daily,authorized_policy_uncertainty_proxy,2026-06-25T05:22:11.584014Z,2025-02-21T23:59:00Z
2025-02-21,china_epu,228.732976,daily,authorized_policy_uncertainty_proxy,2026-06-25T05:22:11.584014Z,2025-02-21T23:59:00Z
2025-02-24,global_epu,189.682,daily,authorized_policy_uncertainty_proxy,2026-06-25T05:22:11.584014Z,2025-02-24T23:59:00Z
2025-02-24,china_epu,231.604,daily,authorized_policy_uncertainty_proxy,2026-06-25T05:22:11.584014Z,2025-02-24T23:59:00Z
2025-02-25,global_epu,193.282006,daily,authorized_policy_uncertainty_proxy,2026-06-25T05:22:11.584014Z,2025-02-25T23:59:00Z
2025-02-25,china_epu,233.404012,daily,authorized_policy_uncertainty_proxy,2026-06-25T05:22:11.584014Z,2025-02-25T23:59:00Z
2025-02-26,global_epu,190.510006,daily,authorized_policy_uncertainty_proxy,2026-06-25T05:22:11.584014Z,2025-02-26T23:59:00Z
2025-02-26,china_epu,231.820012,daily,authorized_policy_uncertainty_proxy,2026-06-25T05:22:11.584014Z,2025-02-26T23:59:00Z
2025-02-27,global_epu,208.341992,daily,authorized_policy_uncertainty_proxy,2026-06-25T05:22:11.584014Z,2025-02-27T23:59:00Z
2025-02-27,china_epu,243.123985,daily,authorized_policy_uncertainty_proxy,2026-06-25T05:22:11.584014Z,2025-02-27T23:59:00Z
2025-02-28,global_epu,197.789483,daily,authorized_policy_uncertainty_proxy,2026-06-25T05:22:11.584014Z,2025-02-28T23:59:00Z
2025-02-28,china_epu,240.018967,daily,authorized_policy_uncertainty_proxy,2026-06-25T05:22:11.584014Z,2025-02-28T23:59:00Z
2025-03-03,global_epu,224.062015,daily,authorized_policy_uncertainty_proxy,2026-06-25T05:22:11.584014Z,2025-03-03T23:59:00Z
2025-03-03,china_epu,254.76403,daily,authorized_policy_uncertainty_proxy,2026-06-25T05:22:11.584014Z,2025-03-03T23:59:00Z
2025-03-04,global_epu,230.306489,daily,authorized_policy_uncertainty_proxy,2026-06-25T05:22:11.584014Z,2025-03-04T23:59:00Z
2025-03-04,china_epu,258.492978,daily,authorized_policy_uncertainty_proxy,2026-06-25T05:22:11.584014Z,2025-03-04T23:59:00Z
2025-03-05,global_epu,215.5945,daily,authorized_policy_uncertainty_proxy,2026-06-25T05:22:11.584014Z,2025-03-05T23:59:00Z
2025-03-05,china_epu,248.029,daily,authorized_policy_uncertainty_proxy,2026-06-25T05:22:11.584014Z,2025-03-05T23:59:00Z
2025-03-06,global_epu,239.20299,daily,authorized_policy_uncertainty_proxy,2026-06-25T05:22:11.584014Z,2025-03-06T23:59:00Z
2025-03-06,china_epu,259.965979,daily,authorized_policy_uncertainty_proxy,2026-06-25T05:22:11.584014Z,2025-03-06T23:59:00Z
2025-03-07,global_epu,226.60299,daily,authorized_policy_uncertainty_proxy,2026-06-25T05:22:11.584014Z,2025-03-07T23:59:00Z
2025-03-07,china_epu,252.765979,daily,authorized_policy_uncertainty_proxy,2026-06-25T05:22:11.584014Z,2025-03-07T23:59:00Z
2025-03-10,global_epu,263.074015,daily,authorized_policy_uncertainty_proxy,2026-06-25T05:22:11.584014Z,2025-03-10T23:59:00Z
2025-03-10,china_epu,271.828031,daily,authorized_policy_uncertainty_proxy,2026-06-25T05:22:11.584014Z,2025-03-10T23:59:00Z
2025-03-11,global_epu,257.060497,daily,authorized_policy_uncertainty_proxy,2026-06-25T05:22:11.584014Z,2025-03-11T23:59:00Z
2025-03-11,china_epu,271.080994,daily,authorized_policy_uncertainty_proxy,2026-06-25T05:22:11.584014Z,2025-03-11T23:59:00Z
2025-03-12,global_epu,234.464497,daily,authorized_policy_uncertainty_proxy,2026-06-25T05:22:11.584014Z,2025-03-12T23:59:00Z
2025-03-12,china_epu,258.168994,daily,authorized_policy_uncertainty_proxy,2026-06-25T05:22:11.584014Z,2025-03-12T23:59:00Z
2025-03-13,global_epu,236.426509,daily,authorized_policy_uncertainty_proxy,2026-06-25T05:22:11.584014Z,2025-03-13T23:59:00Z
2025-03-13,china_epu,256.933019,daily,authorized_policy_uncertainty_proxy,2026-06-25T05:22:11.584014Z,2025-03-13T23:59:00Z
2025-03-14,global_epu,212.150509,daily,authorized_policy_uncertainty_proxy,2026-06-25T05:22:11.584014Z,2025-03-14T23:59:00Z
2025-03-14,china_epu,243.061019,daily,authorized_policy_uncertainty_proxy,2026-06-25T05:22:11.584014Z,2025-03-14T23:59:00Z
2025-03-17,global_epu,201.566509,daily,authorized_policy_uncertainty_proxy,2026-06-25T05:22:11.584014Z,2025-03-17T23:59:00Z
2025-03-17,china_epu,237.013019,daily,authorized_policy_uncertainty_proxy,2026-06-25T05:22:11.584014Z,2025-03-17T23:59:00Z
2025-03-18,global_epu,211.23249,daily,authorized_policy_uncertainty_proxy,2026-06-25T05:22:11.584014Z,2025-03-18T23:59:00Z
2025-03-18,china_epu,242.064981,daily,authorized_policy_uncertainty_proxy,2026-06-25T05:22:11.584014Z,2025-03-18T23:59:00Z
2025-03-19,global_epu,195.707513,daily,authorized_policy_uncertainty_proxy,2026-06-25T05:22:11.584014Z,2025-03-19T23:59:00Z
2025-03-19,china_epu,232.615025,daily,authorized_policy_uncertainty_proxy,2026-06-25T05:22:11.584014Z,2025-03-19T23:59:00Z
2025-03-20,global_epu,195.070001,daily,authorized_policy_uncertainty_proxy,2026-06-25T05:22:11.584014Z,2025-03-20T23:59:00Z
2025-03-20,china_epu,232.540003,daily,authorized_policy_uncertainty_proxy,2026-06-25T05:22:11.584014Z,2025-03-20T23:59:00Z
2025-03-21,global_epu,192.029516,daily,authorized_policy_uncertainty_proxy,2026-06-25T05:22:11.584014Z,2025-03-21T23:59:00Z
2025-03-21,china_epu,232.699032,daily,authorized_policy_uncertainty_proxy,2026-06-25T05:22:11.584014Z,2025-03-21T23:59:00Z
2025-03-24,global_epu,176.96949,daily,authorized_policy_uncertainty_proxy,2026-06-25T05:22:11.584014Z,2025-03-24T23:59:00Z
2025-03-24,china_epu,224.178981,daily,authorized_policy_uncertainty_proxy,2026-06-25T05:22:11.584014Z,2025-03-24T23:59:00Z
2025-03-25,global_epu,174.534984,daily,authorized_policy_uncertainty_proxy,2026-06-25T05:22:11.584014Z,2025-03-25T23:59:00Z
2025-03-25,china_epu,223.269967,daily,authorized_policy_uncertainty_proxy,2026-06-25T05:22:11.584014Z,2025-03-25T23:59:00Z
2025-03-26,global_epu,184.739488,daily,authorized_policy_uncertainty_proxy,2026-06-25T05:22:11.584014Z,2025-03-26T23:59:00Z
2025-03-26,china_epu,229.518975,daily,authorized_policy_uncertainty_proxy,2026-06-25T05:22:11.584014Z,2025-03-26T23:59:00Z
2025-03-27,global_epu,187.763488,daily,authorized_policy_uncertainty_proxy,2026-06-25T05:22:11.584014Z,2025-03-27T23:59:00Z
2025-03-27,china_epu,231.246975,daily,authorized_policy_uncertainty_proxy,2026-06-25T05:22:11.584014Z,2025-03-27T23:59:00Z
2025-03-28,global_epu,213.107496,daily,authorized_policy_uncertainty_proxy,2026-06-25T05:22:11.584014Z,2025-03-28T23:59:00Z
2025-03-28,china_epu,246.414991,daily,authorized_policy_uncertainty_proxy,2026-06-25T05:22:11.584014Z,2025-03-28T23:59:00Z
2025-03-30,global_epu,157.210016,daily,authorized_policy_uncertainty_proxy,2026-06-25T05:22:11.584014Z,2025-03-30T23:59:00Z
2025-03-30,china_epu,214.420033,daily,authorized_policy_uncertainty_proxy,2026-06-25T05:22:11.584014Z,2025-03-30T23:59:00Z
2025-03-31,global_epu,217.904503,daily,authorized_policy_uncertainty_proxy,2026-06-25T05:22:11.584014Z,2025-03-31T23:59:00Z
2025-03-31,china_epu,248.449006,daily,authorized_policy_uncertainty_proxy,2026-06-25T05:22:11.584014Z,2025-03-31T23:59:00Z
2025-04-01,global_epu,214.595504,daily,authorized_policy_uncertainty_proxy,2026-06-25T05:22:11.584014Z,2025-04-01T23:59:00Z
2025-04-01,china_epu,247.951008,daily,authorized_policy_uncertainty_proxy,2026-06-25T05:22:11.584014Z,2025-04-01T23:59:00Z
2025-04-02,global_epu,212.246494,daily,authorized_policy_uncertainty_proxy,2026-06-25T05:22:11.584014Z,2025-04-02T23:59:00Z
2025-04-02,china_epu,246.372989,daily,authorized_policy_uncertainty_proxy,2026-06-25T05:22:11.584014Z,2025-04-02T23:59:00Z
2025-04-03,global_epu,283.730494,daily,authorized_policy_uncertainty_proxy,2026-06-25T05:22:11.584014Z,2025-04-03T23:59:00Z
2025-04-03,china_epu,287.220989,daily,authorized_policy_uncertainty_proxy,2026-06-25T05:22:11.584014Z,2025-04-03T23:59:00Z
2025-04-04,global_epu,310.0,daily,authorized_policy_uncertainty_proxy,2026-06-25T05:22:11.584014Z,2025-04-04T23:59:00Z
2025-04-04,china_epu,220.0,daily,authorized_policy_uncertainty_proxy,2026-06-25T05:22:11.584014Z,2025-04-04T23:59:00Z
2025-04-06,global_epu,158.597505,daily,authorized_policy_uncertainty_proxy,2026-06-25T05:22:11.584014Z,2025-04-06T23:59:00Z
2025-04-06,china_epu,217.19501,daily,authorized_policy_uncertainty_proxy,2026-06-25T05:22:11.584014Z,2025-04-06T23:59:00Z
2025-04-07,global_epu,370.607517,daily,authorized_policy_uncertainty_proxy,2026-06-25T05:22:11.584014Z,2025-04-07T23:59:00Z
2025-04-07,china_epu,341.215034,daily,authorized_policy_uncertainty_proxy,2026-06-25T05:22:11.584014Z,2025-04-07T23:59:00Z
2025-04-08,global_epu,372.909997,daily,authorized_policy_uncertainty_proxy,2026-06-25T05:22:11.584014Z,2025-04-08T23:59:00Z
2025-04-08,china_epu,345.819993,daily,authorized_policy_uncertainty_proxy,2026-06-25T05:22:11.584014Z,2025-04-08T23:59:00Z
2025-04-09,global_epu,320.157993,daily,authorized_policy_uncertainty_proxy,2026-06-25T05:22:11.584014Z,2025-04-09T23:59:00Z
2025-04-09,china_epu,316.875986,daily,authorized_policy_uncertainty_proxy,2026-06-25T05:22:11.584014Z,2025-04-09T23:59:00Z
2025-04-10,global_epu,371.05001,daily,authorized_policy_uncertainty_proxy,2026-06-25T05:22:11.584014Z,2025-04-10T23:59:00Z
2025-04-10,china_epu,342.100019,daily,authorized_policy_uncertainty_proxy,2026-06-25T05:22:11.584014Z,2025-04-10T23:59:00Z
2025-04-11,global_epu,289.504,daily,authorized_policy_uncertainty_proxy,2026-06-25T05:22:11.584014Z,2025-04-11T23:59:00Z
2025-04-11,china_epu,208.288,daily,authorized_policy_uncertainty_proxy,2026-06-25T05:22:11.584014Z,2025-04-11T23:59:00Z
2025-04-13,global_epu,159.370017,daily,authorized_policy_uncertainty_proxy,2026-06-25T05:22:11.584014Z,2025-04-13T23:59:00Z
2025-04-13,china_epu,218.740034,daily,authorized_policy_uncertainty_proxy,2026-06-25T05:22:11.584014Z,2025-04-13T23:59:00Z
2025-04-14,global_epu,294.36851,daily,authorized_policy_uncertainty_proxy,2026-06-25T05:22:11.584014Z,2025-04-14T23:59:00Z
2025-04-14,china_epu,298.057021,daily,authorized_policy_uncertainty_proxy,2026-06-25T05:22:11.584014Z,2025-04-14T23:59:00Z
2025-04-15,global_epu,287.90051,daily,authorized_policy_uncertainty_proxy,2026-06-25T05:22:11.584014Z,2025-04-15T23:59:00Z
2025-04-15,china_epu,294.361021,daily,authorized_policy_uncertainty_proxy,2026-06-25T05:22:11.584014Z,2025-04-15T23:59:00Z
2025-04-16,global_epu,309.06851,daily,authorized_policy_uncertainty_proxy,2026-06-25T05:22:11.584014Z,2025-04-16T23:59:00Z
2025-04-16,china_epu,306.457021,daily,authorized_policy_uncertainty_proxy,2026-06-25T05:22:11.584014Z,2025-04-16T23:59:00Z
2025-04-17,global_epu,223.06,daily,authorized_policy_uncertainty_proxy,2026-06-25T05:22:11.584014Z,2025-04-17T23:59:00Z
2025-04-17,china_epu,170.32,daily,authorized_policy_uncertainty_proxy,2026-06-25T05:22:11.584014Z,2025-04-17T23:59:00Z
2025-04-21,global_epu,318.012984,daily,authorized_policy_uncertainty_proxy,2026-06-25T05:22:11.584014Z,2025-04-21T23:59:00Z
2025-04-21,china_epu,310.185968,daily,authorized_policy_uncertainty_proxy,2026-06-25T05:22:11.584014Z,2025-04-21T23:59:00Z
2025-04-22,global_epu,291.673,daily,authorized_policy_uncertainty_proxy,2026-06-25T05:22:11.584014Z,2025-04-22T23:59:00Z
2025-04-22,china_epu,296.506,daily,authorized_policy_uncertainty_proxy,2026-06-25T05:22:11.584014Z,2025-04-22T23:59:00Z
2025-04-23,global_epu,271.929983,daily,authorized_policy_uncertainty_proxy,2026-06-25T05:22:11.584014Z,2025-04-23T23:59:00Z
2025-04-23,china_epu,282.459966,daily,authorized_policy_uncertainty_proxy,2026-06-25T05:22:11.584014Z,2025-04-23T23:59:00Z
2025-04-24,global_epu,255.297983,daily,authorized_policy_uncertainty_proxy,2026-06-25T05:22:11.584014Z,2025-04-24T23:59:00Z
2025-04-24,china_epu,272.955966,daily,authorized_policy_uncertainty_proxy,2026-06-25T05:22:11.584014Z,2025-04-24T23:59:00Z
2025-04-25,global_epu,182.656,daily,authorized_policy_uncertainty_proxy,2026-06-25T05:22:11.584014Z,2025-04-25T23:59:00Z
2025-04-25,china_epu,147.232,daily,authorized_policy_uncertainty_proxy,2026-06-25T05:22:11.584014Z,2025-04-25T23:59:00Z
2025-04-27,global_epu,158.979988,daily,authorized_policy_uncertainty_proxy,2026-06-25T05:22:11.584014Z,2025-04-27T23:59:00Z
2025-04-27,china_epu,217.959976,daily,authorized_policy_uncertainty_proxy,2026-06-25T05:22:11.584014Z,2025-04-27T23:59:00Z
2025-04-28,global_epu,244.810011,daily,authorized_policy_uncertainty_proxy,2026-06-25T05:22:11.584014Z,2025-04-28T23:59:00Z
2025-04-28,china_epu,267.820022,daily,authorized_policy_uncertainty_proxy,2026-06-25T05:22:11.584014Z,2025-04-28T23:59:00Z
2025-04-29,global_epu,234.703004,daily,authorized_policy_uncertainty_proxy,2026-06-25T05:22:11.584014Z,2025-04-29T23:59:00Z
2025-04-29,china_epu,259.366008,daily,authorized_policy_uncertainty_proxy,2026-06-25T05:22:11.584014Z,2025-04-29T23:59:00Z
2025-04-30,global_epu,239.274988,daily,authorized_policy_uncertainty_proxy,2026-06-25T05:22:11.584014Z,2025-04-30T23:59:00Z
2025-04-30,china_epu,262.149976,daily,authorized_policy_uncertainty_proxy,2026-06-25T05:22:11.584014Z,2025-04-30T23:59:00Z
2025-05-01,global_epu,238.434988,daily,authorized_policy_uncertainty_proxy,2026-06-25T05:22:11.584014Z,2025-05-01T23:59:00Z
2025-05-01,china_epu,261.669976,daily,authorized_policy_uncertainty_proxy,2026-06-25T05:22:11.584014Z,2025-05-01T23:59:00Z
2025-05-02,global_epu,164.512,daily,authorized_policy_uncertainty_proxy,2026-06-25T05:22:11.584014Z,2025-05-02T23:59:00Z
2025-05-02,china_epu,136.864,daily,authorized_policy_uncertainty_proxy,2026-06-25T05:22:11.584014Z,2025-05-02T23:59:00Z
2025-05-04,global_epu,157.794988,daily,authorized_policy_uncertainty_proxy,2026-06-25T05:22:11.584014Z,2025-05-04T23:59:00Z
2025-05-04,china_epu,215.589976,daily,authorized_policy_uncertainty_proxy,2026-06-25T05:22:11.584014Z,2025-05-04T23:59:00Z
2025-05-05,global_epu,230.325999,daily,authorized_policy_uncertainty_proxy,2026-06-25T05:22:11.584014Z,2025-05-05T23:59:00Z
2025-05-05,china_epu,256.971997,daily,authorized_policy_uncertainty_proxy,2026-06-25T05:22:11.584014Z,2025-05-05T23:59:00Z
2025-05-06,global_epu,235.706501,daily,authorized_policy_uncertainty_proxy,2026-06-25T05:22:11.584014Z,2025-05-06T23:59:00Z
2025-05-06,china_epu,254.293002,daily,authorized_policy_uncertainty_proxy,2026-06-25T05:22:11.584014Z,2025-05-06T23:59:00Z
2025-05-07,global_epu,226.210013,daily,authorized_policy_uncertainty_proxy,2026-06-25T05:22:11.584014Z,2025-05-07T23:59:00Z
2025-05-07,china_epu,249.820026,daily,authorized_policy_uncertainty_proxy,2026-06-25T05:22:11.584014Z,2025-05-07T23:59:00Z
2025-05-08,global_epu,217.222013,daily,authorized_policy_uncertainty_proxy,2026-06-25T05:22:11.584014Z,2025-05-08T23:59:00Z
2025-05-08,china_epu,244.684026,daily,authorized_policy_uncertainty_proxy,2026-06-25T05:22:11.584014Z,2025-05-08T23:59:00Z
2025-05-09,global_epu,157.96,daily,authorized_policy_uncertainty_proxy,2026-06-25T05:22:11.584014Z,2025-05-09T23:59:00Z
2025-05-09,china_epu,133.12,daily,authorized_policy_uncertainty_proxy,2026-06-25T05:22:11.584014Z,2025-05-09T23:59:00Z
2025-05-11,global_epu,155.222499,daily,authorized_policy_uncertainty_proxy,2026-06-25T05:22:11.584014Z,2025-05-11T23:59:00Z
2025-05-11,china_epu,210.444999,daily,authorized_policy_uncertainty_proxy,2026-06-25T05:22:11.584014Z,2025-05-11T23:59:00Z
2025-05-12,global_epu,181.11099,daily,authorized_policy_uncertainty_proxy,2026-06-25T05:22:11.584014Z,2025-05-12T23:59:00Z
2025-05-12,china_epu,221.54198,daily,authorized_policy_uncertainty_proxy,2026-06-25T05:22:11.584014Z,2025-05-12T23:59:00Z
2025-05-13,global_epu,179.975494,daily,authorized_policy_uncertainty_proxy,2026-06-25T05:22:11.584014Z,2025-05-13T23:59:00Z
2025-05-13,china_epu,221.310988,daily,authorized_policy_uncertainty_proxy,2026-06-25T05:22:11.584014Z,2025-05-13T23:59:00Z
2025-05-14,global_epu,183.335494,daily,authorized_policy_uncertainty_proxy,2026-06-25T05:22:11.584014Z,2025-05-14T23:59:00Z
2025-05-14,china_epu,223.230988,daily,authorized_policy_uncertainty_proxy,2026-06-25T05:22:11.584014Z,2025-05-14T23:59:00Z
2025-05-15,global_epu,176.759504,daily,authorized_policy_uncertainty_proxy,2026-06-25T05:22:11.584014Z,2025-05-15T23:59:00Z
2025-05-15,china_epu,219.559008,daily,authorized_policy_uncertainty_proxy,2026-06-25T05:22:11.584014Z,2025-05-15T23:59:00Z
2025-05-16,global_epu,118.816,daily,authorized_policy_uncertainty_proxy,2026-06-25T05:22:11.584014Z,2025-05-16T23:59:00Z
2025-05-16,china_epu,110.752,daily,authorized_policy_uncertainty_proxy,2026-06-25T05:22:11.584014Z,2025-05-16T23:59:00Z
2025-05-18,global_epu,153.175008,daily,authorized_policy_uncertainty_proxy,2026-06-25T05:22:11.584014Z,2025-05-18T23:59:00Z
2025-05-18,china_epu,206.350017,daily,authorized_policy_uncertainty_proxy,2026-06-25T05:22:11.584014Z,2025-05-18T23:59:00Z
2025-05-19,global_epu,179.551008,daily,authorized_policy_uncertainty_proxy,2026-06-25T05:22:11.584014Z,2025-05-19T23:59:00Z
2025-05-19,china_epu,221.422017,daily,authorized_policy_uncertainty_proxy,2026-06-25T05:22:11.584014Z,2025-05-19T23:59:00Z
2025-05-20,global_epu,179.910995,daily,authorized_policy_uncertainty_proxy,2026-06-25T05:22:11.584014Z,2025-05-20T23:59:00Z
2025-05-20,china_epu,222.741989,daily,authorized_policy_uncertainty_proxy,2026-06-25T05:22:11.584014Z,2025-05-20T23:59:00Z
2025-05-21,global_epu,201.9505,daily,authorized_policy_uncertainty_proxy,2026-06-25T05:22:11.584014Z,2025-05-21T23:59:00Z
2025-05-21,china_epu,233.461001,daily,authorized_policy_uncertainty_proxy,2026-06-25T05:22:11.584014Z,2025-05-21T23:59:00Z
2025-05-22,global_epu,197.129505,daily,authorized_policy_uncertainty_proxy,2026-06-25T05:22:11.584014Z,2025-05-22T23:59:00Z
2025-05-22,china_epu,230.89901,daily,authorized_policy_uncertainty_proxy,2026-06-25T05:22:11.584014Z,2025-05-22T23:59:00Z
2025-05-23,global_epu,161.236,daily,authorized_policy_uncertainty_proxy,2026-06-25T05:22:11.584014Z,2025-05-23T23:59:00Z
2025-05-23,china_epu,134.992,daily,authorized_policy_uncertainty_proxy,2026-06-25T05:22:11.584014Z,2025-05-23T23:59:00Z
2025-05-25,global_epu,152.777505,daily,authorized_policy_uncertainty_proxy,2026-06-25T05:22:11.584014Z,2025-05-25T23:59:00Z
2025-05-25,china_epu,205.55501,daily,authorized_policy_uncertainty_proxy,2026-06-25T05:22:11.584014Z,2025-05-25T23:59:00Z
2025-05-26,global_epu,199.565505,daily,authorized_policy_uncertainty_proxy,2026-06-25T05:22:11.584014Z,2025-05-26T23:59:00Z
2025-05-26,china_epu,232.29101,daily,authorized_policy_uncertainty_proxy,2026-06-25T05:22:11.584014Z,2025-05-26T23:59:00Z
2025-05-27,global_epu,186.041505,daily,authorized_policy_uncertainty_proxy,2026-06-25T05:22:11.584014Z,2025-05-27T23:59:00Z
2025-05-27,china_epu,224.56301,daily,authorized_policy_uncertainty_proxy,2026-06-25T05:22:11.584014Z,2025-05-27T23:59:00Z
2025-05-28,global_epu,188.981505,daily,authorized_policy_uncertainty_proxy,2026-06-25T05:22:11.584014Z,2025-05-28T23:59:00Z
2025-05-28,china_epu,226.24301,daily,authorized_policy_uncertainty_proxy,2026-06-25T05:22:11.584014Z,2025-05-28T23:59:00Z
2025-05-29,global_epu,187.889505,daily,authorized_policy_uncertainty_proxy,2026-06-25T05:22:11.584014Z,2025-05-29T23:59:00Z
2025-05-29,china_epu,225.61901,daily,authorized_policy_uncertainty_proxy,2026-06-25T05:22:11.584014Z,2025-05-29T23:59:00Z
2025-05-30,global_epu,129.988,daily,authorized_policy_uncertainty_proxy,2026-06-25T05:22:11.584014Z,2025-05-30T23:59:00Z
2025-05-30,china_epu,117.136,daily,authorized_policy_uncertainty_proxy,2026-06-25T05:22:11.584014Z,2025-05-30T23:59:00Z
2025-06-01,global_epu,152.777505,daily,authorized_policy_uncertainty_proxy,2026-06-25T05:22:11.584014Z,2025-06-01T23:59:00Z
2025-06-01,china_epu,205.55501,daily,authorized_policy_uncertainty_proxy,2026-06-25T05:22:11.584014Z,2025-06-01T23:59:00Z
2025-06-02,global_epu,181.001505,daily,authorized_policy_uncertainty_proxy,2026-06-25T05:22:11.584014Z,2025-06-02T23:59:00Z
2025-06-02,china_epu,221.68301,daily,authorized_policy_uncertainty_proxy,2026-06-25T05:22:11.584014Z,2025-06-02T23:59:00Z
2025-06-03,global_epu,175.373505,daily,authorized_policy_uncertainty_proxy,2026-06-25T05:22:11.584014Z,2025-06-03T23:59:00Z
2025-06-03,china_epu,218.46701,daily,authorized_policy_uncertainty_proxy,2026-06-25T05:22:11.584014Z,2025-06-03T23:59:00Z
2025-06-04,global_epu,174.701505,daily,authorized_policy_uncertainty_proxy,2026-06-25T05:22:11.584014Z,2025-06-04T23:59:00Z
2025-06-04,china_epu,218.08301,daily,authorized_policy_uncertainty_proxy,2026-06-25T05:22:11.584014Z,2025-06-04T23:59:00Z
2025-06-05,global_epu,179.857014,daily,authorized_policy_uncertainty_proxy,2026-06-25T05:22:11.584014Z,2025-06-05T23:59:00Z
2025-06-05,china_epu,217.954029,daily,authorized_policy_uncertainty_proxy,2026-06-25T05:22:11.584014Z,2025-06-05T23:59:00Z
2025-06-06,global_epu,114.868,daily,authorized_policy_uncertainty_proxy,2026-06-25T05:22:11.584014Z,2025-06-06T23:59:00Z
2025-06-06,china_epu,108.496,daily,authorized_policy_uncertainty_proxy,2026-06-25T05:22:11.584014Z,2025-06-06T23:59:00Z
2025-06-08,global_epu,151.645005,daily,authorized_policy_uncertainty_proxy,2026-06-25T05:22:11.584014Z,2025-06-08T23:59:00Z
2025-06-08,china_epu,203.290009,daily,authorized_policy_uncertainty_proxy,2026-06-25T05:22:11.584014Z,2025-06-08T23:59:00Z
2025-06-09,global_epu,169.159007,daily,authorized_policy_uncertainty_proxy,2026-06-25T05:22:11.584014Z,2025-06-09T23:59:00Z
2025-06-09,china_epu,212.398015,daily,authorized_policy_uncertainty_proxy,2026-06-25T05:22:11.584014Z,2025-06-09T23:59:00Z
2025-06-10,global_epu,167.395007,daily,authorized_policy_uncertainty_proxy,2026-06-25T05:22:11.584014Z,2025-06-10T23:59:00Z
2025-06-10,china_epu,211.390015,daily,authorized_policy_uncertainty_proxy,2026-06-25T05:22:11.584014Z,2025-06-10T23:59:00Z
2025-06-11,global_epu,170.944003,daily,authorized_policy_uncertainty_proxy,2026-06-25T05:22:11.584014Z,2025-06-11T23:59:00Z
2025-06-11,china_epu,214.768007,daily,authorized_policy_uncertainty_proxy,2026-06-25T05:22:11.584014Z,2025-06-11T23:59:00Z
2025-06-12,global_epu,177.328003,daily,authorized_policy_uncertainty_proxy,2026-06-25T05:22:11.584014Z,2025-06-12T23:59:00Z
2025-06-12,china_epu,218.416007,daily,authorized_policy_uncertainty_proxy,2026-06-25T05:22:11.584014Z,2025-06-12T23:59:00Z
2025-06-13,global_epu,148.888,daily,authorized_policy_uncertainty_proxy,2026-06-25T05:22:11.584014Z,2025-06-13T23:59:00Z
2025-06-13,china_epu,127.936,daily,authorized_policy_uncertainty_proxy,2026-06-25T05:22:11.584014Z,2025-06-13T23:59:00Z
2025-06-15,global_epu,151.075017,daily,authorized_policy_uncertainty_proxy,2026-06-25T05:22:11.584014Z,2025-06-15T23:59:00Z
2025-06-15,china_epu,202.150035,daily,authorized_policy_uncertainty_proxy,2026-06-25T05:22:11.584014Z,2025-06-15T23:59:00Z
2025-06-16,global_epu,185.448993,daily,authorized_policy_uncertainty_proxy,2026-06-25T05:22:11.584014Z,2025-06-16T23:59:00Z
2025-06-16,china_epu,221.577985,daily,authorized_policy_uncertainty_proxy,2026-06-25T05:22:11.584014Z,2025-06-16T23:59:00Z
2025-06-17,global_epu,206.777516,daily,authorized_policy_uncertainty_proxy,2026-06-25T05:22:11.584014Z,2025-06-17T23:59:00Z
2025-06-17,china_epu,234.355033,daily,authorized_policy_uncertainty_proxy,2026-06-25T05:22:11.584014Z,2025-06-17T23:59:00Z
2025-06-18,global_epu,194.835989,daily,authorized_policy_uncertainty_proxy,2026-06-25T05:22:11.584014Z,2025-06-18T23:59:00Z
2025-06-18,china_epu,227.991979,daily,authorized_policy_uncertainty_proxy,2026-06-25T05:22:11.584014Z,2025-06-18T23:59:00Z
2025-06-19,global_epu,211.828015,daily,authorized_policy_uncertainty_proxy,2026-06-25T05:22:11.584014Z,2025-06-19T23:59:00Z
2025-06-19,china_epu,237.61603,daily,authorized_policy_uncertainty_proxy,2026-06-25T05:22:11.584014Z,2025-06-19T23:59:00Z
2025-06-20,global_epu,147.208,daily,authorized_policy_uncertainty_proxy,2026-06-25T05:22:11.584014Z,2025-06-20T23:59:00Z
2025-06-20,china_epu,126.976,daily,authorized_policy_uncertainty_proxy,2026-06-25T05:22:11.584014Z,2025-06-20T23:59:00Z
2025-06-22,global_epu,151.600015,daily,authorized_policy_uncertainty_proxy,2026-06-25T05:22:11.584014Z,2025-06-22T23:59:00Z
2025-06-22,china_epu,203.20003,daily,authorized_policy_uncertainty_proxy,2026-06-25T05:22:11.584014Z,2025-06-22T23:59:00Z
2025-06-23,global_epu,191.496993,daily,authorized_policy_uncertainty_proxy,2026-06-25T05:22:11.584014Z,2025-06-23T23:59:00Z
2025-06-23,china_epu,225.033985,daily,authorized_policy_uncertainty_proxy,2026-06-25T05:22:11.584014Z,2025-06-23T23:59:00Z
2025-06-24,global_epu,171.179495,daily,authorized_policy_uncertainty_proxy,2026-06-25T05:22:11.584014Z,2025-06-24T23:59:00Z
2025-06-24,china_epu,212.59899,daily,authorized_policy_uncertainty_proxy,2026-06-25T05:22:11.584014Z,2025-06-24T23:59:00Z
2025-06-25,global_epu,165.514014,daily,authorized_policy_uncertainty_proxy,2026-06-25T05:22:11.584014Z,2025-06-25T23:59:00Z
2025-06-25,china_epu,209.908028,daily,authorized_policy_uncertainty_proxy,2026-06-25T05:22:11.584014Z,2025-06-25T23:59:00Z
2025-06-26,global_epu,163.418501,daily,authorized_policy_uncertainty_proxy,2026-06-25T05:22:11.584014Z,2025-06-26T23:59:00Z
2025-06-26,china_epu,207.757003,daily,authorized_policy_uncertainty_proxy,2026-06-25T05:22:11.584014Z,2025-06-26T23:59:00Z
2025-06-27,global_epu,111.088,daily,authorized_policy_uncertainty_proxy,2026-06-25T05:22:11.584014Z,2025-06-27T23:59:00Z
2025-06-27,china_epu,106.336,daily,authorized_policy_uncertainty_proxy,2026-06-25T05:22:11.584014Z,2025-06-27T23:59:00Z
2025-06-29,global_epu,150.407505,daily,authorized_policy_uncertainty_proxy,2026-06-25T05:22:11.584014Z,2025-06-29T23:59:00Z
2025-06-29,china_epu,200.81501,daily,authorized_policy_uncertainty_proxy,2026-06-25T05:22:11.584014Z,2025-06-29T23:59:00Z
2025-06-30,global_epu,164.301998,daily,authorized_policy_uncertainty_proxy,2026-06-25T05:22:11.584014Z,2025-06-30T23:59:00Z
2025-06-30,china_epu,207.843995,daily,authorized_policy_uncertainty_proxy,2026-06-25T05:22:11.584014Z,2025-06-30T23:59:00Z
2025-07-01,global_epu,165.209518,daily,authorized_policy_uncertainty_proxy,2026-06-25T05:22:11.584014Z,2025-07-01T23:59:00Z
2025-07-01,china_epu,208.459035,daily,authorized_policy_uncertainty_proxy,2026-06-25T05:22:11.584014Z,2025-07-01T23:59:00Z
2025-07-02,global_epu,163.643487,daily,authorized_policy_uncertainty_proxy,2026-06-25T05:22:11.584014Z,2025-07-02T23:59:00Z
2025-07-02,china_epu,207.606974,daily,authorized_policy_uncertainty_proxy,2026-06-25T05:22:11.584014Z,2025-07-02T23:59:00Z
2025-07-03,global_epu,161.459487,daily,authorized_policy_uncertainty_proxy,2026-06-25T05:22:11.584014Z,2025-07-03T23:59:00Z
2025-07-03,china_epu,206.358974,daily,authorized_policy_uncertainty_proxy,2026-06-25T05:22:11.584014Z,2025-07-03T23:59:00Z
2025-07-04,global_epu,120.832,daily,authorized_policy_uncertainty_proxy,2026-06-25T05:22:11.584014Z,2025-07-04T23:59:00Z
2025-07-04,china_epu,111.904,daily,authorized_policy_uncertainty_proxy,2026-06-25T05:22:11.584014Z,2025-07-04T23:59:00Z
2025-07-06,global_epu,149.867487,daily,authorized_policy_uncertainty_proxy,2026-06-25T05:22:11.584014Z,2025-07-06T23:59:00Z
2025-07-06,china_epu,199.734974,daily,authorized_policy_uncertainty_proxy,2026-06-25T05:22:11.584014Z,2025-07-06T23:59:00Z
2025-07-07,global_epu,174.015989,daily,authorized_policy_uncertainty_proxy,2026-06-25T05:22:11.584014Z,2025-07-07T23:59:00Z
2025-07-07,china_epu,214.551978,daily,authorized_policy_uncertainty_proxy,2026-06-25T05:22:11.584014Z,2025-07-07T23:59:00Z
2025-07-08,global_epu,165.738999,daily,authorized_policy_uncertainty_proxy,2026-06-25T05:22:11.584014Z,2025-07-08T23:59:00Z
2025-07-08,china_epu,209.757999,daily,authorized_policy_uncertainty_proxy,2026-06-25T05:22:11.584014Z,2025-07-08T23:59:00Z
2025-07-09,global_epu,158.895987,daily,authorized_policy_uncertainty_proxy,2026-06-25T05:22:11.584014Z,2025-07-09T23:59:00Z
2025-07-09,china_epu,206.511974,daily,authorized_policy_uncertainty_proxy,2026-06-25T05:22:11.584014Z,2025-07-09T23:59:00Z
2025-07-10,global_epu,157.161994,daily,authorized_policy_uncertainty_proxy,2026-06-25T05:22:11.584014Z,2025-07-10T23:59:00Z
2025-07-10,china_epu,204.963988,daily,authorized_policy_uncertainty_proxy,2026-06-25T05:22:11.584014Z,2025-07-10T23:59:00Z
2025-07-11,global_epu,111.76,daily,authorized_policy_uncertainty_proxy,2026-06-25T05:22:11.584014Z,2025-07-11T23:59:00Z
2025-07-11,china_epu,106.72,daily,authorized_policy_uncertainty_proxy,2026-06-25T05:22:11.584014Z,2025-07-11T23:59:00Z
2025-07-13,global_epu,150.107491,daily,authorized_policy_uncertainty_proxy,2026-06-25T05:22:11.584014Z,2025-07-13T23:59:00Z
2025-07-13,china_epu,200.214982,daily,authorized_policy_uncertainty_proxy,2026-06-25T05:22:11.584014Z,2025-07-13T23:59:00Z
2025-07-14,global_epu,168.504986,daily,authorized_policy_uncertainty_proxy,2026-06-25T05:22:11.584014Z,2025-07-14T23:59:00Z
2025-07-14,china_epu,210.609973,daily,authorized_policy_uncertainty_proxy,2026-06-25T05:22:11.584014Z,2025-07-14T23:59:00Z
2025-07-15,global_epu,170.459515,daily,authorized_policy_uncertainty_proxy,2026-06-25T05:22:11.584014Z,2025-07-15T23:59:00Z
2025-07-15,china_epu,212.35903,daily,authorized_policy_uncertainty_proxy,2026-06-25T05:22:11.584014Z,2025-07-15T23:59:00Z
2025-07-16,global_epu,169.031513,daily,authorized_policy_uncertainty_proxy,2026-06-25T05:22:11.584014Z,2025-07-16T23:59:00Z
2025-07-16,china_epu,212.143026,daily,authorized_policy_uncertainty_proxy,2026-06-25T05:22:11.584014Z,2025-07-16T23:59:00Z
2025-07-17,global_epu,164.007991,daily,authorized_policy_uncertainty_proxy,2026-06-25T05:22:11.584014Z,2025-07-17T23:59:00Z
2025-07-17,china_epu,209.775982,daily,authorized_policy_uncertainty_proxy,2026-06-25T05:22:11.584014Z,2025-07-17T23:59:00Z
2025-07-18,global_epu,111.844,daily,authorized_policy_uncertainty_proxy,2026-06-25T05:22:11.584014Z,2025-07-18T23:59:00Z
2025-07-18,china_epu,106.768,daily,authorized_policy_uncertainty_proxy,2026-06-25T05:22:11.584014Z,2025-07-18T23:59:00Z
2025-07-20,global_epu,150.827503,daily,authorized_policy_uncertainty_proxy,2026-06-25T05:22:11.584014Z,2025-07-20T23:59:00Z
2025-07-20,china_epu,201.655006,daily,authorized_policy_uncertainty_proxy,2026-06-25T05:22:11.584014Z,2025-07-20T23:59:00Z
2025-07-21,global_epu,164.522494,daily,authorized_policy_uncertainty_proxy,2026-06-25T05:22:11.584014Z,2025-07-21T23:59:00Z
2025-07-21,china_epu,209.244987,daily,authorized_policy_uncertainty_proxy,2026-06-25T05:22:11.584014Z,2025-07-21T23:59:00Z
2025-07-22,global_epu,163.172515,daily,authorized_policy_uncertainty_proxy,2026-06-25T05:22:11.584014Z,2025-07-22T23:59:00Z
2025-07-22,china_epu,208.345029,daily,authorized_policy_uncertainty_proxy,2026-06-25T05:22:11.584014Z,2025-07-22T23:59:00Z
2025-07-23,global_epu,152.570509,daily,authorized_policy_uncertainty_proxy,2026-06-25T05:22:11.584014Z,2025-07-23T23:59:00Z
2025-07-23,china_epu,200.701018,daily,authorized_policy_uncertainty_proxy,2026-06-25T05:22:11.584014Z,2025-07-23T23:59:00Z
2025-07-24,global_epu,152.288506,daily,authorized_policy_uncertainty_proxy,2026-06-25T05:22:11.584014Z,2025-07-24T23:59:00Z
2025-07-24,china_epu,199.897012,daily,authorized_policy_uncertainty_proxy,2026-06-25T05:22:11.584014Z,2025-07-24T23:59:00Z
2025-07-25,global_epu,100.0,daily,authorized_policy_uncertainty_proxy,2026-06-25T05:22:11.584014Z,2025-07-25T23:59:00Z
2025-07-25,china_epu,100.0,daily,authorized_policy_uncertainty_proxy,2026-06-25T05:22:11.584014Z,2025-07-25T23:59:00Z
2025-07-27,global_epu,149.012506,daily,authorized_policy_uncertainty_proxy,2026-06-25T05:22:11.584014Z,2025-07-27T23:59:00Z
2025-07-27,china_epu,198.025012,daily,authorized_policy_uncertainty_proxy,2026-06-25T05:22:11.584014Z,2025-07-27T23:59:00Z
2025-07-28,global_epu,151.087013,daily,authorized_policy_uncertainty_proxy,2026-06-25T05:22:11.584014Z,2025-07-28T23:59:00Z
2025-07-28,china_epu,201.814027,daily,authorized_policy_uncertainty_proxy,2026-06-25T05:22:11.584014Z,2025-07-28T23:59:00Z
2025-07-29,global_epu,158.962014,daily,authorized_policy_uncertainty_proxy,2026-06-25T05:22:11.584014Z,2025-07-29T23:59:00Z
2025-07-29,china_epu,206.164028,daily,authorized_policy_uncertainty_proxy,2026-06-25T05:22:11.584014Z,2025-07-29T23:59:00Z
2025-07-30,global_epu,154.762014,daily,authorized_policy_uncertainty_proxy,2026-06-25T05:22:11.584014Z,2025-07-30T23:59:00Z
2025-07-30,china_epu,203.764028,daily,authorized_policy_uncertainty_proxy,2026-06-25T05:22:11.584014Z,2025-07-30T23:59:00Z
2025-07-31,global_epu,166.963006,daily,authorized_policy_uncertainty_proxy,2026-06-25T05:22:11.584014Z,2025-07-31T23:59:00Z
2025-07-31,china_epu,213.286012,daily,authorized_policy_uncertainty_proxy,2026-06-25T05:22:11.584014Z,2025-07-31T23:59:00Z
2025-08-01,global_epu,145.192,daily,authorized_policy_uncertainty_proxy,2026-06-25T05:22:11.584014Z,2025-08-01T23:59:00Z
2025-08-01,china_epu,125.824,daily,authorized_policy_uncertainty_proxy,2026-06-25T05:22:11.584014Z,2025-08-01T23:59:00Z
2025-08-03,global_epu,153.369987,daily,authorized_policy_uncertainty_proxy,2026-06-25T05:22:11.584014Z,2025-08-03T23:59:00Z
2025-08-03,china_epu,206.739974,daily,authorized_policy_uncertainty_proxy,2026-06-25T05:22:11.584014Z,2025-08-03T23:59:00Z
2025-08-04,global_epu,172.017998,daily,authorized_policy_uncertainty_proxy,2026-06-25T05:22:11.584014Z,2025-08-04T23:59:00Z
2025-08-04,china_epu,213.795996,daily,authorized_policy_uncertainty_proxy,2026-06-25T05:22:11.584014Z,2025-08-04T23:59:00Z
2025-08-05,global_epu,175.195012,daily,authorized_policy_uncertainty_proxy,2026-06-25T05:22:11.584014Z,2025-08-05T23:59:00Z
2025-08-05,china_epu,216.190023,daily,authorized_policy_uncertainty_proxy,2026-06-25T05:22:11.584014Z,2025-08-05T23:59:00Z
2025-08-06,global_epu,166.077986,daily,authorized_policy_uncertainty_proxy,2026-06-25T05:22:11.584014Z,2025-08-06T23:59:00Z
2025-08-06,china_epu,210.915972,daily,authorized_policy_uncertainty_proxy,2026-06-25T05:22:11.584014Z,2025-08-06T23:59:00Z
2025-08-07,global_epu,164.263017,daily,authorized_policy_uncertainty_proxy,2026-06-25T05:22:11.584014Z,2025-08-07T23:59:00Z
2025-08-07,china_epu,209.686035,daily,authorized_policy_uncertainty_proxy,2026-06-25T05:22:11.584014Z,2025-08-07T23:59:00Z
2025-08-08,global_epu,101.26,daily,authorized_policy_uncertainty_proxy,2026-06-25T05:22:11.584014Z,2025-08-08T23:59:00Z
2025-08-08,china_epu,100.72,daily,authorized_policy_uncertainty_proxy,2026-06-25T05:22:11.584014Z,2025-08-08T23:59:00Z
2025-08-10,global_epu,151.075017,daily,authorized_policy_uncertainty_proxy,2026-06-25T05:22:11.584014Z,2025-08-10T23:59:00Z
2025-08-10,china_epu,202.150035,daily,authorized_policy_uncertainty_proxy,2026-06-25T05:22:11.584014Z,2025-08-10T23:59:00Z
2025-08-11,global_epu,162.077485,daily,authorized_policy_uncertainty_proxy,2026-06-25T05:22:11.584014Z,2025-08-11T23:59:00Z
2025-08-11,china_epu,209.154969,daily,authorized_policy_uncertainty_proxy,2026-06-25T05:22:11.584014Z,2025-08-11T23:59:00Z
2025-08-12,global_epu,150.887513,daily,authorized_policy_uncertainty_proxy,2026-06-25T05:22:11.584014Z,2025-08-12T23:59:00Z
2025-08-12,china_epu,201.775026,daily,authorized_policy_uncertainty_proxy,2026-06-25T05:22:11.584014Z,2025-08-12T23:59:00Z
2025-08-13,global_epu,150.572515,daily,authorized_policy_uncertainty_proxy,2026-06-25T05:22:11.584014Z,2025-08-13T23:59:00Z
2025-08-13,china_epu,201.145029,daily,authorized_policy_uncertainty_proxy,2026-06-25T05:22:11.584014Z,2025-08-13T23:59:00Z
2025-08-14,global_epu,150.962508,daily,authorized_policy_uncertainty_proxy,2026-06-25T05:22:11.584014Z,2025-08-14T23:59:00Z
2025-08-14,china_epu,201.925015,daily,authorized_policy_uncertainty_proxy,2026-06-25T05:22:11.584014Z,2025-08-14T23:59:00Z
2025-08-15,global_epu,100.756,daily,authorized_policy_uncertainty_proxy,2026-06-25T05:22:11.584014Z,2025-08-15T23:59:00Z
2025-08-15,china_epu,100.432,daily,authorized_policy_uncertainty_proxy,2026-06-25T05:22:11.584014Z,2025-08-15T23:59:00Z
2025-08-17,global_epu,151.127517,daily,authorized_policy_uncertainty_proxy,2026-06-25T05:22:11.584014Z,2025-08-17T23:59:00Z
2025-08-17,china_epu,202.255034,daily,authorized_policy_uncertainty_proxy,2026-06-25T05:22:11.584014Z,2025-08-17T23:59:00Z
2025-08-18,global_epu,151.344991,daily,authorized_policy_uncertainty_proxy,2026-06-25T05:22:11.584014Z,2025-08-18T23:59:00Z
2025-08-18,china_epu,202.689981,daily,authorized_policy_uncertainty_proxy,2026-06-25T05:22:11.584014Z,2025-08-18T23:59:00Z
2025-08-19,global_epu,155.930502,daily,authorized_policy_uncertainty_proxy,2026-06-25T05:22:11.584014Z,2025-08-19T23:59:00Z
2025-08-19,china_epu,205.021004,daily,authorized_policy_uncertainty_proxy,2026-06-25T05:22:11.584014Z,2025-08-19T23:59:00Z
2025-08-20,global_epu,156.473514,daily,authorized_policy_uncertainty_proxy,2026-06-25T05:22:11.584014Z,2025-08-20T23:59:00Z
2025-08-20,china_epu,204.667028,daily,authorized_policy_uncertainty_proxy,2026-06-25T05:22:11.584014Z,2025-08-20T23:59:00Z
2025-08-21,global_epu,164.432513,daily,authorized_policy_uncertainty_proxy,2026-06-25T05:22:11.584014Z,2025-08-21T23:59:00Z
2025-08-21,china_epu,209.665025,daily,authorized_policy_uncertainty_proxy,2026-06-25T05:22:11.584014Z,2025-08-21T23:59:00Z
2025-08-22,global_epu,100.0,daily,authorized_policy_uncertainty_proxy,2026-06-25T05:22:11.584014Z,2025-08-22T23:59:00Z
2025-08-22,china_epu,100.0,daily,authorized_policy_uncertainty_proxy,2026-06-25T05:22:11.584014Z,2025-08-22T23:59:00Z
2025-08-24,global_epu,150.062501,daily,authorized_policy_uncertainty_proxy,2026-06-25T05:22:11.584014Z,2025-08-24T23:59:00Z
2025-08-24,china_epu,200.125003,daily,authorized_policy_uncertainty_proxy,2026-06-25T05:22:11.584014Z,2025-08-24T23:59:00Z
2025-08-25,global_epu,148.825002,daily,authorized_policy_uncertainty_proxy,2026-06-25T05:22:11.584014Z,2025-08-25T23:59:00Z
2025-08-25,china_epu,197.650003,daily,authorized_policy_uncertainty_proxy,2026-06-25T05:22:11.584014Z,2025-08-25T23:59:00Z
2025-08-26,global_epu,148.899996,daily,authorized_policy_uncertainty_proxy,2026-06-25T05:22:11.584014Z,2025-08-26T23:59:00Z
2025-08-26,china_epu,197.799993,daily,authorized_policy_uncertainty_proxy,2026-06-25T05:22:11.584014Z,2025-08-26T23:59:00Z
2025-08-27,global_epu,148.974991,daily,authorized_policy_uncertainty_proxy,2026-06-25T05:22:11.584014Z,2025-08-27T23:59:00Z
2025-08-27,china_epu,197.949982,daily,authorized_policy_uncertainty_proxy,2026-06-25T05:22:11.584014Z,2025-08-27T23:59:00Z
2025-08-28,global_epu,148.974991,daily,authorized_policy_uncertainty_proxy,2026-06-25T05:22:11.584014Z,2025-08-28T23:59:00Z
2025-08-28,china_epu,197.949982,daily,authorized_policy_uncertainty_proxy,2026-06-25T05:22:11.584014Z,2025-08-28T23:59:00Z
2025-08-29,global_epu,103.024,daily,authorized_policy_uncertainty_proxy,2026-06-25T05:22:11.584014Z,2025-08-29T23:59:00Z
2025-08-29,china_epu,101.728,daily,authorized_policy_uncertainty_proxy,2026-06-25T05:22:11.584014Z,2025-08-29T23:59:00Z
2025-08-31,global_epu,147.280014,daily,authorized_policy_uncertainty_proxy,2026-06-25T05:22:11.584014Z,2025-08-31T23:59:00Z
2025-08-31,china_epu,194.560027,daily,authorized_policy_uncertainty_proxy,2026-06-25T05:22:11.584014Z,2025-08-31T23:59:00Z
2025-09-01,global_epu,156.688014,daily,authorized_policy_uncertainty_proxy,2026-06-25T05:22:11.584014Z,2025-09-01T23:59:00Z
2025-09-01,china_epu,199.936027,daily,authorized_policy_uncertainty_proxy,2026-06-25T05:22:11.584014Z,2025-09-01T23:59:00Z
2025-09-02,global_epu,166.152995,daily,authorized_policy_uncertainty_proxy,2026-06-25T05:22:11.584014Z,2025-09-02T23:59:00Z
2025-09-02,china_epu,206.265991,daily,authorized_policy_uncertainty_proxy,2026-06-25T05:22:11.584014Z,2025-09-02T23:59:00Z
2025-09-03,global_epu,159.44499,daily,authorized_policy_uncertainty_proxy,2026-06-25T05:22:11.584014Z,2025-09-03T23:59:00Z
2025-09-03,china_epu,202.689979,daily,authorized_policy_uncertainty_proxy,2026-06-25T05:22:11.584014Z,2025-09-03T23:59:00Z
2025-09-04,global_epu,150.62499,daily,authorized_policy_uncertainty_proxy,2026-06-25T05:22:11.584014Z,2025-09-04T23:59:00Z
2025-09-04,china_epu,197.649979,daily,authorized_policy_uncertainty_proxy,2026-06-25T05:22:11.584014Z,2025-09-04T23:59:00Z
2025-09-05,global_epu,101.512,daily,authorized_policy_uncertainty_proxy,2026-06-25T05:22:11.584014Z,2025-09-05T23:59:00Z
2025-09-05,china_epu,100.864,daily,authorized_policy_uncertainty_proxy,2026-06-25T05:22:11.584014Z,2025-09-05T23:59:00Z
2025-09-07,global_epu,147.437513,daily,authorized_policy_uncertainty_proxy,2026-06-25T05:22:11.584014Z,2025-09-07T23:59:00Z
2025-09-07,china_epu,194.875026,daily,authorized_policy_uncertainty_proxy,2026-06-25T05:22:11.584014Z,2025-09-07T23:59:00Z
2025-09-08,global_epu,148.121509,daily,authorized_policy_uncertainty_proxy,2026-06-25T05:22:11.584014Z,2025-09-08T23:59:00Z
2025-09-08,china_epu,194.923018,daily,authorized_policy_uncertainty_proxy,2026-06-25T05:22:11.584014Z,2025-09-08T23:59:00Z
2025-09-09,global_epu,146.903512,daily,authorized_policy_uncertainty_proxy,2026-06-25T05:22:11.584014Z,2025-09-09T23:59:00Z
2025-09-09,china_epu,193.327023,daily,authorized_policy_uncertainty_proxy,2026-06-25T05:22:11.584014Z,2025-09-09T23:59:00Z
2025-09-10,global_epu,149.492491,daily,authorized_policy_uncertainty_proxy,2026-06-25T05:22:11.584014Z,2025-09-10T23:59:00Z
2025-09-10,china_epu,194.784982,daily,authorized_policy_uncertainty_proxy,2026-06-25T05:22:11.584014Z,2025-09-10T23:59:00Z
2025-09-11,global_epu,146.380007,daily,authorized_policy_uncertainty_proxy,2026-06-25T05:22:11.584014Z,2025-09-11T23:59:00Z
2025-09-11,china_epu,192.760015,daily,authorized_policy_uncertainty_proxy,2026-06-25T05:22:11.584014Z,2025-09-11T23:59:00Z
2025-09-12,global_epu,100.0,daily,authorized_policy_uncertainty_proxy,2026-06-25T05:22:11.584014Z,2025-09-12T23:59:00Z
2025-09-12,china_epu,100.0,daily,authorized_policy_uncertainty_proxy,2026-06-25T05:22:11.584014Z,2025-09-12T23:59:00Z
2025-09-14,global_epu,146.81499,daily,authorized_policy_uncertainty_proxy,2026-06-25T05:22:11.584014Z,2025-09-14T23:59:00Z
2025-09-14,china_epu,193.62998,daily,authorized_policy_uncertainty_proxy,2026-06-25T05:22:11.584014Z,2025-09-14T23:59:00Z
2025-09-15,global_epu,152.183517,daily,authorized_policy_uncertainty_proxy,2026-06-25T05:22:11.584014Z,2025-09-15T23:59:00Z
2025-09-15,china_epu,196.087035,daily,authorized_policy_uncertainty_proxy,2026-06-25T05:22:11.584014Z,2025-09-15T23:59:00Z
2025-09-16,global_epu,157.489009,daily,authorized_policy_uncertainty_proxy,2026-06-25T05:22:11.584014Z,2025-09-16T23:59:00Z
2025-09-16,china_epu,198.658017,daily,authorized_policy_uncertainty_proxy,2026-06-25T05:22:11.584014Z,2025-09-16T23:59:00Z
2025-09-17,global_epu,151.295507,daily,authorized_policy_uncertainty_proxy,2026-06-25T05:22:11.584014Z,2025-09-17T23:59:00Z
2025-09-17,china_epu,193.951014,daily,authorized_policy_uncertainty_proxy,2026-06-25T05:22:11.584014Z,2025-09-17T23:59:00Z
2025-09-18,global_epu,151.847484,daily,authorized_policy_uncertainty_proxy,2026-06-25T05:22:11.584014Z,2025-09-18T23:59:00Z
2025-09-18,china_epu,195.294967,daily,authorized_policy_uncertainty_proxy,2026-06-25T05:22:11.584014Z,2025-09-18T23:59:00Z
2025-09-19,global_epu,103.78,daily,authorized_policy_uncertainty_proxy,2026-06-25T05:22:11.584014Z,2025-09-19T23:59:00Z
2025-09-19,china_epu,102.16,daily,authorized_policy_uncertainty_proxy,2026-06-25T05:22:11.584014Z,2025-09-19T23:59:00Z
2025-09-21,global_epu,145.967484,daily,authorized_policy_uncertainty_proxy,2026-06-25T05:22:11.584014Z,2025-09-21T23:59:00Z
2025-09-21,china_epu,191.934967,daily,authorized_policy_uncertainty_proxy,2026-06-25T05:22:11.584014Z,2025-09-21T23:59:00Z
2025-09-22,global_epu,155.289988,daily,authorized_policy_uncertainty_proxy,2026-06-25T05:22:11.584014Z,2025-09-22T23:59:00Z
2025-09-22,china_epu,197.379977,daily,authorized_policy_uncertainty_proxy,2026-06-25T05:22:11.584014Z,2025-09-22T23:59:00Z
2025-09-23,global_epu,159.645994,daily,authorized_policy_uncertainty_proxy,2026-06-25T05:22:11.584014Z,2025-09-23T23:59:00Z
2025-09-23,china_epu,199.611988,daily,authorized_policy_uncertainty_proxy,2026-06-25T05:22:11.584014Z,2025-09-23T23:59:00Z
2025-09-24,global_epu,157.274483,daily,authorized_policy_uncertainty_proxy,2026-06-25T05:22:11.584014Z,2025-09-24T23:59:00Z
2025-09-24,china_epu,200.388965,daily,authorized_policy_uncertainty_proxy,2026-06-25T05:22:11.584014Z,2025-09-24T23:59:00Z
2025-09-25,global_epu,162.151002,daily,authorized_policy_uncertainty_proxy,2026-06-25T05:22:11.584014Z,2025-09-25T23:59:00Z
2025-09-25,china_epu,203.422004,daily,authorized_policy_uncertainty_proxy,2026-06-25T05:22:11.584014Z,2025-09-25T23:59:00Z
2025-09-26,global_epu,102.436,daily,authorized_policy_uncertainty_proxy,2026-06-25T05:22:11.584014Z,2025-09-26T23:59:00Z
2025-09-26,china_epu,101.392,daily,authorized_policy_uncertainty_proxy,2026-06-25T05:22:11.584014Z,2025-09-26T23:59:00Z
2025-09-28,global_epu,147.460008,daily,authorized_policy_uncertainty_proxy,2026-06-25T05:22:11.584014Z,2025-09-28T23:59:00Z
2025-09-28,china_epu,194.920015,daily,authorized_policy_uncertainty_proxy,2026-06-25T05:22:11.584014Z,2025-09-28T23:59:00Z
2025-09-29,global_epu,155.863002,daily,authorized_policy_uncertainty_proxy,2026-06-25T05:22:11.584014Z,2025-09-29T23:59:00Z
2025-09-29,china_epu,198.286004,daily,authorized_policy_uncertainty_proxy,2026-06-25T05:22:11.584014Z,2025-09-29T23:59:00Z
2025-09-30,global_epu,157.176997,daily,authorized_policy_uncertainty_proxy,2026-06-25T05:22:11.584014Z,2025-09-30T23:59:00Z
2025-09-30,china_epu,198.993994,daily,authorized_policy_uncertainty_proxy,2026-06-25T05:22:11.584014Z,2025-09-30T23:59:00Z
2025-10-01,global_epu,157.260997,daily,authorized_policy_uncertainty_proxy,2026-06-25T05:22:11.584014Z,2025-10-01T23:59:00Z
2025-10-01,china_epu,199.041994,daily,authorized_policy_uncertainty_proxy,2026-06-25T05:22:11.584014Z,2025-10-01T23:59:00Z
2025-10-02,global_epu,160.116997,daily,authorized_policy_uncertainty_proxy,2026-06-25T05:22:11.584014Z,2025-10-02T23:59:00Z
2025-10-02,china_epu,200.673994,daily,authorized_policy_uncertainty_proxy,2026-06-25T05:22:11.584014Z,2025-10-02T23:59:00Z
2025-10-03,global_epu,113.86,daily,authorized_policy_uncertainty_proxy,2026-06-25T05:22:11.584014Z,2025-10-03T23:59:00Z
2025-10-03,china_epu,107.92,daily,authorized_policy_uncertainty_proxy,2026-06-25T05:22:11.584014Z,2025-10-03T23:59:00Z
2025-10-05,global_epu,146.424997,daily,authorized_policy_uncertainty_proxy,2026-06-25T05:22:11.584014Z,2025-10-05T23:59:00Z
2025-10-05,china_epu,192.849994,daily,authorized_policy_uncertainty_proxy,2026-06-25T05:22:11.584014Z,2025-10-05T23:59:00Z
2025-10-06,global_epu,157.932997,daily,authorized_policy_uncertainty_proxy,2026-06-25T05:22:11.584014Z,2025-10-06T23:59:00Z
2025-10-06,china_epu,199.425994,daily,authorized_policy_uncertainty_proxy,2026-06-25T05:22:11.584014Z,2025-10-06T23:59:00Z
2025-10-07,global_epu,165.240997,daily,authorized_policy_uncertainty_proxy,2026-06-25T05:22:11.584014Z,2025-10-07T23:59:00Z
2025-10-07,china_epu,203.601994,daily,authorized_policy_uncertainty_proxy,2026-06-25T05:22:11.584014Z,2025-10-07T23:59:00Z
2025-10-08,global_epu,157.307517,daily,authorized_policy_uncertainty_proxy,2026-06-25T05:22:11.584014Z,2025-10-08T23:59:00Z
2025-10-08,china_epu,199.015035,daily,authorized_policy_uncertainty_proxy,2026-06-25T05:22:11.584014Z,2025-10-08T23:59:00Z
2025-10-09,global_epu,159.074504,daily,authorized_policy_uncertainty_proxy,2026-06-25T05:22:11.584014Z,2025-10-09T23:59:00Z
2025-10-09,china_epu,200.989009,daily,authorized_policy_uncertainty_proxy,2026-06-25T05:22:11.584014Z,2025-10-09T23:59:00Z
2025-10-10,global_epu,155.944,daily,authorized_policy_uncertainty_proxy,2026-06-25T05:22:11.584014Z,2025-10-10T23:59:00Z
2025-10-10,china_epu,131.968,daily,authorized_policy_uncertainty_proxy,2026-06-25T05:22:11.584014Z,2025-10-10T23:59:00Z
2025-10-12,global_epu,144.999993,daily,authorized_policy_uncertainty_proxy,2026-06-25T05:22:11.584014Z,2025-10-12T23:59:00Z
2025-10-12,china_epu,189.999986,daily,authorized_policy_uncertainty_proxy,2026-06-25T05:22:11.584014Z,2025-10-12T23:59:00Z
2025-10-13,global_epu,178.851993,daily,authorized_policy_uncertainty_proxy,2026-06-25T05:22:11.584014Z,2025-10-13T23:59:00Z
2025-10-13,china_epu,209.343986,daily,authorized_policy_uncertainty_proxy,2026-06-25T05:22:11.584014Z,2025-10-13T23:59:00Z
2025-10-14,global_epu,196.684006,daily,authorized_policy_uncertainty_proxy,2026-06-25T05:22:11.584014Z,2025-10-14T23:59:00Z
2025-10-14,china_epu,223.648012,daily,authorized_policy_uncertainty_proxy,2026-06-25T05:22:11.584014Z,2025-10-14T23:59:00Z
2025-10-15,global_epu,194.341015,daily,authorized_policy_uncertainty_proxy,2026-06-25T05:22:11.584014Z,2025-10-15T23:59:00Z
2025-10-15,china_epu,221.00203,daily,authorized_policy_uncertainty_proxy,2026-06-25T05:22:11.584014Z,2025-10-15T23:59:00Z
2025-10-16,global_epu,233.329011,daily,authorized_policy_uncertainty_proxy,2026-06-25T05:22:11.584014Z,2025-10-16T23:59:00Z
2025-10-16,china_epu,242.938022,daily,authorized_policy_uncertainty_proxy,2026-06-25T05:22:11.584014Z,2025-10-16T23:59:00Z
2025-10-17,global_epu,148.552,daily,authorized_policy_uncertainty_proxy,2026-06-25T05:22:11.584014Z,2025-10-17T23:59:00Z
2025-10-17,china_epu,127.744,daily,authorized_policy_uncertainty_proxy,2026-06-25T05:22:11.584014Z,2025-10-17T23:59:00Z
2025-10-19,global_epu,146.98,daily,authorized_policy_uncertainty_proxy,2026-06-25T05:22:11.584014Z,2025-10-19T23:59:00Z
2025-10-19,china_epu,193.959999,daily,authorized_policy_uncertainty_proxy,2026-06-25T05:22:11.584014Z,2025-10-19T23:59:00Z
2025-10-20,global_epu,173.594512,daily,authorized_policy_uncertainty_proxy,2026-06-25T05:22:11.584014Z,2025-10-20T23:59:00Z
2025-10-20,china_epu,208.429024,daily,authorized_policy_uncertainty_proxy,2026-06-25T05:22:11.584014Z,2025-10-20T23:59:00Z
2025-10-21,global_epu,170.742996,daily,authorized_policy_uncertainty_proxy,2026-06-25T05:22:11.584014Z,2025-10-21T23:59:00Z
2025-10-21,china_epu,207.045992,daily,authorized_policy_uncertainty_proxy,2026-06-25T05:22:11.584014Z,2025-10-21T23:59:00Z
2025-10-22,global_epu,177.1675,daily,authorized_policy_uncertainty_proxy,2026-06-25T05:22:11.584014Z,2025-10-22T23:59:00Z
2025-10-22,china_epu,211.135,daily,authorized_policy_uncertainty_proxy,2026-06-25T05:22:11.584014Z,2025-10-22T23:59:00Z
2025-10-23,global_epu,166.2475,daily,authorized_policy_uncertainty_proxy,2026-06-25T05:22:11.584014Z,2025-10-23T23:59:00Z
2025-10-23,china_epu,204.895,daily,authorized_policy_uncertainty_proxy,2026-06-25T05:22:11.584014Z,2025-10-23T23:59:00Z
2025-10-24,global_epu,111.508,daily,authorized_policy_uncertainty_proxy,2026-06-25T05:22:11.584014Z,2025-10-24T23:59:00Z
2025-10-24,china_epu,106.576,daily,authorized_policy_uncertainty_proxy,2026-06-25T05:22:11.584014Z,2025-10-24T23:59:00Z
2025-10-27,global_epu,153.218496,daily,authorized_policy_uncertainty_proxy,2026-06-25T05:22:11.584014Z,2025-10-27T23:59:00Z
2025-10-27,china_epu,196.956992,daily,authorized_policy_uncertainty_proxy,2026-06-25T05:22:11.584014Z,2025-10-27T23:59:00Z
2025-10-28,global_epu,157.692995,daily,authorized_policy_uncertainty_proxy,2026-06-25T05:22:11.584014Z,2025-10-28T23:59:00Z
2025-10-28,china_epu,198.345989,daily,authorized_policy_uncertainty_proxy,2026-06-25T05:22:11.584014Z,2025-10-28T23:59:00Z
2025-10-29,global_epu,161.038014,daily,authorized_policy_uncertainty_proxy,2026-06-25T05:22:11.584014Z,2025-10-29T23:59:00Z
2025-10-29,china_epu,199.036027,daily,authorized_policy_uncertainty_proxy,2026-06-25T05:22:11.584014Z,2025-10-29T23:59:00Z
2025-10-30,global_epu,160.968998,daily,authorized_policy_uncertainty_proxy,2026-06-25T05:22:11.584014Z,2025-10-30T23:59:00Z
2025-10-30,china_epu,199.017997,daily,authorized_policy_uncertainty_proxy,2026-06-25T05:22:11.584014Z,2025-10-30T23:59:00Z
2025-10-31,global_epu,166.23099,daily,authorized_policy_uncertainty_proxy,2026-06-25T05:22:11.584014Z,2025-10-31T23:59:00Z
2025-10-31,china_epu,203.181979,daily,authorized_policy_uncertainty_proxy,2026-06-25T05:22:11.584014Z,2025-10-31T23:59:00Z
2025-11-03,global_epu,164.495498,daily,authorized_policy_uncertainty_proxy,2026-06-25T05:22:11.584014Z,2025-11-03T23:59:00Z
2025-11-03,china_epu,202.950995,daily,authorized_policy_uncertainty_proxy,2026-06-25T05:22:11.584014Z,2025-11-03T23:59:00Z
2025-11-04,global_epu,183.98501,daily,authorized_policy_uncertainty_proxy,2026-06-25T05:22:11.584014Z,2025-11-04T23:59:00Z
2025-11-04,china_epu,219.97002,daily,authorized_policy_uncertainty_proxy,2026-06-25T05:22:11.584014Z,2025-11-04T23:59:00Z
2025-11-05,global_epu,172.496493,daily,authorized_policy_uncertainty_proxy,2026-06-25T05:22:11.584014Z,2025-11-05T23:59:00Z
2025-11-05,china_epu,208.872987,daily,authorized_policy_uncertainty_proxy,2026-06-25T05:22:11.584014Z,2025-11-05T23:59:00Z
2025-11-06,global_epu,184.749995,daily,authorized_policy_uncertainty_proxy,2026-06-25T05:22:11.584014Z,2025-11-06T23:59:00Z
2025-11-06,china_epu,215.499989,daily,authorized_policy_uncertainty_proxy,2026-06-25T05:22:11.584014Z,2025-11-06T23:59:00Z
2025-11-07,global_epu,180.666992,daily,authorized_policy_uncertainty_proxy,2026-06-25T05:22:11.584014Z,2025-11-07T23:59:00Z
2025-11-07,china_epu,212.373984,daily,authorized_policy_uncertainty_proxy,2026-06-25T05:22:11.584014Z,2025-11-07T23:59:00Z
2025-11-10,global_epu,168.234992,daily,authorized_policy_uncertainty_proxy,2026-06-25T05:22:11.584014Z,2025-11-10T23:59:00Z
2025-11-10,china_epu,205.269984,daily,authorized_policy_uncertainty_proxy,2026-06-25T05:22:11.584014Z,2025-11-10T23:59:00Z
2025-11-11,global_epu,165.599492,daily,authorized_policy_uncertainty_proxy,2026-06-25T05:22:11.584014Z,2025-11-11T23:59:00Z
2025-11-11,china_epu,203.838983,daily,authorized_policy_uncertainty_proxy,2026-06-25T05:22:11.584014Z,2025-11-11T23:59:00Z
2025-11-12,global_epu,167.531492,daily,authorized_policy_uncertainty_proxy,2026-06-25T05:22:11.584014Z,2025-11-12T23:59:00Z
2025-11-12,china_epu,204.942983,daily,authorized_policy_uncertainty_proxy,2026-06-25T05:22:11.584014Z,2025-11-12T23:59:00Z
2025-11-13,global_epu,188.447492,daily,authorized_policy_uncertainty_proxy,2026-06-25T05:22:11.584014Z,2025-11-13T23:59:00Z
2025-11-13,china_epu,216.894983,daily,authorized_policy_uncertainty_proxy,2026-06-25T05:22:11.584014Z,2025-11-13T23:59:00Z
2025-11-14,global_epu,186.471999,daily,authorized_policy_uncertainty_proxy,2026-06-25T05:22:11.584014Z,2025-11-14T23:59:00Z
2025-11-14,china_epu,214.983998,daily,authorized_policy_uncertainty_proxy,2026-06-25T05:22:11.584014Z,2025-11-14T23:59:00Z
2025-11-17,global_epu,206.931983,daily,authorized_policy_uncertainty_proxy,2026-06-25T05:22:11.584014Z,2025-11-17T23:59:00Z
2025-11-17,china_epu,225.303966,daily,authorized_policy_uncertainty_proxy,2026-06-25T05:22:11.584014Z,2025-11-17T23:59:00Z
2025-11-18,global_epu,226.958506,daily,authorized_policy_uncertainty_proxy,2026-06-25T05:22:11.584014Z,2025-11-18T23:59:00Z
2025-11-18,china_epu,237.637011,daily,authorized_policy_uncertainty_proxy,2026-06-25T05:22:11.584014Z,2025-11-18T23:59:00Z
2025-11-19,global_epu,218.306506,daily,authorized_policy_uncertainty_proxy,2026-06-25T05:22:11.584014Z,2025-11-19T23:59:00Z
2025-11-19,china_epu,232.693011,daily,authorized_policy_uncertainty_proxy,2026-06-25T05:22:11.584014Z,2025-11-19T23:59:00Z
2025-11-20,global_epu,241.490506,daily,authorized_policy_uncertainty_proxy,2026-06-25T05:22:11.584014Z,2025-11-20T23:59:00Z
2025-11-20,china_epu,245.941011,daily,authorized_policy_uncertainty_proxy,2026-06-25T05:22:11.584014Z,2025-11-20T23:59:00Z
2025-11-21,global_epu,216.374506,daily,authorized_policy_uncertainty_proxy,2026-06-25T05:22:11.584014Z,2025-11-21T23:59:00Z
2025-11-21,china_epu,231.589011,daily,authorized_policy_uncertainty_proxy,2026-06-25T05:22:11.584014Z,2025-11-21T23:59:00Z
2025-11-24,global_epu,191.862986,daily,authorized_policy_uncertainty_proxy,2026-06-25T05:22:11.584014Z,2025-11-24T23:59:00Z
2025-11-24,china_epu,217.485971,daily,authorized_policy_uncertainty_proxy,2026-06-25T05:22:11.584014Z,2025-11-24T23:59:00Z
2025-11-25,global_epu,175.069002,daily,authorized_policy_uncertainty_proxy,2026-06-25T05:22:11.584014Z,2025-11-25T23:59:00Z
2025-11-25,china_epu,207.418005,daily,authorized_policy_uncertainty_proxy,2026-06-25T05:22:11.584014Z,2025-11-25T23:59:00Z
2025-11-26,global_epu,162.233488,daily,authorized_policy_uncertainty_proxy,2026-06-25T05:22:11.584014Z,2025-11-26T23:59:00Z
2025-11-26,china_epu,198.186975,daily,authorized_policy_uncertainty_proxy,2026-06-25T05:22:11.584014Z,2025-11-26T23:59:00Z
2025-11-27,global_epu,161.748996,daily,authorized_policy_uncertainty_proxy,2026-06-25T05:22:11.584014Z,2025-11-27T23:59:00Z
2025-11-27,china_epu,196.977991,daily,authorized_policy_uncertainty_proxy,2026-06-25T05:22:11.584014Z,2025-11-27T23:59:00Z
2025-11-28,global_epu,154.524996,daily,authorized_policy_uncertainty_proxy,2026-06-25T05:22:11.584014Z,2025-11-28T23:59:00Z
2025-11-28,china_epu,192.849991,daily,authorized_policy_uncertainty_proxy,2026-06-25T05:22:11.584014Z,2025-11-28T23:59:00Z
2025-12-01,global_epu,161.948496,daily,authorized_policy_uncertainty_proxy,2026-06-25T05:22:11.584014Z,2025-12-01T23:59:00Z
2025-12-01,china_epu,197.016992,daily,authorized_policy_uncertainty_proxy,2026-06-25T05:22:11.584014Z,2025-12-01T23:59:00Z
2025-12-02,global_epu,156.233507,daily,authorized_policy_uncertainty_proxy,2026-06-25T05:22:11.584014Z,2025-12-02T23:59:00Z
2025-12-02,china_epu,193.387014,daily,authorized_policy_uncertainty_proxy,2026-06-25T05:22:11.584014Z,2025-12-02T23:59:00Z
2025-12-03,global_epu,151.822013,daily,authorized_policy_uncertainty_proxy,2026-06-25T05:22:11.584014Z,2025-12-03T23:59:00Z
2025-12-03,china_epu,190.684026,daily,authorized_policy_uncertainty_proxy,2026-06-25T05:22:11.584014Z,2025-12-03T23:59:00Z
2025-12-04,global_epu,148.822005,daily,authorized_policy_uncertainty_proxy,2026-06-25T05:22:11.584014Z,2025-12-04T23:59:00Z
2025-12-04,china_epu,188.284009,daily,authorized_policy_uncertainty_proxy,2026-06-25T05:22:11.584014Z,2025-12-04T23:59:00Z
2025-12-05,global_epu,146.299012,daily,authorized_policy_uncertainty_proxy,2026-06-25T05:22:11.584014Z,2025-12-05T23:59:00Z
2025-12-05,china_epu,187.678025,daily,authorized_policy_uncertainty_proxy,2026-06-25T05:22:11.584014Z,2025-12-05T23:59:00Z
2025-12-08,global_epu,156.664008,daily,authorized_policy_uncertainty_proxy,2026-06-25T05:22:11.584014Z,2025-12-08T23:59:00Z
2025-12-08,china_epu,193.408016,daily,authorized_policy_uncertainty_proxy,2026-06-25T05:22:11.584014Z,2025-12-08T23:59:00Z
2025-12-09,global_epu,159.037007,daily,authorized_policy_uncertainty_proxy,2026-06-25T05:22:11.584014Z,2025-12-09T23:59:00Z
2025-12-09,china_epu,194.914015,daily,authorized_policy_uncertainty_proxy,2026-06-25T05:22:11.584014Z,2025-12-09T23:59:00Z
2025-12-10,global_epu,148.71551,daily,authorized_policy_uncertainty_proxy,2026-06-25T05:22:11.584014Z,2025-12-10T23:59:00Z
2025-12-10,china_epu,188.19102,daily,authorized_policy_uncertainty_proxy,2026-06-25T05:22:11.584014Z,2025-12-10T23:59:00Z
2025-12-11,global_epu,142.30001,daily,authorized_policy_uncertainty_proxy,2026-06-25T05:22:11.584014Z,2025-12-11T23:59:00Z
2025-12-11,china_epu,184.600019,daily,authorized_policy_uncertainty_proxy,2026-06-25T05:22:11.584014Z,2025-12-11T23:59:00Z
2025-12-12,global_epu,148.058496,daily,authorized_policy_uncertainty_proxy,2026-06-25T05:22:11.584014Z,2025-12-12T23:59:00Z
2025-12-12,china_epu,187.236993,daily,authorized_policy_uncertainty_proxy,2026-06-25T05:22:11.584014Z,2025-12-12T23:59:00Z
2025-12-15,global_epu,154.149993,daily,authorized_policy_uncertainty_proxy,2026-06-25T05:22:11.584014Z,2025-12-15T23:59:00Z
2025-12-15,china_epu,190.299985,daily,authorized_policy_uncertainty_proxy,2026-06-25T05:22:11.584014Z,2025-12-15T23:59:00Z
2025-12-16,global_epu,153.456995,daily,authorized_policy_uncertainty_proxy,2026-06-25T05:22:11.584014Z,2025-12-16T23:59:00Z
2025-12-16,china_epu,189.15399,daily,authorized_policy_uncertainty_proxy,2026-06-25T05:22:11.584014Z,2025-12-16T23:59:00Z
2025-12-17,global_epu,162.635491,daily,authorized_policy_uncertainty_proxy,2026-06-25T05:22:11.584014Z,2025-12-17T23:59:00Z
2025-12-17,china_epu,193.830983,daily,authorized_policy_uncertainty_proxy,2026-06-25T05:22:11.584014Z,2025-12-17T23:59:00Z
2025-12-18,global_epu,156.433017,daily,authorized_policy_uncertainty_proxy,2026-06-25T05:22:11.584014Z,2025-12-18T23:59:00Z
2025-12-18,china_epu,190.426033,daily,authorized_policy_uncertainty_proxy,2026-06-25T05:22:11.584014Z,2025-12-18T23:59:00Z
2025-12-19,global_epu,140.537512,daily,authorized_policy_uncertainty_proxy,2026-06-25T05:22:11.584014Z,2025-12-19T23:59:00Z
2025-12-19,china_epu,181.075025,daily,authorized_policy_uncertainty_proxy,2026-06-25T05:22:11.584014Z,2025-12-19T23:59:00Z
2025-12-22,global_epu,140.567517,daily,authorized_policy_uncertainty_proxy,2026-06-25T05:22:11.584014Z,2025-12-22T23:59:00Z
2025-12-22,china_epu,181.135035,daily,authorized_policy_uncertainty_proxy,2026-06-25T05:22:11.584014Z,2025-12-22T23:59:00Z
2025-12-23,global_epu,140.567517,daily,authorized_policy_uncertainty_proxy,2026-06-25T05:22:11.584014Z,2025-12-23T23:59:00Z
2025-12-23,china_epu,181.135035,daily,authorized_policy_uncertainty_proxy,2026-06-25T05:22:11.584014Z,2025-12-23T23:59:00Z
2025-12-24,global_epu,139.599991,daily,authorized_policy_uncertainty_proxy,2026-06-25T05:22:11.584014Z,2025-12-24T23:59:00Z
2025-12-24,china_epu,179.199982,daily,authorized_policy_uncertainty_proxy,2026-06-25T05:22:11.584014Z,2025-12-24T23:59:00Z
2025-12-26,global_epu,139.599991,daily,authorized_policy_uncertainty_proxy,2026-06-25T05:22:11.584014Z,2025-12-26T23:59:00Z
2025-12-26,china_epu,179.199982,daily,authorized_policy_uncertainty_proxy,2026-06-25T05:22:11.584014Z,2025-12-26T23:59:00Z
2025-12-29,global_epu,139.599991,daily,authorized_policy_uncertainty_proxy,2026-06-25T05:22:11.584014Z,2025-12-29T23:59:00Z
2025-12-29,china_epu,179.199982,daily,authorized_policy_uncertainty_proxy,2026-06-25T05:22:11.584014Z,2025-12-29T23:59:00Z
2025-12-30,global_epu,137.919998,daily,authorized_policy_uncertainty_proxy,2026-06-25T05:22:11.584014Z,2025-12-30T23:59:00Z
2025-12-30,china_epu,175.839996,daily,authorized_policy_uncertainty_proxy,2026-06-25T05:22:11.584014Z,2025-12-30T23:59:00Z
2025-12-31,global_epu,137.207496,daily,authorized_policy_uncertainty_proxy,2026-06-25T05:22:11.584014Z,2025-12-31T23:59:00Z
2025-12-31,china_epu,174.414992,daily,authorized_policy_uncertainty_proxy,2026-06-25T05:22:11.584014Z,2025-12-31T23:59:00Z
2026-01-02,global_epu,137.207496,daily,authorized_policy_uncertainty_proxy,2026-06-25T05:22:11.584014Z,2026-01-02T23:59:00Z
2026-01-02,china_epu,174.414992,daily,authorized_policy_uncertainty_proxy,2026-06-25T05:22:11.584014Z,2026-01-02T23:59:00Z
2026-01-05,global_epu,136.982512,daily,authorized_policy_uncertainty_proxy,2026-06-25T05:22:11.584014Z,2026-01-05T23:59:00Z
2026-01-05,china_epu,173.965025,daily,authorized_policy_uncertainty_proxy,2026-06-25T05:22:11.584014Z,2026-01-05T23:59:00Z
2026-01-06,global_epu,136.599994,daily,authorized_policy_uncertainty_proxy,2026-06-25T05:22:11.584014Z,2026-01-06T23:59:00Z
2026-01-06,china_epu,173.199987,daily,authorized_policy_uncertainty_proxy,2026-06-25T05:22:11.584014Z,2026-01-06T23:59:00Z
2026-01-07,global_epu,139.44699,daily,authorized_policy_uncertainty_proxy,2026-06-25T05:22:11.584014Z,2026-01-07T23:59:00Z
2026-01-07,china_epu,174.33398,daily,authorized_policy_uncertainty_proxy,2026-06-25T05:22:11.584014Z,2026-01-07T23:59:00Z
2026-01-08,global_epu,141.017501,daily,authorized_policy_uncertainty_proxy,2026-06-25T05:22:11.584014Z,2026-01-08T23:59:00Z
2026-01-08,china_epu,176.635002,daily,authorized_policy_uncertainty_proxy,2026-06-25T05:22:11.584014Z,2026-01-08T23:59:00Z
2026-01-09,global_epu,136.2625,daily,authorized_policy_uncertainty_proxy,2026-06-25T05:22:11.584014Z,2026-01-09T23:59:00Z
2026-01-09,china_epu,172.525001,daily,authorized_policy_uncertainty_proxy,2026-06-25T05:22:11.584014Z,2026-01-09T23:59:00Z
2026-01-12,global_epu,136.798002,daily,authorized_policy_uncertainty_proxy,2026-06-25T05:22:11.584014Z,2026-01-12T23:59:00Z
2026-01-12,china_epu,172.156005,daily,authorized_policy_uncertainty_proxy,2026-06-25T05:22:11.584014Z,2026-01-12T23:59:00Z
2026-01-13,global_epu,143.714514,daily,authorized_policy_uncertainty_proxy,2026-06-25T05:22:11.584014Z,2026-01-13T23:59:00Z
2026-01-13,china_epu,175.669028,daily,authorized_policy_uncertainty_proxy,2026-06-25T05:22:11.584014Z,2026-01-13T23:59:00Z
2026-01-14,global_epu,150.512497,daily,authorized_policy_uncertainty_proxy,2026-06-25T05:22:11.584014Z,2026-01-14T23:59:00Z
2026-01-14,china_epu,180.024994,daily,authorized_policy_uncertainty_proxy,2026-06-25T05:22:11.584014Z,2026-01-14T23:59:00Z
2026-01-15,global_epu,142.531004,daily,authorized_policy_uncertainty_proxy,2026-06-25T05:22:11.584014Z,2026-01-15T23:59:00Z
2026-01-15,china_epu,174.982007,daily,authorized_policy_uncertainty_proxy,2026-06-25T05:22:11.584014Z,2026-01-15T23:59:00Z
2026-01-16,global_epu,142.174006,daily,authorized_policy_uncertainty_proxy,2026-06-25T05:22:11.584014Z,2026-01-16T23:59:00Z
2026-01-16,china_epu,174.028012,daily,authorized_policy_uncertainty_proxy,2026-06-25T05:22:11.584014Z,2026-01-16T23:59:00Z
2026-01-19,global_epu,167.363505,daily,authorized_policy_uncertainty_proxy,2026-06-25T05:22:11.584014Z,2026-01-19T23:59:00Z
2026-01-19,china_epu,188.647011,daily,authorized_policy_uncertainty_proxy,2026-06-25T05:22:11.584014Z,2026-01-19T23:59:00Z
2026-01-20,global_epu,177.863505,daily,authorized_policy_uncertainty_proxy,2026-06-25T05:22:11.584014Z,2026-01-20T23:59:00Z
2026-01-20,china_epu,194.647011,daily,authorized_policy_uncertainty_proxy,2026-06-25T05:22:11.584014Z,2026-01-20T23:59:00Z
2026-01-21,global_epu,150.452493,daily,authorized_policy_uncertainty_proxy,2026-06-25T05:22:11.584014Z,2026-01-21T23:59:00Z
2026-01-21,china_epu,178.104985,daily,authorized_policy_uncertainty_proxy,2026-06-25T05:22:11.584014Z,2026-01-21T23:59:00Z
2026-01-22,global_epu,140.153486,daily,authorized_policy_uncertainty_proxy,2026-06-25T05:22:11.584014Z,2026-01-22T23:59:00Z
2026-01-22,china_epu,172.626973,daily,authorized_policy_uncertainty_proxy,2026-06-25T05:22:11.584014Z,2026-01-22T23:59:00Z
2026-01-23,global_epu,144.600999,daily,authorized_policy_uncertainty_proxy,2026-06-25T05:22:11.584014Z,2026-01-23T23:59:00Z
2026-01-23,china_epu,176.121997,daily,authorized_policy_uncertainty_proxy,2026-06-25T05:22:11.584014Z,2026-01-23T23:59:00Z
2026-01-26,global_epu,145.104999,daily,authorized_policy_uncertainty_proxy,2026-06-25T05:22:11.584014Z,2026-01-26T23:59:00Z
2026-01-26,china_epu,176.409997,daily,authorized_policy_uncertainty_proxy,2026-06-25T05:22:11.584014Z,2026-01-26T23:59:00Z
2026-01-27,global_epu,145.404984,daily,authorized_policy_uncertainty_proxy,2026-06-25T05:22:11.584014Z,2026-01-27T23:59:00Z
2026-01-27,china_epu,174.609969,daily,authorized_policy_uncertainty_proxy,2026-06-25T05:22:11.584014Z,2026-01-27T23:59:00Z
2026-01-28,global_epu,145.427515,daily,authorized_policy_uncertainty_proxy,2026-06-25T05:22:11.584014Z,2026-01-28T23:59:00Z
2026-01-28,china_epu,174.65503,daily,authorized_policy_uncertainty_proxy,2026-06-25T05:22:11.584014Z,2026-01-28T23:59:00Z
2026-01-29,global_epu,149.879515,daily,authorized_policy_uncertainty_proxy,2026-06-25T05:22:11.584014Z,2026-01-29T23:59:00Z
2026-01-29,china_epu,177.19903,daily,authorized_policy_uncertainty_proxy,2026-06-25T05:22:11.584014Z,2026-01-29T23:59:00Z
2026-01-30,global_epu,154.095997,daily,authorized_policy_uncertainty_proxy,2026-06-25T05:22:11.584014Z,2026-01-30T23:59:00Z
2026-01-30,china_epu,178.911993,daily,authorized_policy_uncertainty_proxy,2026-06-25T05:22:11.584014Z,2026-01-30T23:59:00Z
2026-02-02,global_epu,145.081016,daily,authorized_policy_uncertainty_proxy,2026-06-25T05:22:11.584014Z,2026-02-02T23:59:00Z
2026-02-02,china_epu,174.082032,daily,authorized_policy_uncertainty_proxy,2026-06-25T05:22:11.584014Z,2026-02-02T23:59:00Z
2026-02-03,global_epu,158.672502,daily,authorized_policy_uncertainty_proxy,2026-06-25T05:22:11.584014Z,2026-02-03T23:59:00Z
2026-02-03,china_epu,181.345004,daily,authorized_policy_uncertainty_proxy,2026-06-25T05:22:11.584014Z,2026-02-03T23:59:00Z
2026-02-04,global_epu,163.403485,daily,authorized_policy_uncertainty_proxy,2026-06-25T05:22:11.584014Z,2026-02-04T23:59:00Z
2026-02-04,china_epu,183.126969,daily,authorized_policy_uncertainty_proxy,2026-06-25T05:22:11.584014Z,2026-02-04T23:59:00Z
2026-02-05,global_epu,189.695485,daily,authorized_policy_uncertainty_proxy,2026-06-25T05:22:11.584014Z,2026-02-05T23:59:00Z
2026-02-05,china_epu,198.150969,daily,authorized_policy_uncertainty_proxy,2026-06-25T05:22:11.584014Z,2026-02-05T23:59:00Z
2026-02-06,global_epu,156.018995,daily,authorized_policy_uncertainty_proxy,2026-06-25T05:22:11.584014Z,2026-02-06T23:59:00Z
2026-02-06,china_epu,178.91799,daily,authorized_policy_uncertainty_proxy,2026-06-25T05:22:11.584014Z,2026-02-06T23:59:00Z
2026-02-09,global_epu,152.733989,daily,authorized_policy_uncertainty_proxy,2026-06-25T05:22:11.584014Z,2026-02-09T23:59:00Z
2026-02-09,china_epu,177.147979,daily,authorized_policy_uncertainty_proxy,2026-06-25T05:22:11.584014Z,2026-02-09T23:59:00Z
2026-02-10,global_epu,155.085995,daily,authorized_policy_uncertainty_proxy,2026-06-25T05:22:11.584014Z,2026-02-10T23:59:00Z
2026-02-10,china_epu,176.69199,daily,authorized_policy_uncertainty_proxy,2026-06-25T05:22:11.584014Z,2026-02-10T23:59:00Z
2026-02-11,global_epu,153.055014,daily,authorized_policy_uncertainty_proxy,2026-06-25T05:22:11.584014Z,2026-02-11T23:59:00Z
2026-02-11,china_epu,174.310028,daily,authorized_policy_uncertainty_proxy,2026-06-25T05:22:11.584014Z,2026-02-11T23:59:00Z
2026-02-12,global_epu,179.825493,daily,authorized_policy_uncertainty_proxy,2026-06-25T05:22:11.584014Z,2026-02-12T23:59:00Z
2026-02-12,china_epu,189.810986,daily,authorized_policy_uncertainty_proxy,2026-06-25T05:22:11.584014Z,2026-02-12T23:59:00Z
2026-02-13,global_epu,177.047517,daily,authorized_policy_uncertainty_proxy,2026-06-25T05:22:11.584014Z,2026-02-13T23:59:00Z
2026-02-13,china_epu,186.895035,daily,authorized_policy_uncertainty_proxy,2026-06-25T05:22:11.584014Z,2026-02-13T23:59:00Z
2026-02-16,global_epu,182.679999,daily,authorized_policy_uncertainty_proxy,2026-06-25T05:22:11.584014Z,2026-02-16T23:59:00Z
2026-02-16,china_epu,190.959999,daily,authorized_policy_uncertainty_proxy,2026-06-25T05:22:11.584014Z,2026-02-16T23:59:00Z
2026-02-17,global_epu,175.035999,daily,authorized_policy_uncertainty_proxy,2026-06-25T05:22:11.584014Z,2026-02-17T23:59:00Z
2026-02-17,china_epu,186.591999,daily,authorized_policy_uncertainty_proxy,2026-06-25T05:22:11.584014Z,2026-02-17T23:59:00Z
2026-02-18,global_epu,169.407999,daily,authorized_policy_uncertainty_proxy,2026-06-25T05:22:11.584014Z,2026-02-18T23:59:00Z
2026-02-18,china_epu,183.375999,daily,authorized_policy_uncertainty_proxy,2026-06-25T05:22:11.584014Z,2026-02-18T23:59:00Z
2026-02-19,global_epu,174.531999,daily,authorized_policy_uncertainty_proxy,2026-06-25T05:22:11.584014Z,2026-02-19T23:59:00Z
2026-02-19,china_epu,186.303999,daily,authorized_policy_uncertainty_proxy,2026-06-25T05:22:11.584014Z,2026-02-19T23:59:00Z
2026-02-20,global_epu,164.96351,daily,authorized_policy_uncertainty_proxy,2026-06-25T05:22:11.584014Z,2026-02-20T23:59:00Z
2026-02-20,china_epu,180.847019,daily,authorized_policy_uncertainty_proxy,2026-06-25T05:22:11.584014Z,2026-02-20T23:59:00Z
2026-02-23,global_epu,181.083999,daily,authorized_policy_uncertainty_proxy,2026-06-25T05:22:11.584014Z,2026-02-23T23:59:00Z
2026-02-23,china_epu,190.047999,daily,authorized_policy_uncertainty_proxy,2026-06-25T05:22:11.584014Z,2026-02-23T23:59:00Z
2026-02-24,global_epu,168.819999,daily,authorized_policy_uncertainty_proxy,2026-06-25T05:22:11.584014Z,2026-02-24T23:59:00Z
2026-02-24,china_epu,183.039999,daily,authorized_policy_uncertainty_proxy,2026-06-25T05:22:11.584014Z,2026-02-24T23:59:00Z
2026-02-25,global_epu,153.344502,daily,authorized_policy_uncertainty_proxy,2026-06-25T05:22:11.584014Z,2026-02-25T23:59:00Z
2026-02-25,china_epu,171.529005,daily,authorized_policy_uncertainty_proxy,2026-06-25T05:22:11.584014Z,2026-02-25T23:59:00Z
2026-02-26,global_epu,158.182017,daily,authorized_policy_uncertainty_proxy,2026-06-25T05:22:11.584014Z,2026-02-26T23:59:00Z
2026-02-26,china_epu,172.804034,daily,authorized_policy_uncertainty_proxy,2026-06-25T05:22:11.584014Z,2026-02-26T23:59:00Z
2026-02-27,global_epu,166.391496,daily,authorized_policy_uncertainty_proxy,2026-06-25T05:22:11.584014Z,2026-02-27T23:59:00Z
2026-02-27,china_epu,174.462992,daily,authorized_policy_uncertainty_proxy,2026-06-25T05:22:11.584014Z,2026-02-27T23:59:00Z
2026-03-02,global_epu,180.938511,daily,authorized_policy_uncertainty_proxy,2026-06-25T05:22:11.584014Z,2026-03-02T23:59:00Z
2026-03-02,china_epu,184.597021,daily,authorized_policy_uncertainty_proxy,2026-06-25T05:22:11.584014Z,2026-03-02T23:59:00Z
2026-03-03,global_epu,200.637998,daily,authorized_policy_uncertainty_proxy,2026-06-25T05:22:11.584014Z,2026-03-03T23:59:00Z
2026-03-03,china_epu,198.435995,daily,authorized_policy_uncertainty_proxy,2026-06-25T05:22:11.584014Z,2026-03-03T23:59:00Z
2026-03-04,global_epu,181.637512,daily,authorized_policy_uncertainty_proxy,2026-06-25T05:22:11.584014Z,2026-03-04T23:59:00Z
2026-03-04,china_epu,189.475025,daily,authorized_policy_uncertainty_proxy,2026-06-25T05:22:11.584014Z,2026-03-04T23:59:00Z
2026-03-05,global_epu,203.274988,daily,authorized_policy_uncertainty_proxy,2026-06-25T05:22:11.584014Z,2026-03-05T23:59:00Z
2026-03-05,china_epu,201.549975,daily,authorized_policy_uncertainty_proxy,2026-06-25T05:22:11.584014Z,2026-03-05T23:59:00Z
2026-03-06,global_epu,251.490988,daily,authorized_policy_uncertainty_proxy,2026-06-25T05:22:11.584014Z,2026-03-06T23:59:00Z
2026-03-06,china_epu,229.101975,daily,authorized_policy_uncertainty_proxy,2026-06-25T05:22:11.584014Z,2026-03-06T23:59:00Z
2026-03-09,global_epu,217.937508,daily,authorized_policy_uncertainty_proxy,2026-06-25T05:22:11.584014Z,2026-03-09T23:59:00Z
2026-03-09,china_epu,209.875017,daily,authorized_policy_uncertainty_proxy,2026-06-25T05:22:11.584014Z,2026-03-09T23:59:00Z
2026-03-10,global_epu,214.236983,daily,authorized_policy_uncertainty_proxy,2026-06-25T05:22:11.584014Z,2026-03-10T23:59:00Z
2026-03-10,china_epu,209.313966,daily,authorized_policy_uncertainty_proxy,2026-06-25T05:22:11.584014Z,2026-03-10T23:59:00Z
2026-03-11,global_epu,205.76951,daily,authorized_policy_uncertainty_proxy,2026-06-25T05:22:11.584014Z,2026-03-11T23:59:00Z
2026-03-11,china_epu,200.779019,daily,authorized_policy_uncertainty_proxy,2026-06-25T05:22:11.584014Z,2026-03-11T23:59:00Z
2026-03-12,global_epu,230.648498,daily,authorized_policy_uncertainty_proxy,2026-06-25T05:22:11.584014Z,2026-03-12T23:59:00Z
2026-03-12,china_epu,213.816996,daily,authorized_policy_uncertainty_proxy,2026-06-25T05:22:11.584014Z,2026-03-12T23:59:00Z
2026-03-13,global_epu,230.063487,daily,authorized_policy_uncertainty_proxy,2026-06-25T05:22:11.584014Z,2026-03-13T23:59:00Z
2026-03-13,china_epu,213.846973,daily,authorized_policy_uncertainty_proxy,2026-06-25T05:22:11.584014Z,2026-03-13T23:59:00Z
2026-03-16,global_epu,201.191503,daily,authorized_policy_uncertainty_proxy,2026-06-25T05:22:11.584014Z,2026-03-16T23:59:00Z
2026-03-16,china_epu,200.263007,daily,authorized_policy_uncertainty_proxy,2026-06-25T05:22:11.584014Z,2026-03-16T23:59:00Z
2026-03-17,global_epu,196.070509,daily,authorized_policy_uncertainty_proxy,2026-06-25T05:22:11.584014Z,2026-03-17T23:59:00Z
2026-03-17,china_epu,203.701019,daily,authorized_policy_uncertainty_proxy,2026-06-25T05:22:11.584014Z,2026-03-17T23:59:00Z
2026-03-18,global_epu,213.728507,daily,authorized_policy_uncertainty_proxy,2026-06-25T05:22:11.584014Z,2026-03-18T23:59:00Z
2026-03-18,china_epu,206.377013,daily,authorized_policy_uncertainty_proxy,2026-06-25T05:22:11.584014Z,2026-03-18T23:59:00Z
2026-03-19,global_epu,204.049006,daily,authorized_policy_uncertainty_proxy,2026-06-25T05:22:11.584014Z,2026-03-19T23:59:00Z
2026-03-19,china_epu,199.378012,daily,authorized_policy_uncertainty_proxy,2026-06-25T05:22:11.584014Z,2026-03-19T23:59:00Z
2026-03-20,global_epu,228.936987,daily,authorized_policy_uncertainty_proxy,2026-06-25T05:22:11.584014Z,2026-03-20T23:59:00Z
2026-03-20,china_epu,216.513974,daily,authorized_policy_uncertainty_proxy,2026-06-25T05:22:11.584014Z,2026-03-20T23:59:00Z
2026-03-23,global_epu,222.587517,daily,authorized_policy_uncertainty_proxy,2026-06-25T05:22:11.584014Z,2026-03-23T23:59:00Z
2026-03-23,china_epu,211.375034,daily,authorized_policy_uncertainty_proxy,2026-06-25T05:22:11.584014Z,2026-03-23T23:59:00Z
2026-03-24,global_epu,228.880009,daily,authorized_policy_uncertainty_proxy,2026-06-25T05:22:11.584014Z,2026-03-24T23:59:00Z
2026-03-24,china_epu,214.360017,daily,authorized_policy_uncertainty_proxy,2026-06-25T05:22:11.584014Z,2026-03-24T23:59:00Z
2026-03-25,global_epu,216.156995,daily,authorized_policy_uncertainty_proxy,2026-06-25T05:22:11.584014Z,2026-03-25T23:59:00Z
2026-03-25,china_epu,208.353989,daily,authorized_policy_uncertainty_proxy,2026-06-25T05:22:11.584014Z,2026-03-25T23:59:00Z
2026-03-26,global_epu,234.571002,daily,authorized_policy_uncertainty_proxy,2026-06-25T05:22:11.584014Z,2026-03-26T23:59:00Z
2026-03-26,china_epu,219.862003,daily,authorized_policy_uncertainty_proxy,2026-06-25T05:22:11.584014Z,2026-03-26T23:59:00Z
2026-03-27,global_epu,265.622488,daily,authorized_policy_uncertainty_proxy,2026-06-25T05:22:11.584014Z,2026-03-27T23:59:00Z
2026-03-27,china_epu,238.644977,daily,authorized_policy_uncertainty_proxy,2026-06-25T05:22:11.584014Z,2026-03-27T23:59:00Z
2026-03-29,global_epu,130.870008,daily,authorized_policy_uncertainty_proxy,2026-06-25T05:22:11.584014Z,2026-03-29T23:59:00Z
2026-03-29,china_epu,161.740017,daily,authorized_policy_uncertainty_proxy,2026-06-25T05:22:11.584014Z,2026-03-29T23:59:00Z
2026-03-30,global_epu,261.994008,daily,authorized_policy_uncertainty_proxy,2026-06-25T05:22:11.584014Z,2026-03-30T23:59:00Z
2026-03-30,china_epu,236.668017,daily,authorized_policy_uncertainty_proxy,2026-06-25T05:22:11.584014Z,2026-03-30T23:59:00Z
2026-03-31,global_epu,215.664989,daily,authorized_policy_uncertainty_proxy,2026-06-25T05:22:11.584014Z,2026-03-31T23:59:00Z
2026-03-31,china_epu,208.329977,daily,authorized_policy_uncertainty_proxy,2026-06-25T05:22:11.584014Z,2026-03-31T23:59:00Z
2026-04-01,global_epu,207.923507,daily,authorized_policy_uncertainty_proxy,2026-06-25T05:22:11.584014Z,2026-04-01T23:59:00Z
2026-04-01,china_epu,201.367013,daily,authorized_policy_uncertainty_proxy,2026-06-25T05:22:11.584014Z,2026-04-01T23:59:00Z
2026-04-02,global_epu,203.390492,daily,authorized_policy_uncertainty_proxy,2026-06-25T05:22:11.584014Z,2026-04-02T23:59:00Z
2026-04-02,china_epu,200.340983,daily,authorized_policy_uncertainty_proxy,2026-06-25T05:22:11.584014Z,2026-04-02T23:59:00Z
2026-04-05,global_epu,128.680003,daily,authorized_policy_uncertainty_proxy,2026-06-25T05:22:11.584014Z,2026-04-05T23:59:00Z
2026-04-05,china_epu,157.360005,daily,authorized_policy_uncertainty_proxy,2026-06-25T05:22:11.584014Z,2026-04-05T23:59:00Z
2026-04-06,global_epu,205.700493,daily,authorized_policy_uncertainty_proxy,2026-06-25T05:22:11.584014Z,2026-04-06T23:59:00Z
2026-04-06,china_epu,201.360985,daily,authorized_policy_uncertainty_proxy,2026-06-25T05:22:11.584014Z,2026-04-06T23:59:00Z
2026-04-07,global_epu,217.304496,daily,authorized_policy_uncertainty_proxy,2026-06-25T05:22:11.584014Z,2026-04-07T23:59:00Z
2026-04-07,china_epu,205.248992,daily,authorized_policy_uncertainty_proxy,2026-06-25T05:22:11.584014Z,2026-04-07T23:59:00Z
2026-04-08,global_epu,175.388505,daily,authorized_policy_uncertainty_proxy,2026-06-25T05:22:11.584014Z,2026-04-08T23:59:00Z
2026-04-08,china_epu,178.29701,daily,authorized_policy_uncertainty_proxy,2026-06-25T05:22:11.584014Z,2026-04-08T23:59:00Z
2026-04-09,global_epu,162.570994,daily,authorized_policy_uncertainty_proxy,2026-06-25T05:22:11.584014Z,2026-04-09T23:59:00Z
2026-04-09,china_epu,171.261988,daily,authorized_policy_uncertainty_proxy,2026-06-25T05:22:11.584014Z,2026-04-09T23:59:00Z
2026-04-10,global_epu,135.532,daily,authorized_policy_uncertainty_proxy,2026-06-25T05:22:11.584014Z,2026-04-10T23:59:00Z
2026-04-10,china_epu,120.304,daily,authorized_policy_uncertainty_proxy,2026-06-25T05:22:11.584014Z,2026-04-10T23:59:00Z
2026-04-12,global_epu,124.584985,daily,authorized_policy_uncertainty_proxy,2026-06-25T05:22:11.584014Z,2026-04-12T23:59:00Z
2026-04-12,china_epu,149.16997,daily,authorized_policy_uncertainty_proxy,2026-06-25T05:22:11.584014Z,2026-04-12T23:59:00Z
2026-04-13,global_epu,159.380489,daily,authorized_policy_uncertainty_proxy,2026-06-25T05:22:11.584014Z,2026-04-13T23:59:00Z
2026-04-13,china_epu,169.320978,daily,authorized_policy_uncertainty_proxy,2026-06-25T05:22:11.584014Z,2026-04-13T23:59:00Z
2026-04-14,global_epu,151.901504,daily,authorized_policy_uncertainty_proxy,2026-06-25T05:22:11.584014Z,2026-04-14T23:59:00Z
2026-04-14,china_epu,163.483008,daily,authorized_policy_uncertainty_proxy,2026-06-25T05:22:11.584014Z,2026-04-14T23:59:00Z
2026-04-15,global_epu,150.477988,daily,authorized_policy_uncertainty_proxy,2026-06-25T05:22:11.584014Z,2026-04-15T23:59:00Z
2026-04-15,china_epu,162.915976,daily,authorized_policy_uncertainty_proxy,2026-06-25T05:22:11.584014Z,2026-04-15T23:59:00Z
2026-04-16,global_epu,148.778518,daily,authorized_policy_uncertainty_proxy,2026-06-25T05:22:11.584014Z,2026-04-16T23:59:00Z
2026-04-16,china_epu,162.277035,daily,authorized_policy_uncertainty_proxy,2026-06-25T05:22:11.584014Z,2026-04-16T23:59:00Z
2026-04-17,global_epu,120.832,daily,authorized_policy_uncertainty_proxy,2026-06-25T05:22:11.584014Z,2026-04-17T23:59:00Z
2026-04-17,china_epu,111.904,daily,authorized_policy_uncertainty_proxy,2026-06-25T05:22:11.584014Z,2026-04-17T23:59:00Z
2026-04-19,global_epu,123.774993,daily,authorized_policy_uncertainty_proxy,2026-06-25T05:22:11.584014Z,2026-04-19T23:59:00Z
2026-04-19,china_epu,147.549987,daily,authorized_policy_uncertainty_proxy,2026-06-25T05:22:11.584014Z,2026-04-19T23:59:00Z
2026-04-20,global_epu,156.312998,daily,authorized_policy_uncertainty_proxy,2026-06-25T05:22:11.584014Z,2026-04-20T23:59:00Z
2026-04-20,china_epu,166.185997,daily,authorized_policy_uncertainty_proxy,2026-06-25T05:22:11.584014Z,2026-04-20T23:59:00Z
2026-04-21,global_epu,161.859987,daily,authorized_policy_uncertainty_proxy,2026-06-25T05:22:11.584014Z,2026-04-21T23:59:00Z
2026-04-21,china_epu,169.719974,daily,authorized_policy_uncertainty_proxy,2026-06-25T05:22:11.584014Z,2026-04-21T23:59:00Z
2026-04-22,global_epu,157.243012,daily,authorized_policy_uncertainty_proxy,2026-06-25T05:22:11.584014Z,2026-04-22T23:59:00Z
2026-04-22,china_epu,167.446023,daily,authorized_policy_uncertainty_proxy,2026-06-25T05:22:11.584014Z,2026-04-22T23:59:00Z
2026-04-23,global_epu,160.654016,daily,authorized_policy_uncertainty_proxy,2026-06-25T05:22:11.584014Z,2026-04-23T23:59:00Z
2026-04-23,china_epu,169.588032,daily,authorized_policy_uncertainty_proxy,2026-06-25T05:22:11.584014Z,2026-04-23T23:59:00Z
2026-04-24,global_epu,131.164,daily,authorized_policy_uncertainty_proxy,2026-06-25T05:22:11.584014Z,2026-04-24T23:59:00Z
2026-04-24,china_epu,117.808,daily,authorized_policy_uncertainty_proxy,2026-06-25T05:22:11.584014Z,2026-04-24T23:59:00Z
2026-04-26,global_epu,125.192487,daily,authorized_policy_uncertainty_proxy,2026-06-25T05:22:11.584014Z,2026-04-26T23:59:00Z
2026-04-26,china_epu,150.384974,daily,authorized_policy_uncertainty_proxy,2026-06-25T05:22:11.584014Z,2026-04-26T23:59:00Z
2026-04-27,global_epu,149.578012,daily,authorized_policy_uncertainty_proxy,2026-06-25T05:22:11.584014Z,2026-04-27T23:59:00Z
2026-04-27,china_epu,162.916024,daily,authorized_policy_uncertainty_proxy,2026-06-25T05:22:11.584014Z,2026-04-27T23:59:00Z
2026-04-28,global_epu,149.076997,daily,authorized_policy_uncertainty_proxy,2026-06-25T05:22:11.584014Z,2026-04-28T23:59:00Z
2026-04-28,china_epu,164.193994,daily,authorized_policy_uncertainty_proxy,2026-06-25T05:22:11.584014Z,2026-04-28T23:59:00Z
2026-04-29,global_epu,157.316507,daily,authorized_policy_uncertainty_proxy,2026-06-25T05:22:11.584014Z,2026-04-29T23:59:00Z
2026-04-29,china_epu,168.913014,daily,authorized_policy_uncertainty_proxy,2026-06-25T05:22:11.584014Z,2026-04-29T23:59:00Z
2026-04-30,global_epu,140.423505,daily,authorized_policy_uncertainty_proxy,2026-06-25T05:22:11.584014Z,2026-04-30T23:59:00Z
2026-04-30,china_epu,158.167011,daily,authorized_policy_uncertainty_proxy,2026-06-25T05:22:11.584014Z,2026-04-30T23:59:00Z
2026-05-01,global_epu,116.716,daily,authorized_policy_uncertainty_proxy,2026-06-25T05:22:11.584014Z,2026-05-01T23:59:00Z
2026-05-01,china_epu,109.552,daily,authorized_policy_uncertainty_proxy,2026-06-25T05:22:11.584014Z,2026-05-01T23:59:00Z
2026-05-03,global_epu,124.56249,daily,authorized_policy_uncertainty_proxy,2026-06-25T05:22:11.584014Z,2026-05-03T23:59:00Z
2026-05-03,china_epu,149.12498,daily,authorized_policy_uncertainty_proxy,2026-06-25T05:22:11.584014Z,2026-05-03T23:59:00Z
2026-05-04,global_epu,152.385994,daily,authorized_policy_uncertainty_proxy,2026-06-25T05:22:11.584014Z,2026-05-04T23:59:00Z
2026-05-04,china_epu,165.291989,daily,authorized_policy_uncertainty_proxy,2026-06-25T05:22:11.584014Z,2026-05-04T23:59:00Z
2026-05-05,global_epu,144.749504,daily,authorized_policy_uncertainty_proxy,2026-06-25T05:22:11.584014Z,2026-05-05T23:59:00Z
2026-05-05,china_epu,160.939009,daily,authorized_policy_uncertainty_proxy,2026-06-25T05:22:11.584014Z,2026-05-05T23:59:00Z
2026-05-06,global_epu,143.40099,daily,authorized_policy_uncertainty_proxy,2026-06-25T05:22:11.584014Z,2026-05-06T23:59:00Z
2026-05-06,china_epu,158.121981,daily,authorized_policy_uncertainty_proxy,2026-06-25T05:22:11.584014Z,2026-05-06T23:59:00Z
2026-05-07,global_epu,140.077014,daily,authorized_policy_uncertainty_proxy,2026-06-25T05:22:11.584014Z,2026-05-07T23:59:00Z
2026-05-07,china_epu,155.194028,daily,authorized_policy_uncertainty_proxy,2026-06-25T05:22:11.584014Z,2026-05-07T23:59:00Z
2026-05-08,global_epu,118.396,daily,authorized_policy_uncertainty_proxy,2026-06-25T05:22:11.584014Z,2026-05-08T23:59:00Z
2026-05-08,china_epu,110.512,daily,authorized_policy_uncertainty_proxy,2026-06-25T05:22:11.584014Z,2026-05-08T23:59:00Z
2026-05-10,global_epu,122.537494,daily,authorized_policy_uncertainty_proxy,2026-06-25T05:22:11.584014Z,2026-05-10T23:59:00Z
2026-05-10,china_epu,145.074987,daily,authorized_policy_uncertainty_proxy,2026-06-25T05:22:11.584014Z,2026-05-10T23:59:00Z
2026-05-11,global_epu,150.501985,daily,authorized_policy_uncertainty_proxy,2026-06-25T05:22:11.584014Z,2026-05-11T23:59:00Z
2026-05-11,china_epu,160.443971,daily,authorized_policy_uncertainty_proxy,2026-06-25T05:22:11.584014Z,2026-05-11T23:59:00Z
2026-05-12,global_epu,147.015986,daily,authorized_policy_uncertainty_proxy,2026-06-25T05:22:11.584014Z,2026-05-12T23:59:00Z
2026-05-12,china_epu,158.151973,daily,authorized_policy_uncertainty_proxy,2026-06-25T05:22:11.584014Z,2026-05-12T23:59:00Z
2026-05-13,global_epu,145.918007,daily,authorized_policy_uncertainty_proxy,2026-06-25T05:22:11.584014Z,2026-05-13T23:59:00Z
2026-05-13,china_epu,157.396014,daily,authorized_policy_uncertainty_proxy,2026-06-25T05:22:11.584014Z,2026-05-13T23:59:00Z
2026-05-14,global_epu,140.366499,daily,authorized_policy_uncertainty_proxy,2026-06-25T05:22:11.584014Z,2026-05-14T23:59:00Z
2026-05-14,china_epu,153.612997,daily,authorized_policy_uncertainty_proxy,2026-06-25T05:22:11.584014Z,2026-05-14T23:59:00Z
2026-05-15,global_epu,128.812,daily,authorized_policy_uncertainty_proxy,2026-06-25T05:22:11.584014Z,2026-05-15T23:59:00Z
2026-05-15,china_epu,116.464,daily,authorized_policy_uncertainty_proxy,2026-06-25T05:22:11.584014Z,2026-05-15T23:59:00Z
2026-05-17,global_epu,123.189986,daily,authorized_policy_uncertainty_proxy,2026-06-25T05:22:11.584014Z,2026-05-17T23:59:00Z
2026-05-17,china_epu,146.379972,daily,authorized_policy_uncertainty_proxy,2026-06-25T05:22:11.584014Z,2026-05-17T23:59:00Z
2026-05-18,global_epu,146.188014,daily,authorized_policy_uncertainty_proxy,2026-06-25T05:22:11.584014Z,2026-05-18T23:59:00Z
2026-05-18,china_epu,158.536029,daily,authorized_policy_uncertainty_proxy,2026-06-25T05:22:11.584014Z,2026-05-18T23:59:00Z
2026-05-19,global_epu,149.291489,daily,authorized_policy_uncertainty_proxy,2026-06-25T05:22:11.584014Z,2026-05-19T23:59:00Z
2026-05-19,china_epu,161.862978,daily,authorized_policy_uncertainty_proxy,2026-06-25T05:22:11.584014Z,2026-05-19T23:59:00Z
2026-05-20,global_epu,143.033494,daily,authorized_policy_uncertainty_proxy,2026-06-25T05:22:11.584014Z,2026-05-20T23:59:00Z
2026-05-20,china_epu,156.786987,daily,authorized_policy_uncertainty_proxy,2026-06-25T05:22:11.584014Z,2026-05-20T23:59:00Z
2026-05-21,global_epu,137.471483,daily,authorized_policy_uncertainty_proxy,2026-06-25T05:22:11.584014Z,2026-05-21T23:59:00Z
2026-05-21,china_epu,153.822966,daily,authorized_policy_uncertainty_proxy,2026-06-25T05:22:11.584014Z,2026-05-21T23:59:00Z
2026-05-22,global_epu,114.28,daily,authorized_policy_uncertainty_proxy,2026-06-25T05:22:11.584014Z,2026-05-22T23:59:00Z
2026-05-22,china_epu,108.16,daily,authorized_policy_uncertainty_proxy,2026-06-25T05:22:11.584014Z,2026-05-22T23:59:00Z
2026-05-24,global_epu,122.087491,daily,authorized_policy_uncertainty_proxy,2026-06-25T05:22:11.584014Z,2026-05-24T23:59:00Z
2026-05-24,china_epu,144.174981,daily,authorized_policy_uncertainty_proxy,2026-06-25T05:22:11.584014Z,2026-05-24T23:59:00Z
2026-05-25,global_epu,135.443491,daily,authorized_policy_uncertainty_proxy,2026-06-25T05:22:11.584014Z,2026-05-25T23:59:00Z
2026-05-25,china_epu,151.806981,daily,authorized_policy_uncertainty_proxy,2026-06-25T05:22:11.584014Z,2026-05-25T23:59:00Z
2026-05-26,global_epu,138.333983,daily,authorized_policy_uncertainty_proxy,2026-06-25T05:22:11.584014Z,2026-05-26T23:59:00Z
2026-05-26,china_epu,152.547966,daily,authorized_policy_uncertainty_proxy,2026-06-25T05:22:11.584014Z,2026-05-26T23:59:00Z
2026-05-27,global_epu,131.746001,daily,authorized_policy_uncertainty_proxy,2026-06-25T05:22:11.584014Z,2026-05-27T23:59:00Z
2026-05-27,china_epu,148.012002,daily,authorized_policy_uncertainty_proxy,2026-06-25T05:22:11.584014Z,2026-05-27T23:59:00Z
2026-05-28,global_epu,127.178501,daily,authorized_policy_uncertainty_proxy,2026-06-25T05:22:11.584014Z,2026-05-28T23:59:00Z
2026-05-28,china_epu,145.477001,daily,authorized_policy_uncertainty_proxy,2026-06-25T05:22:11.584014Z,2026-05-28T23:59:00Z
2026-05-29,global_epu,102.688,daily,authorized_policy_uncertainty_proxy,2026-06-25T05:22:11.584014Z,2026-05-29T23:59:00Z
2026-05-29,china_epu,101.536,daily,authorized_policy_uncertainty_proxy,2026-06-25T05:22:11.584014Z,2026-05-29T23:59:00Z
2026-05-31,global_epu,119.965005,daily,authorized_policy_uncertainty_proxy,2026-06-25T05:22:11.584014Z,2026-05-31T23:59:00Z
2026-05-31,china_epu,139.93001,daily,authorized_policy_uncertainty_proxy,2026-06-25T05:22:11.584014Z,2026-05-31T23:59:00Z
2026-06-01,global_epu,128.69499,daily,authorized_policy_uncertainty_proxy,2026-06-25T05:22:11.584014Z,2026-06-01T23:59:00Z
2026-06-01,china_epu,144.78998,daily,authorized_policy_uncertainty_proxy,2026-06-25T05:22:11.584014Z,2026-06-01T23:59:00Z
2026-06-02,global_epu,126.132991,daily,authorized_policy_uncertainty_proxy,2026-06-25T05:22:11.584014Z,2026-06-02T23:59:00Z
2026-06-02,china_epu,143.025982,daily,authorized_policy_uncertainty_proxy,2026-06-25T05:22:11.584014Z,2026-06-02T23:59:00Z
2026-06-03,global_epu,129.093989,daily,authorized_policy_uncertainty_proxy,2026-06-25T05:22:11.584014Z,2026-06-03T23:59:00Z
2026-06-03,china_epu,145.467977,daily,authorized_policy_uncertainty_proxy,2026-06-25T05:22:11.584014Z,2026-06-03T23:59:00Z
2026-06-04,global_epu,123.872497,daily,authorized_policy_uncertainty_proxy,2026-06-25T05:22:11.584014Z,2026-06-04T23:59:00Z
2026-06-04,china_epu,142.944995,daily,authorized_policy_uncertainty_proxy,2026-06-25T05:22:11.584014Z,2026-06-04T23:59:00Z
2026-06-05,global_epu,154.684,daily,authorized_policy_uncertainty_proxy,2026-06-25T05:22:11.584014Z,2026-06-05T23:59:00Z
2026-06-05,china_epu,131.248,daily,authorized_policy_uncertainty_proxy,2026-06-25T05:22:11.584014Z,2026-06-05T23:59:00Z
2026-06-07,global_epu,119.912505,daily,authorized_policy_uncertainty_proxy,2026-06-25T05:22:11.584014Z,2026-06-07T23:59:00Z
2026-06-07,china_epu,139.82501,daily,authorized_policy_uncertainty_proxy,2026-06-25T05:22:11.584014Z,2026-06-07T23:59:00Z
2026-06-08,global_epu,152.840505,daily,authorized_policy_uncertainty_proxy,2026-06-25T05:22:11.584014Z,2026-06-08T23:59:00Z
2026-06-08,china_epu,158.64101,daily,authorized_policy_uncertainty_proxy,2026-06-25T05:22:11.584014Z,2026-06-08T23:59:00Z
2026-06-09,global_epu,161.345503,daily,authorized_policy_uncertainty_proxy,2026-06-25T05:22:11.584014Z,2026-06-09T23:59:00Z
2026-06-09,china_epu,164.251006,daily,authorized_policy_uncertainty_proxy,2026-06-25T05:22:11.584014Z,2026-06-09T23:59:00Z
2026-06-10,global_epu,181.085503,daily,authorized_policy_uncertainty_proxy,2026-06-25T05:22:11.584014Z,2026-06-10T23:59:00Z
2026-06-10,china_epu,175.531006,daily,authorized_policy_uncertainty_proxy,2026-06-25T05:22:11.584014Z,2026-06-10T23:59:00Z
2026-06-11,global_epu,157.958487,daily,authorized_policy_uncertainty_proxy,2026-06-25T05:22:11.584014Z,2026-06-11T23:59:00Z
2026-06-11,china_epu,162.636973,daily,authorized_policy_uncertainty_proxy,2026-06-25T05:22:11.584014Z,2026-06-11T23:59:00Z
2026-06-12,global_epu,122.512,daily,authorized_policy_uncertainty_proxy,2026-06-25T05:22:11.584014Z,2026-06-12T23:59:00Z
2026-06-12,china_epu,112.864,daily,authorized_policy_uncertainty_proxy,2026-06-25T05:22:11.584014Z,2026-06-12T23:59:00Z
2026-06-14,global_epu,119.949985,daily,authorized_policy_uncertainty_proxy,2026-06-25T05:22:11.584014Z,2026-06-14T23:59:00Z
2026-06-14,china_epu,139.899969,daily,authorized_policy_uncertainty_proxy,2026-06-25T05:22:11.584014Z,2026-06-14T23:59:00Z
2026-06-15,global_epu,129.354998,daily,authorized_policy_uncertainty_proxy,2026-06-25T05:22:11.584014Z,2026-06-15T23:59:00Z
2026-06-15,china_epu,144.309995,daily,authorized_policy_uncertainty_proxy,2026-06-25T05:22:11.584014Z,2026-06-15T23:59:00Z
2026-06-16,global_epu,131.133982,daily,authorized_policy_uncertainty_proxy,2026-06-25T05:22:11.584014Z,2026-06-16T23:59:00Z
2026-06-16,china_epu,145.347965,daily,authorized_policy_uncertainty_proxy,2026-06-25T05:22:11.584014Z,2026-06-16T23:59:00Z
2026-06-17,global_epu,148.185982,daily,authorized_policy_uncertainty_proxy,2026-06-25T05:22:11.584014Z,2026-06-17T23:59:00Z
2026-06-17,china_epu,155.091965,daily,authorized_policy_uncertainty_proxy,2026-06-25T05:22:11.584014Z,2026-06-17T23:59:00Z
2026-06-18,global_epu,131.904999,daily,authorized_policy_uncertainty_proxy,2026-06-25T05:22:11.584014Z,2026-06-18T23:59:00Z
2026-06-18,china_epu,147.009998,daily,authorized_policy_uncertainty_proxy,2026-06-25T05:22:11.584014Z,2026-06-18T23:59:00Z
2026-06-19,global_epu,114.952,daily,authorized_policy_uncertainty_proxy,2026-06-25T05:22:11.584014Z,2026-06-19T23:59:00Z
2026-06-19,china_epu,108.544,daily,authorized_policy_uncertainty_proxy,2026-06-25T05:22:11.584014Z,2026-06-19T23:59:00Z
2026-06-21,global_epu,120.144999,daily,authorized_policy_uncertainty_proxy,2026-06-25T05:22:11.584014Z,2026-06-21T23:59:00Z
2026-06-21,china_epu,140.289998,daily,authorized_policy_uncertainty_proxy,2026-06-25T05:22:11.584014Z,2026-06-21T23:59:00Z
2026-06-22,global_epu,139.739492,daily,authorized_policy_uncertainty_proxy,2026-06-25T05:22:11.584014Z,2026-06-22T23:59:00Z
2026-06-22,china_epu,152.118984,daily,authorized_policy_uncertainty_proxy,2026-06-25T05:22:11.584014Z,2026-06-22T23:59:00Z
2026-06-23,global_epu,159.465997,daily,authorized_policy_uncertainty_proxy,2026-06-25T05:22:11.584014Z,2026-06-23T23:59:00Z
2026-06-23,china_epu,165.051994,daily,authorized_policy_uncertainty_proxy,2026-06-25T05:22:11.584014Z,2026-06-23T23:59:00Z
2026-06-24,global_epu,130.492,daily,authorized_policy_uncertainty_proxy,2026-06-25T05:22:11.584014Z,2026-06-24T23:59:00Z
2026-06-24,china_epu,117.424,daily,authorized_policy_uncertainty_proxy,2026-06-25T05:22:11.584014Z,2026-06-24T23:59:00Z
2026-06-25,global_epu,122.634983,daily,authorized_policy_uncertainty_proxy,2026-06-25T05:22:11.584014Z,2026-06-25T23:59:00Z
2026-06-25,china_epu,145.269966,daily,authorized_policy_uncertainty_proxy,2026-06-25T05:22:11.584014Z,2026-06-25T23:59:00Z
