date,region,cli_value,macro_cycle_pressure,source,official_oecd_cli,macro_cycle_proxy,downloaded_at
2021-03-11,CN,98.897475,0.110252,authorized_macro_cycle_proxy,false,true,2026-06-25T05:22:11.730520Z
2021-03-11,US,98.897475,0.110252,authorized_macro_cycle_proxy,false,true,2026-06-25T05:22:11.730520Z
2021-03-11,OECD_TOTAL,98.897475,0.110252,authorized_macro_cycle_proxy,false,true,2026-06-25T05:22:11.730520Z
2021-03-11,G20,98.897475,0.110252,authorized_macro_cycle_proxy,false,true,2026-06-25T05:22:11.730520Z
2021-03-11,JP,98.897475,0.110252,authorized_macro_cycle_proxy,false,true,2026-06-25T05:22:11.730520Z
2021-03-11,EURO_AREA,98.897475,0.110252,authorized_macro_cycle_proxy,false,true,2026-06-25T05:22:11.730520Z
2021-03-12,CN,99.083186,0.091681,authorized_macro_cycle_proxy,false,true,2026-06-25T05:22:11.730520Z
2021-03-12,US,99.083186,0.091681,authorized_macro_cycle_proxy,false,true,2026-06-25T05:22:11.730520Z
2021-03-12,OECD_TOTAL,99.083186,0.091681,authorized_macro_cycle_proxy,false,true,2026-06-25T05:22:11.730520Z
2021-03-12,G20,99.083186,0.091681,authorized_macro_cycle_proxy,false,true,2026-06-25T05:22:11.730520Z
2021-03-12,JP,99.083186,0.091681,authorized_macro_cycle_proxy,false,true,2026-06-25T05:22:11.730520Z
2021-03-12,EURO_AREA,99.083186,0.091681,authorized_macro_cycle_proxy,false,true,2026-06-25T05:22:11.730520Z
2021-03-15,CN,99.098973,0.090103,authorized_macro_cycle_proxy,false,true,2026-06-25T05:22:11.730520Z
2021-03-15,US,99.098973,0.090103,authorized_macro_cycle_proxy,false,true,2026-06-25T05:22:11.730520Z
2021-03-15,OECD_TOTAL,99.098973,0.090103,authorized_macro_cycle_proxy,false,true,2026-06-25T05:22:11.730520Z
2021-03-15,G20,99.098973,0.090103,authorized_macro_cycle_proxy,false,true,2026-06-25T05:22:11.730520Z
2021-03-15,JP,99.098973,0.090103,authorized_macro_cycle_proxy,false,true,2026-06-25T05:22:11.730520Z
2021-03-15,EURO_AREA,99.098973,0.090103,authorized_macro_cycle_proxy,false,true,2026-06-25T05:22:11.730520Z
2021-03-16,CN,99.183668,0.081633,authorized_macro_cycle_proxy,false,true,2026-06-25T05:22:11.730520Z
2021-03-16,US,99.183668,0.081633,authorized_macro_cycle_proxy,false,true,2026-06-25T05:22:11.730520Z
2021-03-16,OECD_TOTAL,99.183668,0.081633,authorized_macro_cycle_proxy,false,true,2026-06-25T05:22:11.730520Z
2021-03-16,G20,99.183668,0.081633,authorized_macro_cycle_proxy,false,true,2026-06-25T05:22:11.730520Z
2021-03-16,JP,99.183668,0.081633,authorized_macro_cycle_proxy,false,true,2026-06-25T05:22:11.730520Z
2021-03-16,EURO_AREA,99.183668,0.081633,authorized_macro_cycle_proxy,false,true,2026-06-25T05:22:11.730520Z
2021-03-17,CN,99.27897,0.072103,authorized_macro_cycle_proxy,false,true,2026-06-25T05:22:11.730520Z
2021-03-17,US,99.27897,0.072103,authorized_macro_cycle_proxy,false,true,2026-06-25T05:22:11.730520Z
2021-03-17,OECD_TOTAL,99.27897,0.072103,authorized_macro_cycle_proxy,false,true,2026-06-25T05:22:11.730520Z
2021-03-17,G20,99.27897,0.072103,authorized_macro_cycle_proxy,false,true,2026-06-25T05:22:11.730520Z
2021-03-17,JP,99.27897,0.072103,authorized_macro_cycle_proxy,false,true,2026-06-25T05:22:11.730520Z
2021-03-17,EURO_AREA,99.27897,0.072103,authorized_macro_cycle_proxy,false,true,2026-06-25T05:22:11.730520Z
2021-03-18,CN,99.07555,0.092445,authorized_macro_cycle_proxy,false,true,2026-06-25T05:22:11.730520Z
2021-03-18,US,99.07555,0.092445,authorized_macro_cycle_proxy,false,true,2026-06-25T05:22:11.730520Z
2021-03-18,OECD_TOTAL,99.07555,0.092445,authorized_macro_cycle_proxy,false,true,2026-06-25T05:22:11.730520Z
2021-03-18,G20,99.07555,0.092445,authorized_macro_cycle_proxy,false,true,2026-06-25T05:22:11.730520Z
2021-03-18,JP,99.07555,0.092445,authorized_macro_cycle_proxy,false,true,2026-06-25T05:22:11.730520Z
2021-03-18,EURO_AREA,99.07555,0.092445,authorized_macro_cycle_proxy,false,true,2026-06-25T05:22:11.730520Z
2021-03-19,CN,99.02428,0.097572,authorized_macro_cycle_proxy,false,true,2026-06-25T05:22:11.730520Z
2021-03-19,US,99.02428,0.097572,authorized_macro_cycle_proxy,false,true,2026-06-25T05:22:11.730520Z
2021-03-19,OECD_TOTAL,99.02428,0.097572,authorized_macro_cycle_proxy,false,true,2026-06-25T05:22:11.730520Z
2021-03-19,G20,99.02428,0.097572,authorized_macro_cycle_proxy,false,true,2026-06-25T05:22:11.730520Z
2021-03-19,JP,99.02428,0.097572,authorized_macro_cycle_proxy,false,true,2026-06-25T05:22:11.730520Z
2021-03-19,EURO_AREA,99.02428,0.097572,authorized_macro_cycle_proxy,false,true,2026-06-25T05:22:11.730520Z
2021-03-22,CN,99.361222,0.063878,authorized_macro_cycle_proxy,false,true,2026-06-25T05:22:11.730520Z
2021-03-22,US,99.361222,0.063878,authorized_macro_cycle_proxy,false,true,2026-06-25T05:22:11.730520Z
2021-03-22,OECD_TOTAL,99.361222,0.063878,authorized_macro_cycle_proxy,false,true,2026-06-25T05:22:11.730520Z
2021-03-22,G20,99.361222,0.063878,authorized_macro_cycle_proxy,false,true,2026-06-25T05:22:11.730520Z
2021-03-22,JP,99.361222,0.063878,authorized_macro_cycle_proxy,false,true,2026-06-25T05:22:11.730520Z
2021-03-22,EURO_AREA,99.361222,0.063878,authorized_macro_cycle_proxy,false,true,2026-06-25T05:22:11.730520Z
2021-03-23,CN,99.145729,0.085427,authorized_macro_cycle_proxy,false,true,2026-06-25T05:22:11.730520Z
2021-03-23,US,99.145729,0.085427,authorized_macro_cycle_proxy,false,true,2026-06-25T05:22:11.730520Z
2021-03-23,OECD_TOTAL,99.145729,0.085427,authorized_macro_cycle_proxy,false,true,2026-06-25T05:22:11.730520Z
2021-03-23,G20,99.145729,0.085427,authorized_macro_cycle_proxy,false,true,2026-06-25T05:22:11.730520Z
2021-03-23,JP,99.145729,0.085427,authorized_macro_cycle_proxy,false,true,2026-06-25T05:22:11.730520Z
2021-03-23,EURO_AREA,99.145729,0.085427,authorized_macro_cycle_proxy,false,true,2026-06-25T05:22:11.730520Z
2021-03-24,CN,98.913002,0.1087,authorized_macro_cycle_proxy,false,true,2026-06-25T05:22:11.730520Z
2021-03-24,US,98.913002,0.1087,authorized_macro_cycle_proxy,false,true,2026-06-25T05:22:11.730520Z
2021-03-24,OECD_TOTAL,98.913002,0.1087,authorized_macro_cycle_proxy,false,true,2026-06-25T05:22:11.730520Z
2021-03-24,G20,98.913002,0.1087,authorized_macro_cycle_proxy,false,true,2026-06-25T05:22:11.730520Z
2021-03-24,JP,98.913002,0.1087,authorized_macro_cycle_proxy,false,true,2026-06-25T05:22:11.730520Z
2021-03-24,EURO_AREA,98.913002,0.1087,authorized_macro_cycle_proxy,false,true,2026-06-25T05:22:11.730520Z
2021-03-25,CN,99.13121,0.086879,authorized_macro_cycle_proxy,false,true,2026-06-25T05:22:11.730520Z
2021-03-25,US,99.13121,0.086879,authorized_macro_cycle_proxy,false,true,2026-06-25T05:22:11.730520Z
2021-03-25,OECD_TOTAL,99.13121,0.086879,authorized_macro_cycle_proxy,false,true,2026-06-25T05:22:11.730520Z
2021-03-25,G20,99.13121,0.086879,authorized_macro_cycle_proxy,false,true,2026-06-25T05:22:11.730520Z
2021-03-25,JP,99.13121,0.086879,authorized_macro_cycle_proxy,false,true,2026-06-25T05:22:11.730520Z
2021-03-25,EURO_AREA,99.13121,0.086879,authorized_macro_cycle_proxy,false,true,2026-06-25T05:22:11.730520Z
2021-03-26,CN,99.303638,0.069636,authorized_macro_cycle_proxy,false,true,2026-06-25T05:22:11.730520Z
2021-03-26,US,99.303638,0.069636,authorized_macro_cycle_proxy,false,true,2026-06-25T05:22:11.730520Z
2021-03-26,OECD_TOTAL,99.303638,0.069636,authorized_macro_cycle_proxy,false,true,2026-06-25T05:22:11.730520Z
2021-03-26,G20,99.303638,0.069636,authorized_macro_cycle_proxy,false,true,2026-06-25T05:22:11.730520Z
2021-03-26,JP,99.303638,0.069636,authorized_macro_cycle_proxy,false,true,2026-06-25T05:22:11.730520Z
2021-03-26,EURO_AREA,99.303638,0.069636,authorized_macro_cycle_proxy,false,true,2026-06-25T05:22:11.730520Z
2021-03-29,CN,99.005721,0.099428,authorized_macro_cycle_proxy,false,true,2026-06-25T05:22:11.730520Z
2021-03-29,US,99.005721,0.099428,authorized_macro_cycle_proxy,false,true,2026-06-25T05:22:11.730520Z
2021-03-29,OECD_TOTAL,99.005721,0.099428,authorized_macro_cycle_proxy,false,true,2026-06-25T05:22:11.730520Z
2021-03-29,G20,99.005721,0.099428,authorized_macro_cycle_proxy,false,true,2026-06-25T05:22:11.730520Z
2021-03-29,JP,99.005721,0.099428,authorized_macro_cycle_proxy,false,true,2026-06-25T05:22:11.730520Z
2021-03-29,EURO_AREA,99.005721,0.099428,authorized_macro_cycle_proxy,false,true,2026-06-25T05:22:11.730520Z
2021-03-30,CN,99.224677,0.077532,authorized_macro_cycle_proxy,false,true,2026-06-25T05:22:11.730520Z
2021-03-30,US,99.224677,0.077532,authorized_macro_cycle_proxy,false,true,2026-06-25T05:22:11.730520Z
2021-03-30,OECD_TOTAL,99.224677,0.077532,authorized_macro_cycle_proxy,false,true,2026-06-25T05:22:11.730520Z
2021-03-30,G20,99.224677,0.077532,authorized_macro_cycle_proxy,false,true,2026-06-25T05:22:11.730520Z
2021-03-30,JP,99.224677,0.077532,authorized_macro_cycle_proxy,false,true,2026-06-25T05:22:11.730520Z
2021-03-30,EURO_AREA,99.224677,0.077532,authorized_macro_cycle_proxy,false,true,2026-06-25T05:22:11.730520Z
2021-03-31,CN,99.249923,0.075008,authorized_macro_cycle_proxy,false,true,2026-06-25T05:22:11.730520Z
2021-03-31,US,99.249923,0.075008,authorized_macro_cycle_proxy,false,true,2026-06-25T05:22:11.730520Z
2021-03-31,OECD_TOTAL,99.249923,0.075008,authorized_macro_cycle_proxy,false,true,2026-06-25T05:22:11.730520Z
2021-03-31,G20,99.249923,0.075008,authorized_macro_cycle_proxy,false,true,2026-06-25T05:22:11.730520Z
2021-03-31,JP,99.249923,0.075008,authorized_macro_cycle_proxy,false,true,2026-06-25T05:22:11.730520Z
2021-03-31,EURO_AREA,99.249923,0.075008,authorized_macro_cycle_proxy,false,true,2026-06-25T05:22:11.730520Z
2021-04-01,CN,99.546924,0.045308,authorized_macro_cycle_proxy,false,true,2026-06-25T05:22:11.730520Z
2021-04-01,US,99.546924,0.045308,authorized_macro_cycle_proxy,false,true,2026-06-25T05:22:11.730520Z
2021-04-01,OECD_TOTAL,99.546924,0.045308,authorized_macro_cycle_proxy,false,true,2026-06-25T05:22:11.730520Z
2021-04-01,G20,99.546924,0.045308,authorized_macro_cycle_proxy,false,true,2026-06-25T05:22:11.730520Z
2021-04-01,JP,99.546924,0.045308,authorized_macro_cycle_proxy,false,true,2026-06-25T05:22:11.730520Z
2021-04-01,EURO_AREA,99.546924,0.045308,authorized_macro_cycle_proxy,false,true,2026-06-25T05:22:11.730520Z
2021-04-02,CN,99.562228,0.043777,authorized_macro_cycle_proxy,false,true,2026-06-25T05:22:11.730520Z
2021-04-02,US,99.562228,0.043777,authorized_macro_cycle_proxy,false,true,2026-06-25T05:22:11.730520Z
2021-04-02,OECD_TOTAL,99.562228,0.043777,authorized_macro_cycle_proxy,false,true,2026-06-25T05:22:11.730520Z
2021-04-02,G20,99.562228,0.043777,authorized_macro_cycle_proxy,false,true,2026-06-25T05:22:11.730520Z
2021-04-02,JP,99.562228,0.043777,authorized_macro_cycle_proxy,false,true,2026-06-25T05:22:11.730520Z
2021-04-02,EURO_AREA,99.562228,0.043777,authorized_macro_cycle_proxy,false,true,2026-06-25T05:22:11.730520Z
2021-04-06,CN,99.515075,0.048492,authorized_macro_cycle_proxy,false,true,2026-06-25T05:22:11.730520Z
2021-04-06,US,99.515075,0.048492,authorized_macro_cycle_proxy,false,true,2026-06-25T05:22:11.730520Z
2021-04-06,OECD_TOTAL,99.515075,0.048492,authorized_macro_cycle_proxy,false,true,2026-06-25T05:22:11.730520Z
2021-04-06,G20,99.515075,0.048492,authorized_macro_cycle_proxy,false,true,2026-06-25T05:22:11.730520Z
2021-04-06,JP,99.515075,0.048492,authorized_macro_cycle_proxy,false,true,2026-06-25T05:22:11.730520Z
2021-04-06,EURO_AREA,99.515075,0.048492,authorized_macro_cycle_proxy,false,true,2026-06-25T05:22:11.730520Z
2021-04-07,CN,99.624869,0.037513,authorized_macro_cycle_proxy,false,true,2026-06-25T05:22:11.730520Z
2021-04-07,US,99.624869,0.037513,authorized_macro_cycle_proxy,false,true,2026-06-25T05:22:11.730520Z
2021-04-07,OECD_TOTAL,99.624869,0.037513,authorized_macro_cycle_proxy,false,true,2026-06-25T05:22:11.730520Z
2021-04-07,G20,99.624869,0.037513,authorized_macro_cycle_proxy,false,true,2026-06-25T05:22:11.730520Z
2021-04-07,JP,99.624869,0.037513,authorized_macro_cycle_proxy,false,true,2026-06-25T05:22:11.730520Z
2021-04-07,EURO_AREA,99.624869,0.037513,authorized_macro_cycle_proxy,false,true,2026-06-25T05:22:11.730520Z
2021-04-08,CN,99.650451,0.034955,authorized_macro_cycle_proxy,false,true,2026-06-25T05:22:11.730520Z
2021-04-08,US,99.650451,0.034955,authorized_macro_cycle_proxy,false,true,2026-06-25T05:22:11.730520Z
2021-04-08,OECD_TOTAL,99.650451,0.034955,authorized_macro_cycle_proxy,false,true,2026-06-25T05:22:11.730520Z
2021-04-08,G20,99.650451,0.034955,authorized_macro_cycle_proxy,false,true,2026-06-25T05:22:11.730520Z
2021-04-08,JP,99.650451,0.034955,authorized_macro_cycle_proxy,false,true,2026-06-25T05:22:11.730520Z
2021-04-08,EURO_AREA,99.650451,0.034955,authorized_macro_cycle_proxy,false,true,2026-06-25T05:22:11.730520Z
2021-04-09,CN,99.619397,0.03806,authorized_macro_cycle_proxy,false,true,2026-06-25T05:22:11.730520Z
2021-04-09,US,99.619397,0.03806,authorized_macro_cycle_proxy,false,true,2026-06-25T05:22:11.730520Z
2021-04-09,OECD_TOTAL,99.619397,0.03806,authorized_macro_cycle_proxy,false,true,2026-06-25T05:22:11.730520Z
2021-04-09,G20,99.619397,0.03806,authorized_macro_cycle_proxy,false,true,2026-06-25T05:22:11.730520Z
2021-04-09,JP,99.619397,0.03806,authorized_macro_cycle_proxy,false,true,2026-06-25T05:22:11.730520Z
2021-04-09,EURO_AREA,99.619397,0.03806,authorized_macro_cycle_proxy,false,true,2026-06-25T05:22:11.730520Z
2021-04-12,CN,99.514363,0.048564,authorized_macro_cycle_proxy,false,true,2026-06-25T05:22:11.730520Z
2021-04-12,US,99.514363,0.048564,authorized_macro_cycle_proxy,false,true,2026-06-25T05:22:11.730520Z
2021-04-12,OECD_TOTAL,99.514363,0.048564,authorized_macro_cycle_proxy,false,true,2026-06-25T05:22:11.730520Z
2021-04-12,G20,99.514363,0.048564,authorized_macro_cycle_proxy,false,true,2026-06-25T05:22:11.730520Z
2021-04-12,JP,99.514363,0.048564,authorized_macro_cycle_proxy,false,true,2026-06-25T05:22:11.730520Z
2021-04-12,EURO_AREA,99.514363,0.048564,authorized_macro_cycle_proxy,false,true,2026-06-25T05:22:11.730520Z
2021-04-13,CN,99.531119,0.046888,authorized_macro_cycle_proxy,false,true,2026-06-25T05:22:11.730520Z
2021-04-13,US,99.531119,0.046888,authorized_macro_cycle_proxy,false,true,2026-06-25T05:22:11.730520Z
2021-04-13,OECD_TOTAL,99.531119,0.046888,authorized_macro_cycle_proxy,false,true,2026-06-25T05:22:11.730520Z
2021-04-13,G20,99.531119,0.046888,authorized_macro_cycle_proxy,false,true,2026-06-25T05:22:11.730520Z
2021-04-13,JP,99.531119,0.046888,authorized_macro_cycle_proxy,false,true,2026-06-25T05:22:11.730520Z
2021-04-13,EURO_AREA,99.531119,0.046888,authorized_macro_cycle_proxy,false,true,2026-06-25T05:22:11.730520Z
2021-04-14,CN,99.569705,0.04303,authorized_macro_cycle_proxy,false,true,2026-06-25T05:22:11.730520Z
2021-04-14,US,99.569705,0.04303,authorized_macro_cycle_proxy,false,true,2026-06-25T05:22:11.730520Z
2021-04-14,OECD_TOTAL,99.569705,0.04303,authorized_macro_cycle_proxy,false,true,2026-06-25T05:22:11.730520Z
2021-04-14,G20,99.569705,0.04303,authorized_macro_cycle_proxy,false,true,2026-06-25T05:22:11.730520Z
2021-04-14,JP,99.569705,0.04303,authorized_macro_cycle_proxy,false,true,2026-06-25T05:22:11.730520Z
2021-04-14,EURO_AREA,99.569705,0.04303,authorized_macro_cycle_proxy,false,true,2026-06-25T05:22:11.730520Z
2021-04-15,CN,99.563915,0.043608,authorized_macro_cycle_proxy,false,true,2026-06-25T05:22:11.730520Z
2021-04-15,US,99.563915,0.043608,authorized_macro_cycle_proxy,false,true,2026-06-25T05:22:11.730520Z
2021-04-15,OECD_TOTAL,99.563915,0.043608,authorized_macro_cycle_proxy,false,true,2026-06-25T05:22:11.730520Z
2021-04-15,G20,99.563915,0.043608,authorized_macro_cycle_proxy,false,true,2026-06-25T05:22:11.730520Z
2021-04-15,JP,99.563915,0.043608,authorized_macro_cycle_proxy,false,true,2026-06-25T05:22:11.730520Z
2021-04-15,EURO_AREA,99.563915,0.043608,authorized_macro_cycle_proxy,false,true,2026-06-25T05:22:11.730520Z
2021-04-16,CN,99.612489,0.038751,authorized_macro_cycle_proxy,false,true,2026-06-25T05:22:11.730520Z
2021-04-16,US,99.612489,0.038751,authorized_macro_cycle_proxy,false,true,2026-06-25T05:22:11.730520Z
2021-04-16,OECD_TOTAL,99.612489,0.038751,authorized_macro_cycle_proxy,false,true,2026-06-25T05:22:11.730520Z
2021-04-16,G20,99.612489,0.038751,authorized_macro_cycle_proxy,false,true,2026-06-25T05:22:11.730520Z
2021-04-16,JP,99.612489,0.038751,authorized_macro_cycle_proxy,false,true,2026-06-25T05:22:11.730520Z
2021-04-16,EURO_AREA,99.612489,0.038751,authorized_macro_cycle_proxy,false,true,2026-06-25T05:22:11.730520Z
2021-04-19,CN,99.54743,0.045257,authorized_macro_cycle_proxy,false,true,2026-06-25T05:22:11.730520Z
2021-04-19,US,99.54743,0.045257,authorized_macro_cycle_proxy,false,true,2026-06-25T05:22:11.730520Z
2021-04-19,OECD_TOTAL,99.54743,0.045257,authorized_macro_cycle_proxy,false,true,2026-06-25T05:22:11.730520Z
2021-04-19,G20,99.54743,0.045257,authorized_macro_cycle_proxy,false,true,2026-06-25T05:22:11.730520Z
2021-04-19,JP,99.54743,0.045257,authorized_macro_cycle_proxy,false,true,2026-06-25T05:22:11.730520Z
2021-04-19,EURO_AREA,99.54743,0.045257,authorized_macro_cycle_proxy,false,true,2026-06-25T05:22:11.730520Z
2021-04-20,CN,99.432514,0.056749,authorized_macro_cycle_proxy,false,true,2026-06-25T05:22:11.730520Z
2021-04-20,US,99.432514,0.056749,authorized_macro_cycle_proxy,false,true,2026-06-25T05:22:11.730520Z
2021-04-20,OECD_TOTAL,99.432514,0.056749,authorized_macro_cycle_proxy,false,true,2026-06-25T05:22:11.730520Z
2021-04-20,G20,99.432514,0.056749,authorized_macro_cycle_proxy,false,true,2026-06-25T05:22:11.730520Z
2021-04-20,JP,99.432514,0.056749,authorized_macro_cycle_proxy,false,true,2026-06-25T05:22:11.730520Z
2021-04-20,EURO_AREA,99.432514,0.056749,authorized_macro_cycle_proxy,false,true,2026-06-25T05:22:11.730520Z
2021-04-21,CN,99.621071,0.037893,authorized_macro_cycle_proxy,false,true,2026-06-25T05:22:11.730520Z
2021-04-21,US,99.621071,0.037893,authorized_macro_cycle_proxy,false,true,2026-06-25T05:22:11.730520Z
2021-04-21,OECD_TOTAL,99.621071,0.037893,authorized_macro_cycle_proxy,false,true,2026-06-25T05:22:11.730520Z
2021-04-21,G20,99.621071,0.037893,authorized_macro_cycle_proxy,false,true,2026-06-25T05:22:11.730520Z
2021-04-21,JP,99.621071,0.037893,authorized_macro_cycle_proxy,false,true,2026-06-25T05:22:11.730520Z
2021-04-21,EURO_AREA,99.621071,0.037893,authorized_macro_cycle_proxy,false,true,2026-06-25T05:22:11.730520Z
2021-04-22,CN,99.449957,0.055004,authorized_macro_cycle_proxy,false,true,2026-06-25T05:22:11.730520Z
2021-04-22,US,99.449957,0.055004,authorized_macro_cycle_proxy,false,true,2026-06-25T05:22:11.730520Z
2021-04-22,OECD_TOTAL,99.449957,0.055004,authorized_macro_cycle_proxy,false,true,2026-06-25T05:22:11.730520Z
2021-04-22,G20,99.449957,0.055004,authorized_macro_cycle_proxy,false,true,2026-06-25T05:22:11.730520Z
2021-04-22,JP,99.449957,0.055004,authorized_macro_cycle_proxy,false,true,2026-06-25T05:22:11.730520Z
2021-04-22,EURO_AREA,99.449957,0.055004,authorized_macro_cycle_proxy,false,true,2026-06-25T05:22:11.730520Z
2021-04-23,CN,99.627943,0.037206,authorized_macro_cycle_proxy,false,true,2026-06-25T05:22:11.730520Z
2021-04-23,US,99.627943,0.037206,authorized_macro_cycle_proxy,false,true,2026-06-25T05:22:11.730520Z
2021-04-23,OECD_TOTAL,99.627943,0.037206,authorized_macro_cycle_proxy,false,true,2026-06-25T05:22:11.730520Z
2021-04-23,G20,99.627943,0.037206,authorized_macro_cycle_proxy,false,true,2026-06-25T05:22:11.730520Z
2021-04-23,JP,99.627943,0.037206,authorized_macro_cycle_proxy,false,true,2026-06-25T05:22:11.730520Z
2021-04-23,EURO_AREA,99.627943,0.037206,authorized_macro_cycle_proxy,false,true,2026-06-25T05:22:11.730520Z
2021-04-26,CN,99.589471,0.041053,authorized_macro_cycle_proxy,false,true,2026-06-25T05:22:11.730520Z
2021-04-26,US,99.589471,0.041053,authorized_macro_cycle_proxy,false,true,2026-06-25T05:22:11.730520Z
2021-04-26,OECD_TOTAL,99.589471,0.041053,authorized_macro_cycle_proxy,false,true,2026-06-25T05:22:11.730520Z
2021-04-26,G20,99.589471,0.041053,authorized_macro_cycle_proxy,false,true,2026-06-25T05:22:11.730520Z
2021-04-26,JP,99.589471,0.041053,authorized_macro_cycle_proxy,false,true,2026-06-25T05:22:11.730520Z
2021-04-26,EURO_AREA,99.589471,0.041053,authorized_macro_cycle_proxy,false,true,2026-06-25T05:22:11.730520Z
2021-04-27,CN,99.5786,0.04214,authorized_macro_cycle_proxy,false,true,2026-06-25T05:22:11.730520Z
2021-04-27,US,99.5786,0.04214,authorized_macro_cycle_proxy,false,true,2026-06-25T05:22:11.730520Z
2021-04-27,OECD_TOTAL,99.5786,0.04214,authorized_macro_cycle_proxy,false,true,2026-06-25T05:22:11.730520Z
2021-04-27,G20,99.5786,0.04214,authorized_macro_cycle_proxy,false,true,2026-06-25T05:22:11.730520Z
2021-04-27,JP,99.5786,0.04214,authorized_macro_cycle_proxy,false,true,2026-06-25T05:22:11.730520Z
2021-04-27,EURO_AREA,99.5786,0.04214,authorized_macro_cycle_proxy,false,true,2026-06-25T05:22:11.730520Z
2021-04-28,CN,99.598086,0.040191,authorized_macro_cycle_proxy,false,true,2026-06-25T05:22:11.730520Z
2021-04-28,US,99.598086,0.040191,authorized_macro_cycle_proxy,false,true,2026-06-25T05:22:11.730520Z
2021-04-28,OECD_TOTAL,99.598086,0.040191,authorized_macro_cycle_proxy,false,true,2026-06-25T05:22:11.730520Z
2021-04-28,G20,99.598086,0.040191,authorized_macro_cycle_proxy,false,true,2026-06-25T05:22:11.730520Z
2021-04-28,JP,99.598086,0.040191,authorized_macro_cycle_proxy,false,true,2026-06-25T05:22:11.730520Z
2021-04-28,EURO_AREA,99.598086,0.040191,authorized_macro_cycle_proxy,false,true,2026-06-25T05:22:11.730520Z
2021-04-29,CN,99.527243,0.047276,authorized_macro_cycle_proxy,false,true,2026-06-25T05:22:11.730520Z
2021-04-29,US,99.527243,0.047276,authorized_macro_cycle_proxy,false,true,2026-06-25T05:22:11.730520Z
2021-04-29,OECD_TOTAL,99.527243,0.047276,authorized_macro_cycle_proxy,false,true,2026-06-25T05:22:11.730520Z
2021-04-29,G20,99.527243,0.047276,authorized_macro_cycle_proxy,false,true,2026-06-25T05:22:11.730520Z
2021-04-29,JP,99.527243,0.047276,authorized_macro_cycle_proxy,false,true,2026-06-25T05:22:11.730520Z
2021-04-29,EURO_AREA,99.527243,0.047276,authorized_macro_cycle_proxy,false,true,2026-06-25T05:22:11.730520Z
2021-04-30,CN,99.417886,0.058211,authorized_macro_cycle_proxy,false,true,2026-06-25T05:22:11.730520Z
2021-04-30,US,99.417886,0.058211,authorized_macro_cycle_proxy,false,true,2026-06-25T05:22:11.730520Z
2021-04-30,OECD_TOTAL,99.417886,0.058211,authorized_macro_cycle_proxy,false,true,2026-06-25T05:22:11.730520Z
2021-04-30,G20,99.417886,0.058211,authorized_macro_cycle_proxy,false,true,2026-06-25T05:22:11.730520Z
2021-04-30,JP,99.417886,0.058211,authorized_macro_cycle_proxy,false,true,2026-06-25T05:22:11.730520Z
2021-04-30,EURO_AREA,99.417886,0.058211,authorized_macro_cycle_proxy,false,true,2026-06-25T05:22:11.730520Z
2021-05-06,CN,99.380747,0.061925,authorized_macro_cycle_proxy,false,true,2026-06-25T05:22:11.730520Z
2021-05-06,US,99.380747,0.061925,authorized_macro_cycle_proxy,false,true,2026-06-25T05:22:11.730520Z
2021-05-06,OECD_TOTAL,99.380747,0.061925,authorized_macro_cycle_proxy,false,true,2026-06-25T05:22:11.730520Z
2021-05-06,G20,99.380747,0.061925,authorized_macro_cycle_proxy,false,true,2026-06-25T05:22:11.730520Z
2021-05-06,JP,99.380747,0.061925,authorized_macro_cycle_proxy,false,true,2026-06-25T05:22:11.730520Z
2021-05-06,EURO_AREA,99.380747,0.061925,authorized_macro_cycle_proxy,false,true,2026-06-25T05:22:11.730520Z
2021-05-07,CN,99.514103,0.04859,authorized_macro_cycle_proxy,false,true,2026-06-25T05:22:11.730520Z
2021-05-07,US,99.514103,0.04859,authorized_macro_cycle_proxy,false,true,2026-06-25T05:22:11.730520Z
2021-05-07,OECD_TOTAL,99.514103,0.04859,authorized_macro_cycle_proxy,false,true,2026-06-25T05:22:11.730520Z
2021-05-07,G20,99.514103,0.04859,authorized_macro_cycle_proxy,false,true,2026-06-25T05:22:11.730520Z
2021-05-07,JP,99.514103,0.04859,authorized_macro_cycle_proxy,false,true,2026-06-25T05:22:11.730520Z
2021-05-07,EURO_AREA,99.514103,0.04859,authorized_macro_cycle_proxy,false,true,2026-06-25T05:22:11.730520Z
2021-05-10,CN,99.112678,0.088732,authorized_macro_cycle_proxy,false,true,2026-06-25T05:22:11.730520Z
2021-05-10,US,99.112678,0.088732,authorized_macro_cycle_proxy,false,true,2026-06-25T05:22:11.730520Z
2021-05-10,OECD_TOTAL,99.112678,0.088732,authorized_macro_cycle_proxy,false,true,2026-06-25T05:22:11.730520Z
2021-05-10,G20,99.112678,0.088732,authorized_macro_cycle_proxy,false,true,2026-06-25T05:22:11.730520Z
2021-05-10,JP,99.112678,0.088732,authorized_macro_cycle_proxy,false,true,2026-06-25T05:22:11.730520Z
2021-05-10,EURO_AREA,99.112678,0.088732,authorized_macro_cycle_proxy,false,true,2026-06-25T05:22:11.730520Z
2021-05-11,CN,98.858121,0.114188,authorized_macro_cycle_proxy,false,true,2026-06-25T05:22:11.730520Z
2021-05-11,US,98.858121,0.114188,authorized_macro_cycle_proxy,false,true,2026-06-25T05:22:11.730520Z
2021-05-11,OECD_TOTAL,98.858121,0.114188,authorized_macro_cycle_proxy,false,true,2026-06-25T05:22:11.730520Z
2021-05-11,G20,98.858121,0.114188,authorized_macro_cycle_proxy,false,true,2026-06-25T05:22:11.730520Z
2021-05-11,JP,98.858121,0.114188,authorized_macro_cycle_proxy,false,true,2026-06-25T05:22:11.730520Z
2021-05-11,EURO_AREA,98.858121,0.114188,authorized_macro_cycle_proxy,false,true,2026-06-25T05:22:11.730520Z
2021-05-12,CN,98.047557,0.195244,authorized_macro_cycle_proxy,false,true,2026-06-25T05:22:11.730520Z
2021-05-12,US,98.047557,0.195244,authorized_macro_cycle_proxy,false,true,2026-06-25T05:22:11.730520Z
2021-05-12,OECD_TOTAL,98.047557,0.195244,authorized_macro_cycle_proxy,false,true,2026-06-25T05:22:11.730520Z
2021-05-12,G20,98.047557,0.195244,authorized_macro_cycle_proxy,false,true,2026-06-25T05:22:11.730520Z
2021-05-12,JP,98.047557,0.195244,authorized_macro_cycle_proxy,false,true,2026-06-25T05:22:11.730520Z
2021-05-12,EURO_AREA,98.047557,0.195244,authorized_macro_cycle_proxy,false,true,2026-06-25T05:22:11.730520Z
2021-05-13,CN,98.742078,0.125792,authorized_macro_cycle_proxy,false,true,2026-06-25T05:22:11.730520Z
2021-05-13,US,98.742078,0.125792,authorized_macro_cycle_proxy,false,true,2026-06-25T05:22:11.730520Z
2021-05-13,OECD_TOTAL,98.742078,0.125792,authorized_macro_cycle_proxy,false,true,2026-06-25T05:22:11.730520Z
2021-05-13,G20,98.742078,0.125792,authorized_macro_cycle_proxy,false,true,2026-06-25T05:22:11.730520Z
2021-05-13,JP,98.742078,0.125792,authorized_macro_cycle_proxy,false,true,2026-06-25T05:22:11.730520Z
2021-05-13,EURO_AREA,98.742078,0.125792,authorized_macro_cycle_proxy,false,true,2026-06-25T05:22:11.730520Z
2021-05-14,CN,99.351529,0.064847,authorized_macro_cycle_proxy,false,true,2026-06-25T05:22:11.730520Z
2021-05-14,US,99.351529,0.064847,authorized_macro_cycle_proxy,false,true,2026-06-25T05:22:11.730520Z
2021-05-14,OECD_TOTAL,99.351529,0.064847,authorized_macro_cycle_proxy,false,true,2026-06-25T05:22:11.730520Z
2021-05-14,G20,99.351529,0.064847,authorized_macro_cycle_proxy,false,true,2026-06-25T05:22:11.730520Z
2021-05-14,JP,99.351529,0.064847,authorized_macro_cycle_proxy,false,true,2026-06-25T05:22:11.730520Z
2021-05-14,EURO_AREA,99.351529,0.064847,authorized_macro_cycle_proxy,false,true,2026-06-25T05:22:11.730520Z
2021-05-17,CN,99.204843,0.079516,authorized_macro_cycle_proxy,false,true,2026-06-25T05:22:11.730520Z
2021-05-17,US,99.204843,0.079516,authorized_macro_cycle_proxy,false,true,2026-06-25T05:22:11.730520Z
2021-05-17,OECD_TOTAL,99.204843,0.079516,authorized_macro_cycle_proxy,false,true,2026-06-25T05:22:11.730520Z
2021-05-17,G20,99.204843,0.079516,authorized_macro_cycle_proxy,false,true,2026-06-25T05:22:11.730520Z
2021-05-17,JP,99.204843,0.079516,authorized_macro_cycle_proxy,false,true,2026-06-25T05:22:11.730520Z
2021-05-17,EURO_AREA,99.204843,0.079516,authorized_macro_cycle_proxy,false,true,2026-06-25T05:22:11.730520Z
2021-05-18,CN,98.994757,0.100524,authorized_macro_cycle_proxy,false,true,2026-06-25T05:22:11.730520Z
2021-05-18,US,98.994757,0.100524,authorized_macro_cycle_proxy,false,true,2026-06-25T05:22:11.730520Z
2021-05-18,OECD_TOTAL,98.994757,0.100524,authorized_macro_cycle_proxy,false,true,2026-06-25T05:22:11.730520Z
2021-05-18,G20,98.994757,0.100524,authorized_macro_cycle_proxy,false,true,2026-06-25T05:22:11.730520Z
2021-05-18,JP,98.994757,0.100524,authorized_macro_cycle_proxy,false,true,2026-06-25T05:22:11.730520Z
2021-05-18,EURO_AREA,98.994757,0.100524,authorized_macro_cycle_proxy,false,true,2026-06-25T05:22:11.730520Z
2021-05-19,CN,98.9228,0.10772,authorized_macro_cycle_proxy,false,true,2026-06-25T05:22:11.730520Z
2021-05-19,US,98.9228,0.10772,authorized_macro_cycle_proxy,false,true,2026-06-25T05:22:11.730520Z
2021-05-19,OECD_TOTAL,98.9228,0.10772,authorized_macro_cycle_proxy,false,true,2026-06-25T05:22:11.730520Z
2021-05-19,G20,98.9228,0.10772,authorized_macro_cycle_proxy,false,true,2026-06-25T05:22:11.730520Z
2021-05-19,JP,98.9228,0.10772,authorized_macro_cycle_proxy,false,true,2026-06-25T05:22:11.730520Z
2021-05-19,EURO_AREA,98.9228,0.10772,authorized_macro_cycle_proxy,false,true,2026-06-25T05:22:11.730520Z
2021-05-20,CN,99.162271,0.083773,authorized_macro_cycle_proxy,false,true,2026-06-25T05:22:11.730520Z
2021-05-20,US,99.162271,0.083773,authorized_macro_cycle_proxy,false,true,2026-06-25T05:22:11.730520Z
2021-05-20,OECD_TOTAL,99.162271,0.083773,authorized_macro_cycle_proxy,false,true,2026-06-25T05:22:11.730520Z
2021-05-20,G20,99.162271,0.083773,authorized_macro_cycle_proxy,false,true,2026-06-25T05:22:11.730520Z
2021-05-20,JP,99.162271,0.083773,authorized_macro_cycle_proxy,false,true,2026-06-25T05:22:11.730520Z
2021-05-20,EURO_AREA,99.162271,0.083773,authorized_macro_cycle_proxy,false,true,2026-06-25T05:22:11.730520Z
2021-05-21,CN,99.202286,0.079771,authorized_macro_cycle_proxy,false,true,2026-06-25T05:22:11.730520Z
2021-05-21,US,99.202286,0.079771,authorized_macro_cycle_proxy,false,true,2026-06-25T05:22:11.730520Z
2021-05-21,OECD_TOTAL,99.202286,0.079771,authorized_macro_cycle_proxy,false,true,2026-06-25T05:22:11.730520Z
2021-05-21,G20,99.202286,0.079771,authorized_macro_cycle_proxy,false,true,2026-06-25T05:22:11.730520Z
2021-05-21,JP,99.202286,0.079771,authorized_macro_cycle_proxy,false,true,2026-06-25T05:22:11.730520Z
2021-05-21,EURO_AREA,99.202286,0.079771,authorized_macro_cycle_proxy,false,true,2026-06-25T05:22:11.730520Z
2021-05-24,CN,99.394357,0.060564,authorized_macro_cycle_proxy,false,true,2026-06-25T05:22:11.730520Z
2021-05-24,US,99.394357,0.060564,authorized_macro_cycle_proxy,false,true,2026-06-25T05:22:11.730520Z
2021-05-24,OECD_TOTAL,99.394357,0.060564,authorized_macro_cycle_proxy,false,true,2026-06-25T05:22:11.730520Z
2021-05-24,G20,99.394357,0.060564,authorized_macro_cycle_proxy,false,true,2026-06-25T05:22:11.730520Z
2021-05-24,JP,99.394357,0.060564,authorized_macro_cycle_proxy,false,true,2026-06-25T05:22:11.730520Z
2021-05-24,EURO_AREA,99.394357,0.060564,authorized_macro_cycle_proxy,false,true,2026-06-25T05:22:11.730520Z
2021-05-25,CN,99.332329,0.066767,authorized_macro_cycle_proxy,false,true,2026-06-25T05:22:11.730520Z
2021-05-25,US,99.332329,0.066767,authorized_macro_cycle_proxy,false,true,2026-06-25T05:22:11.730520Z
2021-05-25,OECD_TOTAL,99.332329,0.066767,authorized_macro_cycle_proxy,false,true,2026-06-25T05:22:11.730520Z
2021-05-25,G20,99.332329,0.066767,authorized_macro_cycle_proxy,false,true,2026-06-25T05:22:11.730520Z
2021-05-25,JP,99.332329,0.066767,authorized_macro_cycle_proxy,false,true,2026-06-25T05:22:11.730520Z
2021-05-25,EURO_AREA,99.332329,0.066767,authorized_macro_cycle_proxy,false,true,2026-06-25T05:22:11.730520Z
2021-05-26,CN,99.536529,0.046347,authorized_macro_cycle_proxy,false,true,2026-06-25T05:22:11.730520Z
2021-05-26,US,99.536529,0.046347,authorized_macro_cycle_proxy,false,true,2026-06-25T05:22:11.730520Z
2021-05-26,OECD_TOTAL,99.536529,0.046347,authorized_macro_cycle_proxy,false,true,2026-06-25T05:22:11.730520Z
2021-05-26,G20,99.536529,0.046347,authorized_macro_cycle_proxy,false,true,2026-06-25T05:22:11.730520Z
2021-05-26,JP,99.536529,0.046347,authorized_macro_cycle_proxy,false,true,2026-06-25T05:22:11.730520Z
2021-05-26,EURO_AREA,99.536529,0.046347,authorized_macro_cycle_proxy,false,true,2026-06-25T05:22:11.730520Z
2021-05-27,CN,99.609614,0.039039,authorized_macro_cycle_proxy,false,true,2026-06-25T05:22:11.730520Z
2021-05-27,US,99.609614,0.039039,authorized_macro_cycle_proxy,false,true,2026-06-25T05:22:11.730520Z
2021-05-27,OECD_TOTAL,99.609614,0.039039,authorized_macro_cycle_proxy,false,true,2026-06-25T05:22:11.730520Z
2021-05-27,G20,99.609614,0.039039,authorized_macro_cycle_proxy,false,true,2026-06-25T05:22:11.730520Z
2021-05-27,JP,99.609614,0.039039,authorized_macro_cycle_proxy,false,true,2026-06-25T05:22:11.730520Z
2021-05-27,EURO_AREA,99.609614,0.039039,authorized_macro_cycle_proxy,false,true,2026-06-25T05:22:11.730520Z
2021-05-28,CN,99.618171,0.038183,authorized_macro_cycle_proxy,false,true,2026-06-25T05:22:11.730520Z
2021-05-28,US,99.618171,0.038183,authorized_macro_cycle_proxy,false,true,2026-06-25T05:22:11.730520Z
2021-05-28,OECD_TOTAL,99.618171,0.038183,authorized_macro_cycle_proxy,false,true,2026-06-25T05:22:11.730520Z
2021-05-28,G20,99.618171,0.038183,authorized_macro_cycle_proxy,false,true,2026-06-25T05:22:11.730520Z
2021-05-28,JP,99.618171,0.038183,authorized_macro_cycle_proxy,false,true,2026-06-25T05:22:11.730520Z
2021-05-28,EURO_AREA,99.618171,0.038183,authorized_macro_cycle_proxy,false,true,2026-06-25T05:22:11.730520Z
2021-05-31,CN,99.618171,0.038183,authorized_macro_cycle_proxy,false,true,2026-06-25T05:22:11.730520Z
2021-05-31,US,99.618171,0.038183,authorized_macro_cycle_proxy,false,true,2026-06-25T05:22:11.730520Z
2021-05-31,OECD_TOTAL,99.618171,0.038183,authorized_macro_cycle_proxy,false,true,2026-06-25T05:22:11.730520Z
2021-05-31,G20,99.618171,0.038183,authorized_macro_cycle_proxy,false,true,2026-06-25T05:22:11.730520Z
2021-05-31,JP,99.618171,0.038183,authorized_macro_cycle_proxy,false,true,2026-06-25T05:22:11.730520Z
2021-05-31,EURO_AREA,99.618171,0.038183,authorized_macro_cycle_proxy,false,true,2026-06-25T05:22:11.730520Z
2021-06-01,CN,99.428571,0.057143,authorized_macro_cycle_proxy,false,true,2026-06-25T05:22:11.730520Z
2021-06-01,US,99.428571,0.057143,authorized_macro_cycle_proxy,false,true,2026-06-25T05:22:11.730520Z
2021-06-01,OECD_TOTAL,99.428571,0.057143,authorized_macro_cycle_proxy,false,true,2026-06-25T05:22:11.730520Z
2021-06-01,G20,99.428571,0.057143,authorized_macro_cycle_proxy,false,true,2026-06-25T05:22:11.730520Z
2021-06-01,JP,99.428571,0.057143,authorized_macro_cycle_proxy,false,true,2026-06-25T05:22:11.730520Z
2021-06-01,EURO_AREA,99.428571,0.057143,authorized_macro_cycle_proxy,false,true,2026-06-25T05:22:11.730520Z
2021-06-02,CN,99.463586,0.053641,authorized_macro_cycle_proxy,false,true,2026-06-25T05:22:11.730520Z
2021-06-02,US,99.463586,0.053641,authorized_macro_cycle_proxy,false,true,2026-06-25T05:22:11.730520Z
2021-06-02,OECD_TOTAL,99.463586,0.053641,authorized_macro_cycle_proxy,false,true,2026-06-25T05:22:11.730520Z
2021-06-02,G20,99.463586,0.053641,authorized_macro_cycle_proxy,false,true,2026-06-25T05:22:11.730520Z
2021-06-02,JP,99.463586,0.053641,authorized_macro_cycle_proxy,false,true,2026-06-25T05:22:11.730520Z
2021-06-02,EURO_AREA,99.463586,0.053641,authorized_macro_cycle_proxy,false,true,2026-06-25T05:22:11.730520Z
2021-06-03,CN,99.385614,0.061439,authorized_macro_cycle_proxy,false,true,2026-06-25T05:22:11.730520Z
2021-06-03,US,99.385614,0.061439,authorized_macro_cycle_proxy,false,true,2026-06-25T05:22:11.730520Z
2021-06-03,OECD_TOTAL,99.385614,0.061439,authorized_macro_cycle_proxy,false,true,2026-06-25T05:22:11.730520Z
2021-06-03,G20,99.385614,0.061439,authorized_macro_cycle_proxy,false,true,2026-06-25T05:22:11.730520Z
2021-06-03,JP,99.385614,0.061439,authorized_macro_cycle_proxy,false,true,2026-06-25T05:22:11.730520Z
2021-06-03,EURO_AREA,99.385614,0.061439,authorized_macro_cycle_proxy,false,true,2026-06-25T05:22:11.730520Z
2021-06-04,CN,99.595057,0.040494,authorized_macro_cycle_proxy,false,true,2026-06-25T05:22:11.730520Z
2021-06-04,US,99.595057,0.040494,authorized_macro_cycle_proxy,false,true,2026-06-25T05:22:11.730520Z
2021-06-04,OECD_TOTAL,99.595057,0.040494,authorized_macro_cycle_proxy,false,true,2026-06-25T05:22:11.730520Z
2021-06-04,G20,99.595057,0.040494,authorized_macro_cycle_proxy,false,true,2026-06-25T05:22:11.730520Z
2021-06-04,JP,99.595057,0.040494,authorized_macro_cycle_proxy,false,true,2026-06-25T05:22:11.730520Z
2021-06-04,EURO_AREA,99.595057,0.040494,authorized_macro_cycle_proxy,false,true,2026-06-25T05:22:11.730520Z
2021-06-07,CN,99.603414,0.039659,authorized_macro_cycle_proxy,false,true,2026-06-25T05:22:11.730520Z
2021-06-07,US,99.603414,0.039659,authorized_macro_cycle_proxy,false,true,2026-06-25T05:22:11.730520Z
2021-06-07,OECD_TOTAL,99.603414,0.039659,authorized_macro_cycle_proxy,false,true,2026-06-25T05:22:11.730520Z
2021-06-07,G20,99.603414,0.039659,authorized_macro_cycle_proxy,false,true,2026-06-25T05:22:11.730520Z
2021-06-07,JP,99.603414,0.039659,authorized_macro_cycle_proxy,false,true,2026-06-25T05:22:11.730520Z
2021-06-07,EURO_AREA,99.603414,0.039659,authorized_macro_cycle_proxy,false,true,2026-06-25T05:22:11.730520Z
2021-06-08,CN,99.494843,0.050516,authorized_macro_cycle_proxy,false,true,2026-06-25T05:22:11.730520Z
2021-06-08,US,99.494843,0.050516,authorized_macro_cycle_proxy,false,true,2026-06-25T05:22:11.730520Z
2021-06-08,OECD_TOTAL,99.494843,0.050516,authorized_macro_cycle_proxy,false,true,2026-06-25T05:22:11.730520Z
2021-06-08,G20,99.494843,0.050516,authorized_macro_cycle_proxy,false,true,2026-06-25T05:22:11.730520Z
2021-06-08,JP,99.494843,0.050516,authorized_macro_cycle_proxy,false,true,2026-06-25T05:22:11.730520Z
2021-06-08,EURO_AREA,99.494843,0.050516,authorized_macro_cycle_proxy,false,true,2026-06-25T05:22:11.730520Z
2021-06-09,CN,99.381971,0.061803,authorized_macro_cycle_proxy,false,true,2026-06-25T05:22:11.730520Z
2021-06-09,US,99.381971,0.061803,authorized_macro_cycle_proxy,false,true,2026-06-25T05:22:11.730520Z
2021-06-09,OECD_TOTAL,99.381971,0.061803,authorized_macro_cycle_proxy,false,true,2026-06-25T05:22:11.730520Z
2021-06-09,G20,99.381971,0.061803,authorized_macro_cycle_proxy,false,true,2026-06-25T05:22:11.730520Z
2021-06-09,JP,99.381971,0.061803,authorized_macro_cycle_proxy,false,true,2026-06-25T05:22:11.730520Z
2021-06-09,EURO_AREA,99.381971,0.061803,authorized_macro_cycle_proxy,false,true,2026-06-25T05:22:11.730520Z
2021-06-10,CN,99.6255,0.03745,authorized_macro_cycle_proxy,false,true,2026-06-25T05:22:11.730520Z
2021-06-10,US,99.6255,0.03745,authorized_macro_cycle_proxy,false,true,2026-06-25T05:22:11.730520Z
2021-06-10,OECD_TOTAL,99.6255,0.03745,authorized_macro_cycle_proxy,false,true,2026-06-25T05:22:11.730520Z
2021-06-10,G20,99.6255,0.03745,authorized_macro_cycle_proxy,false,true,2026-06-25T05:22:11.730520Z
2021-06-10,JP,99.6255,0.03745,authorized_macro_cycle_proxy,false,true,2026-06-25T05:22:11.730520Z
2021-06-10,EURO_AREA,99.6255,0.03745,authorized_macro_cycle_proxy,false,true,2026-06-25T05:22:11.730520Z
2021-06-11,CN,99.675214,0.032479,authorized_macro_cycle_proxy,false,true,2026-06-25T05:22:11.730520Z
2021-06-11,US,99.675214,0.032479,authorized_macro_cycle_proxy,false,true,2026-06-25T05:22:11.730520Z
2021-06-11,OECD_TOTAL,99.675214,0.032479,authorized_macro_cycle_proxy,false,true,2026-06-25T05:22:11.730520Z
2021-06-11,G20,99.675214,0.032479,authorized_macro_cycle_proxy,false,true,2026-06-25T05:22:11.730520Z
2021-06-11,JP,99.675214,0.032479,authorized_macro_cycle_proxy,false,true,2026-06-25T05:22:11.730520Z
2021-06-11,EURO_AREA,99.675214,0.032479,authorized_macro_cycle_proxy,false,true,2026-06-25T05:22:11.730520Z
2021-06-15,CN,99.457486,0.054251,authorized_macro_cycle_proxy,false,true,2026-06-25T05:22:11.730520Z
2021-06-15,US,99.457486,0.054251,authorized_macro_cycle_proxy,false,true,2026-06-25T05:22:11.730520Z
2021-06-15,OECD_TOTAL,99.457486,0.054251,authorized_macro_cycle_proxy,false,true,2026-06-25T05:22:11.730520Z
2021-06-15,G20,99.457486,0.054251,authorized_macro_cycle_proxy,false,true,2026-06-25T05:22:11.730520Z
2021-06-15,JP,99.457486,0.054251,authorized_macro_cycle_proxy,false,true,2026-06-25T05:22:11.730520Z
2021-06-15,EURO_AREA,99.457486,0.054251,authorized_macro_cycle_proxy,false,true,2026-06-25T05:22:11.730520Z
2021-06-16,CN,99.207948,0.079205,authorized_macro_cycle_proxy,false,true,2026-06-25T05:22:11.730520Z
2021-06-16,US,99.207948,0.079205,authorized_macro_cycle_proxy,false,true,2026-06-25T05:22:11.730520Z
2021-06-16,OECD_TOTAL,99.207948,0.079205,authorized_macro_cycle_proxy,false,true,2026-06-25T05:22:11.730520Z
2021-06-16,G20,99.207948,0.079205,authorized_macro_cycle_proxy,false,true,2026-06-25T05:22:11.730520Z
2021-06-16,JP,99.207948,0.079205,authorized_macro_cycle_proxy,false,true,2026-06-25T05:22:11.730520Z
2021-06-16,EURO_AREA,99.207948,0.079205,authorized_macro_cycle_proxy,false,true,2026-06-25T05:22:11.730520Z
2021-06-17,CN,99.304079,0.069592,authorized_macro_cycle_proxy,false,true,2026-06-25T05:22:11.730520Z
2021-06-17,US,99.304079,0.069592,authorized_macro_cycle_proxy,false,true,2026-06-25T05:22:11.730520Z
2021-06-17,OECD_TOTAL,99.304079,0.069592,authorized_macro_cycle_proxy,false,true,2026-06-25T05:22:11.730520Z
2021-06-17,G20,99.304079,0.069592,authorized_macro_cycle_proxy,false,true,2026-06-25T05:22:11.730520Z
2021-06-17,JP,99.304079,0.069592,authorized_macro_cycle_proxy,false,true,2026-06-25T05:22:11.730520Z
2021-06-17,EURO_AREA,99.304079,0.069592,authorized_macro_cycle_proxy,false,true,2026-06-25T05:22:11.730520Z
2021-06-18,CN,98.891844,0.110816,authorized_macro_cycle_proxy,false,true,2026-06-25T05:22:11.730520Z
2021-06-18,US,98.891844,0.110816,authorized_macro_cycle_proxy,false,true,2026-06-25T05:22:11.730520Z
2021-06-18,OECD_TOTAL,98.891844,0.110816,authorized_macro_cycle_proxy,false,true,2026-06-25T05:22:11.730520Z
2021-06-18,G20,98.891844,0.110816,authorized_macro_cycle_proxy,false,true,2026-06-25T05:22:11.730520Z
2021-06-18,JP,98.891844,0.110816,authorized_macro_cycle_proxy,false,true,2026-06-25T05:22:11.730520Z
2021-06-18,EURO_AREA,98.891844,0.110816,authorized_macro_cycle_proxy,false,true,2026-06-25T05:22:11.730520Z
2021-06-21,CN,99.219374,0.078063,authorized_macro_cycle_proxy,false,true,2026-06-25T05:22:11.730520Z
2021-06-21,US,99.219374,0.078063,authorized_macro_cycle_proxy,false,true,2026-06-25T05:22:11.730520Z
2021-06-21,OECD_TOTAL,99.219374,0.078063,authorized_macro_cycle_proxy,false,true,2026-06-25T05:22:11.730520Z
2021-06-21,G20,99.219374,0.078063,authorized_macro_cycle_proxy,false,true,2026-06-25T05:22:11.730520Z
2021-06-21,JP,99.219374,0.078063,authorized_macro_cycle_proxy,false,true,2026-06-25T05:22:11.730520Z
2021-06-21,EURO_AREA,99.219374,0.078063,authorized_macro_cycle_proxy,false,true,2026-06-25T05:22:11.730520Z
2021-06-22,CN,99.477234,0.052277,authorized_macro_cycle_proxy,false,true,2026-06-25T05:22:11.730520Z
2021-06-22,US,99.477234,0.052277,authorized_macro_cycle_proxy,false,true,2026-06-25T05:22:11.730520Z
2021-06-22,OECD_TOTAL,99.477234,0.052277,authorized_macro_cycle_proxy,false,true,2026-06-25T05:22:11.730520Z
2021-06-22,G20,99.477234,0.052277,authorized_macro_cycle_proxy,false,true,2026-06-25T05:22:11.730520Z
2021-06-22,JP,99.477234,0.052277,authorized_macro_cycle_proxy,false,true,2026-06-25T05:22:11.730520Z
2021-06-22,EURO_AREA,99.477234,0.052277,authorized_macro_cycle_proxy,false,true,2026-06-25T05:22:11.730520Z
2021-06-23,CN,99.527757,0.047224,authorized_macro_cycle_proxy,false,true,2026-06-25T05:22:11.730520Z
2021-06-23,US,99.527757,0.047224,authorized_macro_cycle_proxy,false,true,2026-06-25T05:22:11.730520Z
2021-06-23,OECD_TOTAL,99.527757,0.047224,authorized_macro_cycle_proxy,false,true,2026-06-25T05:22:11.730520Z
2021-06-23,G20,99.527757,0.047224,authorized_macro_cycle_proxy,false,true,2026-06-25T05:22:11.730520Z
2021-06-23,JP,99.527757,0.047224,authorized_macro_cycle_proxy,false,true,2026-06-25T05:22:11.730520Z
2021-06-23,EURO_AREA,99.527757,0.047224,authorized_macro_cycle_proxy,false,true,2026-06-25T05:22:11.730520Z
2021-06-24,CN,99.441699,0.05583,authorized_macro_cycle_proxy,false,true,2026-06-25T05:22:11.730520Z
2021-06-24,US,99.441699,0.05583,authorized_macro_cycle_proxy,false,true,2026-06-25T05:22:11.730520Z
2021-06-24,OECD_TOTAL,99.441699,0.05583,authorized_macro_cycle_proxy,false,true,2026-06-25T05:22:11.730520Z
2021-06-24,G20,99.441699,0.05583,authorized_macro_cycle_proxy,false,true,2026-06-25T05:22:11.730520Z
2021-06-24,JP,99.441699,0.05583,authorized_macro_cycle_proxy,false,true,2026-06-25T05:22:11.730520Z
2021-06-24,EURO_AREA,99.441699,0.05583,authorized_macro_cycle_proxy,false,true,2026-06-25T05:22:11.730520Z
2021-06-25,CN,99.543943,0.045606,authorized_macro_cycle_proxy,false,true,2026-06-25T05:22:11.730520Z
2021-06-25,US,99.543943,0.045606,authorized_macro_cycle_proxy,false,true,2026-06-25T05:22:11.730520Z
2021-06-25,OECD_TOTAL,99.543943,0.045606,authorized_macro_cycle_proxy,false,true,2026-06-25T05:22:11.730520Z
2021-06-25,G20,99.543943,0.045606,authorized_macro_cycle_proxy,false,true,2026-06-25T05:22:11.730520Z
2021-06-25,JP,99.543943,0.045606,authorized_macro_cycle_proxy,false,true,2026-06-25T05:22:11.730520Z
2021-06-25,EURO_AREA,99.543943,0.045606,authorized_macro_cycle_proxy,false,true,2026-06-25T05:22:11.730520Z
2021-06-28,CN,99.544065,0.045594,authorized_macro_cycle_proxy,false,true,2026-06-25T05:22:11.730520Z
2021-06-28,US,99.544065,0.045594,authorized_macro_cycle_proxy,false,true,2026-06-25T05:22:11.730520Z
2021-06-28,OECD_TOTAL,99.544065,0.045594,authorized_macro_cycle_proxy,false,true,2026-06-25T05:22:11.730520Z
2021-06-28,G20,99.544065,0.045594,authorized_macro_cycle_proxy,false,true,2026-06-25T05:22:11.730520Z
2021-06-28,JP,99.544065,0.045594,authorized_macro_cycle_proxy,false,true,2026-06-25T05:22:11.730520Z
2021-06-28,EURO_AREA,99.544065,0.045594,authorized_macro_cycle_proxy,false,true,2026-06-25T05:22:11.730520Z
2021-06-29,CN,99.468652,0.053135,authorized_macro_cycle_proxy,false,true,2026-06-25T05:22:11.730520Z
2021-06-29,US,99.468652,0.053135,authorized_macro_cycle_proxy,false,true,2026-06-25T05:22:11.730520Z
2021-06-29,OECD_TOTAL,99.468652,0.053135,authorized_macro_cycle_proxy,false,true,2026-06-25T05:22:11.730520Z
2021-06-29,G20,99.468652,0.053135,authorized_macro_cycle_proxy,false,true,2026-06-25T05:22:11.730520Z
2021-06-29,JP,99.468652,0.053135,authorized_macro_cycle_proxy,false,true,2026-06-25T05:22:11.730520Z
2021-06-29,EURO_AREA,99.468652,0.053135,authorized_macro_cycle_proxy,false,true,2026-06-25T05:22:11.730520Z
2021-06-30,CN,99.504399,0.04956,authorized_macro_cycle_proxy,false,true,2026-06-25T05:22:11.730520Z
2021-06-30,US,99.504399,0.04956,authorized_macro_cycle_proxy,false,true,2026-06-25T05:22:11.730520Z
2021-06-30,OECD_TOTAL,99.504399,0.04956,authorized_macro_cycle_proxy,false,true,2026-06-25T05:22:11.730520Z
2021-06-30,G20,99.504399,0.04956,authorized_macro_cycle_proxy,false,true,2026-06-25T05:22:11.730520Z
2021-06-30,JP,99.504399,0.04956,authorized_macro_cycle_proxy,false,true,2026-06-25T05:22:11.730520Z
2021-06-30,EURO_AREA,99.504399,0.04956,authorized_macro_cycle_proxy,false,true,2026-06-25T05:22:11.730520Z
2021-07-01,CN,99.512074,0.048793,authorized_macro_cycle_proxy,false,true,2026-06-25T05:22:11.730520Z
2021-07-01,US,99.512074,0.048793,authorized_macro_cycle_proxy,false,true,2026-06-25T05:22:11.730520Z
2021-07-01,OECD_TOTAL,99.512074,0.048793,authorized_macro_cycle_proxy,false,true,2026-06-25T05:22:11.730520Z
2021-07-01,G20,99.512074,0.048793,authorized_macro_cycle_proxy,false,true,2026-06-25T05:22:11.730520Z
2021-07-01,JP,99.512074,0.048793,authorized_macro_cycle_proxy,false,true,2026-06-25T05:22:11.730520Z
2021-07-01,EURO_AREA,99.512074,0.048793,authorized_macro_cycle_proxy,false,true,2026-06-25T05:22:11.730520Z
2021-07-02,CN,99.487681,0.051232,authorized_macro_cycle_proxy,false,true,2026-06-25T05:22:11.730520Z
2021-07-02,US,99.487681,0.051232,authorized_macro_cycle_proxy,false,true,2026-06-25T05:22:11.730520Z
2021-07-02,OECD_TOTAL,99.487681,0.051232,authorized_macro_cycle_proxy,false,true,2026-06-25T05:22:11.730520Z
2021-07-02,G20,99.487681,0.051232,authorized_macro_cycle_proxy,false,true,2026-06-25T05:22:11.730520Z
2021-07-02,JP,99.487681,0.051232,authorized_macro_cycle_proxy,false,true,2026-06-25T05:22:11.730520Z
2021-07-02,EURO_AREA,99.487681,0.051232,authorized_macro_cycle_proxy,false,true,2026-06-25T05:22:11.730520Z
2021-07-05,CN,99.520203,0.04798,authorized_macro_cycle_proxy,false,true,2026-06-25T05:22:11.730520Z
2021-07-05,US,99.520203,0.04798,authorized_macro_cycle_proxy,false,true,2026-06-25T05:22:11.730520Z
2021-07-05,OECD_TOTAL,99.520203,0.04798,authorized_macro_cycle_proxy,false,true,2026-06-25T05:22:11.730520Z
2021-07-05,G20,99.520203,0.04798,authorized_macro_cycle_proxy,false,true,2026-06-25T05:22:11.730520Z
2021-07-05,JP,99.520203,0.04798,authorized_macro_cycle_proxy,false,true,2026-06-25T05:22:11.730520Z
2021-07-05,EURO_AREA,99.520203,0.04798,authorized_macro_cycle_proxy,false,true,2026-06-25T05:22:11.730520Z
2021-07-06,CN,99.342218,0.065778,authorized_macro_cycle_proxy,false,true,2026-06-25T05:22:11.730520Z
2021-07-06,US,99.342218,0.065778,authorized_macro_cycle_proxy,false,true,2026-06-25T05:22:11.730520Z
2021-07-06,OECD_TOTAL,99.342218,0.065778,authorized_macro_cycle_proxy,false,true,2026-06-25T05:22:11.730520Z
2021-07-06,G20,99.342218,0.065778,authorized_macro_cycle_proxy,false,true,2026-06-25T05:22:11.730520Z
2021-07-06,JP,99.342218,0.065778,authorized_macro_cycle_proxy,false,true,2026-06-25T05:22:11.730520Z
2021-07-06,EURO_AREA,99.342218,0.065778,authorized_macro_cycle_proxy,false,true,2026-06-25T05:22:11.730520Z
2021-07-07,CN,99.453639,0.054636,authorized_macro_cycle_proxy,false,true,2026-06-25T05:22:11.730520Z
2021-07-07,US,99.453639,0.054636,authorized_macro_cycle_proxy,false,true,2026-06-25T05:22:11.730520Z
2021-07-07,OECD_TOTAL,99.453639,0.054636,authorized_macro_cycle_proxy,false,true,2026-06-25T05:22:11.730520Z
2021-07-07,G20,99.453639,0.054636,authorized_macro_cycle_proxy,false,true,2026-06-25T05:22:11.730520Z
2021-07-07,JP,99.453639,0.054636,authorized_macro_cycle_proxy,false,true,2026-06-25T05:22:11.730520Z
2021-07-07,EURO_AREA,99.453639,0.054636,authorized_macro_cycle_proxy,false,true,2026-06-25T05:22:11.730520Z
2021-07-08,CN,99.038984,0.096102,authorized_macro_cycle_proxy,false,true,2026-06-25T05:22:11.730520Z
2021-07-08,US,99.038984,0.096102,authorized_macro_cycle_proxy,false,true,2026-06-25T05:22:11.730520Z
2021-07-08,OECD_TOTAL,99.038984,0.096102,authorized_macro_cycle_proxy,false,true,2026-06-25T05:22:11.730520Z
2021-07-08,G20,99.038984,0.096102,authorized_macro_cycle_proxy,false,true,2026-06-25T05:22:11.730520Z
2021-07-08,JP,99.038984,0.096102,authorized_macro_cycle_proxy,false,true,2026-06-25T05:22:11.730520Z
2021-07-08,EURO_AREA,99.038984,0.096102,authorized_macro_cycle_proxy,false,true,2026-06-25T05:22:11.730520Z
2021-07-09,CN,99.379278,0.062072,authorized_macro_cycle_proxy,false,true,2026-06-25T05:22:11.730520Z
2021-07-09,US,99.379278,0.062072,authorized_macro_cycle_proxy,false,true,2026-06-25T05:22:11.730520Z
2021-07-09,OECD_TOTAL,99.379278,0.062072,authorized_macro_cycle_proxy,false,true,2026-06-25T05:22:11.730520Z
2021-07-09,G20,99.379278,0.062072,authorized_macro_cycle_proxy,false,true,2026-06-25T05:22:11.730520Z
2021-07-09,JP,99.379278,0.062072,authorized_macro_cycle_proxy,false,true,2026-06-25T05:22:11.730520Z
2021-07-09,EURO_AREA,99.379278,0.062072,authorized_macro_cycle_proxy,false,true,2026-06-25T05:22:11.730520Z
2021-07-12,CN,99.415604,0.05844,authorized_macro_cycle_proxy,false,true,2026-06-25T05:22:11.730520Z
2021-07-12,US,99.415604,0.05844,authorized_macro_cycle_proxy,false,true,2026-06-25T05:22:11.730520Z
2021-07-12,OECD_TOTAL,99.415604,0.05844,authorized_macro_cycle_proxy,false,true,2026-06-25T05:22:11.730520Z
2021-07-12,G20,99.415604,0.05844,authorized_macro_cycle_proxy,false,true,2026-06-25T05:22:11.730520Z
2021-07-12,JP,99.415604,0.05844,authorized_macro_cycle_proxy,false,true,2026-06-25T05:22:11.730520Z
2021-07-12,EURO_AREA,99.415604,0.05844,authorized_macro_cycle_proxy,false,true,2026-06-25T05:22:11.730520Z
2021-07-13,CN,99.305271,0.069473,authorized_macro_cycle_proxy,false,true,2026-06-25T05:22:11.730520Z
2021-07-13,US,99.305271,0.069473,authorized_macro_cycle_proxy,false,true,2026-06-25T05:22:11.730520Z
2021-07-13,OECD_TOTAL,99.305271,0.069473,authorized_macro_cycle_proxy,false,true,2026-06-25T05:22:11.730520Z
2021-07-13,G20,99.305271,0.069473,authorized_macro_cycle_proxy,false,true,2026-06-25T05:22:11.730520Z
2021-07-13,JP,99.305271,0.069473,authorized_macro_cycle_proxy,false,true,2026-06-25T05:22:11.730520Z
2021-07-13,EURO_AREA,99.305271,0.069473,authorized_macro_cycle_proxy,false,true,2026-06-25T05:22:11.730520Z
2021-07-14,CN,99.459733,0.054027,authorized_macro_cycle_proxy,false,true,2026-06-25T05:22:11.730520Z
2021-07-14,US,99.459733,0.054027,authorized_macro_cycle_proxy,false,true,2026-06-25T05:22:11.730520Z
2021-07-14,OECD_TOTAL,99.459733,0.054027,authorized_macro_cycle_proxy,false,true,2026-06-25T05:22:11.730520Z
2021-07-14,G20,99.459733,0.054027,authorized_macro_cycle_proxy,false,true,2026-06-25T05:22:11.730520Z
2021-07-14,JP,99.459733,0.054027,authorized_macro_cycle_proxy,false,true,2026-06-25T05:22:11.730520Z
2021-07-14,EURO_AREA,99.459733,0.054027,authorized_macro_cycle_proxy,false,true,2026-06-25T05:22:11.730520Z
2021-07-15,CN,99.468957,0.053104,authorized_macro_cycle_proxy,false,true,2026-06-25T05:22:11.730520Z
2021-07-15,US,99.468957,0.053104,authorized_macro_cycle_proxy,false,true,2026-06-25T05:22:11.730520Z
2021-07-15,OECD_TOTAL,99.468957,0.053104,authorized_macro_cycle_proxy,false,true,2026-06-25T05:22:11.730520Z
2021-07-15,G20,99.468957,0.053104,authorized_macro_cycle_proxy,false,true,2026-06-25T05:22:11.730520Z
2021-07-15,JP,99.468957,0.053104,authorized_macro_cycle_proxy,false,true,2026-06-25T05:22:11.730520Z
2021-07-15,EURO_AREA,99.468957,0.053104,authorized_macro_cycle_proxy,false,true,2026-06-25T05:22:11.730520Z
2021-07-16,CN,99.257648,0.074235,authorized_macro_cycle_proxy,false,true,2026-06-25T05:22:11.730520Z
2021-07-16,US,99.257648,0.074235,authorized_macro_cycle_proxy,false,true,2026-06-25T05:22:11.730520Z
2021-07-16,OECD_TOTAL,99.257648,0.074235,authorized_macro_cycle_proxy,false,true,2026-06-25T05:22:11.730520Z
2021-07-16,G20,99.257648,0.074235,authorized_macro_cycle_proxy,false,true,2026-06-25T05:22:11.730520Z
2021-07-16,JP,99.257648,0.074235,authorized_macro_cycle_proxy,false,true,2026-06-25T05:22:11.730520Z
2021-07-16,EURO_AREA,99.257648,0.074235,authorized_macro_cycle_proxy,false,true,2026-06-25T05:22:11.730520Z
2021-07-19,CN,98.812429,0.118757,authorized_macro_cycle_proxy,false,true,2026-06-25T05:22:11.730520Z
2021-07-19,US,98.812429,0.118757,authorized_macro_cycle_proxy,false,true,2026-06-25T05:22:11.730520Z
2021-07-19,OECD_TOTAL,98.812429,0.118757,authorized_macro_cycle_proxy,false,true,2026-06-25T05:22:11.730520Z
2021-07-19,G20,98.812429,0.118757,authorized_macro_cycle_proxy,false,true,2026-06-25T05:22:11.730520Z
2021-07-19,JP,98.812429,0.118757,authorized_macro_cycle_proxy,false,true,2026-06-25T05:22:11.730520Z
2021-07-19,EURO_AREA,98.812429,0.118757,authorized_macro_cycle_proxy,false,true,2026-06-25T05:22:11.730520Z
2021-07-20,CN,99.1788,0.08212,authorized_macro_cycle_proxy,false,true,2026-06-25T05:22:11.730520Z
2021-07-20,US,99.1788,0.08212,authorized_macro_cycle_proxy,false,true,2026-06-25T05:22:11.730520Z
2021-07-20,OECD_TOTAL,99.1788,0.08212,authorized_macro_cycle_proxy,false,true,2026-06-25T05:22:11.730520Z
2021-07-20,G20,99.1788,0.08212,authorized_macro_cycle_proxy,false,true,2026-06-25T05:22:11.730520Z
2021-07-20,JP,99.1788,0.08212,authorized_macro_cycle_proxy,false,true,2026-06-25T05:22:11.730520Z
2021-07-20,EURO_AREA,99.1788,0.08212,authorized_macro_cycle_proxy,false,true,2026-06-25T05:22:11.730520Z
2021-07-21,CN,99.371886,0.062811,authorized_macro_cycle_proxy,false,true,2026-06-25T05:22:11.730520Z
2021-07-21,US,99.371886,0.062811,authorized_macro_cycle_proxy,false,true,2026-06-25T05:22:11.730520Z
2021-07-21,OECD_TOTAL,99.371886,0.062811,authorized_macro_cycle_proxy,false,true,2026-06-25T05:22:11.730520Z
2021-07-21,G20,99.371886,0.062811,authorized_macro_cycle_proxy,false,true,2026-06-25T05:22:11.730520Z
2021-07-21,JP,99.371886,0.062811,authorized_macro_cycle_proxy,false,true,2026-06-25T05:22:11.730520Z
2021-07-21,EURO_AREA,99.371886,0.062811,authorized_macro_cycle_proxy,false,true,2026-06-25T05:22:11.730520Z
2021-07-22,CN,99.368186,0.063181,authorized_macro_cycle_proxy,false,true,2026-06-25T05:22:11.730520Z
2021-07-22,US,99.368186,0.063181,authorized_macro_cycle_proxy,false,true,2026-06-25T05:22:11.730520Z
2021-07-22,OECD_TOTAL,99.368186,0.063181,authorized_macro_cycle_proxy,false,true,2026-06-25T05:22:11.730520Z
2021-07-22,G20,99.368186,0.063181,authorized_macro_cycle_proxy,false,true,2026-06-25T05:22:11.730520Z
2021-07-22,JP,99.368186,0.063181,authorized_macro_cycle_proxy,false,true,2026-06-25T05:22:11.730520Z
2021-07-22,EURO_AREA,99.368186,0.063181,authorized_macro_cycle_proxy,false,true,2026-06-25T05:22:11.730520Z
2021-07-23,CN,99.375108,0.062489,authorized_macro_cycle_proxy,false,true,2026-06-25T05:22:11.730520Z
2021-07-23,US,99.375108,0.062489,authorized_macro_cycle_proxy,false,true,2026-06-25T05:22:11.730520Z
2021-07-23,OECD_TOTAL,99.375108,0.062489,authorized_macro_cycle_proxy,false,true,2026-06-25T05:22:11.730520Z
2021-07-23,G20,99.375108,0.062489,authorized_macro_cycle_proxy,false,true,2026-06-25T05:22:11.730520Z
2021-07-23,JP,99.375108,0.062489,authorized_macro_cycle_proxy,false,true,2026-06-25T05:22:11.730520Z
2021-07-23,EURO_AREA,99.375108,0.062489,authorized_macro_cycle_proxy,false,true,2026-06-25T05:22:11.730520Z
2021-07-26,CN,99.113352,0.088665,authorized_macro_cycle_proxy,false,true,2026-06-25T05:22:11.730520Z
2021-07-26,US,99.113352,0.088665,authorized_macro_cycle_proxy,false,true,2026-06-25T05:22:11.730520Z
2021-07-26,OECD_TOTAL,99.113352,0.088665,authorized_macro_cycle_proxy,false,true,2026-06-25T05:22:11.730520Z
2021-07-26,G20,99.113352,0.088665,authorized_macro_cycle_proxy,false,true,2026-06-25T05:22:11.730520Z
2021-07-26,JP,99.113352,0.088665,authorized_macro_cycle_proxy,false,true,2026-06-25T05:22:11.730520Z
2021-07-26,EURO_AREA,99.113352,0.088665,authorized_macro_cycle_proxy,false,true,2026-06-25T05:22:11.730520Z
2021-07-27,CN,98.699019,0.130098,authorized_macro_cycle_proxy,false,true,2026-06-25T05:22:11.730520Z
2021-07-27,US,98.699019,0.130098,authorized_macro_cycle_proxy,false,true,2026-06-25T05:22:11.730520Z
2021-07-27,OECD_TOTAL,98.699019,0.130098,authorized_macro_cycle_proxy,false,true,2026-06-25T05:22:11.730520Z
2021-07-27,G20,98.699019,0.130098,authorized_macro_cycle_proxy,false,true,2026-06-25T05:22:11.730520Z
2021-07-27,JP,98.699019,0.130098,authorized_macro_cycle_proxy,false,true,2026-06-25T05:22:11.730520Z
2021-07-27,EURO_AREA,98.699019,0.130098,authorized_macro_cycle_proxy,false,true,2026-06-25T05:22:11.730520Z
2021-07-28,CN,98.898254,0.110175,authorized_macro_cycle_proxy,false,true,2026-06-25T05:22:11.730520Z
2021-07-28,US,98.898254,0.110175,authorized_macro_cycle_proxy,false,true,2026-06-25T05:22:11.730520Z
2021-07-28,OECD_TOTAL,98.898254,0.110175,authorized_macro_cycle_proxy,false,true,2026-06-25T05:22:11.730520Z
2021-07-28,G20,98.898254,0.110175,authorized_macro_cycle_proxy,false,true,2026-06-25T05:22:11.730520Z
2021-07-28,JP,98.898254,0.110175,authorized_macro_cycle_proxy,false,true,2026-06-25T05:22:11.730520Z
2021-07-28,EURO_AREA,98.898254,0.110175,authorized_macro_cycle_proxy,false,true,2026-06-25T05:22:11.730520Z
2021-07-29,CN,99.008176,0.099182,authorized_macro_cycle_proxy,false,true,2026-06-25T05:22:11.730520Z
2021-07-29,US,99.008176,0.099182,authorized_macro_cycle_proxy,false,true,2026-06-25T05:22:11.730520Z
2021-07-29,OECD_TOTAL,99.008176,0.099182,authorized_macro_cycle_proxy,false,true,2026-06-25T05:22:11.730520Z
2021-07-29,G20,99.008176,0.099182,authorized_macro_cycle_proxy,false,true,2026-06-25T05:22:11.730520Z
2021-07-29,JP,99.008176,0.099182,authorized_macro_cycle_proxy,false,true,2026-06-25T05:22:11.730520Z
2021-07-29,EURO_AREA,99.008176,0.099182,authorized_macro_cycle_proxy,false,true,2026-06-25T05:22:11.730520Z
2021-07-30,CN,98.88737,0.111263,authorized_macro_cycle_proxy,false,true,2026-06-25T05:22:11.730520Z
2021-07-30,US,98.88737,0.111263,authorized_macro_cycle_proxy,false,true,2026-06-25T05:22:11.730520Z
2021-07-30,OECD_TOTAL,98.88737,0.111263,authorized_macro_cycle_proxy,false,true,2026-06-25T05:22:11.730520Z
2021-07-30,G20,98.88737,0.111263,authorized_macro_cycle_proxy,false,true,2026-06-25T05:22:11.730520Z
2021-07-30,JP,98.88737,0.111263,authorized_macro_cycle_proxy,false,true,2026-06-25T05:22:11.730520Z
2021-07-30,EURO_AREA,98.88737,0.111263,authorized_macro_cycle_proxy,false,true,2026-06-25T05:22:11.730520Z
2021-08-02,CN,99.00379,0.099621,authorized_macro_cycle_proxy,false,true,2026-06-25T05:22:11.730520Z
2021-08-02,US,99.00379,0.099621,authorized_macro_cycle_proxy,false,true,2026-06-25T05:22:11.730520Z
2021-08-02,OECD_TOTAL,99.00379,0.099621,authorized_macro_cycle_proxy,false,true,2026-06-25T05:22:11.730520Z
2021-08-02,G20,99.00379,0.099621,authorized_macro_cycle_proxy,false,true,2026-06-25T05:22:11.730520Z
2021-08-02,JP,99.00379,0.099621,authorized_macro_cycle_proxy,false,true,2026-06-25T05:22:11.730520Z
2021-08-02,EURO_AREA,99.00379,0.099621,authorized_macro_cycle_proxy,false,true,2026-06-25T05:22:11.730520Z
2021-08-03,CN,99.214215,0.078579,authorized_macro_cycle_proxy,false,true,2026-06-25T05:22:11.730520Z
2021-08-03,US,99.214215,0.078579,authorized_macro_cycle_proxy,false,true,2026-06-25T05:22:11.730520Z
2021-08-03,OECD_TOTAL,99.214215,0.078579,authorized_macro_cycle_proxy,false,true,2026-06-25T05:22:11.730520Z
2021-08-03,G20,99.214215,0.078579,authorized_macro_cycle_proxy,false,true,2026-06-25T05:22:11.730520Z
2021-08-03,JP,99.214215,0.078579,authorized_macro_cycle_proxy,false,true,2026-06-25T05:22:11.730520Z
2021-08-03,EURO_AREA,99.214215,0.078579,authorized_macro_cycle_proxy,false,true,2026-06-25T05:22:11.730520Z
2021-08-04,CN,99.317266,0.068273,authorized_macro_cycle_proxy,false,true,2026-06-25T05:22:11.730520Z
2021-08-04,US,99.317266,0.068273,authorized_macro_cycle_proxy,false,true,2026-06-25T05:22:11.730520Z
2021-08-04,OECD_TOTAL,99.317266,0.068273,authorized_macro_cycle_proxy,false,true,2026-06-25T05:22:11.730520Z
2021-08-04,G20,99.317266,0.068273,authorized_macro_cycle_proxy,false,true,2026-06-25T05:22:11.730520Z
2021-08-04,JP,99.317266,0.068273,authorized_macro_cycle_proxy,false,true,2026-06-25T05:22:11.730520Z
2021-08-04,EURO_AREA,99.317266,0.068273,authorized_macro_cycle_proxy,false,true,2026-06-25T05:22:11.730520Z
2021-08-05,CN,99.318094,0.068191,authorized_macro_cycle_proxy,false,true,2026-06-25T05:22:11.730520Z
2021-08-05,US,99.318094,0.068191,authorized_macro_cycle_proxy,false,true,2026-06-25T05:22:11.730520Z
2021-08-05,OECD_TOTAL,99.318094,0.068191,authorized_macro_cycle_proxy,false,true,2026-06-25T05:22:11.730520Z
2021-08-05,G20,99.318094,0.068191,authorized_macro_cycle_proxy,false,true,2026-06-25T05:22:11.730520Z
2021-08-05,JP,99.318094,0.068191,authorized_macro_cycle_proxy,false,true,2026-06-25T05:22:11.730520Z
2021-08-05,EURO_AREA,99.318094,0.068191,authorized_macro_cycle_proxy,false,true,2026-06-25T05:22:11.730520Z
2021-08-06,CN,99.514144,0.048586,authorized_macro_cycle_proxy,false,true,2026-06-25T05:22:11.730520Z
2021-08-06,US,99.514144,0.048586,authorized_macro_cycle_proxy,false,true,2026-06-25T05:22:11.730520Z
2021-08-06,OECD_TOTAL,99.514144,0.048586,authorized_macro_cycle_proxy,false,true,2026-06-25T05:22:11.730520Z
2021-08-06,G20,99.514144,0.048586,authorized_macro_cycle_proxy,false,true,2026-06-25T05:22:11.730520Z
2021-08-06,JP,99.514144,0.048586,authorized_macro_cycle_proxy,false,true,2026-06-25T05:22:11.730520Z
2021-08-06,EURO_AREA,99.514144,0.048586,authorized_macro_cycle_proxy,false,true,2026-06-25T05:22:11.730520Z
2021-08-09,CN,99.545885,0.045412,authorized_macro_cycle_proxy,false,true,2026-06-25T05:22:11.730520Z
2021-08-09,US,99.545885,0.045412,authorized_macro_cycle_proxy,false,true,2026-06-25T05:22:11.730520Z
2021-08-09,OECD_TOTAL,99.545885,0.045412,authorized_macro_cycle_proxy,false,true,2026-06-25T05:22:11.730520Z
2021-08-09,G20,99.545885,0.045412,authorized_macro_cycle_proxy,false,true,2026-06-25T05:22:11.730520Z
2021-08-09,JP,99.545885,0.045412,authorized_macro_cycle_proxy,false,true,2026-06-25T05:22:11.730520Z
2021-08-09,EURO_AREA,99.545885,0.045412,authorized_macro_cycle_proxy,false,true,2026-06-25T05:22:11.730520Z
2021-08-10,CN,99.493237,0.050676,authorized_macro_cycle_proxy,false,true,2026-06-25T05:22:11.730520Z
2021-08-10,US,99.493237,0.050676,authorized_macro_cycle_proxy,false,true,2026-06-25T05:22:11.730520Z
2021-08-10,OECD_TOTAL,99.493237,0.050676,authorized_macro_cycle_proxy,false,true,2026-06-25T05:22:11.730520Z
2021-08-10,G20,99.493237,0.050676,authorized_macro_cycle_proxy,false,true,2026-06-25T05:22:11.730520Z
2021-08-10,JP,99.493237,0.050676,authorized_macro_cycle_proxy,false,true,2026-06-25T05:22:11.730520Z
2021-08-10,EURO_AREA,99.493237,0.050676,authorized_macro_cycle_proxy,false,true,2026-06-25T05:22:11.730520Z
2021-08-11,CN,99.542454,0.045755,authorized_macro_cycle_proxy,false,true,2026-06-25T05:22:11.730520Z
2021-08-11,US,99.542454,0.045755,authorized_macro_cycle_proxy,false,true,2026-06-25T05:22:11.730520Z
2021-08-11,OECD_TOTAL,99.542454,0.045755,authorized_macro_cycle_proxy,false,true,2026-06-25T05:22:11.730520Z
2021-08-11,G20,99.542454,0.045755,authorized_macro_cycle_proxy,false,true,2026-06-25T05:22:11.730520Z
2021-08-11,JP,99.542454,0.045755,authorized_macro_cycle_proxy,false,true,2026-06-25T05:22:11.730520Z
2021-08-11,EURO_AREA,99.542454,0.045755,authorized_macro_cycle_proxy,false,true,2026-06-25T05:22:11.730520Z
2021-08-12,CN,99.625472,0.037453,authorized_macro_cycle_proxy,false,true,2026-06-25T05:22:11.730520Z
2021-08-12,US,99.625472,0.037453,authorized_macro_cycle_proxy,false,true,2026-06-25T05:22:11.730520Z
2021-08-12,OECD_TOTAL,99.625472,0.037453,authorized_macro_cycle_proxy,false,true,2026-06-25T05:22:11.730520Z
2021-08-12,G20,99.625472,0.037453,authorized_macro_cycle_proxy,false,true,2026-06-25T05:22:11.730520Z
2021-08-12,JP,99.625472,0.037453,authorized_macro_cycle_proxy,false,true,2026-06-25T05:22:11.730520Z
2021-08-12,EURO_AREA,99.625472,0.037453,authorized_macro_cycle_proxy,false,true,2026-06-25T05:22:11.730520Z
2021-08-13,CN,99.576648,0.042335,authorized_macro_cycle_proxy,false,true,2026-06-25T05:22:11.730520Z
2021-08-13,US,99.576648,0.042335,authorized_macro_cycle_proxy,false,true,2026-06-25T05:22:11.730520Z
2021-08-13,OECD_TOTAL,99.576648,0.042335,authorized_macro_cycle_proxy,false,true,2026-06-25T05:22:11.730520Z
2021-08-13,G20,99.576648,0.042335,authorized_macro_cycle_proxy,false,true,2026-06-25T05:22:11.730520Z
2021-08-13,JP,99.576648,0.042335,authorized_macro_cycle_proxy,false,true,2026-06-25T05:22:11.730520Z
2021-08-13,EURO_AREA,99.576648,0.042335,authorized_macro_cycle_proxy,false,true,2026-06-25T05:22:11.730520Z
2021-08-16,CN,99.551229,0.044877,authorized_macro_cycle_proxy,false,true,2026-06-25T05:22:11.730520Z
2021-08-16,US,99.551229,0.044877,authorized_macro_cycle_proxy,false,true,2026-06-25T05:22:11.730520Z
2021-08-16,OECD_TOTAL,99.551229,0.044877,authorized_macro_cycle_proxy,false,true,2026-06-25T05:22:11.730520Z
2021-08-16,G20,99.551229,0.044877,authorized_macro_cycle_proxy,false,true,2026-06-25T05:22:11.730520Z
2021-08-16,JP,99.551229,0.044877,authorized_macro_cycle_proxy,false,true,2026-06-25T05:22:11.730520Z
2021-08-16,EURO_AREA,99.551229,0.044877,authorized_macro_cycle_proxy,false,true,2026-06-25T05:22:11.730520Z
2021-08-17,CN,99.208419,0.079158,authorized_macro_cycle_proxy,false,true,2026-06-25T05:22:11.730520Z
2021-08-17,US,99.208419,0.079158,authorized_macro_cycle_proxy,false,true,2026-06-25T05:22:11.730520Z
2021-08-17,OECD_TOTAL,99.208419,0.079158,authorized_macro_cycle_proxy,false,true,2026-06-25T05:22:11.730520Z
2021-08-17,G20,99.208419,0.079158,authorized_macro_cycle_proxy,false,true,2026-06-25T05:22:11.730520Z
2021-08-17,JP,99.208419,0.079158,authorized_macro_cycle_proxy,false,true,2026-06-25T05:22:11.730520Z
2021-08-17,EURO_AREA,99.208419,0.079158,authorized_macro_cycle_proxy,false,true,2026-06-25T05:22:11.730520Z
2021-08-18,CN,98.774048,0.122595,authorized_macro_cycle_proxy,false,true,2026-06-25T05:22:11.730520Z
2021-08-18,US,98.774048,0.122595,authorized_macro_cycle_proxy,false,true,2026-06-25T05:22:11.730520Z
2021-08-18,OECD_TOTAL,98.774048,0.122595,authorized_macro_cycle_proxy,false,true,2026-06-25T05:22:11.730520Z
2021-08-18,G20,98.774048,0.122595,authorized_macro_cycle_proxy,false,true,2026-06-25T05:22:11.730520Z
2021-08-18,JP,98.774048,0.122595,authorized_macro_cycle_proxy,false,true,2026-06-25T05:22:11.730520Z
2021-08-18,EURO_AREA,98.774048,0.122595,authorized_macro_cycle_proxy,false,true,2026-06-25T05:22:11.730520Z
2021-08-19,CN,98.740523,0.125948,authorized_macro_cycle_proxy,false,true,2026-06-25T05:22:11.730520Z
2021-08-19,US,98.740523,0.125948,authorized_macro_cycle_proxy,false,true,2026-06-25T05:22:11.730520Z
2021-08-19,OECD_TOTAL,98.740523,0.125948,authorized_macro_cycle_proxy,false,true,2026-06-25T05:22:11.730520Z
2021-08-19,G20,98.740523,0.125948,authorized_macro_cycle_proxy,false,true,2026-06-25T05:22:11.730520Z
2021-08-19,JP,98.740523,0.125948,authorized_macro_cycle_proxy,false,true,2026-06-25T05:22:11.730520Z
2021-08-19,EURO_AREA,98.740523,0.125948,authorized_macro_cycle_proxy,false,true,2026-06-25T05:22:11.730520Z
2021-08-20,CN,99.117793,0.088221,authorized_macro_cycle_proxy,false,true,2026-06-25T05:22:11.730520Z
2021-08-20,US,99.117793,0.088221,authorized_macro_cycle_proxy,false,true,2026-06-25T05:22:11.730520Z
2021-08-20,OECD_TOTAL,99.117793,0.088221,authorized_macro_cycle_proxy,false,true,2026-06-25T05:22:11.730520Z
2021-08-20,G20,99.117793,0.088221,authorized_macro_cycle_proxy,false,true,2026-06-25T05:22:11.730520Z
2021-08-20,JP,99.117793,0.088221,authorized_macro_cycle_proxy,false,true,2026-06-25T05:22:11.730520Z
2021-08-20,EURO_AREA,99.117793,0.088221,authorized_macro_cycle_proxy,false,true,2026-06-25T05:22:11.730520Z
2021-08-23,CN,99.354126,0.064587,authorized_macro_cycle_proxy,false,true,2026-06-25T05:22:11.730520Z
2021-08-23,US,99.354126,0.064587,authorized_macro_cycle_proxy,false,true,2026-06-25T05:22:11.730520Z
2021-08-23,OECD_TOTAL,99.354126,0.064587,authorized_macro_cycle_proxy,false,true,2026-06-25T05:22:11.730520Z
2021-08-23,G20,99.354126,0.064587,authorized_macro_cycle_proxy,false,true,2026-06-25T05:22:11.730520Z
2021-08-23,JP,99.354126,0.064587,authorized_macro_cycle_proxy,false,true,2026-06-25T05:22:11.730520Z
2021-08-23,EURO_AREA,99.354126,0.064587,authorized_macro_cycle_proxy,false,true,2026-06-25T05:22:11.730520Z
2021-08-24,CN,99.493906,0.050609,authorized_macro_cycle_proxy,false,true,2026-06-25T05:22:11.730520Z
2021-08-24,US,99.493906,0.050609,authorized_macro_cycle_proxy,false,true,2026-06-25T05:22:11.730520Z
2021-08-24,OECD_TOTAL,99.493906,0.050609,authorized_macro_cycle_proxy,false,true,2026-06-25T05:22:11.730520Z
2021-08-24,G20,99.493906,0.050609,authorized_macro_cycle_proxy,false,true,2026-06-25T05:22:11.730520Z
2021-08-24,JP,99.493906,0.050609,authorized_macro_cycle_proxy,false,true,2026-06-25T05:22:11.730520Z
2021-08-24,EURO_AREA,99.493906,0.050609,authorized_macro_cycle_proxy,false,true,2026-06-25T05:22:11.730520Z
2021-08-25,CN,99.570257,0.042974,authorized_macro_cycle_proxy,false,true,2026-06-25T05:22:11.730520Z
2021-08-25,US,99.570257,0.042974,authorized_macro_cycle_proxy,false,true,2026-06-25T05:22:11.730520Z
2021-08-25,OECD_TOTAL,99.570257,0.042974,authorized_macro_cycle_proxy,false,true,2026-06-25T05:22:11.730520Z
2021-08-25,G20,99.570257,0.042974,authorized_macro_cycle_proxy,false,true,2026-06-25T05:22:11.730520Z
2021-08-25,JP,99.570257,0.042974,authorized_macro_cycle_proxy,false,true,2026-06-25T05:22:11.730520Z
2021-08-25,EURO_AREA,99.570257,0.042974,authorized_macro_cycle_proxy,false,true,2026-06-25T05:22:11.730520Z
2021-08-26,CN,99.3034,0.06966,authorized_macro_cycle_proxy,false,true,2026-06-25T05:22:11.730520Z
2021-08-26,US,99.3034,0.06966,authorized_macro_cycle_proxy,false,true,2026-06-25T05:22:11.730520Z
2021-08-26,OECD_TOTAL,99.3034,0.06966,authorized_macro_cycle_proxy,false,true,2026-06-25T05:22:11.730520Z
2021-08-26,G20,99.3034,0.06966,authorized_macro_cycle_proxy,false,true,2026-06-25T05:22:11.730520Z
2021-08-26,JP,99.3034,0.06966,authorized_macro_cycle_proxy,false,true,2026-06-25T05:22:11.730520Z
2021-08-26,EURO_AREA,99.3034,0.06966,authorized_macro_cycle_proxy,false,true,2026-06-25T05:22:11.730520Z
2021-08-27,CN,99.596562,0.040344,authorized_macro_cycle_proxy,false,true,2026-06-25T05:22:11.730520Z
2021-08-27,US,99.596562,0.040344,authorized_macro_cycle_proxy,false,true,2026-06-25T05:22:11.730520Z
2021-08-27,OECD_TOTAL,99.596562,0.040344,authorized_macro_cycle_proxy,false,true,2026-06-25T05:22:11.730520Z
2021-08-27,G20,99.596562,0.040344,authorized_macro_cycle_proxy,false,true,2026-06-25T05:22:11.730520Z
2021-08-27,JP,99.596562,0.040344,authorized_macro_cycle_proxy,false,true,2026-06-25T05:22:11.730520Z
2021-08-27,EURO_AREA,99.596562,0.040344,authorized_macro_cycle_proxy,false,true,2026-06-25T05:22:11.730520Z
2021-08-30,CN,99.636043,0.036396,authorized_macro_cycle_proxy,false,true,2026-06-25T05:22:11.730520Z
2021-08-30,US,99.636043,0.036396,authorized_macro_cycle_proxy,false,true,2026-06-25T05:22:11.730520Z
2021-08-30,OECD_TOTAL,99.636043,0.036396,authorized_macro_cycle_proxy,false,true,2026-06-25T05:22:11.730520Z
2021-08-30,G20,99.636043,0.036396,authorized_macro_cycle_proxy,false,true,2026-06-25T05:22:11.730520Z
2021-08-30,JP,99.636043,0.036396,authorized_macro_cycle_proxy,false,true,2026-06-25T05:22:11.730520Z
2021-08-30,EURO_AREA,99.636043,0.036396,authorized_macro_cycle_proxy,false,true,2026-06-25T05:22:11.730520Z
2021-08-31,CN,99.493791,0.050621,authorized_macro_cycle_proxy,false,true,2026-06-25T05:22:11.730520Z
2021-08-31,US,99.493791,0.050621,authorized_macro_cycle_proxy,false,true,2026-06-25T05:22:11.730520Z
2021-08-31,OECD_TOTAL,99.493791,0.050621,authorized_macro_cycle_proxy,false,true,2026-06-25T05:22:11.730520Z
2021-08-31,G20,99.493791,0.050621,authorized_macro_cycle_proxy,false,true,2026-06-25T05:22:11.730520Z
2021-08-31,JP,99.493791,0.050621,authorized_macro_cycle_proxy,false,true,2026-06-25T05:22:11.730520Z
2021-08-31,EURO_AREA,99.493791,0.050621,authorized_macro_cycle_proxy,false,true,2026-06-25T05:22:11.730520Z
2021-09-01,CN,99.601252,0.039875,authorized_macro_cycle_proxy,false,true,2026-06-25T05:22:11.730520Z
2021-09-01,US,99.601252,0.039875,authorized_macro_cycle_proxy,false,true,2026-06-25T05:22:11.730520Z
2021-09-01,OECD_TOTAL,99.601252,0.039875,authorized_macro_cycle_proxy,false,true,2026-06-25T05:22:11.730520Z
2021-09-01,G20,99.601252,0.039875,authorized_macro_cycle_proxy,false,true,2026-06-25T05:22:11.730520Z
2021-09-01,JP,99.601252,0.039875,authorized_macro_cycle_proxy,false,true,2026-06-25T05:22:11.730520Z
2021-09-01,EURO_AREA,99.601252,0.039875,authorized_macro_cycle_proxy,false,true,2026-06-25T05:22:11.730520Z
2021-09-02,CN,99.489614,0.051039,authorized_macro_cycle_proxy,false,true,2026-06-25T05:22:11.730520Z
2021-09-02,US,99.489614,0.051039,authorized_macro_cycle_proxy,false,true,2026-06-25T05:22:11.730520Z
2021-09-02,OECD_TOTAL,99.489614,0.051039,authorized_macro_cycle_proxy,false,true,2026-06-25T05:22:11.730520Z
2021-09-02,G20,99.489614,0.051039,authorized_macro_cycle_proxy,false,true,2026-06-25T05:22:11.730520Z
2021-09-02,JP,99.489614,0.051039,authorized_macro_cycle_proxy,false,true,2026-06-25T05:22:11.730520Z
2021-09-02,EURO_AREA,99.489614,0.051039,authorized_macro_cycle_proxy,false,true,2026-06-25T05:22:11.730520Z
2021-09-03,CN,99.507494,0.049251,authorized_macro_cycle_proxy,false,true,2026-06-25T05:22:11.730520Z
2021-09-03,US,99.507494,0.049251,authorized_macro_cycle_proxy,false,true,2026-06-25T05:22:11.730520Z
2021-09-03,OECD_TOTAL,99.507494,0.049251,authorized_macro_cycle_proxy,false,true,2026-06-25T05:22:11.730520Z
2021-09-03,G20,99.507494,0.049251,authorized_macro_cycle_proxy,false,true,2026-06-25T05:22:11.730520Z
2021-09-03,JP,99.507494,0.049251,authorized_macro_cycle_proxy,false,true,2026-06-25T05:22:11.730520Z
2021-09-03,EURO_AREA,99.507494,0.049251,authorized_macro_cycle_proxy,false,true,2026-06-25T05:22:11.730520Z
2021-09-06,CN,99.603529,0.039647,authorized_macro_cycle_proxy,false,true,2026-06-25T05:22:11.730520Z
2021-09-06,US,99.603529,0.039647,authorized_macro_cycle_proxy,false,true,2026-06-25T05:22:11.730520Z
2021-09-06,OECD_TOTAL,99.603529,0.039647,authorized_macro_cycle_proxy,false,true,2026-06-25T05:22:11.730520Z
2021-09-06,G20,99.603529,0.039647,authorized_macro_cycle_proxy,false,true,2026-06-25T05:22:11.730520Z
2021-09-06,JP,99.603529,0.039647,authorized_macro_cycle_proxy,false,true,2026-06-25T05:22:11.730520Z
2021-09-06,EURO_AREA,99.603529,0.039647,authorized_macro_cycle_proxy,false,true,2026-06-25T05:22:11.730520Z
2021-09-07,CN,99.381471,0.061853,authorized_macro_cycle_proxy,false,true,2026-06-25T05:22:11.730520Z
2021-09-07,US,99.381471,0.061853,authorized_macro_cycle_proxy,false,true,2026-06-25T05:22:11.730520Z
2021-09-07,OECD_TOTAL,99.381471,0.061853,authorized_macro_cycle_proxy,false,true,2026-06-25T05:22:11.730520Z
2021-09-07,G20,99.381471,0.061853,authorized_macro_cycle_proxy,false,true,2026-06-25T05:22:11.730520Z
2021-09-07,JP,99.381471,0.061853,authorized_macro_cycle_proxy,false,true,2026-06-25T05:22:11.730520Z
2021-09-07,EURO_AREA,99.381471,0.061853,authorized_macro_cycle_proxy,false,true,2026-06-25T05:22:11.730520Z
2021-09-08,CN,99.322943,0.067706,authorized_macro_cycle_proxy,false,true,2026-06-25T05:22:11.730520Z
2021-09-08,US,99.322943,0.067706,authorized_macro_cycle_proxy,false,true,2026-06-25T05:22:11.730520Z
2021-09-08,OECD_TOTAL,99.322943,0.067706,authorized_macro_cycle_proxy,false,true,2026-06-25T05:22:11.730520Z
2021-09-08,G20,99.322943,0.067706,authorized_macro_cycle_proxy,false,true,2026-06-25T05:22:11.730520Z
2021-09-08,JP,99.322943,0.067706,authorized_macro_cycle_proxy,false,true,2026-06-25T05:22:11.730520Z
2021-09-08,EURO_AREA,99.322943,0.067706,authorized_macro_cycle_proxy,false,true,2026-06-25T05:22:11.730520Z
2021-09-09,CN,99.252899,0.07471,authorized_macro_cycle_proxy,false,true,2026-06-25T05:22:11.730520Z
2021-09-09,US,99.252899,0.07471,authorized_macro_cycle_proxy,false,true,2026-06-25T05:22:11.730520Z
2021-09-09,OECD_TOTAL,99.252899,0.07471,authorized_macro_cycle_proxy,false,true,2026-06-25T05:22:11.730520Z
2021-09-09,G20,99.252899,0.07471,authorized_macro_cycle_proxy,false,true,2026-06-25T05:22:11.730520Z
2021-09-09,JP,99.252899,0.07471,authorized_macro_cycle_proxy,false,true,2026-06-25T05:22:11.730520Z
2021-09-09,EURO_AREA,99.252899,0.07471,authorized_macro_cycle_proxy,false,true,2026-06-25T05:22:11.730520Z
2021-09-10,CN,98.958714,0.104129,authorized_macro_cycle_proxy,false,true,2026-06-25T05:22:11.730520Z
2021-09-10,US,98.958714,0.104129,authorized_macro_cycle_proxy,false,true,2026-06-25T05:22:11.730520Z
2021-09-10,OECD_TOTAL,98.958714,0.104129,authorized_macro_cycle_proxy,false,true,2026-06-25T05:22:11.730520Z
2021-09-10,G20,98.958714,0.104129,authorized_macro_cycle_proxy,false,true,2026-06-25T05:22:11.730520Z
2021-09-10,JP,98.958714,0.104129,authorized_macro_cycle_proxy,false,true,2026-06-25T05:22:11.730520Z
2021-09-10,EURO_AREA,98.958714,0.104129,authorized_macro_cycle_proxy,false,true,2026-06-25T05:22:11.730520Z
2021-09-13,CN,99.164271,0.083573,authorized_macro_cycle_proxy,false,true,2026-06-25T05:22:11.730520Z
2021-09-13,US,99.164271,0.083573,authorized_macro_cycle_proxy,false,true,2026-06-25T05:22:11.730520Z
2021-09-13,OECD_TOTAL,99.164271,0.083573,authorized_macro_cycle_proxy,false,true,2026-06-25T05:22:11.730520Z
2021-09-13,G20,99.164271,0.083573,authorized_macro_cycle_proxy,false,true,2026-06-25T05:22:11.730520Z
2021-09-13,JP,99.164271,0.083573,authorized_macro_cycle_proxy,false,true,2026-06-25T05:22:11.730520Z
2021-09-13,EURO_AREA,99.164271,0.083573,authorized_macro_cycle_proxy,false,true,2026-06-25T05:22:11.730520Z
2021-09-14,CN,99.129682,0.087032,authorized_macro_cycle_proxy,false,true,2026-06-25T05:22:11.730520Z
2021-09-14,US,99.129682,0.087032,authorized_macro_cycle_proxy,false,true,2026-06-25T05:22:11.730520Z
2021-09-14,OECD_TOTAL,99.129682,0.087032,authorized_macro_cycle_proxy,false,true,2026-06-25T05:22:11.730520Z
2021-09-14,G20,99.129682,0.087032,authorized_macro_cycle_proxy,false,true,2026-06-25T05:22:11.730520Z
2021-09-14,JP,99.129682,0.087032,authorized_macro_cycle_proxy,false,true,2026-06-25T05:22:11.730520Z
2021-09-14,EURO_AREA,99.129682,0.087032,authorized_macro_cycle_proxy,false,true,2026-06-25T05:22:11.730520Z
2021-09-15,CN,99.284586,0.071541,authorized_macro_cycle_proxy,false,true,2026-06-25T05:22:11.730520Z
2021-09-15,US,99.284586,0.071541,authorized_macro_cycle_proxy,false,true,2026-06-25T05:22:11.730520Z
2021-09-15,OECD_TOTAL,99.284586,0.071541,authorized_macro_cycle_proxy,false,true,2026-06-25T05:22:11.730520Z
2021-09-15,G20,99.284586,0.071541,authorized_macro_cycle_proxy,false,true,2026-06-25T05:22:11.730520Z
2021-09-15,JP,99.284586,0.071541,authorized_macro_cycle_proxy,false,true,2026-06-25T05:22:11.730520Z
2021-09-15,EURO_AREA,99.284586,0.071541,authorized_macro_cycle_proxy,false,true,2026-06-25T05:22:11.730520Z
2021-09-16,CN,99.133617,0.086638,authorized_macro_cycle_proxy,false,true,2026-06-25T05:22:11.730520Z
2021-09-16,US,99.133617,0.086638,authorized_macro_cycle_proxy,false,true,2026-06-25T05:22:11.730520Z
2021-09-16,OECD_TOTAL,99.133617,0.086638,authorized_macro_cycle_proxy,false,true,2026-06-25T05:22:11.730520Z
2021-09-16,G20,99.133617,0.086638,authorized_macro_cycle_proxy,false,true,2026-06-25T05:22:11.730520Z
2021-09-16,JP,99.133617,0.086638,authorized_macro_cycle_proxy,false,true,2026-06-25T05:22:11.730520Z
2021-09-16,EURO_AREA,99.133617,0.086638,authorized_macro_cycle_proxy,false,true,2026-06-25T05:22:11.730520Z
2021-09-17,CN,98.924362,0.107564,authorized_macro_cycle_proxy,false,true,2026-06-25T05:22:11.730520Z
2021-09-17,US,98.924362,0.107564,authorized_macro_cycle_proxy,false,true,2026-06-25T05:22:11.730520Z
2021-09-17,OECD_TOTAL,98.924362,0.107564,authorized_macro_cycle_proxy,false,true,2026-06-25T05:22:11.730520Z
2021-09-17,G20,98.924362,0.107564,authorized_macro_cycle_proxy,false,true,2026-06-25T05:22:11.730520Z
2021-09-17,JP,98.924362,0.107564,authorized_macro_cycle_proxy,false,true,2026-06-25T05:22:11.730520Z
2021-09-17,EURO_AREA,98.924362,0.107564,authorized_macro_cycle_proxy,false,true,2026-06-25T05:22:11.730520Z
2021-09-22,CN,98.916128,0.108387,authorized_macro_cycle_proxy,false,true,2026-06-25T05:22:11.730520Z
2021-09-22,US,98.916128,0.108387,authorized_macro_cycle_proxy,false,true,2026-06-25T05:22:11.730520Z
2021-09-22,OECD_TOTAL,98.916128,0.108387,authorized_macro_cycle_proxy,false,true,2026-06-25T05:22:11.730520Z
2021-09-22,G20,98.916128,0.108387,authorized_macro_cycle_proxy,false,true,2026-06-25T05:22:11.730520Z
2021-09-22,JP,98.916128,0.108387,authorized_macro_cycle_proxy,false,true,2026-06-25T05:22:11.730520Z
2021-09-22,EURO_AREA,98.916128,0.108387,authorized_macro_cycle_proxy,false,true,2026-06-25T05:22:11.730520Z
2021-09-23,CN,99.2068,0.07932,authorized_macro_cycle_proxy,false,true,2026-06-25T05:22:11.730520Z
2021-09-23,US,99.2068,0.07932,authorized_macro_cycle_proxy,false,true,2026-06-25T05:22:11.730520Z
2021-09-23,OECD_TOTAL,99.2068,0.07932,authorized_macro_cycle_proxy,false,true,2026-06-25T05:22:11.730520Z
2021-09-23,G20,99.2068,0.07932,authorized_macro_cycle_proxy,false,true,2026-06-25T05:22:11.730520Z
2021-09-23,JP,99.2068,0.07932,authorized_macro_cycle_proxy,false,true,2026-06-25T05:22:11.730520Z
2021-09-23,EURO_AREA,99.2068,0.07932,authorized_macro_cycle_proxy,false,true,2026-06-25T05:22:11.730520Z
2021-09-24,CN,99.279564,0.072044,authorized_macro_cycle_proxy,false,true,2026-06-25T05:22:11.730520Z
2021-09-24,US,99.279564,0.072044,authorized_macro_cycle_proxy,false,true,2026-06-25T05:22:11.730520Z
2021-09-24,OECD_TOTAL,99.279564,0.072044,authorized_macro_cycle_proxy,false,true,2026-06-25T05:22:11.730520Z
2021-09-24,G20,99.279564,0.072044,authorized_macro_cycle_proxy,false,true,2026-06-25T05:22:11.730520Z
2021-09-24,JP,99.279564,0.072044,authorized_macro_cycle_proxy,false,true,2026-06-25T05:22:11.730520Z
2021-09-24,EURO_AREA,99.279564,0.072044,authorized_macro_cycle_proxy,false,true,2026-06-25T05:22:11.730520Z
2021-09-27,CN,99.123429,0.087657,authorized_macro_cycle_proxy,false,true,2026-06-25T05:22:11.730520Z
2021-09-27,US,99.123429,0.087657,authorized_macro_cycle_proxy,false,true,2026-06-25T05:22:11.730520Z
2021-09-27,OECD_TOTAL,99.123429,0.087657,authorized_macro_cycle_proxy,false,true,2026-06-25T05:22:11.730520Z
2021-09-27,G20,99.123429,0.087657,authorized_macro_cycle_proxy,false,true,2026-06-25T05:22:11.730520Z
2021-09-27,JP,99.123429,0.087657,authorized_macro_cycle_proxy,false,true,2026-06-25T05:22:11.730520Z
2021-09-27,EURO_AREA,99.123429,0.087657,authorized_macro_cycle_proxy,false,true,2026-06-25T05:22:11.730520Z
2021-09-28,CN,98.517357,0.148264,authorized_macro_cycle_proxy,false,true,2026-06-25T05:22:11.730520Z
2021-09-28,US,98.517357,0.148264,authorized_macro_cycle_proxy,false,true,2026-06-25T05:22:11.730520Z
2021-09-28,OECD_TOTAL,98.517357,0.148264,authorized_macro_cycle_proxy,false,true,2026-06-25T05:22:11.730520Z
2021-09-28,G20,98.517357,0.148264,authorized_macro_cycle_proxy,false,true,2026-06-25T05:22:11.730520Z
2021-09-28,JP,98.517357,0.148264,authorized_macro_cycle_proxy,false,true,2026-06-25T05:22:11.730520Z
2021-09-28,EURO_AREA,98.517357,0.148264,authorized_macro_cycle_proxy,false,true,2026-06-25T05:22:11.730520Z
2021-09-29,CN,98.623814,0.137619,authorized_macro_cycle_proxy,false,true,2026-06-25T05:22:11.730520Z
2021-09-29,US,98.623814,0.137619,authorized_macro_cycle_proxy,false,true,2026-06-25T05:22:11.730520Z
2021-09-29,OECD_TOTAL,98.623814,0.137619,authorized_macro_cycle_proxy,false,true,2026-06-25T05:22:11.730520Z
2021-09-29,G20,98.623814,0.137619,authorized_macro_cycle_proxy,false,true,2026-06-25T05:22:11.730520Z
2021-09-29,JP,98.623814,0.137619,authorized_macro_cycle_proxy,false,true,2026-06-25T05:22:11.730520Z
2021-09-29,EURO_AREA,98.623814,0.137619,authorized_macro_cycle_proxy,false,true,2026-06-25T05:22:11.730520Z
2021-09-30,CN,98.538329,0.146167,authorized_macro_cycle_proxy,false,true,2026-06-25T05:22:11.730520Z
2021-09-30,US,98.538329,0.146167,authorized_macro_cycle_proxy,false,true,2026-06-25T05:22:11.730520Z
2021-09-30,OECD_TOTAL,98.538329,0.146167,authorized_macro_cycle_proxy,false,true,2026-06-25T05:22:11.730520Z
2021-09-30,G20,98.538329,0.146167,authorized_macro_cycle_proxy,false,true,2026-06-25T05:22:11.730520Z
2021-09-30,JP,98.538329,0.146167,authorized_macro_cycle_proxy,false,true,2026-06-25T05:22:11.730520Z
2021-09-30,EURO_AREA,98.538329,0.146167,authorized_macro_cycle_proxy,false,true,2026-06-25T05:22:11.730520Z
2021-10-08,CN,99.057557,0.094244,authorized_macro_cycle_proxy,false,true,2026-06-25T05:22:11.730520Z
2021-10-08,US,99.057557,0.094244,authorized_macro_cycle_proxy,false,true,2026-06-25T05:22:11.730520Z
2021-10-08,OECD_TOTAL,99.057557,0.094244,authorized_macro_cycle_proxy,false,true,2026-06-25T05:22:11.730520Z
2021-10-08,G20,99.057557,0.094244,authorized_macro_cycle_proxy,false,true,2026-06-25T05:22:11.730520Z
2021-10-08,JP,99.057557,0.094244,authorized_macro_cycle_proxy,false,true,2026-06-25T05:22:11.730520Z
2021-10-08,EURO_AREA,99.057557,0.094244,authorized_macro_cycle_proxy,false,true,2026-06-25T05:22:11.730520Z
2021-10-11,CN,98.860286,0.113971,authorized_macro_cycle_proxy,false,true,2026-06-25T05:22:11.730520Z
2021-10-11,US,98.860286,0.113971,authorized_macro_cycle_proxy,false,true,2026-06-25T05:22:11.730520Z
2021-10-11,OECD_TOTAL,98.860286,0.113971,authorized_macro_cycle_proxy,false,true,2026-06-25T05:22:11.730520Z
2021-10-11,G20,98.860286,0.113971,authorized_macro_cycle_proxy,false,true,2026-06-25T05:22:11.730520Z
2021-10-11,JP,98.860286,0.113971,authorized_macro_cycle_proxy,false,true,2026-06-25T05:22:11.730520Z
2021-10-11,EURO_AREA,98.860286,0.113971,authorized_macro_cycle_proxy,false,true,2026-06-25T05:22:11.730520Z
2021-10-12,CN,98.878714,0.112129,authorized_macro_cycle_proxy,false,true,2026-06-25T05:22:11.730520Z
2021-10-12,US,98.878714,0.112129,authorized_macro_cycle_proxy,false,true,2026-06-25T05:22:11.730520Z
2021-10-12,OECD_TOTAL,98.878714,0.112129,authorized_macro_cycle_proxy,false,true,2026-06-25T05:22:11.730520Z
2021-10-12,G20,98.878714,0.112129,authorized_macro_cycle_proxy,false,true,2026-06-25T05:22:11.730520Z
2021-10-12,JP,98.878714,0.112129,authorized_macro_cycle_proxy,false,true,2026-06-25T05:22:11.730520Z
2021-10-12,EURO_AREA,98.878714,0.112129,authorized_macro_cycle_proxy,false,true,2026-06-25T05:22:11.730520Z
2021-10-13,CN,99.0524,0.09476,authorized_macro_cycle_proxy,false,true,2026-06-25T05:22:11.730520Z
2021-10-13,US,99.0524,0.09476,authorized_macro_cycle_proxy,false,true,2026-06-25T05:22:11.730520Z
2021-10-13,OECD_TOTAL,99.0524,0.09476,authorized_macro_cycle_proxy,false,true,2026-06-25T05:22:11.730520Z
2021-10-13,G20,99.0524,0.09476,authorized_macro_cycle_proxy,false,true,2026-06-25T05:22:11.730520Z
2021-10-13,JP,99.0524,0.09476,authorized_macro_cycle_proxy,false,true,2026-06-25T05:22:11.730520Z
2021-10-13,EURO_AREA,99.0524,0.09476,authorized_macro_cycle_proxy,false,true,2026-06-25T05:22:11.730520Z
2021-10-14,CN,99.264606,0.073539,authorized_macro_cycle_proxy,false,true,2026-06-25T05:22:11.730520Z
2021-10-14,US,99.264606,0.073539,authorized_macro_cycle_proxy,false,true,2026-06-25T05:22:11.730520Z
2021-10-14,OECD_TOTAL,99.264606,0.073539,authorized_macro_cycle_proxy,false,true,2026-06-25T05:22:11.730520Z
2021-10-14,G20,99.264606,0.073539,authorized_macro_cycle_proxy,false,true,2026-06-25T05:22:11.730520Z
2021-10-14,JP,99.264606,0.073539,authorized_macro_cycle_proxy,false,true,2026-06-25T05:22:11.730520Z
2021-10-14,EURO_AREA,99.264606,0.073539,authorized_macro_cycle_proxy,false,true,2026-06-25T05:22:11.730520Z
2021-10-15,CN,99.285845,0.071416,authorized_macro_cycle_proxy,false,true,2026-06-25T05:22:11.730520Z
2021-10-15,US,99.285845,0.071416,authorized_macro_cycle_proxy,false,true,2026-06-25T05:22:11.730520Z
2021-10-15,OECD_TOTAL,99.285845,0.071416,authorized_macro_cycle_proxy,false,true,2026-06-25T05:22:11.730520Z
2021-10-15,G20,99.285845,0.071416,authorized_macro_cycle_proxy,false,true,2026-06-25T05:22:11.730520Z
2021-10-15,JP,99.285845,0.071416,authorized_macro_cycle_proxy,false,true,2026-06-25T05:22:11.730520Z
2021-10-15,EURO_AREA,99.285845,0.071416,authorized_macro_cycle_proxy,false,true,2026-06-25T05:22:11.730520Z
2021-10-18,CN,99.247637,0.075236,authorized_macro_cycle_proxy,false,true,2026-06-25T05:22:11.730520Z
2021-10-18,US,99.247637,0.075236,authorized_macro_cycle_proxy,false,true,2026-06-25T05:22:11.730520Z
2021-10-18,OECD_TOTAL,99.247637,0.075236,authorized_macro_cycle_proxy,false,true,2026-06-25T05:22:11.730520Z
2021-10-18,G20,99.247637,0.075236,authorized_macro_cycle_proxy,false,true,2026-06-25T05:22:11.730520Z
2021-10-18,JP,99.247637,0.075236,authorized_macro_cycle_proxy,false,true,2026-06-25T05:22:11.730520Z
2021-10-18,EURO_AREA,99.247637,0.075236,authorized_macro_cycle_proxy,false,true,2026-06-25T05:22:11.730520Z
2021-10-19,CN,99.367183,0.063282,authorized_macro_cycle_proxy,false,true,2026-06-25T05:22:11.730520Z
2021-10-19,US,99.367183,0.063282,authorized_macro_cycle_proxy,false,true,2026-06-25T05:22:11.730520Z
2021-10-19,OECD_TOTAL,99.367183,0.063282,authorized_macro_cycle_proxy,false,true,2026-06-25T05:22:11.730520Z
2021-10-19,G20,99.367183,0.063282,authorized_macro_cycle_proxy,false,true,2026-06-25T05:22:11.730520Z
2021-10-19,JP,99.367183,0.063282,authorized_macro_cycle_proxy,false,true,2026-06-25T05:22:11.730520Z
2021-10-19,EURO_AREA,99.367183,0.063282,authorized_macro_cycle_proxy,false,true,2026-06-25T05:22:11.730520Z
2021-10-20,CN,99.327145,0.067286,authorized_macro_cycle_proxy,false,true,2026-06-25T05:22:11.730520Z
2021-10-20,US,99.327145,0.067286,authorized_macro_cycle_proxy,false,true,2026-06-25T05:22:11.730520Z
2021-10-20,OECD_TOTAL,99.327145,0.067286,authorized_macro_cycle_proxy,false,true,2026-06-25T05:22:11.730520Z
2021-10-20,G20,99.327145,0.067286,authorized_macro_cycle_proxy,false,true,2026-06-25T05:22:11.730520Z
2021-10-20,JP,99.327145,0.067286,authorized_macro_cycle_proxy,false,true,2026-06-25T05:22:11.730520Z
2021-10-20,EURO_AREA,99.327145,0.067286,authorized_macro_cycle_proxy,false,true,2026-06-25T05:22:11.730520Z
2021-10-21,CN,99.459085,0.054091,authorized_macro_cycle_proxy,false,true,2026-06-25T05:22:11.730520Z
2021-10-21,US,99.459085,0.054091,authorized_macro_cycle_proxy,false,true,2026-06-25T05:22:11.730520Z
2021-10-21,OECD_TOTAL,99.459085,0.054091,authorized_macro_cycle_proxy,false,true,2026-06-25T05:22:11.730520Z
2021-10-21,G20,99.459085,0.054091,authorized_macro_cycle_proxy,false,true,2026-06-25T05:22:11.730520Z
2021-10-21,JP,99.459085,0.054091,authorized_macro_cycle_proxy,false,true,2026-06-25T05:22:11.730520Z
2021-10-21,EURO_AREA,99.459085,0.054091,authorized_macro_cycle_proxy,false,true,2026-06-25T05:22:11.730520Z
2021-10-22,CN,99.430657,0.056934,authorized_macro_cycle_proxy,false,true,2026-06-25T05:22:11.730520Z
2021-10-22,US,99.430657,0.056934,authorized_macro_cycle_proxy,false,true,2026-06-25T05:22:11.730520Z
2021-10-22,OECD_TOTAL,99.430657,0.056934,authorized_macro_cycle_proxy,false,true,2026-06-25T05:22:11.730520Z
2021-10-22,G20,99.430657,0.056934,authorized_macro_cycle_proxy,false,true,2026-06-25T05:22:11.730520Z
2021-10-22,JP,99.430657,0.056934,authorized_macro_cycle_proxy,false,true,2026-06-25T05:22:11.730520Z
2021-10-22,EURO_AREA,99.430657,0.056934,authorized_macro_cycle_proxy,false,true,2026-06-25T05:22:11.730520Z
2021-10-25,CN,99.457257,0.054274,authorized_macro_cycle_proxy,false,true,2026-06-25T05:22:11.730520Z
2021-10-25,US,99.457257,0.054274,authorized_macro_cycle_proxy,false,true,2026-06-25T05:22:11.730520Z
2021-10-25,OECD_TOTAL,99.457257,0.054274,authorized_macro_cycle_proxy,false,true,2026-06-25T05:22:11.730520Z
2021-10-25,G20,99.457257,0.054274,authorized_macro_cycle_proxy,false,true,2026-06-25T05:22:11.730520Z
2021-10-25,JP,99.457257,0.054274,authorized_macro_cycle_proxy,false,true,2026-06-25T05:22:11.730520Z
2021-10-25,EURO_AREA,99.457257,0.054274,authorized_macro_cycle_proxy,false,true,2026-06-25T05:22:11.730520Z
2021-10-26,CN,99.334586,0.066541,authorized_macro_cycle_proxy,false,true,2026-06-25T05:22:11.730520Z
2021-10-26,US,99.334586,0.066541,authorized_macro_cycle_proxy,false,true,2026-06-25T05:22:11.730520Z
2021-10-26,OECD_TOTAL,99.334586,0.066541,authorized_macro_cycle_proxy,false,true,2026-06-25T05:22:11.730520Z
2021-10-26,G20,99.334586,0.066541,authorized_macro_cycle_proxy,false,true,2026-06-25T05:22:11.730520Z
2021-10-26,JP,99.334586,0.066541,authorized_macro_cycle_proxy,false,true,2026-06-25T05:22:11.730520Z
2021-10-26,EURO_AREA,99.334586,0.066541,authorized_macro_cycle_proxy,false,true,2026-06-25T05:22:11.730520Z
2021-10-27,CN,99.237228,0.076277,authorized_macro_cycle_proxy,false,true,2026-06-25T05:22:11.730520Z
2021-10-27,US,99.237228,0.076277,authorized_macro_cycle_proxy,false,true,2026-06-25T05:22:11.730520Z
2021-10-27,OECD_TOTAL,99.237228,0.076277,authorized_macro_cycle_proxy,false,true,2026-06-25T05:22:11.730520Z
2021-10-27,G20,99.237228,0.076277,authorized_macro_cycle_proxy,false,true,2026-06-25T05:22:11.730520Z
2021-10-27,JP,99.237228,0.076277,authorized_macro_cycle_proxy,false,true,2026-06-25T05:22:11.730520Z
2021-10-27,EURO_AREA,99.237228,0.076277,authorized_macro_cycle_proxy,false,true,2026-06-25T05:22:11.730520Z
2021-10-28,CN,99.297014,0.070299,authorized_macro_cycle_proxy,false,true,2026-06-25T05:22:11.730520Z
2021-10-28,US,99.297014,0.070299,authorized_macro_cycle_proxy,false,true,2026-06-25T05:22:11.730520Z
2021-10-28,OECD_TOTAL,99.297014,0.070299,authorized_macro_cycle_proxy,false,true,2026-06-25T05:22:11.730520Z
2021-10-28,G20,99.297014,0.070299,authorized_macro_cycle_proxy,false,true,2026-06-25T05:22:11.730520Z
2021-10-28,JP,99.297014,0.070299,authorized_macro_cycle_proxy,false,true,2026-06-25T05:22:11.730520Z
2021-10-28,EURO_AREA,99.297014,0.070299,authorized_macro_cycle_proxy,false,true,2026-06-25T05:22:11.730520Z
2021-10-29,CN,99.318529,0.068147,authorized_macro_cycle_proxy,false,true,2026-06-25T05:22:11.730520Z
2021-10-29,US,99.318529,0.068147,authorized_macro_cycle_proxy,false,true,2026-06-25T05:22:11.730520Z
2021-10-29,OECD_TOTAL,99.318529,0.068147,authorized_macro_cycle_proxy,false,true,2026-06-25T05:22:11.730520Z
2021-10-29,G20,99.318529,0.068147,authorized_macro_cycle_proxy,false,true,2026-06-25T05:22:11.730520Z
2021-10-29,JP,99.318529,0.068147,authorized_macro_cycle_proxy,false,true,2026-06-25T05:22:11.730520Z
2021-10-29,EURO_AREA,99.318529,0.068147,authorized_macro_cycle_proxy,false,true,2026-06-25T05:22:11.730520Z
2021-11-01,CN,99.287243,0.071276,authorized_macro_cycle_proxy,false,true,2026-06-25T05:22:11.730520Z
2021-11-01,US,99.287243,0.071276,authorized_macro_cycle_proxy,false,true,2026-06-25T05:22:11.730520Z
2021-11-01,OECD_TOTAL,99.287243,0.071276,authorized_macro_cycle_proxy,false,true,2026-06-25T05:22:11.730520Z
2021-11-01,G20,99.287243,0.071276,authorized_macro_cycle_proxy,false,true,2026-06-25T05:22:11.730520Z
2021-11-01,JP,99.287243,0.071276,authorized_macro_cycle_proxy,false,true,2026-06-25T05:22:11.730520Z
2021-11-01,EURO_AREA,99.287243,0.071276,authorized_macro_cycle_proxy,false,true,2026-06-25T05:22:11.730520Z
2021-11-02,CN,99.308826,0.069117,authorized_macro_cycle_proxy,false,true,2026-06-25T05:22:11.730520Z
2021-11-02,US,99.308826,0.069117,authorized_macro_cycle_proxy,false,true,2026-06-25T05:22:11.730520Z
2021-11-02,OECD_TOTAL,99.308826,0.069117,authorized_macro_cycle_proxy,false,true,2026-06-25T05:22:11.730520Z
2021-11-02,G20,99.308826,0.069117,authorized_macro_cycle_proxy,false,true,2026-06-25T05:22:11.730520Z
2021-11-02,JP,99.308826,0.069117,authorized_macro_cycle_proxy,false,true,2026-06-25T05:22:11.730520Z
2021-11-02,EURO_AREA,99.308826,0.069117,authorized_macro_cycle_proxy,false,true,2026-06-25T05:22:11.730520Z
2021-11-03,CN,99.481209,0.051879,authorized_macro_cycle_proxy,false,true,2026-06-25T05:22:11.730520Z
2021-11-03,US,99.481209,0.051879,authorized_macro_cycle_proxy,false,true,2026-06-25T05:22:11.730520Z
2021-11-03,OECD_TOTAL,99.481209,0.051879,authorized_macro_cycle_proxy,false,true,2026-06-25T05:22:11.730520Z
2021-11-03,G20,99.481209,0.051879,authorized_macro_cycle_proxy,false,true,2026-06-25T05:22:11.730520Z
2021-11-03,JP,99.481209,0.051879,authorized_macro_cycle_proxy,false,true,2026-06-25T05:22:11.730520Z
2021-11-03,EURO_AREA,99.481209,0.051879,authorized_macro_cycle_proxy,false,true,2026-06-25T05:22:11.730520Z
2021-11-04,CN,99.535329,0.046467,authorized_macro_cycle_proxy,false,true,2026-06-25T05:22:11.730520Z
2021-11-04,US,99.535329,0.046467,authorized_macro_cycle_proxy,false,true,2026-06-25T05:22:11.730520Z
2021-11-04,OECD_TOTAL,99.535329,0.046467,authorized_macro_cycle_proxy,false,true,2026-06-25T05:22:11.730520Z
2021-11-04,G20,99.535329,0.046467,authorized_macro_cycle_proxy,false,true,2026-06-25T05:22:11.730520Z
2021-11-04,JP,99.535329,0.046467,authorized_macro_cycle_proxy,false,true,2026-06-25T05:22:11.730520Z
2021-11-04,EURO_AREA,99.535329,0.046467,authorized_macro_cycle_proxy,false,true,2026-06-25T05:22:11.730520Z
2021-11-05,CN,99.314794,0.068521,authorized_macro_cycle_proxy,false,true,2026-06-25T05:22:11.730520Z
2021-11-05,US,99.314794,0.068521,authorized_macro_cycle_proxy,false,true,2026-06-25T05:22:11.730520Z
2021-11-05,OECD_TOTAL,99.314794,0.068521,authorized_macro_cycle_proxy,false,true,2026-06-25T05:22:11.730520Z
2021-11-05,G20,99.314794,0.068521,authorized_macro_cycle_proxy,false,true,2026-06-25T05:22:11.730520Z
2021-11-05,JP,99.314794,0.068521,authorized_macro_cycle_proxy,false,true,2026-06-25T05:22:11.730520Z
2021-11-05,EURO_AREA,99.314794,0.068521,authorized_macro_cycle_proxy,false,true,2026-06-25T05:22:11.730520Z
2021-11-08,CN,99.144642,0.085536,authorized_macro_cycle_proxy,false,true,2026-06-25T05:22:11.730520Z
2021-11-08,US,99.144642,0.085536,authorized_macro_cycle_proxy,false,true,2026-06-25T05:22:11.730520Z
2021-11-08,OECD_TOTAL,99.144642,0.085536,authorized_macro_cycle_proxy,false,true,2026-06-25T05:22:11.730520Z
2021-11-08,G20,99.144642,0.085536,authorized_macro_cycle_proxy,false,true,2026-06-25T05:22:11.730520Z
2021-11-08,JP,99.144642,0.085536,authorized_macro_cycle_proxy,false,true,2026-06-25T05:22:11.730520Z
2021-11-08,EURO_AREA,99.144642,0.085536,authorized_macro_cycle_proxy,false,true,2026-06-25T05:22:11.730520Z
2021-11-09,CN,99.011755,0.098825,authorized_macro_cycle_proxy,false,true,2026-06-25T05:22:11.730520Z
2021-11-09,US,99.011755,0.098825,authorized_macro_cycle_proxy,false,true,2026-06-25T05:22:11.730520Z
2021-11-09,OECD_TOTAL,99.011755,0.098825,authorized_macro_cycle_proxy,false,true,2026-06-25T05:22:11.730520Z
2021-11-09,G20,99.011755,0.098825,authorized_macro_cycle_proxy,false,true,2026-06-25T05:22:11.730520Z
2021-11-09,JP,99.011755,0.098825,authorized_macro_cycle_proxy,false,true,2026-06-25T05:22:11.730520Z
2021-11-09,EURO_AREA,99.011755,0.098825,authorized_macro_cycle_proxy,false,true,2026-06-25T05:22:11.730520Z
2021-11-10,CN,98.962788,0.103721,authorized_macro_cycle_proxy,false,true,2026-06-25T05:22:11.730520Z
2021-11-10,US,98.962788,0.103721,authorized_macro_cycle_proxy,false,true,2026-06-25T05:22:11.730520Z
2021-11-10,OECD_TOTAL,98.962788,0.103721,authorized_macro_cycle_proxy,false,true,2026-06-25T05:22:11.730520Z
2021-11-10,G20,98.962788,0.103721,authorized_macro_cycle_proxy,false,true,2026-06-25T05:22:11.730520Z
2021-11-10,JP,98.962788,0.103721,authorized_macro_cycle_proxy,false,true,2026-06-25T05:22:11.730520Z
2021-11-10,EURO_AREA,98.962788,0.103721,authorized_macro_cycle_proxy,false,true,2026-06-25T05:22:11.730520Z
2021-11-11,CN,99.127191,0.087281,authorized_macro_cycle_proxy,false,true,2026-06-25T05:22:11.730520Z
2021-11-11,US,99.127191,0.087281,authorized_macro_cycle_proxy,false,true,2026-06-25T05:22:11.730520Z
2021-11-11,OECD_TOTAL,99.127191,0.087281,authorized_macro_cycle_proxy,false,true,2026-06-25T05:22:11.730520Z
2021-11-11,G20,99.127191,0.087281,authorized_macro_cycle_proxy,false,true,2026-06-25T05:22:11.730520Z
2021-11-11,JP,99.127191,0.087281,authorized_macro_cycle_proxy,false,true,2026-06-25T05:22:11.730520Z
2021-11-11,EURO_AREA,99.127191,0.087281,authorized_macro_cycle_proxy,false,true,2026-06-25T05:22:11.730520Z
2021-11-12,CN,99.350785,0.064922,authorized_macro_cycle_proxy,false,true,2026-06-25T05:22:11.730520Z
2021-11-12,US,99.350785,0.064922,authorized_macro_cycle_proxy,false,true,2026-06-25T05:22:11.730520Z
2021-11-12,OECD_TOTAL,99.350785,0.064922,authorized_macro_cycle_proxy,false,true,2026-06-25T05:22:11.730520Z
2021-11-12,G20,99.350785,0.064922,authorized_macro_cycle_proxy,false,true,2026-06-25T05:22:11.730520Z
2021-11-12,JP,99.350785,0.064922,authorized_macro_cycle_proxy,false,true,2026-06-25T05:22:11.730520Z
2021-11-12,EURO_AREA,99.350785,0.064922,authorized_macro_cycle_proxy,false,true,2026-06-25T05:22:11.730520Z
2021-11-15,CN,99.298598,0.07014,authorized_macro_cycle_proxy,false,true,2026-06-25T05:22:11.730520Z
2021-11-15,US,99.298598,0.07014,authorized_macro_cycle_proxy,false,true,2026-06-25T05:22:11.730520Z
2021-11-15,OECD_TOTAL,99.298598,0.07014,authorized_macro_cycle_proxy,false,true,2026-06-25T05:22:11.730520Z
2021-11-15,G20,99.298598,0.07014,authorized_macro_cycle_proxy,false,true,2026-06-25T05:22:11.730520Z
2021-11-15,JP,99.298598,0.07014,authorized_macro_cycle_proxy,false,true,2026-06-25T05:22:11.730520Z
2021-11-15,EURO_AREA,99.298598,0.07014,authorized_macro_cycle_proxy,false,true,2026-06-25T05:22:11.730520Z
2021-11-16,CN,99.363343,0.063666,authorized_macro_cycle_proxy,false,true,2026-06-25T05:22:11.730520Z
2021-11-16,US,99.363343,0.063666,authorized_macro_cycle_proxy,false,true,2026-06-25T05:22:11.730520Z
2021-11-16,OECD_TOTAL,99.363343,0.063666,authorized_macro_cycle_proxy,false,true,2026-06-25T05:22:11.730520Z
2021-11-16,G20,99.363343,0.063666,authorized_macro_cycle_proxy,false,true,2026-06-25T05:22:11.730520Z
2021-11-16,JP,99.363343,0.063666,authorized_macro_cycle_proxy,false,true,2026-06-25T05:22:11.730520Z
2021-11-16,EURO_AREA,99.363343,0.063666,authorized_macro_cycle_proxy,false,true,2026-06-25T05:22:11.730520Z
2021-11-17,CN,99.277376,0.072262,authorized_macro_cycle_proxy,false,true,2026-06-25T05:22:11.730520Z
2021-11-17,US,99.277376,0.072262,authorized_macro_cycle_proxy,false,true,2026-06-25T05:22:11.730520Z
2021-11-17,OECD_TOTAL,99.277376,0.072262,authorized_macro_cycle_proxy,false,true,2026-06-25T05:22:11.730520Z
2021-11-17,G20,99.277376,0.072262,authorized_macro_cycle_proxy,false,true,2026-06-25T05:22:11.730520Z
2021-11-17,JP,99.277376,0.072262,authorized_macro_cycle_proxy,false,true,2026-06-25T05:22:11.730520Z
2021-11-17,EURO_AREA,99.277376,0.072262,authorized_macro_cycle_proxy,false,true,2026-06-25T05:22:11.730520Z
2021-11-18,CN,99.163544,0.083646,authorized_macro_cycle_proxy,false,true,2026-06-25T05:22:11.730520Z
2021-11-18,US,99.163544,0.083646,authorized_macro_cycle_proxy,false,true,2026-06-25T05:22:11.730520Z
2021-11-18,OECD_TOTAL,99.163544,0.083646,authorized_macro_cycle_proxy,false,true,2026-06-25T05:22:11.730520Z
2021-11-18,G20,99.163544,0.083646,authorized_macro_cycle_proxy,false,true,2026-06-25T05:22:11.730520Z
2021-11-18,JP,99.163544,0.083646,authorized_macro_cycle_proxy,false,true,2026-06-25T05:22:11.730520Z
2021-11-18,EURO_AREA,99.163544,0.083646,authorized_macro_cycle_proxy,false,true,2026-06-25T05:22:11.730520Z
2021-11-19,CN,99.212937,0.078706,authorized_macro_cycle_proxy,false,true,2026-06-25T05:22:11.730520Z
2021-11-19,US,99.212937,0.078706,authorized_macro_cycle_proxy,false,true,2026-06-25T05:22:11.730520Z
2021-11-19,OECD_TOTAL,99.212937,0.078706,authorized_macro_cycle_proxy,false,true,2026-06-25T05:22:11.730520Z
2021-11-19,G20,99.212937,0.078706,authorized_macro_cycle_proxy,false,true,2026-06-25T05:22:11.730520Z
2021-11-19,JP,99.212937,0.078706,authorized_macro_cycle_proxy,false,true,2026-06-25T05:22:11.730520Z
2021-11-19,EURO_AREA,99.212937,0.078706,authorized_macro_cycle_proxy,false,true,2026-06-25T05:22:11.730520Z
2021-11-22,CN,99.014328,0.098567,authorized_macro_cycle_proxy,false,true,2026-06-25T05:22:11.730520Z
2021-11-22,US,99.014328,0.098567,authorized_macro_cycle_proxy,false,true,2026-06-25T05:22:11.730520Z
2021-11-22,OECD_TOTAL,99.014328,0.098567,authorized_macro_cycle_proxy,false,true,2026-06-25T05:22:11.730520Z
2021-11-22,G20,99.014328,0.098567,authorized_macro_cycle_proxy,false,true,2026-06-25T05:22:11.730520Z
2021-11-22,JP,99.014328,0.098567,authorized_macro_cycle_proxy,false,true,2026-06-25T05:22:11.730520Z
2021-11-22,EURO_AREA,99.014328,0.098567,authorized_macro_cycle_proxy,false,true,2026-06-25T05:22:11.730520Z
2021-11-23,CN,98.930574,0.106943,authorized_macro_cycle_proxy,false,true,2026-06-25T05:22:11.730520Z
2021-11-23,US,98.930574,0.106943,authorized_macro_cycle_proxy,false,true,2026-06-25T05:22:11.730520Z
2021-11-23,OECD_TOTAL,98.930574,0.106943,authorized_macro_cycle_proxy,false,true,2026-06-25T05:22:11.730520Z
2021-11-23,G20,98.930574,0.106943,authorized_macro_cycle_proxy,false,true,2026-06-25T05:22:11.730520Z
2021-11-23,JP,98.930574,0.106943,authorized_macro_cycle_proxy,false,true,2026-06-25T05:22:11.730520Z
2021-11-23,EURO_AREA,98.930574,0.106943,authorized_macro_cycle_proxy,false,true,2026-06-25T05:22:11.730520Z
2021-11-24,CN,99.062622,0.093738,authorized_macro_cycle_proxy,false,true,2026-06-25T05:22:11.730520Z
2021-11-24,US,99.062622,0.093738,authorized_macro_cycle_proxy,false,true,2026-06-25T05:22:11.730520Z
2021-11-24,OECD_TOTAL,99.062622,0.093738,authorized_macro_cycle_proxy,false,true,2026-06-25T05:22:11.730520Z
2021-11-24,G20,99.062622,0.093738,authorized_macro_cycle_proxy,false,true,2026-06-25T05:22:11.730520Z
2021-11-24,JP,99.062622,0.093738,authorized_macro_cycle_proxy,false,true,2026-06-25T05:22:11.730520Z
2021-11-24,EURO_AREA,99.062622,0.093738,authorized_macro_cycle_proxy,false,true,2026-06-25T05:22:11.730520Z
2021-11-25,CN,99.103148,0.089685,authorized_macro_cycle_proxy,false,true,2026-06-25T05:22:11.730520Z
2021-11-25,US,99.103148,0.089685,authorized_macro_cycle_proxy,false,true,2026-06-25T05:22:11.730520Z
2021-11-25,OECD_TOTAL,99.103148,0.089685,authorized_macro_cycle_proxy,false,true,2026-06-25T05:22:11.730520Z
2021-11-25,G20,99.103148,0.089685,authorized_macro_cycle_proxy,false,true,2026-06-25T05:22:11.730520Z
2021-11-25,JP,99.103148,0.089685,authorized_macro_cycle_proxy,false,true,2026-06-25T05:22:11.730520Z
2021-11-25,EURO_AREA,99.103148,0.089685,authorized_macro_cycle_proxy,false,true,2026-06-25T05:22:11.730520Z
2021-11-26,CN,97.914847,0.208515,authorized_macro_cycle_proxy,false,true,2026-06-25T05:22:11.730520Z
2021-11-26,US,97.914847,0.208515,authorized_macro_cycle_proxy,false,true,2026-06-25T05:22:11.730520Z
2021-11-26,OECD_TOTAL,97.914847,0.208515,authorized_macro_cycle_proxy,false,true,2026-06-25T05:22:11.730520Z
2021-11-26,G20,97.914847,0.208515,authorized_macro_cycle_proxy,false,true,2026-06-25T05:22:11.730520Z
2021-11-26,JP,97.914847,0.208515,authorized_macro_cycle_proxy,false,true,2026-06-25T05:22:11.730520Z
2021-11-26,EURO_AREA,97.914847,0.208515,authorized_macro_cycle_proxy,false,true,2026-06-25T05:22:11.730520Z
2021-11-29,CN,98.619811,0.138019,authorized_macro_cycle_proxy,false,true,2026-06-25T05:22:11.730520Z
2021-11-29,US,98.619811,0.138019,authorized_macro_cycle_proxy,false,true,2026-06-25T05:22:11.730520Z
2021-11-29,OECD_TOTAL,98.619811,0.138019,authorized_macro_cycle_proxy,false,true,2026-06-25T05:22:11.730520Z
2021-11-29,G20,98.619811,0.138019,authorized_macro_cycle_proxy,false,true,2026-06-25T05:22:11.730520Z
2021-11-29,JP,98.619811,0.138019,authorized_macro_cycle_proxy,false,true,2026-06-25T05:22:11.730520Z
2021-11-29,EURO_AREA,98.619811,0.138019,authorized_macro_cycle_proxy,false,true,2026-06-25T05:22:11.730520Z
2021-11-30,CN,98.106997,0.1893,authorized_macro_cycle_proxy,false,true,2026-06-25T05:22:11.730520Z
2021-11-30,US,98.106997,0.1893,authorized_macro_cycle_proxy,false,true,2026-06-25T05:22:11.730520Z
2021-11-30,OECD_TOTAL,98.106997,0.1893,authorized_macro_cycle_proxy,false,true,2026-06-25T05:22:11.730520Z
2021-11-30,G20,98.106997,0.1893,authorized_macro_cycle_proxy,false,true,2026-06-25T05:22:11.730520Z
2021-11-30,JP,98.106997,0.1893,authorized_macro_cycle_proxy,false,true,2026-06-25T05:22:11.730520Z
2021-11-30,EURO_AREA,98.106997,0.1893,authorized_macro_cycle_proxy,false,true,2026-06-25T05:22:11.730520Z
2021-12-01,CN,97.623843,0.237616,authorized_macro_cycle_proxy,false,true,2026-06-25T05:22:11.730520Z
2021-12-01,US,97.623843,0.237616,authorized_macro_cycle_proxy,false,true,2026-06-25T05:22:11.730520Z
2021-12-01,OECD_TOTAL,97.623843,0.237616,authorized_macro_cycle_proxy,false,true,2026-06-25T05:22:11.730520Z
2021-12-01,G20,97.623843,0.237616,authorized_macro_cycle_proxy,false,true,2026-06-25T05:22:11.730520Z
2021-12-01,JP,97.623843,0.237616,authorized_macro_cycle_proxy,false,true,2026-06-25T05:22:11.730520Z
2021-12-01,EURO_AREA,97.623843,0.237616,authorized_macro_cycle_proxy,false,true,2026-06-25T05:22:11.730520Z
2021-12-02,CN,98.047714,0.195229,authorized_macro_cycle_proxy,false,true,2026-06-25T05:22:11.730520Z
2021-12-02,US,98.047714,0.195229,authorized_macro_cycle_proxy,false,true,2026-06-25T05:22:11.730520Z
2021-12-02,OECD_TOTAL,98.047714,0.195229,authorized_macro_cycle_proxy,false,true,2026-06-25T05:22:11.730520Z
2021-12-02,G20,98.047714,0.195229,authorized_macro_cycle_proxy,false,true,2026-06-25T05:22:11.730520Z
2021-12-02,JP,98.047714,0.195229,authorized_macro_cycle_proxy,false,true,2026-06-25T05:22:11.730520Z
2021-12-02,EURO_AREA,98.047714,0.195229,authorized_macro_cycle_proxy,false,true,2026-06-25T05:22:11.730520Z
2021-12-03,CN,97.672057,0.232794,authorized_macro_cycle_proxy,false,true,2026-06-25T05:22:11.730520Z
2021-12-03,US,97.672057,0.232794,authorized_macro_cycle_proxy,false,true,2026-06-25T05:22:11.730520Z
2021-12-03,OECD_TOTAL,97.672057,0.232794,authorized_macro_cycle_proxy,false,true,2026-06-25T05:22:11.730520Z
2021-12-03,G20,97.672057,0.232794,authorized_macro_cycle_proxy,false,true,2026-06-25T05:22:11.730520Z
2021-12-03,JP,97.672057,0.232794,authorized_macro_cycle_proxy,false,true,2026-06-25T05:22:11.730520Z
2021-12-03,EURO_AREA,97.672057,0.232794,authorized_macro_cycle_proxy,false,true,2026-06-25T05:22:11.730520Z
2021-12-06,CN,98.091443,0.190856,authorized_macro_cycle_proxy,false,true,2026-06-25T05:22:11.730520Z
2021-12-06,US,98.091443,0.190856,authorized_macro_cycle_proxy,false,true,2026-06-25T05:22:11.730520Z
2021-12-06,OECD_TOTAL,98.091443,0.190856,authorized_macro_cycle_proxy,false,true,2026-06-25T05:22:11.730520Z
2021-12-06,G20,98.091443,0.190856,authorized_macro_cycle_proxy,false,true,2026-06-25T05:22:11.730520Z
2021-12-06,JP,98.091443,0.190856,authorized_macro_cycle_proxy,false,true,2026-06-25T05:22:11.730520Z
2021-12-06,EURO_AREA,98.091443,0.190856,authorized_macro_cycle_proxy,false,true,2026-06-25T05:22:11.730520Z
2021-12-07,CN,98.777186,0.122281,authorized_macro_cycle_proxy,false,true,2026-06-25T05:22:11.730520Z
2021-12-07,US,98.777186,0.122281,authorized_macro_cycle_proxy,false,true,2026-06-25T05:22:11.730520Z
2021-12-07,OECD_TOTAL,98.777186,0.122281,authorized_macro_cycle_proxy,false,true,2026-06-25T05:22:11.730520Z
2021-12-07,G20,98.777186,0.122281,authorized_macro_cycle_proxy,false,true,2026-06-25T05:22:11.730520Z
2021-12-07,JP,98.777186,0.122281,authorized_macro_cycle_proxy,false,true,2026-06-25T05:22:11.730520Z
2021-12-07,EURO_AREA,98.777186,0.122281,authorized_macro_cycle_proxy,false,true,2026-06-25T05:22:11.730520Z
2021-12-08,CN,99.049143,0.095086,authorized_macro_cycle_proxy,false,true,2026-06-25T05:22:11.730520Z
2021-12-08,US,99.049143,0.095086,authorized_macro_cycle_proxy,false,true,2026-06-25T05:22:11.730520Z
2021-12-08,OECD_TOTAL,99.049143,0.095086,authorized_macro_cycle_proxy,false,true,2026-06-25T05:22:11.730520Z
2021-12-08,G20,99.049143,0.095086,authorized_macro_cycle_proxy,false,true,2026-06-25T05:22:11.730520Z
2021-12-08,JP,99.049143,0.095086,authorized_macro_cycle_proxy,false,true,2026-06-25T05:22:11.730520Z
2021-12-08,EURO_AREA,99.049143,0.095086,authorized_macro_cycle_proxy,false,true,2026-06-25T05:22:11.730520Z
2021-12-09,CN,98.844371,0.115563,authorized_macro_cycle_proxy,false,true,2026-06-25T05:22:11.730520Z
2021-12-09,US,98.844371,0.115563,authorized_macro_cycle_proxy,false,true,2026-06-25T05:22:11.730520Z
2021-12-09,OECD_TOTAL,98.844371,0.115563,authorized_macro_cycle_proxy,false,true,2026-06-25T05:22:11.730520Z
2021-12-09,G20,98.844371,0.115563,authorized_macro_cycle_proxy,false,true,2026-06-25T05:22:11.730520Z
2021-12-09,JP,98.844371,0.115563,authorized_macro_cycle_proxy,false,true,2026-06-25T05:22:11.730520Z
2021-12-09,EURO_AREA,98.844371,0.115563,authorized_macro_cycle_proxy,false,true,2026-06-25T05:22:11.730520Z
2021-12-10,CN,99.233329,0.076667,authorized_macro_cycle_proxy,false,true,2026-06-25T05:22:11.730520Z
2021-12-10,US,99.233329,0.076667,authorized_macro_cycle_proxy,false,true,2026-06-25T05:22:11.730520Z
2021-12-10,OECD_TOTAL,99.233329,0.076667,authorized_macro_cycle_proxy,false,true,2026-06-25T05:22:11.730520Z
2021-12-10,G20,99.233329,0.076667,authorized_macro_cycle_proxy,false,true,2026-06-25T05:22:11.730520Z
2021-12-10,JP,99.233329,0.076667,authorized_macro_cycle_proxy,false,true,2026-06-25T05:22:11.730520Z
2021-12-10,EURO_AREA,99.233329,0.076667,authorized_macro_cycle_proxy,false,true,2026-06-25T05:22:11.730520Z
2021-12-13,CN,99.014671,0.098533,authorized_macro_cycle_proxy,false,true,2026-06-25T05:22:11.730520Z
2021-12-13,US,99.014671,0.098533,authorized_macro_cycle_proxy,false,true,2026-06-25T05:22:11.730520Z
2021-12-13,OECD_TOTAL,99.014671,0.098533,authorized_macro_cycle_proxy,false,true,2026-06-25T05:22:11.730520Z
2021-12-13,G20,99.014671,0.098533,authorized_macro_cycle_proxy,false,true,2026-06-25T05:22:11.730520Z
2021-12-13,JP,99.014671,0.098533,authorized_macro_cycle_proxy,false,true,2026-06-25T05:22:11.730520Z
2021-12-13,EURO_AREA,99.014671,0.098533,authorized_macro_cycle_proxy,false,true,2026-06-25T05:22:11.730520Z
2021-12-14,CN,98.805471,0.119453,authorized_macro_cycle_proxy,false,true,2026-06-25T05:22:11.730520Z
2021-12-14,US,98.805471,0.119453,authorized_macro_cycle_proxy,false,true,2026-06-25T05:22:11.730520Z
2021-12-14,OECD_TOTAL,98.805471,0.119453,authorized_macro_cycle_proxy,false,true,2026-06-25T05:22:11.730520Z
2021-12-14,G20,98.805471,0.119453,authorized_macro_cycle_proxy,false,true,2026-06-25T05:22:11.730520Z
2021-12-14,JP,98.805471,0.119453,authorized_macro_cycle_proxy,false,true,2026-06-25T05:22:11.730520Z
2021-12-14,EURO_AREA,98.805471,0.119453,authorized_macro_cycle_proxy,false,true,2026-06-25T05:22:11.730520Z
2021-12-15,CN,99.166471,0.083353,authorized_macro_cycle_proxy,false,true,2026-06-25T05:22:11.730520Z
2021-12-15,US,99.166471,0.083353,authorized_macro_cycle_proxy,false,true,2026-06-25T05:22:11.730520Z
2021-12-15,OECD_TOTAL,99.166471,0.083353,authorized_macro_cycle_proxy,false,true,2026-06-25T05:22:11.730520Z
2021-12-15,G20,99.166471,0.083353,authorized_macro_cycle_proxy,false,true,2026-06-25T05:22:11.730520Z
2021-12-15,JP,99.166471,0.083353,authorized_macro_cycle_proxy,false,true,2026-06-25T05:22:11.730520Z
2021-12-15,EURO_AREA,99.166471,0.083353,authorized_macro_cycle_proxy,false,true,2026-06-25T05:22:11.730520Z
2021-12-16,CN,98.954914,0.104509,authorized_macro_cycle_proxy,false,true,2026-06-25T05:22:11.730520Z
2021-12-16,US,98.954914,0.104509,authorized_macro_cycle_proxy,false,true,2026-06-25T05:22:11.730520Z
2021-12-16,OECD_TOTAL,98.954914,0.104509,authorized_macro_cycle_proxy,false,true,2026-06-25T05:22:11.730520Z
2021-12-16,G20,98.954914,0.104509,authorized_macro_cycle_proxy,false,true,2026-06-25T05:22:11.730520Z
2021-12-16,JP,98.954914,0.104509,authorized_macro_cycle_proxy,false,true,2026-06-25T05:22:11.730520Z
2021-12-16,EURO_AREA,98.954914,0.104509,authorized_macro_cycle_proxy,false,true,2026-06-25T05:22:11.730520Z
2021-12-17,CN,98.847486,0.115251,authorized_macro_cycle_proxy,false,true,2026-06-25T05:22:11.730520Z
2021-12-17,US,98.847486,0.115251,authorized_macro_cycle_proxy,false,true,2026-06-25T05:22:11.730520Z
2021-12-17,OECD_TOTAL,98.847486,0.115251,authorized_macro_cycle_proxy,false,true,2026-06-25T05:22:11.730520Z
2021-12-17,G20,98.847486,0.115251,authorized_macro_cycle_proxy,false,true,2026-06-25T05:22:11.730520Z
2021-12-17,JP,98.847486,0.115251,authorized_macro_cycle_proxy,false,true,2026-06-25T05:22:11.730520Z
2021-12-17,EURO_AREA,98.847486,0.115251,authorized_macro_cycle_proxy,false,true,2026-06-25T05:22:11.730520Z
2021-12-20,CN,98.712972,0.128703,authorized_macro_cycle_proxy,false,true,2026-06-25T05:22:11.730520Z
2021-12-20,US,98.712972,0.128703,authorized_macro_cycle_proxy,false,true,2026-06-25T05:22:11.730520Z
2021-12-20,OECD_TOTAL,98.712972,0.128703,authorized_macro_cycle_proxy,false,true,2026-06-25T05:22:11.730520Z
2021-12-20,G20,98.712972,0.128703,authorized_macro_cycle_proxy,false,true,2026-06-25T05:22:11.730520Z
2021-12-20,JP,98.712972,0.128703,authorized_macro_cycle_proxy,false,true,2026-06-25T05:22:11.730520Z
2021-12-20,EURO_AREA,98.712972,0.128703,authorized_macro_cycle_proxy,false,true,2026-06-25T05:22:11.730520Z
2021-12-21,CN,98.920314,0.107969,authorized_macro_cycle_proxy,false,true,2026-06-25T05:22:11.730520Z
2021-12-21,US,98.920314,0.107969,authorized_macro_cycle_proxy,false,true,2026-06-25T05:22:11.730520Z
2021-12-21,OECD_TOTAL,98.920314,0.107969,authorized_macro_cycle_proxy,false,true,2026-06-25T05:22:11.730520Z
2021-12-21,G20,98.920314,0.107969,authorized_macro_cycle_proxy,false,true,2026-06-25T05:22:11.730520Z
2021-12-21,JP,98.920314,0.107969,authorized_macro_cycle_proxy,false,true,2026-06-25T05:22:11.730520Z
2021-12-21,EURO_AREA,98.920314,0.107969,authorized_macro_cycle_proxy,false,true,2026-06-25T05:22:11.730520Z
2021-12-22,CN,99.218371,0.078163,authorized_macro_cycle_proxy,false,true,2026-06-25T05:22:11.730520Z
2021-12-22,US,99.218371,0.078163,authorized_macro_cycle_proxy,false,true,2026-06-25T05:22:11.730520Z
2021-12-22,OECD_TOTAL,99.218371,0.078163,authorized_macro_cycle_proxy,false,true,2026-06-25T05:22:11.730520Z
2021-12-22,G20,99.218371,0.078163,authorized_macro_cycle_proxy,false,true,2026-06-25T05:22:11.730520Z
2021-12-22,JP,99.218371,0.078163,authorized_macro_cycle_proxy,false,true,2026-06-25T05:22:11.730520Z
2021-12-22,EURO_AREA,99.218371,0.078163,authorized_macro_cycle_proxy,false,true,2026-06-25T05:22:11.730520Z
2021-12-23,CN,99.2901,0.07099,authorized_macro_cycle_proxy,false,true,2026-06-25T05:22:11.730520Z
2021-12-23,US,99.2901,0.07099,authorized_macro_cycle_proxy,false,true,2026-06-25T05:22:11.730520Z
2021-12-23,OECD_TOTAL,99.2901,0.07099,authorized_macro_cycle_proxy,false,true,2026-06-25T05:22:11.730520Z
2021-12-23,G20,99.2901,0.07099,authorized_macro_cycle_proxy,false,true,2026-06-25T05:22:11.730520Z
2021-12-23,JP,99.2901,0.07099,authorized_macro_cycle_proxy,false,true,2026-06-25T05:22:11.730520Z
2021-12-23,EURO_AREA,99.2901,0.07099,authorized_macro_cycle_proxy,false,true,2026-06-25T05:22:11.730520Z
2021-12-24,CN,99.2901,0.07099,authorized_macro_cycle_proxy,false,true,2026-06-25T05:22:11.730520Z
2021-12-24,US,99.2901,0.07099,authorized_macro_cycle_proxy,false,true,2026-06-25T05:22:11.730520Z
2021-12-24,OECD_TOTAL,99.2901,0.07099,authorized_macro_cycle_proxy,false,true,2026-06-25T05:22:11.730520Z
2021-12-24,G20,99.2901,0.07099,authorized_macro_cycle_proxy,false,true,2026-06-25T05:22:11.730520Z
2021-12-24,JP,99.2901,0.07099,authorized_macro_cycle_proxy,false,true,2026-06-25T05:22:11.730520Z
2021-12-24,EURO_AREA,99.2901,0.07099,authorized_macro_cycle_proxy,false,true,2026-06-25T05:22:11.730520Z
2021-12-27,CN,99.291157,0.070884,authorized_macro_cycle_proxy,false,true,2026-06-25T05:22:11.730520Z
2021-12-27,US,99.291157,0.070884,authorized_macro_cycle_proxy,false,true,2026-06-25T05:22:11.730520Z
2021-12-27,OECD_TOTAL,99.291157,0.070884,authorized_macro_cycle_proxy,false,true,2026-06-25T05:22:11.730520Z
2021-12-27,G20,99.291157,0.070884,authorized_macro_cycle_proxy,false,true,2026-06-25T05:22:11.730520Z
2021-12-27,JP,99.291157,0.070884,authorized_macro_cycle_proxy,false,true,2026-06-25T05:22:11.730520Z
2021-12-27,EURO_AREA,99.291157,0.070884,authorized_macro_cycle_proxy,false,true,2026-06-25T05:22:11.730520Z
2021-12-28,CN,99.301971,0.069803,authorized_macro_cycle_proxy,false,true,2026-06-25T05:22:11.730520Z
2021-12-28,US,99.301971,0.069803,authorized_macro_cycle_proxy,false,true,2026-06-25T05:22:11.730520Z
2021-12-28,OECD_TOTAL,99.301971,0.069803,authorized_macro_cycle_proxy,false,true,2026-06-25T05:22:11.730520Z
2021-12-28,G20,99.301971,0.069803,authorized_macro_cycle_proxy,false,true,2026-06-25T05:22:11.730520Z
2021-12-28,JP,99.301971,0.069803,authorized_macro_cycle_proxy,false,true,2026-06-25T05:22:11.730520Z
2021-12-28,EURO_AREA,99.301971,0.069803,authorized_macro_cycle_proxy,false,true,2026-06-25T05:22:11.730520Z
2021-12-29,CN,99.372143,0.062786,authorized_macro_cycle_proxy,false,true,2026-06-25T05:22:11.730520Z
2021-12-29,US,99.372143,0.062786,authorized_macro_cycle_proxy,false,true,2026-06-25T05:22:11.730520Z
2021-12-29,OECD_TOTAL,99.372143,0.062786,authorized_macro_cycle_proxy,false,true,2026-06-25T05:22:11.730520Z
2021-12-29,G20,99.372143,0.062786,authorized_macro_cycle_proxy,false,true,2026-06-25T05:22:11.730520Z
2021-12-29,JP,99.372143,0.062786,authorized_macro_cycle_proxy,false,true,2026-06-25T05:22:11.730520Z
2021-12-29,EURO_AREA,99.372143,0.062786,authorized_macro_cycle_proxy,false,true,2026-06-25T05:22:11.730520Z
2021-12-30,CN,99.309729,0.069027,authorized_macro_cycle_proxy,false,true,2026-06-25T05:22:11.730520Z
2021-12-30,US,99.309729,0.069027,authorized_macro_cycle_proxy,false,true,2026-06-25T05:22:11.730520Z
2021-12-30,OECD_TOTAL,99.309729,0.069027,authorized_macro_cycle_proxy,false,true,2026-06-25T05:22:11.730520Z
2021-12-30,G20,99.309729,0.069027,authorized_macro_cycle_proxy,false,true,2026-06-25T05:22:11.730520Z
2021-12-30,JP,99.309729,0.069027,authorized_macro_cycle_proxy,false,true,2026-06-25T05:22:11.730520Z
2021-12-30,EURO_AREA,99.309729,0.069027,authorized_macro_cycle_proxy,false,true,2026-06-25T05:22:11.730520Z
2021-12-31,CN,99.363271,0.063673,authorized_macro_cycle_proxy,false,true,2026-06-25T05:22:11.730520Z
2021-12-31,US,99.363271,0.063673,authorized_macro_cycle_proxy,false,true,2026-06-25T05:22:11.730520Z
2021-12-31,OECD_TOTAL,99.363271,0.063673,authorized_macro_cycle_proxy,false,true,2026-06-25T05:22:11.730520Z
2021-12-31,G20,99.363271,0.063673,authorized_macro_cycle_proxy,false,true,2026-06-25T05:22:11.730520Z
2021-12-31,JP,99.363271,0.063673,authorized_macro_cycle_proxy,false,true,2026-06-25T05:22:11.730520Z
2021-12-31,EURO_AREA,99.363271,0.063673,authorized_macro_cycle_proxy,false,true,2026-06-25T05:22:11.730520Z
2022-01-04,CN,99.368529,0.063147,authorized_macro_cycle_proxy,false,true,2026-06-25T05:22:11.730520Z
2022-01-04,US,99.368529,0.063147,authorized_macro_cycle_proxy,false,true,2026-06-25T05:22:11.730520Z
2022-01-04,OECD_TOTAL,99.368529,0.063147,authorized_macro_cycle_proxy,false,true,2026-06-25T05:22:11.730520Z
2022-01-04,G20,99.368529,0.063147,authorized_macro_cycle_proxy,false,true,2026-06-25T05:22:11.730520Z
2022-01-04,JP,99.368529,0.063147,authorized_macro_cycle_proxy,false,true,2026-06-25T05:22:11.730520Z
2022-01-04,EURO_AREA,99.368529,0.063147,authorized_macro_cycle_proxy,false,true,2026-06-25T05:22:11.730520Z
2022-01-05,CN,98.932766,0.106723,authorized_macro_cycle_proxy,false,true,2026-06-25T05:22:11.730520Z
2022-01-05,US,98.932766,0.106723,authorized_macro_cycle_proxy,false,true,2026-06-25T05:22:11.730520Z
2022-01-05,OECD_TOTAL,98.932766,0.106723,authorized_macro_cycle_proxy,false,true,2026-06-25T05:22:11.730520Z
2022-01-05,G20,98.932766,0.106723,authorized_macro_cycle_proxy,false,true,2026-06-25T05:22:11.730520Z
2022-01-05,JP,98.932766,0.106723,authorized_macro_cycle_proxy,false,true,2026-06-25T05:22:11.730520Z
2022-01-05,EURO_AREA,98.932766,0.106723,authorized_macro_cycle_proxy,false,true,2026-06-25T05:22:11.730520Z
2022-01-06,CN,98.842637,0.115736,authorized_macro_cycle_proxy,false,true,2026-06-25T05:22:11.730520Z
2022-01-06,US,98.842637,0.115736,authorized_macro_cycle_proxy,false,true,2026-06-25T05:22:11.730520Z
2022-01-06,OECD_TOTAL,98.842637,0.115736,authorized_macro_cycle_proxy,false,true,2026-06-25T05:22:11.730520Z
2022-01-06,G20,98.842637,0.115736,authorized_macro_cycle_proxy,false,true,2026-06-25T05:22:11.730520Z
2022-01-06,JP,98.842637,0.115736,authorized_macro_cycle_proxy,false,true,2026-06-25T05:22:11.730520Z
2022-01-06,EURO_AREA,98.842637,0.115736,authorized_macro_cycle_proxy,false,true,2026-06-25T05:22:11.730520Z
2022-01-07,CN,98.912269,0.108773,authorized_macro_cycle_proxy,false,true,2026-06-25T05:22:11.730520Z
2022-01-07,US,98.912269,0.108773,authorized_macro_cycle_proxy,false,true,2026-06-25T05:22:11.730520Z
2022-01-07,OECD_TOTAL,98.912269,0.108773,authorized_macro_cycle_proxy,false,true,2026-06-25T05:22:11.730520Z
2022-01-07,G20,98.912269,0.108773,authorized_macro_cycle_proxy,false,true,2026-06-25T05:22:11.730520Z
2022-01-07,JP,98.912269,0.108773,authorized_macro_cycle_proxy,false,true,2026-06-25T05:22:11.730520Z
2022-01-07,EURO_AREA,98.912269,0.108773,authorized_macro_cycle_proxy,false,true,2026-06-25T05:22:11.730520Z
2022-01-10,CN,98.785453,0.121455,authorized_macro_cycle_proxy,false,true,2026-06-25T05:22:11.730520Z
2022-01-10,US,98.785453,0.121455,authorized_macro_cycle_proxy,false,true,2026-06-25T05:22:11.730520Z
2022-01-10,OECD_TOTAL,98.785453,0.121455,authorized_macro_cycle_proxy,false,true,2026-06-25T05:22:11.730520Z
2022-01-10,G20,98.785453,0.121455,authorized_macro_cycle_proxy,false,true,2026-06-25T05:22:11.730520Z
2022-01-10,JP,98.785453,0.121455,authorized_macro_cycle_proxy,false,true,2026-06-25T05:22:11.730520Z
2022-01-10,EURO_AREA,98.785453,0.121455,authorized_macro_cycle_proxy,false,true,2026-06-25T05:22:11.730520Z
2022-01-11,CN,98.838796,0.11612,authorized_macro_cycle_proxy,false,true,2026-06-25T05:22:11.730520Z
2022-01-11,US,98.838796,0.11612,authorized_macro_cycle_proxy,false,true,2026-06-25T05:22:11.730520Z
2022-01-11,OECD_TOTAL,98.838796,0.11612,authorized_macro_cycle_proxy,false,true,2026-06-25T05:22:11.730520Z
2022-01-11,G20,98.838796,0.11612,authorized_macro_cycle_proxy,false,true,2026-06-25T05:22:11.730520Z
2022-01-11,JP,98.838796,0.11612,authorized_macro_cycle_proxy,false,true,2026-06-25T05:22:11.730520Z
2022-01-11,EURO_AREA,98.838796,0.11612,authorized_macro_cycle_proxy,false,true,2026-06-25T05:22:11.730520Z
2022-01-12,CN,98.937193,0.106281,authorized_macro_cycle_proxy,false,true,2026-06-25T05:22:11.730520Z
2022-01-12,US,98.937193,0.106281,authorized_macro_cycle_proxy,false,true,2026-06-25T05:22:11.730520Z
2022-01-12,OECD_TOTAL,98.937193,0.106281,authorized_macro_cycle_proxy,false,true,2026-06-25T05:22:11.730520Z
2022-01-12,G20,98.937193,0.106281,authorized_macro_cycle_proxy,false,true,2026-06-25T05:22:11.730520Z
2022-01-12,JP,98.937193,0.106281,authorized_macro_cycle_proxy,false,true,2026-06-25T05:22:11.730520Z
2022-01-12,EURO_AREA,98.937193,0.106281,authorized_macro_cycle_proxy,false,true,2026-06-25T05:22:11.730520Z
2022-01-13,CN,98.529711,0.147029,authorized_macro_cycle_proxy,false,true,2026-06-25T05:22:11.730520Z
2022-01-13,US,98.529711,0.147029,authorized_macro_cycle_proxy,false,true,2026-06-25T05:22:11.730520Z
2022-01-13,OECD_TOTAL,98.529711,0.147029,authorized_macro_cycle_proxy,false,true,2026-06-25T05:22:11.730520Z
2022-01-13,G20,98.529711,0.147029,authorized_macro_cycle_proxy,false,true,2026-06-25T05:22:11.730520Z
2022-01-13,JP,98.529711,0.147029,authorized_macro_cycle_proxy,false,true,2026-06-25T05:22:11.730520Z
2022-01-13,EURO_AREA,98.529711,0.147029,authorized_macro_cycle_proxy,false,true,2026-06-25T05:22:11.730520Z
2022-01-14,CN,98.652015,0.134799,authorized_macro_cycle_proxy,false,true,2026-06-25T05:22:11.730520Z
2022-01-14,US,98.652015,0.134799,authorized_macro_cycle_proxy,false,true,2026-06-25T05:22:11.730520Z
2022-01-14,OECD_TOTAL,98.652015,0.134799,authorized_macro_cycle_proxy,false,true,2026-06-25T05:22:11.730520Z
2022-01-14,G20,98.652015,0.134799,authorized_macro_cycle_proxy,false,true,2026-06-25T05:22:11.730520Z
2022-01-14,JP,98.652015,0.134799,authorized_macro_cycle_proxy,false,true,2026-06-25T05:22:11.730520Z
2022-01-14,EURO_AREA,98.652015,0.134799,authorized_macro_cycle_proxy,false,true,2026-06-25T05:22:11.730520Z
2022-01-17,CN,98.663927,0.133607,authorized_macro_cycle_proxy,false,true,2026-06-25T05:22:11.730520Z
2022-01-17,US,98.663927,0.133607,authorized_macro_cycle_proxy,false,true,2026-06-25T05:22:11.730520Z
2022-01-17,OECD_TOTAL,98.663927,0.133607,authorized_macro_cycle_proxy,false,true,2026-06-25T05:22:11.730520Z
2022-01-17,G20,98.663927,0.133607,authorized_macro_cycle_proxy,false,true,2026-06-25T05:22:11.730520Z
2022-01-17,JP,98.663927,0.133607,authorized_macro_cycle_proxy,false,true,2026-06-25T05:22:11.730520Z
2022-01-17,EURO_AREA,98.663927,0.133607,authorized_macro_cycle_proxy,false,true,2026-06-25T05:22:11.730520Z
2022-01-18,CN,98.236041,0.176396,authorized_macro_cycle_proxy,false,true,2026-06-25T05:22:11.730520Z
2022-01-18,US,98.236041,0.176396,authorized_macro_cycle_proxy,false,true,2026-06-25T05:22:11.730520Z
2022-01-18,OECD_TOTAL,98.236041,0.176396,authorized_macro_cycle_proxy,false,true,2026-06-25T05:22:11.730520Z
2022-01-18,G20,98.236041,0.176396,authorized_macro_cycle_proxy,false,true,2026-06-25T05:22:11.730520Z
2022-01-18,JP,98.236041,0.176396,authorized_macro_cycle_proxy,false,true,2026-06-25T05:22:11.730520Z
2022-01-18,EURO_AREA,98.236041,0.176396,authorized_macro_cycle_proxy,false,true,2026-06-25T05:22:11.730520Z
2022-01-19,CN,98.091044,0.190896,authorized_macro_cycle_proxy,false,true,2026-06-25T05:22:11.730520Z
2022-01-19,US,98.091044,0.190896,authorized_macro_cycle_proxy,false,true,2026-06-25T05:22:11.730520Z
2022-01-19,OECD_TOTAL,98.091044,0.190896,authorized_macro_cycle_proxy,false,true,2026-06-25T05:22:11.730520Z
2022-01-19,G20,98.091044,0.190896,authorized_macro_cycle_proxy,false,true,2026-06-25T05:22:11.730520Z
2022-01-19,JP,98.091044,0.190896,authorized_macro_cycle_proxy,false,true,2026-06-25T05:22:11.730520Z
2022-01-19,EURO_AREA,98.091044,0.190896,authorized_macro_cycle_proxy,false,true,2026-06-25T05:22:11.730520Z
2022-01-20,CN,97.858563,0.214144,authorized_macro_cycle_proxy,false,true,2026-06-25T05:22:11.730520Z
2022-01-20,US,97.858563,0.214144,authorized_macro_cycle_proxy,false,true,2026-06-25T05:22:11.730520Z
2022-01-20,OECD_TOTAL,97.858563,0.214144,authorized_macro_cycle_proxy,false,true,2026-06-25T05:22:11.730520Z
2022-01-20,G20,97.858563,0.214144,authorized_macro_cycle_proxy,false,true,2026-06-25T05:22:11.730520Z
2022-01-20,JP,97.858563,0.214144,authorized_macro_cycle_proxy,false,true,2026-06-25T05:22:11.730520Z
2022-01-20,EURO_AREA,97.858563,0.214144,authorized_macro_cycle_proxy,false,true,2026-06-25T05:22:11.730520Z
2022-01-21,CN,97.398542,0.260146,authorized_macro_cycle_proxy,false,true,2026-06-25T05:22:11.730520Z
2022-01-21,US,97.398542,0.260146,authorized_macro_cycle_proxy,false,true,2026-06-25T05:22:11.730520Z
2022-01-21,OECD_TOTAL,97.398542,0.260146,authorized_macro_cycle_proxy,false,true,2026-06-25T05:22:11.730520Z
2022-01-21,G20,97.398542,0.260146,authorized_macro_cycle_proxy,false,true,2026-06-25T05:22:11.730520Z
2022-01-21,JP,97.398542,0.260146,authorized_macro_cycle_proxy,false,true,2026-06-25T05:22:11.730520Z
2022-01-21,EURO_AREA,97.398542,0.260146,authorized_macro_cycle_proxy,false,true,2026-06-25T05:22:11.730520Z
2022-01-24,CN,97.26719,0.273281,authorized_macro_cycle_proxy,false,true,2026-06-25T05:22:11.730520Z
2022-01-24,US,97.26719,0.273281,authorized_macro_cycle_proxy,false,true,2026-06-25T05:22:11.730520Z
2022-01-24,OECD_TOTAL,97.26719,0.273281,authorized_macro_cycle_proxy,false,true,2026-06-25T05:22:11.730520Z
2022-01-24,G20,97.26719,0.273281,authorized_macro_cycle_proxy,false,true,2026-06-25T05:22:11.730520Z
2022-01-24,JP,97.26719,0.273281,authorized_macro_cycle_proxy,false,true,2026-06-25T05:22:11.730520Z
2022-01-24,EURO_AREA,97.26719,0.273281,authorized_macro_cycle_proxy,false,true,2026-06-25T05:22:11.730520Z
2022-01-25,CN,96.966934,0.303307,authorized_macro_cycle_proxy,false,true,2026-06-25T05:22:11.730520Z
2022-01-25,US,96.966934,0.303307,authorized_macro_cycle_proxy,false,true,2026-06-25T05:22:11.730520Z
2022-01-25,OECD_TOTAL,96.966934,0.303307,authorized_macro_cycle_proxy,false,true,2026-06-25T05:22:11.730520Z
2022-01-25,G20,96.966934,0.303307,authorized_macro_cycle_proxy,false,true,2026-06-25T05:22:11.730520Z
2022-01-25,JP,96.966934,0.303307,authorized_macro_cycle_proxy,false,true,2026-06-25T05:22:11.730520Z
2022-01-25,EURO_AREA,96.966934,0.303307,authorized_macro_cycle_proxy,false,true,2026-06-25T05:22:11.730520Z
2022-01-26,CN,96.850164,0.314984,authorized_macro_cycle_proxy,false,true,2026-06-25T05:22:11.730520Z
2022-01-26,US,96.850164,0.314984,authorized_macro_cycle_proxy,false,true,2026-06-25T05:22:11.730520Z
2022-01-26,OECD_TOTAL,96.850164,0.314984,authorized_macro_cycle_proxy,false,true,2026-06-25T05:22:11.730520Z
2022-01-26,G20,96.850164,0.314984,authorized_macro_cycle_proxy,false,true,2026-06-25T05:22:11.730520Z
2022-01-26,JP,96.850164,0.314984,authorized_macro_cycle_proxy,false,true,2026-06-25T05:22:11.730520Z
2022-01-26,EURO_AREA,96.850164,0.314984,authorized_macro_cycle_proxy,false,true,2026-06-25T05:22:11.730520Z
2022-01-27,CN,96.956026,0.304397,authorized_macro_cycle_proxy,false,true,2026-06-25T05:22:11.730520Z
2022-01-27,US,96.956026,0.304397,authorized_macro_cycle_proxy,false,true,2026-06-25T05:22:11.730520Z
2022-01-27,OECD_TOTAL,96.956026,0.304397,authorized_macro_cycle_proxy,false,true,2026-06-25T05:22:11.730520Z
2022-01-27,G20,96.956026,0.304397,authorized_macro_cycle_proxy,false,true,2026-06-25T05:22:11.730520Z
2022-01-27,JP,96.956026,0.304397,authorized_macro_cycle_proxy,false,true,2026-06-25T05:22:11.730520Z
2022-01-27,EURO_AREA,96.956026,0.304397,authorized_macro_cycle_proxy,false,true,2026-06-25T05:22:11.730520Z
2022-01-28,CN,97.358281,0.264172,authorized_macro_cycle_proxy,false,true,2026-06-25T05:22:11.730520Z
2022-01-28,US,97.358281,0.264172,authorized_macro_cycle_proxy,false,true,2026-06-25T05:22:11.730520Z
2022-01-28,OECD_TOTAL,97.358281,0.264172,authorized_macro_cycle_proxy,false,true,2026-06-25T05:22:11.730520Z
2022-01-28,G20,97.358281,0.264172,authorized_macro_cycle_proxy,false,true,2026-06-25T05:22:11.730520Z
2022-01-28,JP,97.358281,0.264172,authorized_macro_cycle_proxy,false,true,2026-06-25T05:22:11.730520Z
2022-01-28,EURO_AREA,97.358281,0.264172,authorized_macro_cycle_proxy,false,true,2026-06-25T05:22:11.730520Z
2022-02-07,CN,97.965654,0.203435,authorized_macro_cycle_proxy,false,true,2026-06-25T05:22:11.730520Z
2022-02-07,US,97.965654,0.203435,authorized_macro_cycle_proxy,false,true,2026-06-25T05:22:11.730520Z
2022-02-07,OECD_TOTAL,97.965654,0.203435,authorized_macro_cycle_proxy,false,true,2026-06-25T05:22:11.730520Z
2022-02-07,G20,97.965654,0.203435,authorized_macro_cycle_proxy,false,true,2026-06-25T05:22:11.730520Z
2022-02-07,JP,97.965654,0.203435,authorized_macro_cycle_proxy,false,true,2026-06-25T05:22:11.730520Z
2022-02-07,EURO_AREA,97.965654,0.203435,authorized_macro_cycle_proxy,false,true,2026-06-25T05:22:11.730520Z
2022-02-08,CN,98.167215,0.183279,authorized_macro_cycle_proxy,false,true,2026-06-25T05:22:11.730520Z
2022-02-08,US,98.167215,0.183279,authorized_macro_cycle_proxy,false,true,2026-06-25T05:22:11.730520Z
2022-02-08,OECD_TOTAL,98.167215,0.183279,authorized_macro_cycle_proxy,false,true,2026-06-25T05:22:11.730520Z
2022-02-08,G20,98.167215,0.183279,authorized_macro_cycle_proxy,false,true,2026-06-25T05:22:11.730520Z
2022-02-08,JP,98.167215,0.183279,authorized_macro_cycle_proxy,false,true,2026-06-25T05:22:11.730520Z
2022-02-08,EURO_AREA,98.167215,0.183279,authorized_macro_cycle_proxy,false,true,2026-06-25T05:22:11.730520Z
2022-02-09,CN,98.426891,0.157311,authorized_macro_cycle_proxy,false,true,2026-06-25T05:22:11.730520Z
2022-02-09,US,98.426891,0.157311,authorized_macro_cycle_proxy,false,true,2026-06-25T05:22:11.730520Z
2022-02-09,OECD_TOTAL,98.426891,0.157311,authorized_macro_cycle_proxy,false,true,2026-06-25T05:22:11.730520Z
2022-02-09,G20,98.426891,0.157311,authorized_macro_cycle_proxy,false,true,2026-06-25T05:22:11.730520Z
2022-02-09,JP,98.426891,0.157311,authorized_macro_cycle_proxy,false,true,2026-06-25T05:22:11.730520Z
2022-02-09,EURO_AREA,98.426891,0.157311,authorized_macro_cycle_proxy,false,true,2026-06-25T05:22:11.730520Z
2022-02-10,CN,97.885815,0.211419,authorized_macro_cycle_proxy,false,true,2026-06-25T05:22:11.730520Z
2022-02-10,US,97.885815,0.211419,authorized_macro_cycle_proxy,false,true,2026-06-25T05:22:11.730520Z
2022-02-10,OECD_TOTAL,97.885815,0.211419,authorized_macro_cycle_proxy,false,true,2026-06-25T05:22:11.730520Z
2022-02-10,G20,97.885815,0.211419,authorized_macro_cycle_proxy,false,true,2026-06-25T05:22:11.730520Z
2022-02-10,JP,97.885815,0.211419,authorized_macro_cycle_proxy,false,true,2026-06-25T05:22:11.730520Z
2022-02-10,EURO_AREA,97.885815,0.211419,authorized_macro_cycle_proxy,false,true,2026-06-25T05:22:11.730520Z
2022-02-11,CN,97.357805,0.264219,authorized_macro_cycle_proxy,false,true,2026-06-25T05:22:11.730520Z
2022-02-11,US,97.357805,0.264219,authorized_macro_cycle_proxy,false,true,2026-06-25T05:22:11.730520Z
2022-02-11,OECD_TOTAL,97.357805,0.264219,authorized_macro_cycle_proxy,false,true,2026-06-25T05:22:11.730520Z
2022-02-11,G20,97.357805,0.264219,authorized_macro_cycle_proxy,false,true,2026-06-25T05:22:11.730520Z
2022-02-11,JP,97.357805,0.264219,authorized_macro_cycle_proxy,false,true,2026-06-25T05:22:11.730520Z
2022-02-11,EURO_AREA,97.357805,0.264219,authorized_macro_cycle_proxy,false,true,2026-06-25T05:22:11.730520Z
2022-02-14,CN,97.121357,0.287864,authorized_macro_cycle_proxy,false,true,2026-06-25T05:22:11.730520Z
2022-02-14,US,97.121357,0.287864,authorized_macro_cycle_proxy,false,true,2026-06-25T05:22:11.730520Z
2022-02-14,OECD_TOTAL,97.121357,0.287864,authorized_macro_cycle_proxy,false,true,2026-06-25T05:22:11.730520Z
2022-02-14,G20,97.121357,0.287864,authorized_macro_cycle_proxy,false,true,2026-06-25T05:22:11.730520Z
2022-02-14,JP,97.121357,0.287864,authorized_macro_cycle_proxy,false,true,2026-06-25T05:22:11.730520Z
2022-02-14,EURO_AREA,97.121357,0.287864,authorized_macro_cycle_proxy,false,true,2026-06-25T05:22:11.730520Z
2022-02-15,CN,97.565663,0.243434,authorized_macro_cycle_proxy,false,true,2026-06-25T05:22:11.730520Z
2022-02-15,US,97.565663,0.243434,authorized_macro_cycle_proxy,false,true,2026-06-25T05:22:11.730520Z
2022-02-15,OECD_TOTAL,97.565663,0.243434,authorized_macro_cycle_proxy,false,true,2026-06-25T05:22:11.730520Z
2022-02-15,G20,97.565663,0.243434,authorized_macro_cycle_proxy,false,true,2026-06-25T05:22:11.730520Z
2022-02-15,JP,97.565663,0.243434,authorized_macro_cycle_proxy,false,true,2026-06-25T05:22:11.730520Z
2022-02-15,EURO_AREA,97.565663,0.243434,authorized_macro_cycle_proxy,false,true,2026-06-25T05:22:11.730520Z
2022-02-16,CN,97.785992,0.221401,authorized_macro_cycle_proxy,false,true,2026-06-25T05:22:11.730520Z
2022-02-16,US,97.785992,0.221401,authorized_macro_cycle_proxy,false,true,2026-06-25T05:22:11.730520Z
2022-02-16,OECD_TOTAL,97.785992,0.221401,authorized_macro_cycle_proxy,false,true,2026-06-25T05:22:11.730520Z
2022-02-16,G20,97.785992,0.221401,authorized_macro_cycle_proxy,false,true,2026-06-25T05:22:11.730520Z
2022-02-16,JP,97.785992,0.221401,authorized_macro_cycle_proxy,false,true,2026-06-25T05:22:11.730520Z
2022-02-16,EURO_AREA,97.785992,0.221401,authorized_macro_cycle_proxy,false,true,2026-06-25T05:22:11.730520Z
2022-02-17,CN,97.283043,0.271696,authorized_macro_cycle_proxy,false,true,2026-06-25T05:22:11.730520Z
2022-02-17,US,97.283043,0.271696,authorized_macro_cycle_proxy,false,true,2026-06-25T05:22:11.730520Z
2022-02-17,OECD_TOTAL,97.283043,0.271696,authorized_macro_cycle_proxy,false,true,2026-06-25T05:22:11.730520Z
2022-02-17,G20,97.283043,0.271696,authorized_macro_cycle_proxy,false,true,2026-06-25T05:22:11.730520Z
2022-02-17,JP,97.283043,0.271696,authorized_macro_cycle_proxy,false,true,2026-06-25T05:22:11.730520Z
2022-02-17,EURO_AREA,97.283043,0.271696,authorized_macro_cycle_proxy,false,true,2026-06-25T05:22:11.730520Z
2022-02-18,CN,97.440933,0.255907,authorized_macro_cycle_proxy,false,true,2026-06-25T05:22:11.730520Z
2022-02-18,US,97.440933,0.255907,authorized_macro_cycle_proxy,false,true,2026-06-25T05:22:11.730520Z
2022-02-18,OECD_TOTAL,97.440933,0.255907,authorized_macro_cycle_proxy,false,true,2026-06-25T05:22:11.730520Z
2022-02-18,G20,97.440933,0.255907,authorized_macro_cycle_proxy,false,true,2026-06-25T05:22:11.730520Z
2022-02-18,JP,97.440933,0.255907,authorized_macro_cycle_proxy,false,true,2026-06-25T05:22:11.730520Z
2022-02-18,EURO_AREA,97.440933,0.255907,authorized_macro_cycle_proxy,false,true,2026-06-25T05:22:11.730520Z
2022-02-21,CN,97.461228,0.253877,authorized_macro_cycle_proxy,false,true,2026-06-25T05:22:11.730520Z
2022-02-21,US,97.461228,0.253877,authorized_macro_cycle_proxy,false,true,2026-06-25T05:22:11.730520Z
2022-02-21,OECD_TOTAL,97.461228,0.253877,authorized_macro_cycle_proxy,false,true,2026-06-25T05:22:11.730520Z
2022-02-21,G20,97.461228,0.253877,authorized_macro_cycle_proxy,false,true,2026-06-25T05:22:11.730520Z
2022-02-21,JP,97.461228,0.253877,authorized_macro_cycle_proxy,false,true,2026-06-25T05:22:11.730520Z
2022-02-21,EURO_AREA,97.461228,0.253877,authorized_macro_cycle_proxy,false,true,2026-06-25T05:22:11.730520Z
2022-02-22,CN,97.191084,0.280892,authorized_macro_cycle_proxy,false,true,2026-06-25T05:22:11.730520Z
2022-02-22,US,97.191084,0.280892,authorized_macro_cycle_proxy,false,true,2026-06-25T05:22:11.730520Z
2022-02-22,OECD_TOTAL,97.191084,0.280892,authorized_macro_cycle_proxy,false,true,2026-06-25T05:22:11.730520Z
2022-02-22,G20,97.191084,0.280892,authorized_macro_cycle_proxy,false,true,2026-06-25T05:22:11.730520Z
2022-02-22,JP,97.191084,0.280892,authorized_macro_cycle_proxy,false,true,2026-06-25T05:22:11.730520Z
2022-02-22,EURO_AREA,97.191084,0.280892,authorized_macro_cycle_proxy,false,true,2026-06-25T05:22:11.730520Z
2022-02-23,CN,96.891431,0.310857,authorized_macro_cycle_proxy,false,true,2026-06-25T05:22:11.730520Z
2022-02-23,US,96.891431,0.310857,authorized_macro_cycle_proxy,false,true,2026-06-25T05:22:11.730520Z
2022-02-23,OECD_TOTAL,96.891431,0.310857,authorized_macro_cycle_proxy,false,true,2026-06-25T05:22:11.730520Z
2022-02-23,G20,96.891431,0.310857,authorized_macro_cycle_proxy,false,true,2026-06-25T05:22:11.730520Z
2022-02-23,JP,96.891431,0.310857,authorized_macro_cycle_proxy,false,true,2026-06-25T05:22:11.730520Z
2022-02-23,EURO_AREA,96.891431,0.310857,authorized_macro_cycle_proxy,false,true,2026-06-25T05:22:11.730520Z
2022-02-24,CN,96.915794,0.308421,authorized_macro_cycle_proxy,false,true,2026-06-25T05:22:11.730520Z
2022-02-24,US,96.915794,0.308421,authorized_macro_cycle_proxy,false,true,2026-06-25T05:22:11.730520Z
2022-02-24,OECD_TOTAL,96.915794,0.308421,authorized_macro_cycle_proxy,false,true,2026-06-25T05:22:11.730520Z
2022-02-24,G20,96.915794,0.308421,authorized_macro_cycle_proxy,false,true,2026-06-25T05:22:11.730520Z
2022-02-24,JP,96.915794,0.308421,authorized_macro_cycle_proxy,false,true,2026-06-25T05:22:11.730520Z
2022-02-24,EURO_AREA,96.915794,0.308421,authorized_macro_cycle_proxy,false,true,2026-06-25T05:22:11.730520Z
2022-02-25,CN,97.327155,0.267284,authorized_macro_cycle_proxy,false,true,2026-06-25T05:22:11.730520Z
2022-02-25,US,97.327155,0.267284,authorized_macro_cycle_proxy,false,true,2026-06-25T05:22:11.730520Z
2022-02-25,OECD_TOTAL,97.327155,0.267284,authorized_macro_cycle_proxy,false,true,2026-06-25T05:22:11.730520Z
2022-02-25,G20,97.327155,0.267284,authorized_macro_cycle_proxy,false,true,2026-06-25T05:22:11.730520Z
2022-02-25,JP,97.327155,0.267284,authorized_macro_cycle_proxy,false,true,2026-06-25T05:22:11.730520Z
2022-02-25,EURO_AREA,97.327155,0.267284,authorized_macro_cycle_proxy,false,true,2026-06-25T05:22:11.730520Z
2022-02-28,CN,96.927463,0.307254,authorized_macro_cycle_proxy,false,true,2026-06-25T05:22:11.730520Z
2022-02-28,US,96.927463,0.307254,authorized_macro_cycle_proxy,false,true,2026-06-25T05:22:11.730520Z
2022-02-28,OECD_TOTAL,96.927463,0.307254,authorized_macro_cycle_proxy,false,true,2026-06-25T05:22:11.730520Z
2022-02-28,G20,96.927463,0.307254,authorized_macro_cycle_proxy,false,true,2026-06-25T05:22:11.730520Z
2022-02-28,JP,96.927463,0.307254,authorized_macro_cycle_proxy,false,true,2026-06-25T05:22:11.730520Z
2022-02-28,EURO_AREA,96.927463,0.307254,authorized_macro_cycle_proxy,false,true,2026-06-25T05:22:11.730520Z
2022-03-01,CN,96.347942,0.365206,authorized_macro_cycle_proxy,false,true,2026-06-25T05:22:11.730520Z
2022-03-01,US,96.347942,0.365206,authorized_macro_cycle_proxy,false,true,2026-06-25T05:22:11.730520Z
2022-03-01,OECD_TOTAL,96.347942,0.365206,authorized_macro_cycle_proxy,false,true,2026-06-25T05:22:11.730520Z
2022-03-01,G20,96.347942,0.365206,authorized_macro_cycle_proxy,false,true,2026-06-25T05:22:11.730520Z
2022-03-01,JP,96.347942,0.365206,authorized_macro_cycle_proxy,false,true,2026-06-25T05:22:11.730520Z
2022-03-01,EURO_AREA,96.347942,0.365206,authorized_macro_cycle_proxy,false,true,2026-06-25T05:22:11.730520Z
2022-03-02,CN,96.616073,0.338393,authorized_macro_cycle_proxy,false,true,2026-06-25T05:22:11.730520Z
2022-03-02,US,96.616073,0.338393,authorized_macro_cycle_proxy,false,true,2026-06-25T05:22:11.730520Z
2022-03-02,OECD_TOTAL,96.616073,0.338393,authorized_macro_cycle_proxy,false,true,2026-06-25T05:22:11.730520Z
2022-03-02,G20,96.616073,0.338393,authorized_macro_cycle_proxy,false,true,2026-06-25T05:22:11.730520Z
2022-03-02,JP,96.616073,0.338393,authorized_macro_cycle_proxy,false,true,2026-06-25T05:22:11.730520Z
2022-03-02,EURO_AREA,96.616073,0.338393,authorized_macro_cycle_proxy,false,true,2026-06-25T05:22:11.730520Z
2022-03-03,CN,96.657859,0.334214,authorized_macro_cycle_proxy,false,true,2026-06-25T05:22:11.730520Z
2022-03-03,US,96.657859,0.334214,authorized_macro_cycle_proxy,false,true,2026-06-25T05:22:11.730520Z
2022-03-03,OECD_TOTAL,96.657859,0.334214,authorized_macro_cycle_proxy,false,true,2026-06-25T05:22:11.730520Z
2022-03-03,G20,96.657859,0.334214,authorized_macro_cycle_proxy,false,true,2026-06-25T05:22:11.730520Z
2022-03-03,JP,96.657859,0.334214,authorized_macro_cycle_proxy,false,true,2026-06-25T05:22:11.730520Z
2022-03-03,EURO_AREA,96.657859,0.334214,authorized_macro_cycle_proxy,false,true,2026-06-25T05:22:11.730520Z
2022-03-04,CN,96.309411,0.369059,authorized_macro_cycle_proxy,false,true,2026-06-25T05:22:11.730520Z
2022-03-04,US,96.309411,0.369059,authorized_macro_cycle_proxy,false,true,2026-06-25T05:22:11.730520Z
2022-03-04,OECD_TOTAL,96.309411,0.369059,authorized_macro_cycle_proxy,false,true,2026-06-25T05:22:11.730520Z
2022-03-04,G20,96.309411,0.369059,authorized_macro_cycle_proxy,false,true,2026-06-25T05:22:11.730520Z
2022-03-04,JP,96.309411,0.369059,authorized_macro_cycle_proxy,false,true,2026-06-25T05:22:11.730520Z
2022-03-04,EURO_AREA,96.309411,0.369059,authorized_macro_cycle_proxy,false,true,2026-06-25T05:22:11.730520Z
2022-03-07,CN,95.516101,0.44839,authorized_macro_cycle_proxy,false,true,2026-06-25T05:22:11.730520Z
2022-03-07,US,95.516101,0.44839,authorized_macro_cycle_proxy,false,true,2026-06-25T05:22:11.730520Z
2022-03-07,OECD_TOTAL,95.516101,0.44839,authorized_macro_cycle_proxy,false,true,2026-06-25T05:22:11.730520Z
2022-03-07,G20,95.516101,0.44839,authorized_macro_cycle_proxy,false,true,2026-06-25T05:22:11.730520Z
2022-03-07,JP,95.516101,0.44839,authorized_macro_cycle_proxy,false,true,2026-06-25T05:22:11.730520Z
2022-03-07,EURO_AREA,95.516101,0.44839,authorized_macro_cycle_proxy,false,true,2026-06-25T05:22:11.730520Z
2022-03-08,CN,95.458769,0.454123,authorized_macro_cycle_proxy,false,true,2026-06-25T05:22:11.730520Z
2022-03-08,US,95.458769,0.454123,authorized_macro_cycle_proxy,false,true,2026-06-25T05:22:11.730520Z
2022-03-08,OECD_TOTAL,95.458769,0.454123,authorized_macro_cycle_proxy,false,true,2026-06-25T05:22:11.730520Z
2022-03-08,G20,95.458769,0.454123,authorized_macro_cycle_proxy,false,true,2026-06-25T05:22:11.730520Z
2022-03-08,JP,95.458769,0.454123,authorized_macro_cycle_proxy,false,true,2026-06-25T05:22:11.730520Z
2022-03-08,EURO_AREA,95.458769,0.454123,authorized_macro_cycle_proxy,false,true,2026-06-25T05:22:11.730520Z
2022-03-09,CN,96.140034,0.385997,authorized_macro_cycle_proxy,false,true,2026-06-25T05:22:11.730520Z
2022-03-09,US,96.140034,0.385997,authorized_macro_cycle_proxy,false,true,2026-06-25T05:22:11.730520Z
2022-03-09,OECD_TOTAL,96.140034,0.385997,authorized_macro_cycle_proxy,false,true,2026-06-25T05:22:11.730520Z
2022-03-09,G20,96.140034,0.385997,authorized_macro_cycle_proxy,false,true,2026-06-25T05:22:11.730520Z
2022-03-09,JP,96.140034,0.385997,authorized_macro_cycle_proxy,false,true,2026-06-25T05:22:11.730520Z
2022-03-09,EURO_AREA,96.140034,0.385997,authorized_macro_cycle_proxy,false,true,2026-06-25T05:22:11.730520Z
2022-03-10,CN,96.528679,0.347132,authorized_macro_cycle_proxy,false,true,2026-06-25T05:22:11.730520Z
2022-03-10,US,96.528679,0.347132,authorized_macro_cycle_proxy,false,true,2026-06-25T05:22:11.730520Z
2022-03-10,OECD_TOTAL,96.528679,0.347132,authorized_macro_cycle_proxy,false,true,2026-06-25T05:22:11.730520Z
2022-03-10,G20,96.528679,0.347132,authorized_macro_cycle_proxy,false,true,2026-06-25T05:22:11.730520Z
2022-03-10,JP,96.528679,0.347132,authorized_macro_cycle_proxy,false,true,2026-06-25T05:22:11.730520Z
2022-03-10,EURO_AREA,96.528679,0.347132,authorized_macro_cycle_proxy,false,true,2026-06-25T05:22:11.730520Z
2022-03-11,CN,96.412637,0.358736,authorized_macro_cycle_proxy,false,true,2026-06-25T05:22:11.730520Z
2022-03-11,US,96.412637,0.358736,authorized_macro_cycle_proxy,false,true,2026-06-25T05:22:11.730520Z
2022-03-11,OECD_TOTAL,96.412637,0.358736,authorized_macro_cycle_proxy,false,true,2026-06-25T05:22:11.730520Z
2022-03-11,G20,96.412637,0.358736,authorized_macro_cycle_proxy,false,true,2026-06-25T05:22:11.730520Z
2022-03-11,JP,96.412637,0.358736,authorized_macro_cycle_proxy,false,true,2026-06-25T05:22:11.730520Z
2022-03-11,EURO_AREA,96.412637,0.358736,authorized_macro_cycle_proxy,false,true,2026-06-25T05:22:11.730520Z
2022-03-14,CN,96.243319,0.375668,authorized_macro_cycle_proxy,false,true,2026-06-25T05:22:11.730520Z
2022-03-14,US,96.243319,0.375668,authorized_macro_cycle_proxy,false,true,2026-06-25T05:22:11.730520Z
2022-03-14,OECD_TOTAL,96.243319,0.375668,authorized_macro_cycle_proxy,false,true,2026-06-25T05:22:11.730520Z
2022-03-14,G20,96.243319,0.375668,authorized_macro_cycle_proxy,false,true,2026-06-25T05:22:11.730520Z
2022-03-14,JP,96.243319,0.375668,authorized_macro_cycle_proxy,false,true,2026-06-25T05:22:11.730520Z
2022-03-14,EURO_AREA,96.243319,0.375668,authorized_macro_cycle_proxy,false,true,2026-06-25T05:22:11.730520Z
2022-03-15,CN,96.501512,0.349849,authorized_macro_cycle_proxy,false,true,2026-06-25T05:22:11.730520Z
2022-03-15,US,96.501512,0.349849,authorized_macro_cycle_proxy,false,true,2026-06-25T05:22:11.730520Z
2022-03-15,OECD_TOTAL,96.501512,0.349849,authorized_macro_cycle_proxy,false,true,2026-06-25T05:22:11.730520Z
2022-03-15,G20,96.501512,0.349849,authorized_macro_cycle_proxy,false,true,2026-06-25T05:22:11.730520Z
2022-03-15,JP,96.501512,0.349849,authorized_macro_cycle_proxy,false,true,2026-06-25T05:22:11.730520Z
2022-03-15,EURO_AREA,96.501512,0.349849,authorized_macro_cycle_proxy,false,true,2026-06-25T05:22:11.730520Z
2022-03-16,CN,97.086985,0.291302,authorized_macro_cycle_proxy,false,true,2026-06-25T05:22:11.730520Z
2022-03-16,US,97.086985,0.291302,authorized_macro_cycle_proxy,false,true,2026-06-25T05:22:11.730520Z
2022-03-16,OECD_TOTAL,97.086985,0.291302,authorized_macro_cycle_proxy,false,true,2026-06-25T05:22:11.730520Z
2022-03-16,G20,97.086985,0.291302,authorized_macro_cycle_proxy,false,true,2026-06-25T05:22:11.730520Z
2022-03-16,JP,97.086985,0.291302,authorized_macro_cycle_proxy,false,true,2026-06-25T05:22:11.730520Z
2022-03-16,EURO_AREA,97.086985,0.291302,authorized_macro_cycle_proxy,false,true,2026-06-25T05:22:11.730520Z
2022-03-17,CN,97.118626,0.288137,authorized_macro_cycle_proxy,false,true,2026-06-25T05:22:11.730520Z
2022-03-17,US,97.118626,0.288137,authorized_macro_cycle_proxy,false,true,2026-06-25T05:22:11.730520Z
2022-03-17,OECD_TOTAL,97.118626,0.288137,authorized_macro_cycle_proxy,false,true,2026-06-25T05:22:11.730520Z
2022-03-17,G20,97.118626,0.288137,authorized_macro_cycle_proxy,false,true,2026-06-25T05:22:11.730520Z
2022-03-17,JP,97.118626,0.288137,authorized_macro_cycle_proxy,false,true,2026-06-25T05:22:11.730520Z
2022-03-17,EURO_AREA,97.118626,0.288137,authorized_macro_cycle_proxy,false,true,2026-06-25T05:22:11.730520Z
2022-03-18,CN,97.373218,0.262678,authorized_macro_cycle_proxy,false,true,2026-06-25T05:22:11.730520Z
2022-03-18,US,97.373218,0.262678,authorized_macro_cycle_proxy,false,true,2026-06-25T05:22:11.730520Z
2022-03-18,OECD_TOTAL,97.373218,0.262678,authorized_macro_cycle_proxy,false,true,2026-06-25T05:22:11.730520Z
2022-03-18,G20,97.373218,0.262678,authorized_macro_cycle_proxy,false,true,2026-06-25T05:22:11.730520Z
2022-03-18,JP,97.373218,0.262678,authorized_macro_cycle_proxy,false,true,2026-06-25T05:22:11.730520Z
2022-03-18,EURO_AREA,97.373218,0.262678,authorized_macro_cycle_proxy,false,true,2026-06-25T05:22:11.730520Z
2022-03-21,CN,97.151715,0.284829,authorized_macro_cycle_proxy,false,true,2026-06-25T05:22:11.730520Z
2022-03-21,US,97.151715,0.284829,authorized_macro_cycle_proxy,false,true,2026-06-25T05:22:11.730520Z
2022-03-21,OECD_TOTAL,97.151715,0.284829,authorized_macro_cycle_proxy,false,true,2026-06-25T05:22:11.730520Z
2022-03-21,G20,97.151715,0.284829,authorized_macro_cycle_proxy,false,true,2026-06-25T05:22:11.730520Z
2022-03-21,JP,97.151715,0.284829,authorized_macro_cycle_proxy,false,true,2026-06-25T05:22:11.730520Z
2022-03-21,EURO_AREA,97.151715,0.284829,authorized_macro_cycle_proxy,false,true,2026-06-25T05:22:11.730520Z
2022-03-22,CN,97.224731,0.277527,authorized_macro_cycle_proxy,false,true,2026-06-25T05:22:11.730520Z
2022-03-22,US,97.224731,0.277527,authorized_macro_cycle_proxy,false,true,2026-06-25T05:22:11.730520Z
2022-03-22,OECD_TOTAL,97.224731,0.277527,authorized_macro_cycle_proxy,false,true,2026-06-25T05:22:11.730520Z
2022-03-22,G20,97.224731,0.277527,authorized_macro_cycle_proxy,false,true,2026-06-25T05:22:11.730520Z
2022-03-22,JP,97.224731,0.277527,authorized_macro_cycle_proxy,false,true,2026-06-25T05:22:11.730520Z
2022-03-22,EURO_AREA,97.224731,0.277527,authorized_macro_cycle_proxy,false,true,2026-06-25T05:22:11.730520Z
2022-03-23,CN,97.169823,0.283018,authorized_macro_cycle_proxy,false,true,2026-06-25T05:22:11.730520Z
2022-03-23,US,97.169823,0.283018,authorized_macro_cycle_proxy,false,true,2026-06-25T05:22:11.730520Z
2022-03-23,OECD_TOTAL,97.169823,0.283018,authorized_macro_cycle_proxy,false,true,2026-06-25T05:22:11.730520Z
2022-03-23,G20,97.169823,0.283018,authorized_macro_cycle_proxy,false,true,2026-06-25T05:22:11.730520Z
2022-03-23,JP,97.169823,0.283018,authorized_macro_cycle_proxy,false,true,2026-06-25T05:22:11.730520Z
2022-03-23,EURO_AREA,97.169823,0.283018,authorized_macro_cycle_proxy,false,true,2026-06-25T05:22:11.730520Z
2022-03-24,CN,97.412283,0.258772,authorized_macro_cycle_proxy,false,true,2026-06-25T05:22:11.730520Z
2022-03-24,US,97.412283,0.258772,authorized_macro_cycle_proxy,false,true,2026-06-25T05:22:11.730520Z
2022-03-24,OECD_TOTAL,97.412283,0.258772,authorized_macro_cycle_proxy,false,true,2026-06-25T05:22:11.730520Z
2022-03-24,G20,97.412283,0.258772,authorized_macro_cycle_proxy,false,true,2026-06-25T05:22:11.730520Z
2022-03-24,JP,97.412283,0.258772,authorized_macro_cycle_proxy,false,true,2026-06-25T05:22:11.730520Z
2022-03-24,EURO_AREA,97.412283,0.258772,authorized_macro_cycle_proxy,false,true,2026-06-25T05:22:11.730520Z
2022-03-25,CN,97.433146,0.256685,authorized_macro_cycle_proxy,false,true,2026-06-25T05:22:11.730520Z
2022-03-25,US,97.433146,0.256685,authorized_macro_cycle_proxy,false,true,2026-06-25T05:22:11.730520Z
2022-03-25,OECD_TOTAL,97.433146,0.256685,authorized_macro_cycle_proxy,false,true,2026-06-25T05:22:11.730520Z
2022-03-25,G20,97.433146,0.256685,authorized_macro_cycle_proxy,false,true,2026-06-25T05:22:11.730520Z
2022-03-25,JP,97.433146,0.256685,authorized_macro_cycle_proxy,false,true,2026-06-25T05:22:11.730520Z
2022-03-25,EURO_AREA,97.433146,0.256685,authorized_macro_cycle_proxy,false,true,2026-06-25T05:22:11.730520Z
2022-03-28,CN,97.710315,0.228968,authorized_macro_cycle_proxy,false,true,2026-06-25T05:22:11.730520Z
2022-03-28,US,97.710315,0.228968,authorized_macro_cycle_proxy,false,true,2026-06-25T05:22:11.730520Z
2022-03-28,OECD_TOTAL,97.710315,0.228968,authorized_macro_cycle_proxy,false,true,2026-06-25T05:22:11.730520Z
2022-03-28,G20,97.710315,0.228968,authorized_macro_cycle_proxy,false,true,2026-06-25T05:22:11.730520Z
2022-03-28,JP,97.710315,0.228968,authorized_macro_cycle_proxy,false,true,2026-06-25T05:22:11.730520Z
2022-03-28,EURO_AREA,97.710315,0.228968,authorized_macro_cycle_proxy,false,true,2026-06-25T05:22:11.730520Z
2022-03-29,CN,97.866465,0.213353,authorized_macro_cycle_proxy,false,true,2026-06-25T05:22:11.730520Z
2022-03-29,US,97.866465,0.213353,authorized_macro_cycle_proxy,false,true,2026-06-25T05:22:11.730520Z
2022-03-29,OECD_TOTAL,97.866465,0.213353,authorized_macro_cycle_proxy,false,true,2026-06-25T05:22:11.730520Z
2022-03-29,G20,97.866465,0.213353,authorized_macro_cycle_proxy,false,true,2026-06-25T05:22:11.730520Z
2022-03-29,JP,97.866465,0.213353,authorized_macro_cycle_proxy,false,true,2026-06-25T05:22:11.730520Z
2022-03-29,EURO_AREA,97.866465,0.213353,authorized_macro_cycle_proxy,false,true,2026-06-25T05:22:11.730520Z
2022-03-30,CN,97.833968,0.216603,authorized_macro_cycle_proxy,false,true,2026-06-25T05:22:11.730520Z
2022-03-30,US,97.833968,0.216603,authorized_macro_cycle_proxy,false,true,2026-06-25T05:22:11.730520Z
2022-03-30,OECD_TOTAL,97.833968,0.216603,authorized_macro_cycle_proxy,false,true,2026-06-25T05:22:11.730520Z
2022-03-30,G20,97.833968,0.216603,authorized_macro_cycle_proxy,false,true,2026-06-25T05:22:11.730520Z
2022-03-30,JP,97.833968,0.216603,authorized_macro_cycle_proxy,false,true,2026-06-25T05:22:11.730520Z
2022-03-30,EURO_AREA,97.833968,0.216603,authorized_macro_cycle_proxy,false,true,2026-06-25T05:22:11.730520Z
2022-03-31,CN,97.845069,0.215493,authorized_macro_cycle_proxy,false,true,2026-06-25T05:22:11.730520Z
2022-03-31,US,97.845069,0.215493,authorized_macro_cycle_proxy,false,true,2026-06-25T05:22:11.730520Z
2022-03-31,OECD_TOTAL,97.845069,0.215493,authorized_macro_cycle_proxy,false,true,2026-06-25T05:22:11.730520Z
2022-03-31,G20,97.845069,0.215493,authorized_macro_cycle_proxy,false,true,2026-06-25T05:22:11.730520Z
2022-03-31,JP,97.845069,0.215493,authorized_macro_cycle_proxy,false,true,2026-06-25T05:22:11.730520Z
2022-03-31,EURO_AREA,97.845069,0.215493,authorized_macro_cycle_proxy,false,true,2026-06-25T05:22:11.730520Z
2022-04-01,CN,98.049455,0.195055,authorized_macro_cycle_proxy,false,true,2026-06-25T05:22:11.730520Z
2022-04-01,US,98.049455,0.195055,authorized_macro_cycle_proxy,false,true,2026-06-25T05:22:11.730520Z
2022-04-01,OECD_TOTAL,98.049455,0.195055,authorized_macro_cycle_proxy,false,true,2026-06-25T05:22:11.730520Z
2022-04-01,G20,98.049455,0.195055,authorized_macro_cycle_proxy,false,true,2026-06-25T05:22:11.730520Z
2022-04-01,JP,98.049455,0.195055,authorized_macro_cycle_proxy,false,true,2026-06-25T05:22:11.730520Z
2022-04-01,EURO_AREA,98.049455,0.195055,authorized_macro_cycle_proxy,false,true,2026-06-25T05:22:11.730520Z
2022-04-06,CN,97.692368,0.230763,authorized_macro_cycle_proxy,false,true,2026-06-25T05:22:11.730520Z
2022-04-06,US,97.692368,0.230763,authorized_macro_cycle_proxy,false,true,2026-06-25T05:22:11.730520Z
2022-04-06,OECD_TOTAL,97.692368,0.230763,authorized_macro_cycle_proxy,false,true,2026-06-25T05:22:11.730520Z
2022-04-06,G20,97.692368,0.230763,authorized_macro_cycle_proxy,false,true,2026-06-25T05:22:11.730520Z
2022-04-06,JP,97.692368,0.230763,authorized_macro_cycle_proxy,false,true,2026-06-25T05:22:11.730520Z
2022-04-06,EURO_AREA,97.692368,0.230763,authorized_macro_cycle_proxy,false,true,2026-06-25T05:22:11.730520Z
2022-04-07,CN,97.836389,0.216361,authorized_macro_cycle_proxy,false,true,2026-06-25T05:22:11.730520Z
2022-04-07,US,97.836389,0.216361,authorized_macro_cycle_proxy,false,true,2026-06-25T05:22:11.730520Z
2022-04-07,OECD_TOTAL,97.836389,0.216361,authorized_macro_cycle_proxy,false,true,2026-06-25T05:22:11.730520Z
2022-04-07,G20,97.836389,0.216361,authorized_macro_cycle_proxy,false,true,2026-06-25T05:22:11.730520Z
2022-04-07,JP,97.836389,0.216361,authorized_macro_cycle_proxy,false,true,2026-06-25T05:22:11.730520Z
2022-04-07,EURO_AREA,97.836389,0.216361,authorized_macro_cycle_proxy,false,true,2026-06-25T05:22:11.730520Z
2022-04-08,CN,97.924718,0.207528,authorized_macro_cycle_proxy,false,true,2026-06-25T05:22:11.730520Z
2022-04-08,US,97.924718,0.207528,authorized_macro_cycle_proxy,false,true,2026-06-25T05:22:11.730520Z
2022-04-08,OECD_TOTAL,97.924718,0.207528,authorized_macro_cycle_proxy,false,true,2026-06-25T05:22:11.730520Z
2022-04-08,G20,97.924718,0.207528,authorized_macro_cycle_proxy,false,true,2026-06-25T05:22:11.730520Z
2022-04-08,JP,97.924718,0.207528,authorized_macro_cycle_proxy,false,true,2026-06-25T05:22:11.730520Z
2022-04-08,EURO_AREA,97.924718,0.207528,authorized_macro_cycle_proxy,false,true,2026-06-25T05:22:11.730520Z
2022-04-11,CN,97.428958,0.257104,authorized_macro_cycle_proxy,false,true,2026-06-25T05:22:11.730520Z
2022-04-11,US,97.428958,0.257104,authorized_macro_cycle_proxy,false,true,2026-06-25T05:22:11.730520Z
2022-04-11,OECD_TOTAL,97.428958,0.257104,authorized_macro_cycle_proxy,false,true,2026-06-25T05:22:11.730520Z
2022-04-11,G20,97.428958,0.257104,authorized_macro_cycle_proxy,false,true,2026-06-25T05:22:11.730520Z
2022-04-11,JP,97.428958,0.257104,authorized_macro_cycle_proxy,false,true,2026-06-25T05:22:11.730520Z
2022-04-11,EURO_AREA,97.428958,0.257104,authorized_macro_cycle_proxy,false,true,2026-06-25T05:22:11.730520Z
2022-04-12,CN,97.352784,0.264722,authorized_macro_cycle_proxy,false,true,2026-06-25T05:22:11.730520Z
2022-04-12,US,97.352784,0.264722,authorized_macro_cycle_proxy,false,true,2026-06-25T05:22:11.730520Z
2022-04-12,OECD_TOTAL,97.352784,0.264722,authorized_macro_cycle_proxy,false,true,2026-06-25T05:22:11.730520Z
2022-04-12,G20,97.352784,0.264722,authorized_macro_cycle_proxy,false,true,2026-06-25T05:22:11.730520Z
2022-04-12,JP,97.352784,0.264722,authorized_macro_cycle_proxy,false,true,2026-06-25T05:22:11.730520Z
2022-04-12,EURO_AREA,97.352784,0.264722,authorized_macro_cycle_proxy,false,true,2026-06-25T05:22:11.730520Z
2022-04-13,CN,97.579213,0.242079,authorized_macro_cycle_proxy,false,true,2026-06-25T05:22:11.730520Z
2022-04-13,US,97.579213,0.242079,authorized_macro_cycle_proxy,false,true,2026-06-25T05:22:11.730520Z
2022-04-13,OECD_TOTAL,97.579213,0.242079,authorized_macro_cycle_proxy,false,true,2026-06-25T05:22:11.730520Z
2022-04-13,G20,97.579213,0.242079,authorized_macro_cycle_proxy,false,true,2026-06-25T05:22:11.730520Z
2022-04-13,JP,97.579213,0.242079,authorized_macro_cycle_proxy,false,true,2026-06-25T05:22:11.730520Z
2022-04-13,EURO_AREA,97.579213,0.242079,authorized_macro_cycle_proxy,false,true,2026-06-25T05:22:11.730520Z
2022-04-14,CN,97.501929,0.249807,authorized_macro_cycle_proxy,false,true,2026-06-25T05:22:11.730520Z
2022-04-14,US,97.501929,0.249807,authorized_macro_cycle_proxy,false,true,2026-06-25T05:22:11.730520Z
2022-04-14,OECD_TOTAL,97.501929,0.249807,authorized_macro_cycle_proxy,false,true,2026-06-25T05:22:11.730520Z
2022-04-14,G20,97.501929,0.249807,authorized_macro_cycle_proxy,false,true,2026-06-25T05:22:11.730520Z
2022-04-14,JP,97.501929,0.249807,authorized_macro_cycle_proxy,false,true,2026-06-25T05:22:11.730520Z
2022-04-14,EURO_AREA,97.501929,0.249807,authorized_macro_cycle_proxy,false,true,2026-06-25T05:22:11.730520Z
2022-04-15,CN,97.501929,0.249807,authorized_macro_cycle_proxy,false,true,2026-06-25T05:22:11.730520Z
2022-04-15,US,97.501929,0.249807,authorized_macro_cycle_proxy,false,true,2026-06-25T05:22:11.730520Z
2022-04-15,OECD_TOTAL,97.501929,0.249807,authorized_macro_cycle_proxy,false,true,2026-06-25T05:22:11.730520Z
2022-04-15,G20,97.501929,0.249807,authorized_macro_cycle_proxy,false,true,2026-06-25T05:22:11.730520Z
2022-04-15,JP,97.501929,0.249807,authorized_macro_cycle_proxy,false,true,2026-06-25T05:22:11.730520Z
2022-04-15,EURO_AREA,97.501929,0.249807,authorized_macro_cycle_proxy,false,true,2026-06-25T05:22:11.730520Z
2022-04-18,CN,97.532129,0.246787,authorized_macro_cycle_proxy,false,true,2026-06-25T05:22:11.730520Z
2022-04-18,US,97.532129,0.246787,authorized_macro_cycle_proxy,false,true,2026-06-25T05:22:11.730520Z
2022-04-18,OECD_TOTAL,97.532129,0.246787,authorized_macro_cycle_proxy,false,true,2026-06-25T05:22:11.730520Z
2022-04-18,G20,97.532129,0.246787,authorized_macro_cycle_proxy,false,true,2026-06-25T05:22:11.730520Z
2022-04-18,JP,97.532129,0.246787,authorized_macro_cycle_proxy,false,true,2026-06-25T05:22:11.730520Z
2022-04-18,EURO_AREA,97.532129,0.246787,authorized_macro_cycle_proxy,false,true,2026-06-25T05:22:11.730520Z
2022-04-19,CN,97.630537,0.236946,authorized_macro_cycle_proxy,false,true,2026-06-25T05:22:11.730520Z
2022-04-19,US,97.630537,0.236946,authorized_macro_cycle_proxy,false,true,2026-06-25T05:22:11.730520Z
2022-04-19,OECD_TOTAL,97.630537,0.236946,authorized_macro_cycle_proxy,false,true,2026-06-25T05:22:11.730520Z
2022-04-19,G20,97.630537,0.236946,authorized_macro_cycle_proxy,false,true,2026-06-25T05:22:11.730520Z
2022-04-19,JP,97.630537,0.236946,authorized_macro_cycle_proxy,false,true,2026-06-25T05:22:11.730520Z
2022-04-19,EURO_AREA,97.630537,0.236946,authorized_macro_cycle_proxy,false,true,2026-06-25T05:22:11.730520Z
2022-04-20,CN,97.713312,0.228669,authorized_macro_cycle_proxy,false,true,2026-06-25T05:22:11.730520Z
2022-04-20,US,97.713312,0.228669,authorized_macro_cycle_proxy,false,true,2026-06-25T05:22:11.730520Z
2022-04-20,OECD_TOTAL,97.713312,0.228669,authorized_macro_cycle_proxy,false,true,2026-06-25T05:22:11.730520Z
2022-04-20,G20,97.713312,0.228669,authorized_macro_cycle_proxy,false,true,2026-06-25T05:22:11.730520Z
2022-04-20,JP,97.713312,0.228669,authorized_macro_cycle_proxy,false,true,2026-06-25T05:22:11.730520Z
2022-04-20,EURO_AREA,97.713312,0.228669,authorized_macro_cycle_proxy,false,true,2026-06-25T05:22:11.730520Z
2022-04-21,CN,97.250129,0.274987,authorized_macro_cycle_proxy,false,true,2026-06-25T05:22:11.730520Z
2022-04-21,US,97.250129,0.274987,authorized_macro_cycle_proxy,false,true,2026-06-25T05:22:11.730520Z
2022-04-21,OECD_TOTAL,97.250129,0.274987,authorized_macro_cycle_proxy,false,true,2026-06-25T05:22:11.730520Z
2022-04-21,G20,97.250129,0.274987,authorized_macro_cycle_proxy,false,true,2026-06-25T05:22:11.730520Z
2022-04-21,JP,97.250129,0.274987,authorized_macro_cycle_proxy,false,true,2026-06-25T05:22:11.730520Z
2022-04-21,EURO_AREA,97.250129,0.274987,authorized_macro_cycle_proxy,false,true,2026-06-25T05:22:11.730520Z
2022-04-22,CN,96.540131,0.345987,authorized_macro_cycle_proxy,false,true,2026-06-25T05:22:11.730520Z
2022-04-22,US,96.540131,0.345987,authorized_macro_cycle_proxy,false,true,2026-06-25T05:22:11.730520Z
2022-04-22,OECD_TOTAL,96.540131,0.345987,authorized_macro_cycle_proxy,false,true,2026-06-25T05:22:11.730520Z
2022-04-22,G20,96.540131,0.345987,authorized_macro_cycle_proxy,false,true,2026-06-25T05:22:11.730520Z
2022-04-22,JP,96.540131,0.345987,authorized_macro_cycle_proxy,false,true,2026-06-25T05:22:11.730520Z
2022-04-22,EURO_AREA,96.540131,0.345987,authorized_macro_cycle_proxy,false,true,2026-06-25T05:22:11.730520Z
2022-04-25,CN,96.520235,0.347976,authorized_macro_cycle_proxy,false,true,2026-06-25T05:22:11.730520Z
2022-04-25,US,96.520235,0.347976,authorized_macro_cycle_proxy,false,true,2026-06-25T05:22:11.730520Z
2022-04-25,OECD_TOTAL,96.520235,0.347976,authorized_macro_cycle_proxy,false,true,2026-06-25T05:22:11.730520Z
2022-04-25,G20,96.520235,0.347976,authorized_macro_cycle_proxy,false,true,2026-06-25T05:22:11.730520Z
2022-04-25,JP,96.520235,0.347976,authorized_macro_cycle_proxy,false,true,2026-06-25T05:22:11.730520Z
2022-04-25,EURO_AREA,96.520235,0.347976,authorized_macro_cycle_proxy,false,true,2026-06-25T05:22:11.730520Z
2022-04-26,CN,95.562734,0.443727,authorized_macro_cycle_proxy,false,true,2026-06-25T05:22:11.730520Z
2022-04-26,US,95.562734,0.443727,authorized_macro_cycle_proxy,false,true,2026-06-25T05:22:11.730520Z
2022-04-26,OECD_TOTAL,95.562734,0.443727,authorized_macro_cycle_proxy,false,true,2026-06-25T05:22:11.730520Z
2022-04-26,G20,95.562734,0.443727,authorized_macro_cycle_proxy,false,true,2026-06-25T05:22:11.730520Z
2022-04-26,JP,95.562734,0.443727,authorized_macro_cycle_proxy,false,true,2026-06-25T05:22:11.730520Z
2022-04-26,EURO_AREA,95.562734,0.443727,authorized_macro_cycle_proxy,false,true,2026-06-25T05:22:11.730520Z
2022-04-27,CN,95.991415,0.400859,authorized_macro_cycle_proxy,false,true,2026-06-25T05:22:11.730520Z
2022-04-27,US,95.991415,0.400859,authorized_macro_cycle_proxy,false,true,2026-06-25T05:22:11.730520Z
2022-04-27,OECD_TOTAL,95.991415,0.400859,authorized_macro_cycle_proxy,false,true,2026-06-25T05:22:11.730520Z
2022-04-27,G20,95.991415,0.400859,authorized_macro_cycle_proxy,false,true,2026-06-25T05:22:11.730520Z
2022-04-27,JP,95.991415,0.400859,authorized_macro_cycle_proxy,false,true,2026-06-25T05:22:11.730520Z
2022-04-27,EURO_AREA,95.991415,0.400859,authorized_macro_cycle_proxy,false,true,2026-06-25T05:22:11.730520Z
2022-04-28,CN,96.094649,0.390535,authorized_macro_cycle_proxy,false,true,2026-06-25T05:22:11.730520Z
2022-04-28,US,96.094649,0.390535,authorized_macro_cycle_proxy,false,true,2026-06-25T05:22:11.730520Z
2022-04-28,OECD_TOTAL,96.094649,0.390535,authorized_macro_cycle_proxy,false,true,2026-06-25T05:22:11.730520Z
2022-04-28,G20,96.094649,0.390535,authorized_macro_cycle_proxy,false,true,2026-06-25T05:22:11.730520Z
2022-04-28,JP,96.094649,0.390535,authorized_macro_cycle_proxy,false,true,2026-06-25T05:22:11.730520Z
2022-04-28,EURO_AREA,96.094649,0.390535,authorized_macro_cycle_proxy,false,true,2026-06-25T05:22:11.730520Z
2022-04-29,CN,95.737898,0.42621,authorized_macro_cycle_proxy,false,true,2026-06-25T05:22:11.730520Z
2022-04-29,US,95.737898,0.42621,authorized_macro_cycle_proxy,false,true,2026-06-25T05:22:11.730520Z
2022-04-29,OECD_TOTAL,95.737898,0.42621,authorized_macro_cycle_proxy,false,true,2026-06-25T05:22:11.730520Z
2022-04-29,G20,95.737898,0.42621,authorized_macro_cycle_proxy,false,true,2026-06-25T05:22:11.730520Z
2022-04-29,JP,95.737898,0.42621,authorized_macro_cycle_proxy,false,true,2026-06-25T05:22:11.730520Z
2022-04-29,EURO_AREA,95.737898,0.42621,authorized_macro_cycle_proxy,false,true,2026-06-25T05:22:11.730520Z
2022-05-05,CN,95.713619,0.428638,authorized_macro_cycle_proxy,false,true,2026-06-25T05:22:11.730520Z
2022-05-05,US,95.713619,0.428638,authorized_macro_cycle_proxy,false,true,2026-06-25T05:22:11.730520Z
2022-05-05,OECD_TOTAL,95.713619,0.428638,authorized_macro_cycle_proxy,false,true,2026-06-25T05:22:11.730520Z
2022-05-05,G20,95.713619,0.428638,authorized_macro_cycle_proxy,false,true,2026-06-25T05:22:11.730520Z
2022-05-05,JP,95.713619,0.428638,authorized_macro_cycle_proxy,false,true,2026-06-25T05:22:11.730520Z
2022-05-05,EURO_AREA,95.713619,0.428638,authorized_macro_cycle_proxy,false,true,2026-06-25T05:22:11.730520Z
2022-05-06,CN,95.717756,0.428224,authorized_macro_cycle_proxy,false,true,2026-06-25T05:22:11.730520Z
2022-05-06,US,95.717756,0.428224,authorized_macro_cycle_proxy,false,true,2026-06-25T05:22:11.730520Z
2022-05-06,OECD_TOTAL,95.717756,0.428224,authorized_macro_cycle_proxy,false,true,2026-06-25T05:22:11.730520Z
2022-05-06,G20,95.717756,0.428224,authorized_macro_cycle_proxy,false,true,2026-06-25T05:22:11.730520Z
2022-05-06,JP,95.717756,0.428224,authorized_macro_cycle_proxy,false,true,2026-06-25T05:22:11.730520Z
2022-05-06,EURO_AREA,95.717756,0.428224,authorized_macro_cycle_proxy,false,true,2026-06-25T05:22:11.730520Z
2022-05-09,CN,95.065301,0.49347,authorized_macro_cycle_proxy,false,true,2026-06-25T05:22:11.730520Z
2022-05-09,US,95.065301,0.49347,authorized_macro_cycle_proxy,false,true,2026-06-25T05:22:11.730520Z
2022-05-09,OECD_TOTAL,95.065301,0.49347,authorized_macro_cycle_proxy,false,true,2026-06-25T05:22:11.730520Z
2022-05-09,G20,95.065301,0.49347,authorized_macro_cycle_proxy,false,true,2026-06-25T05:22:11.730520Z
2022-05-09,JP,95.065301,0.49347,authorized_macro_cycle_proxy,false,true,2026-06-25T05:22:11.730520Z
2022-05-09,EURO_AREA,95.065301,0.49347,authorized_macro_cycle_proxy,false,true,2026-06-25T05:22:11.730520Z
2022-05-10,CN,95.477879,0.452212,authorized_macro_cycle_proxy,false,true,2026-06-25T05:22:11.730520Z
2022-05-10,US,95.477879,0.452212,authorized_macro_cycle_proxy,false,true,2026-06-25T05:22:11.730520Z
2022-05-10,OECD_TOTAL,95.477879,0.452212,authorized_macro_cycle_proxy,false,true,2026-06-25T05:22:11.730520Z
2022-05-10,G20,95.477879,0.452212,authorized_macro_cycle_proxy,false,true,2026-06-25T05:22:11.730520Z
2022-05-10,JP,95.477879,0.452212,authorized_macro_cycle_proxy,false,true,2026-06-25T05:22:11.730520Z
2022-05-10,EURO_AREA,95.477879,0.452212,authorized_macro_cycle_proxy,false,true,2026-06-25T05:22:11.730520Z
2022-05-11,CN,95.576964,0.442304,authorized_macro_cycle_proxy,false,true,2026-06-25T05:22:11.730520Z
2022-05-11,US,95.576964,0.442304,authorized_macro_cycle_proxy,false,true,2026-06-25T05:22:11.730520Z
2022-05-11,OECD_TOTAL,95.576964,0.442304,authorized_macro_cycle_proxy,false,true,2026-06-25T05:22:11.730520Z
2022-05-11,G20,95.576964,0.442304,authorized_macro_cycle_proxy,false,true,2026-06-25T05:22:11.730520Z
2022-05-11,JP,95.576964,0.442304,authorized_macro_cycle_proxy,false,true,2026-06-25T05:22:11.730520Z
2022-05-11,EURO_AREA,95.576964,0.442304,authorized_macro_cycle_proxy,false,true,2026-06-25T05:22:11.730520Z
2022-05-12,CN,95.608484,0.439152,authorized_macro_cycle_proxy,false,true,2026-06-25T05:22:11.730520Z
2022-05-12,US,95.608484,0.439152,authorized_macro_cycle_proxy,false,true,2026-06-25T05:22:11.730520Z
2022-05-12,OECD_TOTAL,95.608484,0.439152,authorized_macro_cycle_proxy,false,true,2026-06-25T05:22:11.730520Z
2022-05-12,G20,95.608484,0.439152,authorized_macro_cycle_proxy,false,true,2026-06-25T05:22:11.730520Z
2022-05-12,JP,95.608484,0.439152,authorized_macro_cycle_proxy,false,true,2026-06-25T05:22:11.730520Z
2022-05-12,EURO_AREA,95.608484,0.439152,authorized_macro_cycle_proxy,false,true,2026-06-25T05:22:11.730520Z
2022-05-13,CN,96.029054,0.397095,authorized_macro_cycle_proxy,false,true,2026-06-25T05:22:11.730520Z
2022-05-13,US,96.029054,0.397095,authorized_macro_cycle_proxy,false,true,2026-06-25T05:22:11.730520Z
2022-05-13,OECD_TOTAL,96.029054,0.397095,authorized_macro_cycle_proxy,false,true,2026-06-25T05:22:11.730520Z
2022-05-13,G20,96.029054,0.397095,authorized_macro_cycle_proxy,false,true,2026-06-25T05:22:11.730520Z
2022-05-13,JP,96.029054,0.397095,authorized_macro_cycle_proxy,false,true,2026-06-25T05:22:11.730520Z
2022-05-13,EURO_AREA,96.029054,0.397095,authorized_macro_cycle_proxy,false,true,2026-06-25T05:22:11.730520Z
2022-05-16,CN,96.05736,0.394264,authorized_macro_cycle_proxy,false,true,2026-06-25T05:22:11.730520Z
2022-05-16,US,96.05736,0.394264,authorized_macro_cycle_proxy,false,true,2026-06-25T05:22:11.730520Z
2022-05-16,OECD_TOTAL,96.05736,0.394264,authorized_macro_cycle_proxy,false,true,2026-06-25T05:22:11.730520Z
2022-05-16,G20,96.05736,0.394264,authorized_macro_cycle_proxy,false,true,2026-06-25T05:22:11.730520Z
2022-05-16,JP,96.05736,0.394264,authorized_macro_cycle_proxy,false,true,2026-06-25T05:22:11.730520Z
2022-05-16,EURO_AREA,96.05736,0.394264,authorized_macro_cycle_proxy,false,true,2026-06-25T05:22:11.730520Z
2022-05-17,CN,96.398394,0.360161,authorized_macro_cycle_proxy,false,true,2026-06-25T05:22:11.730520Z
2022-05-17,US,96.398394,0.360161,authorized_macro_cycle_proxy,false,true,2026-06-25T05:22:11.730520Z
2022-05-17,OECD_TOTAL,96.398394,0.360161,authorized_macro_cycle_proxy,false,true,2026-06-25T05:22:11.730520Z
2022-05-17,G20,96.398394,0.360161,authorized_macro_cycle_proxy,false,true,2026-06-25T05:22:11.730520Z
2022-05-17,JP,96.398394,0.360161,authorized_macro_cycle_proxy,false,true,2026-06-25T05:22:11.730520Z
2022-05-17,EURO_AREA,96.398394,0.360161,authorized_macro_cycle_proxy,false,true,2026-06-25T05:22:11.730520Z
2022-05-18,CN,95.728856,0.427114,authorized_macro_cycle_proxy,false,true,2026-06-25T05:22:11.730520Z
2022-05-18,US,95.728856,0.427114,authorized_macro_cycle_proxy,false,true,2026-06-25T05:22:11.730520Z
2022-05-18,OECD_TOTAL,95.728856,0.427114,authorized_macro_cycle_proxy,false,true,2026-06-25T05:22:11.730520Z
2022-05-18,G20,95.728856,0.427114,authorized_macro_cycle_proxy,false,true,2026-06-25T05:22:11.730520Z
2022-05-18,JP,95.728856,0.427114,authorized_macro_cycle_proxy,false,true,2026-06-25T05:22:11.730520Z
2022-05-18,EURO_AREA,95.728856,0.427114,authorized_macro_cycle_proxy,false,true,2026-06-25T05:22:11.730520Z
2022-05-19,CN,95.976384,0.402362,authorized_macro_cycle_proxy,false,true,2026-06-25T05:22:11.730520Z
2022-05-19,US,95.976384,0.402362,authorized_macro_cycle_proxy,false,true,2026-06-25T05:22:11.730520Z
2022-05-19,OECD_TOTAL,95.976384,0.402362,authorized_macro_cycle_proxy,false,true,2026-06-25T05:22:11.730520Z
2022-05-19,G20,95.976384,0.402362,authorized_macro_cycle_proxy,false,true,2026-06-25T05:22:11.730520Z
2022-05-19,JP,95.976384,0.402362,authorized_macro_cycle_proxy,false,true,2026-06-25T05:22:11.730520Z
2022-05-19,EURO_AREA,95.976384,0.402362,authorized_macro_cycle_proxy,false,true,2026-06-25T05:22:11.730520Z
2022-05-20,CN,96.084643,0.391536,authorized_macro_cycle_proxy,false,true,2026-06-25T05:22:11.730520Z
2022-05-20,US,96.084643,0.391536,authorized_macro_cycle_proxy,false,true,2026-06-25T05:22:11.730520Z
2022-05-20,OECD_TOTAL,96.084643,0.391536,authorized_macro_cycle_proxy,false,true,2026-06-25T05:22:11.730520Z
2022-05-20,G20,96.084643,0.391536,authorized_macro_cycle_proxy,false,true,2026-06-25T05:22:11.730520Z
2022-05-20,JP,96.084643,0.391536,authorized_macro_cycle_proxy,false,true,2026-06-25T05:22:11.730520Z
2022-05-20,EURO_AREA,96.084643,0.391536,authorized_macro_cycle_proxy,false,true,2026-06-25T05:22:11.730520Z
2022-05-23,CN,96.330342,0.366966,authorized_macro_cycle_proxy,false,true,2026-06-25T05:22:11.730520Z
2022-05-23,US,96.330342,0.366966,authorized_macro_cycle_proxy,false,true,2026-06-25T05:22:11.730520Z
2022-05-23,OECD_TOTAL,96.330342,0.366966,authorized_macro_cycle_proxy,false,true,2026-06-25T05:22:11.730520Z
2022-05-23,G20,96.330342,0.366966,authorized_macro_cycle_proxy,false,true,2026-06-25T05:22:11.730520Z
2022-05-23,JP,96.330342,0.366966,authorized_macro_cycle_proxy,false,true,2026-06-25T05:22:11.730520Z
2022-05-23,EURO_AREA,96.330342,0.366966,authorized_macro_cycle_proxy,false,true,2026-06-25T05:22:11.730520Z
2022-05-24,CN,96.215839,0.378416,authorized_macro_cycle_proxy,false,true,2026-06-25T05:22:11.730520Z
2022-05-24,US,96.215839,0.378416,authorized_macro_cycle_proxy,false,true,2026-06-25T05:22:11.730520Z
2022-05-24,OECD_TOTAL,96.215839,0.378416,authorized_macro_cycle_proxy,false,true,2026-06-25T05:22:11.730520Z
2022-05-24,G20,96.215839,0.378416,authorized_macro_cycle_proxy,false,true,2026-06-25T05:22:11.730520Z
2022-05-24,JP,96.215839,0.378416,authorized_macro_cycle_proxy,false,true,2026-06-25T05:22:11.730520Z
2022-05-24,EURO_AREA,96.215839,0.378416,authorized_macro_cycle_proxy,false,true,2026-06-25T05:22:11.730520Z
2022-05-25,CN,96.421329,0.357867,authorized_macro_cycle_proxy,false,true,2026-06-25T05:22:11.730520Z
2022-05-25,US,96.421329,0.357867,authorized_macro_cycle_proxy,false,true,2026-06-25T05:22:11.730520Z
2022-05-25,OECD_TOTAL,96.421329,0.357867,authorized_macro_cycle_proxy,false,true,2026-06-25T05:22:11.730520Z
2022-05-25,G20,96.421329,0.357867,authorized_macro_cycle_proxy,false,true,2026-06-25T05:22:11.730520Z
2022-05-25,JP,96.421329,0.357867,authorized_macro_cycle_proxy,false,true,2026-06-25T05:22:11.730520Z
2022-05-25,EURO_AREA,96.421329,0.357867,authorized_macro_cycle_proxy,false,true,2026-06-25T05:22:11.730520Z
2022-05-26,CN,96.393017,0.360698,authorized_macro_cycle_proxy,false,true,2026-06-25T05:22:11.730520Z
2022-05-26,US,96.393017,0.360698,authorized_macro_cycle_proxy,false,true,2026-06-25T05:22:11.730520Z
2022-05-26,OECD_TOTAL,96.393017,0.360698,authorized_macro_cycle_proxy,false,true,2026-06-25T05:22:11.730520Z
2022-05-26,G20,96.393017,0.360698,authorized_macro_cycle_proxy,false,true,2026-06-25T05:22:11.730520Z
2022-05-26,JP,96.393017,0.360698,authorized_macro_cycle_proxy,false,true,2026-06-25T05:22:11.730520Z
2022-05-26,EURO_AREA,96.393017,0.360698,authorized_macro_cycle_proxy,false,true,2026-06-25T05:22:11.730520Z
2022-05-27,CN,96.650378,0.334962,authorized_macro_cycle_proxy,false,true,2026-06-25T05:22:11.730520Z
2022-05-27,US,96.650378,0.334962,authorized_macro_cycle_proxy,false,true,2026-06-25T05:22:11.730520Z
2022-05-27,OECD_TOTAL,96.650378,0.334962,authorized_macro_cycle_proxy,false,true,2026-06-25T05:22:11.730520Z
2022-05-27,G20,96.650378,0.334962,authorized_macro_cycle_proxy,false,true,2026-06-25T05:22:11.730520Z
2022-05-27,JP,96.650378,0.334962,authorized_macro_cycle_proxy,false,true,2026-06-25T05:22:11.730520Z
2022-05-27,EURO_AREA,96.650378,0.334962,authorized_macro_cycle_proxy,false,true,2026-06-25T05:22:11.730520Z
2022-05-30,CN,96.632454,0.336755,authorized_macro_cycle_proxy,false,true,2026-06-25T05:22:11.730520Z
2022-05-30,US,96.632454,0.336755,authorized_macro_cycle_proxy,false,true,2026-06-25T05:22:11.730520Z
2022-05-30,OECD_TOTAL,96.632454,0.336755,authorized_macro_cycle_proxy,false,true,2026-06-25T05:22:11.730520Z
2022-05-30,G20,96.632454,0.336755,authorized_macro_cycle_proxy,false,true,2026-06-25T05:22:11.730520Z
2022-05-30,JP,96.632454,0.336755,authorized_macro_cycle_proxy,false,true,2026-06-25T05:22:11.730520Z
2022-05-30,EURO_AREA,96.632454,0.336755,authorized_macro_cycle_proxy,false,true,2026-06-25T05:22:11.730520Z
2022-05-31,CN,96.625275,0.337473,authorized_macro_cycle_proxy,false,true,2026-06-25T05:22:11.730520Z
2022-05-31,US,96.625275,0.337473,authorized_macro_cycle_proxy,false,true,2026-06-25T05:22:11.730520Z
2022-05-31,OECD_TOTAL,96.625275,0.337473,authorized_macro_cycle_proxy,false,true,2026-06-25T05:22:11.730520Z
2022-05-31,G20,96.625275,0.337473,authorized_macro_cycle_proxy,false,true,2026-06-25T05:22:11.730520Z
2022-05-31,JP,96.625275,0.337473,authorized_macro_cycle_proxy,false,true,2026-06-25T05:22:11.730520Z
2022-05-31,EURO_AREA,96.625275,0.337473,authorized_macro_cycle_proxy,false,true,2026-06-25T05:22:11.730520Z
2022-06-01,CN,96.622257,0.337774,authorized_macro_cycle_proxy,false,true,2026-06-25T05:22:11.730520Z
2022-06-01,US,96.622257,0.337774,authorized_macro_cycle_proxy,false,true,2026-06-25T05:22:11.730520Z
2022-06-01,OECD_TOTAL,96.622257,0.337774,authorized_macro_cycle_proxy,false,true,2026-06-25T05:22:11.730520Z
2022-06-01,G20,96.622257,0.337774,authorized_macro_cycle_proxy,false,true,2026-06-25T05:22:11.730520Z
2022-06-01,JP,96.622257,0.337774,authorized_macro_cycle_proxy,false,true,2026-06-25T05:22:11.730520Z
2022-06-01,EURO_AREA,96.622257,0.337774,authorized_macro_cycle_proxy,false,true,2026-06-25T05:22:11.730520Z
2022-06-02,CN,96.765057,0.323494,authorized_macro_cycle_proxy,false,true,2026-06-25T05:22:11.730520Z
2022-06-02,US,96.765057,0.323494,authorized_macro_cycle_proxy,false,true,2026-06-25T05:22:11.730520Z
2022-06-02,OECD_TOTAL,96.765057,0.323494,authorized_macro_cycle_proxy,false,true,2026-06-25T05:22:11.730520Z
2022-06-02,G20,96.765057,0.323494,authorized_macro_cycle_proxy,false,true,2026-06-25T05:22:11.730520Z
2022-06-02,JP,96.765057,0.323494,authorized_macro_cycle_proxy,false,true,2026-06-25T05:22:11.730520Z
2022-06-02,EURO_AREA,96.765057,0.323494,authorized_macro_cycle_proxy,false,true,2026-06-25T05:22:11.730520Z
2022-06-06,CN,96.626503,0.33735,authorized_macro_cycle_proxy,false,true,2026-06-25T05:22:11.730520Z
2022-06-06,US,96.626503,0.33735,authorized_macro_cycle_proxy,false,true,2026-06-25T05:22:11.730520Z
2022-06-06,OECD_TOTAL,96.626503,0.33735,authorized_macro_cycle_proxy,false,true,2026-06-25T05:22:11.730520Z
2022-06-06,G20,96.626503,0.33735,authorized_macro_cycle_proxy,false,true,2026-06-25T05:22:11.730520Z
2022-06-06,JP,96.626503,0.33735,authorized_macro_cycle_proxy,false,true,2026-06-25T05:22:11.730520Z
2022-06-06,EURO_AREA,96.626503,0.33735,authorized_macro_cycle_proxy,false,true,2026-06-25T05:22:11.730520Z
2022-06-07,CN,96.766003,0.3234,authorized_macro_cycle_proxy,false,true,2026-06-25T05:22:11.730520Z
2022-06-07,US,96.766003,0.3234,authorized_macro_cycle_proxy,false,true,2026-06-25T05:22:11.730520Z
2022-06-07,OECD_TOTAL,96.766003,0.3234,authorized_macro_cycle_proxy,false,true,2026-06-25T05:22:11.730520Z
2022-06-07,G20,96.766003,0.3234,authorized_macro_cycle_proxy,false,true,2026-06-25T05:22:11.730520Z
2022-06-07,JP,96.766003,0.3234,authorized_macro_cycle_proxy,false,true,2026-06-25T05:22:11.730520Z
2022-06-07,EURO_AREA,96.766003,0.3234,authorized_macro_cycle_proxy,false,true,2026-06-25T05:22:11.730520Z
2022-06-08,CN,96.671796,0.33282,authorized_macro_cycle_proxy,false,true,2026-06-25T05:22:11.730520Z
2022-06-08,US,96.671796,0.33282,authorized_macro_cycle_proxy,false,true,2026-06-25T05:22:11.730520Z
2022-06-08,OECD_TOTAL,96.671796,0.33282,authorized_macro_cycle_proxy,false,true,2026-06-25T05:22:11.730520Z
2022-06-08,G20,96.671796,0.33282,authorized_macro_cycle_proxy,false,true,2026-06-25T05:22:11.730520Z
2022-06-08,JP,96.671796,0.33282,authorized_macro_cycle_proxy,false,true,2026-06-25T05:22:11.730520Z
2022-06-08,EURO_AREA,96.671796,0.33282,authorized_macro_cycle_proxy,false,true,2026-06-25T05:22:11.730520Z
2022-06-09,CN,96.368828,0.363117,authorized_macro_cycle_proxy,false,true,2026-06-25T05:22:11.730520Z
2022-06-09,US,96.368828,0.363117,authorized_macro_cycle_proxy,false,true,2026-06-25T05:22:11.730520Z
2022-06-09,OECD_TOTAL,96.368828,0.363117,authorized_macro_cycle_proxy,false,true,2026-06-25T05:22:11.730520Z
2022-06-09,G20,96.368828,0.363117,authorized_macro_cycle_proxy,false,true,2026-06-25T05:22:11.730520Z
2022-06-09,JP,96.368828,0.363117,authorized_macro_cycle_proxy,false,true,2026-06-25T05:22:11.730520Z
2022-06-09,EURO_AREA,96.368828,0.363117,authorized_macro_cycle_proxy,false,true,2026-06-25T05:22:11.730520Z
2022-06-10,CN,96.098428,0.390157,authorized_macro_cycle_proxy,false,true,2026-06-25T05:22:11.730520Z
2022-06-10,US,96.098428,0.390157,authorized_macro_cycle_proxy,false,true,2026-06-25T05:22:11.730520Z
2022-06-10,OECD_TOTAL,96.098428,0.390157,authorized_macro_cycle_proxy,false,true,2026-06-25T05:22:11.730520Z
2022-06-10,G20,96.098428,0.390157,authorized_macro_cycle_proxy,false,true,2026-06-25T05:22:11.730520Z
2022-06-10,JP,96.098428,0.390157,authorized_macro_cycle_proxy,false,true,2026-06-25T05:22:11.730520Z
2022-06-10,EURO_AREA,96.098428,0.390157,authorized_macro_cycle_proxy,false,true,2026-06-25T05:22:11.730520Z
2022-06-13,CN,95.031682,0.496832,authorized_macro_cycle_proxy,false,true,2026-06-25T05:22:11.730520Z
2022-06-13,US,95.031682,0.496832,authorized_macro_cycle_proxy,false,true,2026-06-25T05:22:11.730520Z
2022-06-13,OECD_TOTAL,95.031682,0.496832,authorized_macro_cycle_proxy,false,true,2026-06-25T05:22:11.730520Z
2022-06-13,G20,95.031682,0.496832,authorized_macro_cycle_proxy,false,true,2026-06-25T05:22:11.730520Z
2022-06-13,JP,95.031682,0.496832,authorized_macro_cycle_proxy,false,true,2026-06-25T05:22:11.730520Z
2022-06-13,EURO_AREA,95.031682,0.496832,authorized_macro_cycle_proxy,false,true,2026-06-25T05:22:11.730520Z
2022-06-14,CN,95.219739,0.478026,authorized_macro_cycle_proxy,false,true,2026-06-25T05:22:11.730520Z
2022-06-14,US,95.219739,0.478026,authorized_macro_cycle_proxy,false,true,2026-06-25T05:22:11.730520Z
2022-06-14,OECD_TOTAL,95.219739,0.478026,authorized_macro_cycle_proxy,false,true,2026-06-25T05:22:11.730520Z
2022-06-14,G20,95.219739,0.478026,authorized_macro_cycle_proxy,false,true,2026-06-25T05:22:11.730520Z
2022-06-14,JP,95.219739,0.478026,authorized_macro_cycle_proxy,false,true,2026-06-25T05:22:11.730520Z
2022-06-14,EURO_AREA,95.219739,0.478026,authorized_macro_cycle_proxy,false,true,2026-06-25T05:22:11.730520Z
2022-06-15,CN,95.805111,0.419489,authorized_macro_cycle_proxy,false,true,2026-06-25T05:22:11.730520Z
2022-06-15,US,95.805111,0.419489,authorized_macro_cycle_proxy,false,true,2026-06-25T05:22:11.730520Z
2022-06-15,OECD_TOTAL,95.805111,0.419489,authorized_macro_cycle_proxy,false,true,2026-06-25T05:22:11.730520Z
2022-06-15,G20,95.805111,0.419489,authorized_macro_cycle_proxy,false,true,2026-06-25T05:22:11.730520Z
2022-06-15,JP,95.805111,0.419489,authorized_macro_cycle_proxy,false,true,2026-06-25T05:22:11.730520Z
2022-06-15,EURO_AREA,95.805111,0.419489,authorized_macro_cycle_proxy,false,true,2026-06-25T05:22:11.730520Z
2022-06-16,CN,95.345179,0.465482,authorized_macro_cycle_proxy,false,true,2026-06-25T05:22:11.730520Z
2022-06-16,US,95.345179,0.465482,authorized_macro_cycle_proxy,false,true,2026-06-25T05:22:11.730520Z
2022-06-16,OECD_TOTAL,95.345179,0.465482,authorized_macro_cycle_proxy,false,true,2026-06-25T05:22:11.730520Z
2022-06-16,G20,95.345179,0.465482,authorized_macro_cycle_proxy,false,true,2026-06-25T05:22:11.730520Z
2022-06-16,JP,95.345179,0.465482,authorized_macro_cycle_proxy,false,true,2026-06-25T05:22:11.730520Z
2022-06-16,EURO_AREA,95.345179,0.465482,authorized_macro_cycle_proxy,false,true,2026-06-25T05:22:11.730520Z
2022-06-17,CN,95.80605,0.419395,authorized_macro_cycle_proxy,false,true,2026-06-25T05:22:11.730520Z
2022-06-17,US,95.80605,0.419395,authorized_macro_cycle_proxy,false,true,2026-06-25T05:22:11.730520Z
2022-06-17,OECD_TOTAL,95.80605,0.419395,authorized_macro_cycle_proxy,false,true,2026-06-25T05:22:11.730520Z
2022-06-17,G20,95.80605,0.419395,authorized_macro_cycle_proxy,false,true,2026-06-25T05:22:11.730520Z
2022-06-17,JP,95.80605,0.419395,authorized_macro_cycle_proxy,false,true,2026-06-25T05:22:11.730520Z
2022-06-17,EURO_AREA,95.80605,0.419395,authorized_macro_cycle_proxy,false,true,2026-06-25T05:22:11.730520Z
2022-06-20,CN,95.83505,0.416495,authorized_macro_cycle_proxy,false,true,2026-06-25T05:22:11.730520Z
2022-06-20,US,95.83505,0.416495,authorized_macro_cycle_proxy,false,true,2026-06-25T05:22:11.730520Z
2022-06-20,OECD_TOTAL,95.83505,0.416495,authorized_macro_cycle_proxy,false,true,2026-06-25T05:22:11.730520Z
2022-06-20,G20,95.83505,0.416495,authorized_macro_cycle_proxy,false,true,2026-06-25T05:22:11.730520Z
2022-06-20,JP,95.83505,0.416495,authorized_macro_cycle_proxy,false,true,2026-06-25T05:22:11.730520Z
2022-06-20,EURO_AREA,95.83505,0.416495,authorized_macro_cycle_proxy,false,true,2026-06-25T05:22:11.730520Z
2022-06-21,CN,95.899043,0.410096,authorized_macro_cycle_proxy,false,true,2026-06-25T05:22:11.730520Z
2022-06-21,US,95.899043,0.410096,authorized_macro_cycle_proxy,false,true,2026-06-25T05:22:11.730520Z
2022-06-21,OECD_TOTAL,95.899043,0.410096,authorized_macro_cycle_proxy,false,true,2026-06-25T05:22:11.730520Z
2022-06-21,G20,95.899043,0.410096,authorized_macro_cycle_proxy,false,true,2026-06-25T05:22:11.730520Z
2022-06-21,JP,95.899043,0.410096,authorized_macro_cycle_proxy,false,true,2026-06-25T05:22:11.730520Z
2022-06-21,EURO_AREA,95.899043,0.410096,authorized_macro_cycle_proxy,false,true,2026-06-25T05:22:11.730520Z
2022-06-22,CN,96.227839,0.377216,authorized_macro_cycle_proxy,false,true,2026-06-25T05:22:11.730520Z
2022-06-22,US,96.227839,0.377216,authorized_macro_cycle_proxy,false,true,2026-06-25T05:22:11.730520Z
2022-06-22,OECD_TOTAL,96.227839,0.377216,authorized_macro_cycle_proxy,false,true,2026-06-25T05:22:11.730520Z
2022-06-22,G20,96.227839,0.377216,authorized_macro_cycle_proxy,false,true,2026-06-25T05:22:11.730520Z
2022-06-22,JP,96.227839,0.377216,authorized_macro_cycle_proxy,false,true,2026-06-25T05:22:11.730520Z
2022-06-22,EURO_AREA,96.227839,0.377216,authorized_macro_cycle_proxy,false,true,2026-06-25T05:22:11.730520Z
2022-06-23,CN,96.303732,0.369627,authorized_macro_cycle_proxy,false,true,2026-06-25T05:22:11.730520Z
2022-06-23,US,96.303732,0.369627,authorized_macro_cycle_proxy,false,true,2026-06-25T05:22:11.730520Z
2022-06-23,OECD_TOTAL,96.303732,0.369627,authorized_macro_cycle_proxy,false,true,2026-06-25T05:22:11.730520Z
2022-06-23,G20,96.303732,0.369627,authorized_macro_cycle_proxy,false,true,2026-06-25T05:22:11.730520Z
2022-06-23,JP,96.303732,0.369627,authorized_macro_cycle_proxy,false,true,2026-06-25T05:22:11.730520Z
2022-06-23,EURO_AREA,96.303732,0.369627,authorized_macro_cycle_proxy,false,true,2026-06-25T05:22:11.730520Z
2022-06-24,CN,96.458246,0.354175,authorized_macro_cycle_proxy,false,true,2026-06-25T05:22:11.730520Z
2022-06-24,US,96.458246,0.354175,authorized_macro_cycle_proxy,false,true,2026-06-25T05:22:11.730520Z
2022-06-24,OECD_TOTAL,96.458246,0.354175,authorized_macro_cycle_proxy,false,true,2026-06-25T05:22:11.730520Z
2022-06-24,G20,96.458246,0.354175,authorized_macro_cycle_proxy,false,true,2026-06-25T05:22:11.730520Z
2022-06-24,JP,96.458246,0.354175,authorized_macro_cycle_proxy,false,true,2026-06-25T05:22:11.730520Z
2022-06-24,EURO_AREA,96.458246,0.354175,authorized_macro_cycle_proxy,false,true,2026-06-25T05:22:11.730520Z
2022-06-27,CN,96.429411,0.357059,authorized_macro_cycle_proxy,false,true,2026-06-25T05:22:11.730520Z
2022-06-27,US,96.429411,0.357059,authorized_macro_cycle_proxy,false,true,2026-06-25T05:22:11.730520Z
2022-06-27,OECD_TOTAL,96.429411,0.357059,authorized_macro_cycle_proxy,false,true,2026-06-25T05:22:11.730520Z
2022-06-27,G20,96.429411,0.357059,authorized_macro_cycle_proxy,false,true,2026-06-25T05:22:11.730520Z
2022-06-27,JP,96.429411,0.357059,authorized_macro_cycle_proxy,false,true,2026-06-25T05:22:11.730520Z
2022-06-27,EURO_AREA,96.429411,0.357059,authorized_macro_cycle_proxy,false,true,2026-06-25T05:22:11.730520Z
2022-06-28,CN,96.158332,0.384167,authorized_macro_cycle_proxy,false,true,2026-06-25T05:22:11.730520Z
2022-06-28,US,96.158332,0.384167,authorized_macro_cycle_proxy,false,true,2026-06-25T05:22:11.730520Z
2022-06-28,OECD_TOTAL,96.158332,0.384167,authorized_macro_cycle_proxy,false,true,2026-06-25T05:22:11.730520Z
2022-06-28,G20,96.158332,0.384167,authorized_macro_cycle_proxy,false,true,2026-06-25T05:22:11.730520Z
2022-06-28,JP,96.158332,0.384167,authorized_macro_cycle_proxy,false,true,2026-06-25T05:22:11.730520Z
2022-06-28,EURO_AREA,96.158332,0.384167,authorized_macro_cycle_proxy,false,true,2026-06-25T05:22:11.730520Z
2022-06-29,CN,96.294636,0.370536,authorized_macro_cycle_proxy,false,true,2026-06-25T05:22:11.730520Z
2022-06-29,US,96.294636,0.370536,authorized_macro_cycle_proxy,false,true,2026-06-25T05:22:11.730520Z
2022-06-29,OECD_TOTAL,96.294636,0.370536,authorized_macro_cycle_proxy,false,true,2026-06-25T05:22:11.730520Z
2022-06-29,G20,96.294636,0.370536,authorized_macro_cycle_proxy,false,true,2026-06-25T05:22:11.730520Z
2022-06-29,JP,96.294636,0.370536,authorized_macro_cycle_proxy,false,true,2026-06-25T05:22:11.730520Z
2022-06-29,EURO_AREA,96.294636,0.370536,authorized_macro_cycle_proxy,false,true,2026-06-25T05:22:11.730520Z
2022-06-30,CN,96.366278,0.363372,authorized_macro_cycle_proxy,false,true,2026-06-25T05:22:11.730520Z
2022-06-30,US,96.366278,0.363372,authorized_macro_cycle_proxy,false,true,2026-06-25T05:22:11.730520Z
2022-06-30,OECD_TOTAL,96.366278,0.363372,authorized_macro_cycle_proxy,false,true,2026-06-25T05:22:11.730520Z
2022-06-30,G20,96.366278,0.363372,authorized_macro_cycle_proxy,false,true,2026-06-25T05:22:11.730520Z
2022-06-30,JP,96.366278,0.363372,authorized_macro_cycle_proxy,false,true,2026-06-25T05:22:11.730520Z
2022-06-30,EURO_AREA,96.366278,0.363372,authorized_macro_cycle_proxy,false,true,2026-06-25T05:22:11.730520Z
2022-07-01,CN,96.631964,0.336804,authorized_macro_cycle_proxy,false,true,2026-06-25T05:22:11.730520Z
2022-07-01,US,96.631964,0.336804,authorized_macro_cycle_proxy,false,true,2026-06-25T05:22:11.730520Z
2022-07-01,OECD_TOTAL,96.631964,0.336804,authorized_macro_cycle_proxy,false,true,2026-06-25T05:22:11.730520Z
2022-07-01,G20,96.631964,0.336804,authorized_macro_cycle_proxy,false,true,2026-06-25T05:22:11.730520Z
2022-07-01,JP,96.631964,0.336804,authorized_macro_cycle_proxy,false,true,2026-06-25T05:22:11.730520Z
2022-07-01,EURO_AREA,96.631964,0.336804,authorized_macro_cycle_proxy,false,true,2026-06-25T05:22:11.730520Z
2022-07-04,CN,96.515265,0.348474,authorized_macro_cycle_proxy,false,true,2026-06-25T05:22:11.730520Z
2022-07-04,US,96.515265,0.348474,authorized_macro_cycle_proxy,false,true,2026-06-25T05:22:11.730520Z
2022-07-04,OECD_TOTAL,96.515265,0.348474,authorized_macro_cycle_proxy,false,true,2026-06-25T05:22:11.730520Z
2022-07-04,G20,96.515265,0.348474,authorized_macro_cycle_proxy,false,true,2026-06-25T05:22:11.730520Z
2022-07-04,JP,96.515265,0.348474,authorized_macro_cycle_proxy,false,true,2026-06-25T05:22:11.730520Z
2022-07-04,EURO_AREA,96.515265,0.348474,authorized_macro_cycle_proxy,false,true,2026-06-25T05:22:11.730520Z
2022-07-05,CN,96.719971,0.328003,authorized_macro_cycle_proxy,false,true,2026-06-25T05:22:11.730520Z
2022-07-05,US,96.719971,0.328003,authorized_macro_cycle_proxy,false,true,2026-06-25T05:22:11.730520Z
2022-07-05,OECD_TOTAL,96.719971,0.328003,authorized_macro_cycle_proxy,false,true,2026-06-25T05:22:11.730520Z
2022-07-05,G20,96.719971,0.328003,authorized_macro_cycle_proxy,false,true,2026-06-25T05:22:11.730520Z
2022-07-05,JP,96.719971,0.328003,authorized_macro_cycle_proxy,false,true,2026-06-25T05:22:11.730520Z
2022-07-05,EURO_AREA,96.719971,0.328003,authorized_macro_cycle_proxy,false,true,2026-06-25T05:22:11.730520Z
2022-07-06,CN,96.817532,0.318247,authorized_macro_cycle_proxy,false,true,2026-06-25T05:22:11.730520Z
2022-07-06,US,96.817532,0.318247,authorized_macro_cycle_proxy,false,true,2026-06-25T05:22:11.730520Z
2022-07-06,OECD_TOTAL,96.817532,0.318247,authorized_macro_cycle_proxy,false,true,2026-06-25T05:22:11.730520Z
2022-07-06,G20,96.817532,0.318247,authorized_macro_cycle_proxy,false,true,2026-06-25T05:22:11.730520Z
2022-07-06,JP,96.817532,0.318247,authorized_macro_cycle_proxy,false,true,2026-06-25T05:22:11.730520Z
2022-07-06,EURO_AREA,96.817532,0.318247,authorized_macro_cycle_proxy,false,true,2026-06-25T05:22:11.730520Z
2022-07-07,CN,96.778532,0.322147,authorized_macro_cycle_proxy,false,true,2026-06-25T05:22:11.730520Z
2022-07-07,US,96.778532,0.322147,authorized_macro_cycle_proxy,false,true,2026-06-25T05:22:11.730520Z
2022-07-07,OECD_TOTAL,96.778532,0.322147,authorized_macro_cycle_proxy,false,true,2026-06-25T05:22:11.730520Z
2022-07-07,G20,96.778532,0.322147,authorized_macro_cycle_proxy,false,true,2026-06-25T05:22:11.730520Z
2022-07-07,JP,96.778532,0.322147,authorized_macro_cycle_proxy,false,true,2026-06-25T05:22:11.730520Z
2022-07-07,EURO_AREA,96.778532,0.322147,authorized_macro_cycle_proxy,false,true,2026-06-25T05:22:11.730520Z
2022-07-08,CN,96.889489,0.311051,authorized_macro_cycle_proxy,false,true,2026-06-25T05:22:11.730520Z
2022-07-08,US,96.889489,0.311051,authorized_macro_cycle_proxy,false,true,2026-06-25T05:22:11.730520Z
2022-07-08,OECD_TOTAL,96.889489,0.311051,authorized_macro_cycle_proxy,false,true,2026-06-25T05:22:11.730520Z
2022-07-08,G20,96.889489,0.311051,authorized_macro_cycle_proxy,false,true,2026-06-25T05:22:11.730520Z
2022-07-08,JP,96.889489,0.311051,authorized_macro_cycle_proxy,false,true,2026-06-25T05:22:11.730520Z
2022-07-08,EURO_AREA,96.889489,0.311051,authorized_macro_cycle_proxy,false,true,2026-06-25T05:22:11.730520Z
2022-07-11,CN,96.724415,0.327559,authorized_macro_cycle_proxy,false,true,2026-06-25T05:22:11.730520Z
2022-07-11,US,96.724415,0.327559,authorized_macro_cycle_proxy,false,true,2026-06-25T05:22:11.730520Z
2022-07-11,OECD_TOTAL,96.724415,0.327559,authorized_macro_cycle_proxy,false,true,2026-06-25T05:22:11.730520Z
2022-07-11,G20,96.724415,0.327559,authorized_macro_cycle_proxy,false,true,2026-06-25T05:22:11.730520Z
2022-07-11,JP,96.724415,0.327559,authorized_macro_cycle_proxy,false,true,2026-06-25T05:22:11.730520Z
2022-07-11,EURO_AREA,96.724415,0.327559,authorized_macro_cycle_proxy,false,true,2026-06-25T05:22:11.730520Z
2022-07-12,CN,96.753275,0.324672,authorized_macro_cycle_proxy,false,true,2026-06-25T05:22:11.730520Z
2022-07-12,US,96.753275,0.324672,authorized_macro_cycle_proxy,false,true,2026-06-25T05:22:11.730520Z
2022-07-12,OECD_TOTAL,96.753275,0.324672,authorized_macro_cycle_proxy,false,true,2026-06-25T05:22:11.730520Z
2022-07-12,G20,96.753275,0.324672,authorized_macro_cycle_proxy,false,true,2026-06-25T05:22:11.730520Z
2022-07-12,JP,96.753275,0.324672,authorized_macro_cycle_proxy,false,true,2026-06-25T05:22:11.730520Z
2022-07-12,EURO_AREA,96.753275,0.324672,authorized_macro_cycle_proxy,false,true,2026-06-25T05:22:11.730520Z
2022-07-13,CN,96.843343,0.315666,authorized_macro_cycle_proxy,false,true,2026-06-25T05:22:11.730520Z
2022-07-13,US,96.843343,0.315666,authorized_macro_cycle_proxy,false,true,2026-06-25T05:22:11.730520Z
2022-07-13,OECD_TOTAL,96.843343,0.315666,authorized_macro_cycle_proxy,false,true,2026-06-25T05:22:11.730520Z
2022-07-13,G20,96.843343,0.315666,authorized_macro_cycle_proxy,false,true,2026-06-25T05:22:11.730520Z
2022-07-13,JP,96.843343,0.315666,authorized_macro_cycle_proxy,false,true,2026-06-25T05:22:11.730520Z
2022-07-13,EURO_AREA,96.843343,0.315666,authorized_macro_cycle_proxy,false,true,2026-06-25T05:22:11.730520Z
2022-07-14,CN,96.838286,0.316171,authorized_macro_cycle_proxy,false,true,2026-06-25T05:22:11.730520Z
2022-07-14,US,96.838286,0.316171,authorized_macro_cycle_proxy,false,true,2026-06-25T05:22:11.730520Z
2022-07-14,OECD_TOTAL,96.838286,0.316171,authorized_macro_cycle_proxy,false,true,2026-06-25T05:22:11.730520Z
2022-07-14,G20,96.838286,0.316171,authorized_macro_cycle_proxy,false,true,2026-06-25T05:22:11.730520Z
2022-07-14,JP,96.838286,0.316171,authorized_macro_cycle_proxy,false,true,2026-06-25T05:22:11.730520Z
2022-07-14,EURO_AREA,96.838286,0.316171,authorized_macro_cycle_proxy,false,true,2026-06-25T05:22:11.730520Z
2022-07-15,CN,97.11668,0.288332,authorized_macro_cycle_proxy,false,true,2026-06-25T05:22:11.730520Z
2022-07-15,US,97.11668,0.288332,authorized_macro_cycle_proxy,false,true,2026-06-25T05:22:11.730520Z
2022-07-15,OECD_TOTAL,97.11668,0.288332,authorized_macro_cycle_proxy,false,true,2026-06-25T05:22:11.730520Z
2022-07-15,G20,97.11668,0.288332,authorized_macro_cycle_proxy,false,true,2026-06-25T05:22:11.730520Z
2022-07-15,JP,97.11668,0.288332,authorized_macro_cycle_proxy,false,true,2026-06-25T05:22:11.730520Z
2022-07-15,EURO_AREA,97.11668,0.288332,authorized_macro_cycle_proxy,false,true,2026-06-25T05:22:11.730520Z
2022-07-18,CN,96.845089,0.315491,authorized_macro_cycle_proxy,false,true,2026-06-25T05:22:11.730520Z
2022-07-18,US,96.845089,0.315491,authorized_macro_cycle_proxy,false,true,2026-06-25T05:22:11.730520Z
2022-07-18,OECD_TOTAL,96.845089,0.315491,authorized_macro_cycle_proxy,false,true,2026-06-25T05:22:11.730520Z
2022-07-18,G20,96.845089,0.315491,authorized_macro_cycle_proxy,false,true,2026-06-25T05:22:11.730520Z
2022-07-18,JP,96.845089,0.315491,authorized_macro_cycle_proxy,false,true,2026-06-25T05:22:11.730520Z
2022-07-18,EURO_AREA,96.845089,0.315491,authorized_macro_cycle_proxy,false,true,2026-06-25T05:22:11.730520Z
2022-07-19,CN,96.844821,0.315518,authorized_macro_cycle_proxy,false,true,2026-06-25T05:22:11.730520Z
2022-07-19,US,96.844821,0.315518,authorized_macro_cycle_proxy,false,true,2026-06-25T05:22:11.730520Z
2022-07-19,OECD_TOTAL,96.844821,0.315518,authorized_macro_cycle_proxy,false,true,2026-06-25T05:22:11.730520Z
2022-07-19,G20,96.844821,0.315518,authorized_macro_cycle_proxy,false,true,2026-06-25T05:22:11.730520Z
2022-07-19,JP,96.844821,0.315518,authorized_macro_cycle_proxy,false,true,2026-06-25T05:22:11.730520Z
2022-07-19,EURO_AREA,96.844821,0.315518,authorized_macro_cycle_proxy,false,true,2026-06-25T05:22:11.730520Z
2022-07-20,CN,96.971149,0.302885,authorized_macro_cycle_proxy,false,true,2026-06-25T05:22:11.730520Z
2022-07-20,US,96.971149,0.302885,authorized_macro_cycle_proxy,false,true,2026-06-25T05:22:11.730520Z
2022-07-20,OECD_TOTAL,96.971149,0.302885,authorized_macro_cycle_proxy,false,true,2026-06-25T05:22:11.730520Z
2022-07-20,G20,96.971149,0.302885,authorized_macro_cycle_proxy,false,true,2026-06-25T05:22:11.730520Z
2022-07-20,JP,96.971149,0.302885,authorized_macro_cycle_proxy,false,true,2026-06-25T05:22:11.730520Z
2022-07-20,EURO_AREA,96.971149,0.302885,authorized_macro_cycle_proxy,false,true,2026-06-25T05:22:11.730520Z
2022-07-21,CN,97.262255,0.273775,authorized_macro_cycle_proxy,false,true,2026-06-25T05:22:11.730520Z
2022-07-21,US,97.262255,0.273775,authorized_macro_cycle_proxy,false,true,2026-06-25T05:22:11.730520Z
2022-07-21,OECD_TOTAL,97.262255,0.273775,authorized_macro_cycle_proxy,false,true,2026-06-25T05:22:11.730520Z
2022-07-21,G20,97.262255,0.273775,authorized_macro_cycle_proxy,false,true,2026-06-25T05:22:11.730520Z
2022-07-21,JP,97.262255,0.273775,authorized_macro_cycle_proxy,false,true,2026-06-25T05:22:11.730520Z
2022-07-21,EURO_AREA,97.262255,0.273775,authorized_macro_cycle_proxy,false,true,2026-06-25T05:22:11.730520Z
2022-07-22,CN,97.299281,0.270072,authorized_macro_cycle_proxy,false,true,2026-06-25T05:22:11.730520Z
2022-07-22,US,97.299281,0.270072,authorized_macro_cycle_proxy,false,true,2026-06-25T05:22:11.730520Z
2022-07-22,OECD_TOTAL,97.299281,0.270072,authorized_macro_cycle_proxy,false,true,2026-06-25T05:22:11.730520Z
2022-07-22,G20,97.299281,0.270072,authorized_macro_cycle_proxy,false,true,2026-06-25T05:22:11.730520Z
2022-07-22,JP,97.299281,0.270072,authorized_macro_cycle_proxy,false,true,2026-06-25T05:22:11.730520Z
2022-07-22,EURO_AREA,97.299281,0.270072,authorized_macro_cycle_proxy,false,true,2026-06-25T05:22:11.730520Z
2022-07-25,CN,97.134806,0.286519,authorized_macro_cycle_proxy,false,true,2026-06-25T05:22:11.730520Z
2022-07-25,US,97.134806,0.286519,authorized_macro_cycle_proxy,false,true,2026-06-25T05:22:11.730520Z
2022-07-25,OECD_TOTAL,97.134806,0.286519,authorized_macro_cycle_proxy,false,true,2026-06-25T05:22:11.730520Z
2022-07-25,G20,97.134806,0.286519,authorized_macro_cycle_proxy,false,true,2026-06-25T05:22:11.730520Z
2022-07-25,JP,97.134806,0.286519,authorized_macro_cycle_proxy,false,true,2026-06-25T05:22:11.730520Z
2022-07-25,EURO_AREA,97.134806,0.286519,authorized_macro_cycle_proxy,false,true,2026-06-25T05:22:11.730520Z
2022-07-26,CN,96.971687,0.302831,authorized_macro_cycle_proxy,false,true,2026-06-25T05:22:11.730520Z
2022-07-26,US,96.971687,0.302831,authorized_macro_cycle_proxy,false,true,2026-06-25T05:22:11.730520Z
2022-07-26,OECD_TOTAL,96.971687,0.302831,authorized_macro_cycle_proxy,false,true,2026-06-25T05:22:11.730520Z
2022-07-26,G20,96.971687,0.302831,authorized_macro_cycle_proxy,false,true,2026-06-25T05:22:11.730520Z
2022-07-26,JP,96.971687,0.302831,authorized_macro_cycle_proxy,false,true,2026-06-25T05:22:11.730520Z
2022-07-26,EURO_AREA,96.971687,0.302831,authorized_macro_cycle_proxy,false,true,2026-06-25T05:22:11.730520Z
2022-07-27,CN,97.093181,0.290682,authorized_macro_cycle_proxy,false,true,2026-06-25T05:22:11.730520Z
2022-07-27,US,97.093181,0.290682,authorized_macro_cycle_proxy,false,true,2026-06-25T05:22:11.730520Z
2022-07-27,OECD_TOTAL,97.093181,0.290682,authorized_macro_cycle_proxy,false,true,2026-06-25T05:22:11.730520Z
2022-07-27,G20,97.093181,0.290682,authorized_macro_cycle_proxy,false,true,2026-06-25T05:22:11.730520Z
2022-07-27,JP,97.093181,0.290682,authorized_macro_cycle_proxy,false,true,2026-06-25T05:22:11.730520Z
2022-07-27,EURO_AREA,97.093181,0.290682,authorized_macro_cycle_proxy,false,true,2026-06-25T05:22:11.730520Z
2022-07-28,CN,97.346451,0.265355,authorized_macro_cycle_proxy,false,true,2026-06-25T05:22:11.730520Z
2022-07-28,US,97.346451,0.265355,authorized_macro_cycle_proxy,false,true,2026-06-25T05:22:11.730520Z
2022-07-28,OECD_TOTAL,97.346451,0.265355,authorized_macro_cycle_proxy,false,true,2026-06-25T05:22:11.730520Z
2022-07-28,G20,97.346451,0.265355,authorized_macro_cycle_proxy,false,true,2026-06-25T05:22:11.730520Z
2022-07-28,JP,97.346451,0.265355,authorized_macro_cycle_proxy,false,true,2026-06-25T05:22:11.730520Z
2022-07-28,EURO_AREA,97.346451,0.265355,authorized_macro_cycle_proxy,false,true,2026-06-25T05:22:11.730520Z
2022-07-29,CN,97.342016,0.265798,authorized_macro_cycle_proxy,false,true,2026-06-25T05:22:11.730520Z
2022-07-29,US,97.342016,0.265798,authorized_macro_cycle_proxy,false,true,2026-06-25T05:22:11.730520Z
2022-07-29,OECD_TOTAL,97.342016,0.265798,authorized_macro_cycle_proxy,false,true,2026-06-25T05:22:11.730520Z
2022-07-29,G20,97.342016,0.265798,authorized_macro_cycle_proxy,false,true,2026-06-25T05:22:11.730520Z
2022-07-29,JP,97.342016,0.265798,authorized_macro_cycle_proxy,false,true,2026-06-25T05:22:11.730520Z
2022-07-29,EURO_AREA,97.342016,0.265798,authorized_macro_cycle_proxy,false,true,2026-06-25T05:22:11.730520Z
2022-08-01,CN,97.258449,0.274155,authorized_macro_cycle_proxy,false,true,2026-06-25T05:22:11.730520Z
2022-08-01,US,97.258449,0.274155,authorized_macro_cycle_proxy,false,true,2026-06-25T05:22:11.730520Z
2022-08-01,OECD_TOTAL,97.258449,0.274155,authorized_macro_cycle_proxy,false,true,2026-06-25T05:22:11.730520Z
2022-08-01,G20,97.258449,0.274155,authorized_macro_cycle_proxy,false,true,2026-06-25T05:22:11.730520Z
2022-08-01,JP,97.258449,0.274155,authorized_macro_cycle_proxy,false,true,2026-06-25T05:22:11.730520Z
2022-08-01,EURO_AREA,97.258449,0.274155,authorized_macro_cycle_proxy,false,true,2026-06-25T05:22:11.730520Z
2022-08-02,CN,96.937625,0.306237,authorized_macro_cycle_proxy,false,true,2026-06-25T05:22:11.730520Z
2022-08-02,US,96.937625,0.306237,authorized_macro_cycle_proxy,false,true,2026-06-25T05:22:11.730520Z
2022-08-02,OECD_TOTAL,96.937625,0.306237,authorized_macro_cycle_proxy,false,true,2026-06-25T05:22:11.730520Z
2022-08-02,G20,96.937625,0.306237,authorized_macro_cycle_proxy,false,true,2026-06-25T05:22:11.730520Z
2022-08-02,JP,96.937625,0.306237,authorized_macro_cycle_proxy,false,true,2026-06-25T05:22:11.730520Z
2022-08-02,EURO_AREA,96.937625,0.306237,authorized_macro_cycle_proxy,false,true,2026-06-25T05:22:11.730520Z
2022-08-03,CN,97.251205,0.274879,authorized_macro_cycle_proxy,false,true,2026-06-25T05:22:11.730520Z
2022-08-03,US,97.251205,0.274879,authorized_macro_cycle_proxy,false,true,2026-06-25T05:22:11.730520Z
2022-08-03,OECD_TOTAL,97.251205,0.274879,authorized_macro_cycle_proxy,false,true,2026-06-25T05:22:11.730520Z
2022-08-03,G20,97.251205,0.274879,authorized_macro_cycle_proxy,false,true,2026-06-25T05:22:11.730520Z
2022-08-03,JP,97.251205,0.274879,authorized_macro_cycle_proxy,false,true,2026-06-25T05:22:11.730520Z
2022-08-03,EURO_AREA,97.251205,0.274879,authorized_macro_cycle_proxy,false,true,2026-06-25T05:22:11.730520Z
2022-08-04,CN,97.511107,0.248889,authorized_macro_cycle_proxy,false,true,2026-06-25T05:22:11.730520Z
2022-08-04,US,97.511107,0.248889,authorized_macro_cycle_proxy,false,true,2026-06-25T05:22:11.730520Z
2022-08-04,OECD_TOTAL,97.511107,0.248889,authorized_macro_cycle_proxy,false,true,2026-06-25T05:22:11.730520Z
2022-08-04,G20,97.511107,0.248889,authorized_macro_cycle_proxy,false,true,2026-06-25T05:22:11.730520Z
2022-08-04,JP,97.511107,0.248889,authorized_macro_cycle_proxy,false,true,2026-06-25T05:22:11.730520Z
2022-08-04,EURO_AREA,97.511107,0.248889,authorized_macro_cycle_proxy,false,true,2026-06-25T05:22:11.730520Z
2022-08-05,CN,97.497402,0.25026,authorized_macro_cycle_proxy,false,true,2026-06-25T05:22:11.730520Z
2022-08-05,US,97.497402,0.25026,authorized_macro_cycle_proxy,false,true,2026-06-25T05:22:11.730520Z
2022-08-05,OECD_TOTAL,97.497402,0.25026,authorized_macro_cycle_proxy,false,true,2026-06-25T05:22:11.730520Z
2022-08-05,G20,97.497402,0.25026,authorized_macro_cycle_proxy,false,true,2026-06-25T05:22:11.730520Z
2022-08-05,JP,97.497402,0.25026,authorized_macro_cycle_proxy,false,true,2026-06-25T05:22:11.730520Z
2022-08-05,EURO_AREA,97.497402,0.25026,authorized_macro_cycle_proxy,false,true,2026-06-25T05:22:11.730520Z
2022-08-08,CN,97.480158,0.251984,authorized_macro_cycle_proxy,false,true,2026-06-25T05:22:11.730520Z
2022-08-08,US,97.480158,0.251984,authorized_macro_cycle_proxy,false,true,2026-06-25T05:22:11.730520Z
2022-08-08,OECD_TOTAL,97.480158,0.251984,authorized_macro_cycle_proxy,false,true,2026-06-25T05:22:11.730520Z
2022-08-08,G20,97.480158,0.251984,authorized_macro_cycle_proxy,false,true,2026-06-25T05:22:11.730520Z
2022-08-08,JP,97.480158,0.251984,authorized_macro_cycle_proxy,false,true,2026-06-25T05:22:11.730520Z
2022-08-08,EURO_AREA,97.480158,0.251984,authorized_macro_cycle_proxy,false,true,2026-06-25T05:22:11.730520Z
2022-08-09,CN,97.480552,0.251945,authorized_macro_cycle_proxy,false,true,2026-06-25T05:22:11.730520Z
2022-08-09,US,97.480552,0.251945,authorized_macro_cycle_proxy,false,true,2026-06-25T05:22:11.730520Z
2022-08-09,OECD_TOTAL,97.480552,0.251945,authorized_macro_cycle_proxy,false,true,2026-06-25T05:22:11.730520Z
2022-08-09,G20,97.480552,0.251945,authorized_macro_cycle_proxy,false,true,2026-06-25T05:22:11.730520Z
2022-08-09,JP,97.480552,0.251945,authorized_macro_cycle_proxy,false,true,2026-06-25T05:22:11.730520Z
2022-08-09,EURO_AREA,97.480552,0.251945,authorized_macro_cycle_proxy,false,true,2026-06-25T05:22:11.730520Z
2022-08-10,CN,97.767997,0.2232,authorized_macro_cycle_proxy,false,true,2026-06-25T05:22:11.730520Z
2022-08-10,US,97.767997,0.2232,authorized_macro_cycle_proxy,false,true,2026-06-25T05:22:11.730520Z
2022-08-10,OECD_TOTAL,97.767997,0.2232,authorized_macro_cycle_proxy,false,true,2026-06-25T05:22:11.730520Z
2022-08-10,G20,97.767997,0.2232,authorized_macro_cycle_proxy,false,true,2026-06-25T05:22:11.730520Z
2022-08-10,JP,97.767997,0.2232,authorized_macro_cycle_proxy,false,true,2026-06-25T05:22:11.730520Z
2022-08-10,EURO_AREA,97.767997,0.2232,authorized_macro_cycle_proxy,false,true,2026-06-25T05:22:11.730520Z
2022-08-11,CN,97.654438,0.234556,authorized_macro_cycle_proxy,false,true,2026-06-25T05:22:11.730520Z
2022-08-11,US,97.654438,0.234556,authorized_macro_cycle_proxy,false,true,2026-06-25T05:22:11.730520Z
2022-08-11,OECD_TOTAL,97.654438,0.234556,authorized_macro_cycle_proxy,false,true,2026-06-25T05:22:11.730520Z
2022-08-11,G20,97.654438,0.234556,authorized_macro_cycle_proxy,false,true,2026-06-25T05:22:11.730520Z
2022-08-11,JP,97.654438,0.234556,authorized_macro_cycle_proxy,false,true,2026-06-25T05:22:11.730520Z
2022-08-11,EURO_AREA,97.654438,0.234556,authorized_macro_cycle_proxy,false,true,2026-06-25T05:22:11.730520Z
2022-08-12,CN,97.812848,0.218715,authorized_macro_cycle_proxy,false,true,2026-06-25T05:22:11.730520Z
2022-08-12,US,97.812848,0.218715,authorized_macro_cycle_proxy,false,true,2026-06-25T05:22:11.730520Z
2022-08-12,OECD_TOTAL,97.812848,0.218715,authorized_macro_cycle_proxy,false,true,2026-06-25T05:22:11.730520Z
2022-08-12,G20,97.812848,0.218715,authorized_macro_cycle_proxy,false,true,2026-06-25T05:22:11.730520Z
2022-08-12,JP,97.812848,0.218715,authorized_macro_cycle_proxy,false,true,2026-06-25T05:22:11.730520Z
2022-08-12,EURO_AREA,97.812848,0.218715,authorized_macro_cycle_proxy,false,true,2026-06-25T05:22:11.730520Z
2022-08-15,CN,97.874716,0.212528,authorized_macro_cycle_proxy,false,true,2026-06-25T05:22:11.730520Z
2022-08-15,US,97.874716,0.212528,authorized_macro_cycle_proxy,false,true,2026-06-25T05:22:11.730520Z
2022-08-15,OECD_TOTAL,97.874716,0.212528,authorized_macro_cycle_proxy,false,true,2026-06-25T05:22:11.730520Z
2022-08-15,G20,97.874716,0.212528,authorized_macro_cycle_proxy,false,true,2026-06-25T05:22:11.730520Z
2022-08-15,JP,97.874716,0.212528,authorized_macro_cycle_proxy,false,true,2026-06-25T05:22:11.730520Z
2022-08-15,EURO_AREA,97.874716,0.212528,authorized_macro_cycle_proxy,false,true,2026-06-25T05:22:11.730520Z
2022-08-16,CN,97.883356,0.211664,authorized_macro_cycle_proxy,false,true,2026-06-25T05:22:11.730520Z
2022-08-16,US,97.883356,0.211664,authorized_macro_cycle_proxy,false,true,2026-06-25T05:22:11.730520Z
2022-08-16,OECD_TOTAL,97.883356,0.211664,authorized_macro_cycle_proxy,false,true,2026-06-25T05:22:11.730520Z
2022-08-16,G20,97.883356,0.211664,authorized_macro_cycle_proxy,false,true,2026-06-25T05:22:11.730520Z
2022-08-16,JP,97.883356,0.211664,authorized_macro_cycle_proxy,false,true,2026-06-25T05:22:11.730520Z
2022-08-16,EURO_AREA,97.883356,0.211664,authorized_macro_cycle_proxy,false,true,2026-06-25T05:22:11.730520Z
2022-08-17,CN,97.860058,0.213994,authorized_macro_cycle_proxy,false,true,2026-06-25T05:22:11.730520Z
2022-08-17,US,97.860058,0.213994,authorized_macro_cycle_proxy,false,true,2026-06-25T05:22:11.730520Z
2022-08-17,OECD_TOTAL,97.860058,0.213994,authorized_macro_cycle_proxy,false,true,2026-06-25T05:22:11.730520Z
2022-08-17,G20,97.860058,0.213994,authorized_macro_cycle_proxy,false,true,2026-06-25T05:22:11.730520Z
2022-08-17,JP,97.860058,0.213994,authorized_macro_cycle_proxy,false,true,2026-06-25T05:22:11.730520Z
2022-08-17,EURO_AREA,97.860058,0.213994,authorized_macro_cycle_proxy,false,true,2026-06-25T05:22:11.730520Z
2022-08-18,CN,97.803345,0.219665,authorized_macro_cycle_proxy,false,true,2026-06-25T05:22:11.730520Z
2022-08-18,US,97.803345,0.219665,authorized_macro_cycle_proxy,false,true,2026-06-25T05:22:11.730520Z
2022-08-18,OECD_TOTAL,97.803345,0.219665,authorized_macro_cycle_proxy,false,true,2026-06-25T05:22:11.730520Z
2022-08-18,G20,97.803345,0.219665,authorized_macro_cycle_proxy,false,true,2026-06-25T05:22:11.730520Z
2022-08-18,JP,97.803345,0.219665,authorized_macro_cycle_proxy,false,true,2026-06-25T05:22:11.730520Z
2022-08-18,EURO_AREA,97.803345,0.219665,authorized_macro_cycle_proxy,false,true,2026-06-25T05:22:11.730520Z
2022-08-19,CN,97.616107,0.238389,authorized_macro_cycle_proxy,false,true,2026-06-25T05:22:11.730520Z
2022-08-19,US,97.616107,0.238389,authorized_macro_cycle_proxy,false,true,2026-06-25T05:22:11.730520Z
2022-08-19,OECD_TOTAL,97.616107,0.238389,authorized_macro_cycle_proxy,false,true,2026-06-25T05:22:11.730520Z
2022-08-19,G20,97.616107,0.238389,authorized_macro_cycle_proxy,false,true,2026-06-25T05:22:11.730520Z
2022-08-19,JP,97.616107,0.238389,authorized_macro_cycle_proxy,false,true,2026-06-25T05:22:11.730520Z
2022-08-19,EURO_AREA,97.616107,0.238389,authorized_macro_cycle_proxy,false,true,2026-06-25T05:22:11.730520Z
2022-08-22,CN,97.106499,0.28935,authorized_macro_cycle_proxy,false,true,2026-06-25T05:22:11.730520Z
2022-08-22,US,97.106499,0.28935,authorized_macro_cycle_proxy,false,true,2026-06-25T05:22:11.730520Z
2022-08-22,OECD_TOTAL,97.106499,0.28935,authorized_macro_cycle_proxy,false,true,2026-06-25T05:22:11.730520Z
2022-08-22,G20,97.106499,0.28935,authorized_macro_cycle_proxy,false,true,2026-06-25T05:22:11.730520Z
2022-08-22,JP,97.106499,0.28935,authorized_macro_cycle_proxy,false,true,2026-06-25T05:22:11.730520Z
2022-08-22,EURO_AREA,97.106499,0.28935,authorized_macro_cycle_proxy,false,true,2026-06-25T05:22:11.730520Z
2022-08-23,CN,97.002523,0.299748,authorized_macro_cycle_proxy,false,true,2026-06-25T05:22:11.730520Z
2022-08-23,US,97.002523,0.299748,authorized_macro_cycle_proxy,false,true,2026-06-25T05:22:11.730520Z
2022-08-23,OECD_TOTAL,97.002523,0.299748,authorized_macro_cycle_proxy,false,true,2026-06-25T05:22:11.730520Z
2022-08-23,G20,97.002523,0.299748,authorized_macro_cycle_proxy,false,true,2026-06-25T05:22:11.730520Z
2022-08-23,JP,97.002523,0.299748,authorized_macro_cycle_proxy,false,true,2026-06-25T05:22:11.730520Z
2022-08-23,EURO_AREA,97.002523,0.299748,authorized_macro_cycle_proxy,false,true,2026-06-25T05:22:11.730520Z
2022-08-24,CN,96.983087,0.301691,authorized_macro_cycle_proxy,false,true,2026-06-25T05:22:11.730520Z
2022-08-24,US,96.983087,0.301691,authorized_macro_cycle_proxy,false,true,2026-06-25T05:22:11.730520Z
2022-08-24,OECD_TOTAL,96.983087,0.301691,authorized_macro_cycle_proxy,false,true,2026-06-25T05:22:11.730520Z
2022-08-24,G20,96.983087,0.301691,authorized_macro_cycle_proxy,false,true,2026-06-25T05:22:11.730520Z
2022-08-24,JP,96.983087,0.301691,authorized_macro_cycle_proxy,false,true,2026-06-25T05:22:11.730520Z
2022-08-24,EURO_AREA,96.983087,0.301691,authorized_macro_cycle_proxy,false,true,2026-06-25T05:22:11.730520Z
2022-08-25,CN,97.289688,0.271031,authorized_macro_cycle_proxy,false,true,2026-06-25T05:22:11.730520Z
2022-08-25,US,97.289688,0.271031,authorized_macro_cycle_proxy,false,true,2026-06-25T05:22:11.730520Z
2022-08-25,OECD_TOTAL,97.289688,0.271031,authorized_macro_cycle_proxy,false,true,2026-06-25T05:22:11.730520Z
2022-08-25,G20,97.289688,0.271031,authorized_macro_cycle_proxy,false,true,2026-06-25T05:22:11.730520Z
2022-08-25,JP,97.289688,0.271031,authorized_macro_cycle_proxy,false,true,2026-06-25T05:22:11.730520Z
2022-08-25,EURO_AREA,97.289688,0.271031,authorized_macro_cycle_proxy,false,true,2026-06-25T05:22:11.730520Z
2022-08-26,CN,96.734508,0.326549,authorized_macro_cycle_proxy,false,true,2026-06-25T05:22:11.730520Z
2022-08-26,US,96.734508,0.326549,authorized_macro_cycle_proxy,false,true,2026-06-25T05:22:11.730520Z
2022-08-26,OECD_TOTAL,96.734508,0.326549,authorized_macro_cycle_proxy,false,true,2026-06-25T05:22:11.730520Z
2022-08-26,G20,96.734508,0.326549,authorized_macro_cycle_proxy,false,true,2026-06-25T05:22:11.730520Z
2022-08-26,JP,96.734508,0.326549,authorized_macro_cycle_proxy,false,true,2026-06-25T05:22:11.730520Z
2022-08-26,EURO_AREA,96.734508,0.326549,authorized_macro_cycle_proxy,false,true,2026-06-25T05:22:11.730520Z
2022-08-29,CN,96.486824,0.351318,authorized_macro_cycle_proxy,false,true,2026-06-25T05:22:11.730520Z
2022-08-29,US,96.486824,0.351318,authorized_macro_cycle_proxy,false,true,2026-06-25T05:22:11.730520Z
2022-08-29,OECD_TOTAL,96.486824,0.351318,authorized_macro_cycle_proxy,false,true,2026-06-25T05:22:11.730520Z
2022-08-29,G20,96.486824,0.351318,authorized_macro_cycle_proxy,false,true,2026-06-25T05:22:11.730520Z
2022-08-29,JP,96.486824,0.351318,authorized_macro_cycle_proxy,false,true,2026-06-25T05:22:11.730520Z
2022-08-29,EURO_AREA,96.486824,0.351318,authorized_macro_cycle_proxy,false,true,2026-06-25T05:22:11.730520Z
2022-08-30,CN,96.562819,0.343718,authorized_macro_cycle_proxy,false,true,2026-06-25T05:22:11.730520Z
2022-08-30,US,96.562819,0.343718,authorized_macro_cycle_proxy,false,true,2026-06-25T05:22:11.730520Z
2022-08-30,OECD_TOTAL,96.562819,0.343718,authorized_macro_cycle_proxy,false,true,2026-06-25T05:22:11.730520Z
2022-08-30,G20,96.562819,0.343718,authorized_macro_cycle_proxy,false,true,2026-06-25T05:22:11.730520Z
2022-08-30,JP,96.562819,0.343718,authorized_macro_cycle_proxy,false,true,2026-06-25T05:22:11.730520Z
2022-08-30,EURO_AREA,96.562819,0.343718,authorized_macro_cycle_proxy,false,true,2026-06-25T05:22:11.730520Z
2022-08-31,CN,96.761485,0.323852,authorized_macro_cycle_proxy,false,true,2026-06-25T05:22:11.730520Z
2022-08-31,US,96.761485,0.323852,authorized_macro_cycle_proxy,false,true,2026-06-25T05:22:11.730520Z
2022-08-31,OECD_TOTAL,96.761485,0.323852,authorized_macro_cycle_proxy,false,true,2026-06-25T05:22:11.730520Z
2022-08-31,G20,96.761485,0.323852,authorized_macro_cycle_proxy,false,true,2026-06-25T05:22:11.730520Z
2022-08-31,JP,96.761485,0.323852,authorized_macro_cycle_proxy,false,true,2026-06-25T05:22:11.730520Z
2022-08-31,EURO_AREA,96.761485,0.323852,authorized_macro_cycle_proxy,false,true,2026-06-25T05:22:11.730520Z
2022-09-01,CN,96.786296,0.32137,authorized_macro_cycle_proxy,false,true,2026-06-25T05:22:11.730520Z
2022-09-01,US,96.786296,0.32137,authorized_macro_cycle_proxy,false,true,2026-06-25T05:22:11.730520Z
2022-09-01,OECD_TOTAL,96.786296,0.32137,authorized_macro_cycle_proxy,false,true,2026-06-25T05:22:11.730520Z
2022-09-01,G20,96.786296,0.32137,authorized_macro_cycle_proxy,false,true,2026-06-25T05:22:11.730520Z
2022-09-01,JP,96.786296,0.32137,authorized_macro_cycle_proxy,false,true,2026-06-25T05:22:11.730520Z
2022-09-01,EURO_AREA,96.786296,0.32137,authorized_macro_cycle_proxy,false,true,2026-06-25T05:22:11.730520Z
2022-09-02,CN,96.769539,0.323046,authorized_macro_cycle_proxy,false,true,2026-06-25T05:22:11.730520Z
2022-09-02,US,96.769539,0.323046,authorized_macro_cycle_proxy,false,true,2026-06-25T05:22:11.730520Z
2022-09-02,OECD_TOTAL,96.769539,0.323046,authorized_macro_cycle_proxy,false,true,2026-06-25T05:22:11.730520Z
2022-09-02,G20,96.769539,0.323046,authorized_macro_cycle_proxy,false,true,2026-06-25T05:22:11.730520Z
2022-09-02,JP,96.769539,0.323046,authorized_macro_cycle_proxy,false,true,2026-06-25T05:22:11.730520Z
2022-09-02,EURO_AREA,96.769539,0.323046,authorized_macro_cycle_proxy,false,true,2026-06-25T05:22:11.730520Z
2022-09-05,CN,96.594582,0.340542,authorized_macro_cycle_proxy,false,true,2026-06-25T05:22:11.730520Z
2022-09-05,US,96.594582,0.340542,authorized_macro_cycle_proxy,false,true,2026-06-25T05:22:11.730520Z
2022-09-05,OECD_TOTAL,96.594582,0.340542,authorized_macro_cycle_proxy,false,true,2026-06-25T05:22:11.730520Z
2022-09-05,G20,96.594582,0.340542,authorized_macro_cycle_proxy,false,true,2026-06-25T05:22:11.730520Z
2022-09-05,JP,96.594582,0.340542,authorized_macro_cycle_proxy,false,true,2026-06-25T05:22:11.730520Z
2022-09-05,EURO_AREA,96.594582,0.340542,authorized_macro_cycle_proxy,false,true,2026-06-25T05:22:11.730520Z
2022-09-06,CN,96.416308,0.358369,authorized_macro_cycle_proxy,false,true,2026-06-25T05:22:11.730520Z
2022-09-06,US,96.416308,0.358369,authorized_macro_cycle_proxy,false,true,2026-06-25T05:22:11.730520Z
2022-09-06,OECD_TOTAL,96.416308,0.358369,authorized_macro_cycle_proxy,false,true,2026-06-25T05:22:11.730520Z
2022-09-06,G20,96.416308,0.358369,authorized_macro_cycle_proxy,false,true,2026-06-25T05:22:11.730520Z
2022-09-06,JP,96.416308,0.358369,authorized_macro_cycle_proxy,false,true,2026-06-25T05:22:11.730520Z
2022-09-06,EURO_AREA,96.416308,0.358369,authorized_macro_cycle_proxy,false,true,2026-06-25T05:22:11.730520Z
2022-09-07,CN,96.856444,0.314356,authorized_macro_cycle_proxy,false,true,2026-06-25T05:22:11.730520Z
2022-09-07,US,96.856444,0.314356,authorized_macro_cycle_proxy,false,true,2026-06-25T05:22:11.730520Z
2022-09-07,OECD_TOTAL,96.856444,0.314356,authorized_macro_cycle_proxy,false,true,2026-06-25T05:22:11.730520Z
2022-09-07,G20,96.856444,0.314356,authorized_macro_cycle_proxy,false,true,2026-06-25T05:22:11.730520Z
2022-09-07,JP,96.856444,0.314356,authorized_macro_cycle_proxy,false,true,2026-06-25T05:22:11.730520Z
2022-09-07,EURO_AREA,96.856444,0.314356,authorized_macro_cycle_proxy,false,true,2026-06-25T05:22:11.730520Z
2022-09-08,CN,96.994643,0.300536,authorized_macro_cycle_proxy,false,true,2026-06-25T05:22:11.730520Z
2022-09-08,US,96.994643,0.300536,authorized_macro_cycle_proxy,false,true,2026-06-25T05:22:11.730520Z
2022-09-08,OECD_TOTAL,96.994643,0.300536,authorized_macro_cycle_proxy,false,true,2026-06-25T05:22:11.730520Z
2022-09-08,G20,96.994643,0.300536,authorized_macro_cycle_proxy,false,true,2026-06-25T05:22:11.730520Z
2022-09-08,JP,96.994643,0.300536,authorized_macro_cycle_proxy,false,true,2026-06-25T05:22:11.730520Z
2022-09-08,EURO_AREA,96.994643,0.300536,authorized_macro_cycle_proxy,false,true,2026-06-25T05:22:11.730520Z
2022-09-09,CN,96.997164,0.300284,authorized_macro_cycle_proxy,false,true,2026-06-25T05:22:11.730520Z
2022-09-09,US,96.997164,0.300284,authorized_macro_cycle_proxy,false,true,2026-06-25T05:22:11.730520Z
2022-09-09,OECD_TOTAL,96.997164,0.300284,authorized_macro_cycle_proxy,false,true,2026-06-25T05:22:11.730520Z
2022-09-09,G20,96.997164,0.300284,authorized_macro_cycle_proxy,false,true,2026-06-25T05:22:11.730520Z
2022-09-09,JP,96.997164,0.300284,authorized_macro_cycle_proxy,false,true,2026-06-25T05:22:11.730520Z
2022-09-09,EURO_AREA,96.997164,0.300284,authorized_macro_cycle_proxy,false,true,2026-06-25T05:22:11.730520Z
2022-09-13,CN,96.369923,0.363008,authorized_macro_cycle_proxy,false,true,2026-06-25T05:22:11.730520Z
2022-09-13,US,96.369923,0.363008,authorized_macro_cycle_proxy,false,true,2026-06-25T05:22:11.730520Z
2022-09-13,OECD_TOTAL,96.369923,0.363008,authorized_macro_cycle_proxy,false,true,2026-06-25T05:22:11.730520Z
2022-09-13,G20,96.369923,0.363008,authorized_macro_cycle_proxy,false,true,2026-06-25T05:22:11.730520Z
2022-09-13,JP,96.369923,0.363008,authorized_macro_cycle_proxy,false,true,2026-06-25T05:22:11.730520Z
2022-09-13,EURO_AREA,96.369923,0.363008,authorized_macro_cycle_proxy,false,true,2026-06-25T05:22:11.730520Z
2022-09-14,CN,96.415709,0.358429,authorized_macro_cycle_proxy,false,true,2026-06-25T05:22:11.730520Z
2022-09-14,US,96.415709,0.358429,authorized_macro_cycle_proxy,false,true,2026-06-25T05:22:11.730520Z
2022-09-14,OECD_TOTAL,96.415709,0.358429,authorized_macro_cycle_proxy,false,true,2026-06-25T05:22:11.730520Z
2022-09-14,G20,96.415709,0.358429,authorized_macro_cycle_proxy,false,true,2026-06-25T05:22:11.730520Z
2022-09-14,JP,96.415709,0.358429,authorized_macro_cycle_proxy,false,true,2026-06-25T05:22:11.730520Z
2022-09-14,EURO_AREA,96.415709,0.358429,authorized_macro_cycle_proxy,false,true,2026-06-25T05:22:11.730520Z
2022-09-15,CN,96.376251,0.362375,authorized_macro_cycle_proxy,false,true,2026-06-25T05:22:11.730520Z
2022-09-15,US,96.376251,0.362375,authorized_macro_cycle_proxy,false,true,2026-06-25T05:22:11.730520Z
2022-09-15,OECD_TOTAL,96.376251,0.362375,authorized_macro_cycle_proxy,false,true,2026-06-25T05:22:11.730520Z
2022-09-15,G20,96.376251,0.362375,authorized_macro_cycle_proxy,false,true,2026-06-25T05:22:11.730520Z
2022-09-15,JP,96.376251,0.362375,authorized_macro_cycle_proxy,false,true,2026-06-25T05:22:11.730520Z
2022-09-15,EURO_AREA,96.376251,0.362375,authorized_macro_cycle_proxy,false,true,2026-06-25T05:22:11.730520Z
2022-09-16,CN,96.236318,0.376368,authorized_macro_cycle_proxy,false,true,2026-06-25T05:22:11.730520Z
2022-09-16,US,96.236318,0.376368,authorized_macro_cycle_proxy,false,true,2026-06-25T05:22:11.730520Z
2022-09-16,OECD_TOTAL,96.236318,0.376368,authorized_macro_cycle_proxy,false,true,2026-06-25T05:22:11.730520Z
2022-09-16,G20,96.236318,0.376368,authorized_macro_cycle_proxy,false,true,2026-06-25T05:22:11.730520Z
2022-09-16,JP,96.236318,0.376368,authorized_macro_cycle_proxy,false,true,2026-06-25T05:22:11.730520Z
2022-09-16,EURO_AREA,96.236318,0.376368,authorized_macro_cycle_proxy,false,true,2026-06-25T05:22:11.730520Z
2022-09-19,CN,96.29385,0.370615,authorized_macro_cycle_proxy,false,true,2026-06-25T05:22:11.730520Z
2022-09-19,US,96.29385,0.370615,authorized_macro_cycle_proxy,false,true,2026-06-25T05:22:11.730520Z
2022-09-19,OECD_TOTAL,96.29385,0.370615,authorized_macro_cycle_proxy,false,true,2026-06-25T05:22:11.730520Z
2022-09-19,G20,96.29385,0.370615,authorized_macro_cycle_proxy,false,true,2026-06-25T05:22:11.730520Z
2022-09-19,JP,96.29385,0.370615,authorized_macro_cycle_proxy,false,true,2026-06-25T05:22:11.730520Z
2022-09-19,EURO_AREA,96.29385,0.370615,authorized_macro_cycle_proxy,false,true,2026-06-25T05:22:11.730520Z
2022-09-20,CN,96.105098,0.38949,authorized_macro_cycle_proxy,false,true,2026-06-25T05:22:11.730520Z
2022-09-20,US,96.105098,0.38949,authorized_macro_cycle_proxy,false,true,2026-06-25T05:22:11.730520Z
2022-09-20,OECD_TOTAL,96.105098,0.38949,authorized_macro_cycle_proxy,false,true,2026-06-25T05:22:11.730520Z
2022-09-20,G20,96.105098,0.38949,authorized_macro_cycle_proxy,false,true,2026-06-25T05:22:11.730520Z
2022-09-20,JP,96.105098,0.38949,authorized_macro_cycle_proxy,false,true,2026-06-25T05:22:11.730520Z
2022-09-20,EURO_AREA,96.105098,0.38949,authorized_macro_cycle_proxy,false,true,2026-06-25T05:22:11.730520Z
2022-09-21,CN,95.951126,0.404887,authorized_macro_cycle_proxy,false,true,2026-06-25T05:22:11.730520Z
2022-09-21,US,95.951126,0.404887,authorized_macro_cycle_proxy,false,true,2026-06-25T05:22:11.730520Z
2022-09-21,OECD_TOTAL,95.951126,0.404887,authorized_macro_cycle_proxy,false,true,2026-06-25T05:22:11.730520Z
2022-09-21,G20,95.951126,0.404887,authorized_macro_cycle_proxy,false,true,2026-06-25T05:22:11.730520Z
2022-09-21,JP,95.951126,0.404887,authorized_macro_cycle_proxy,false,true,2026-06-25T05:22:11.730520Z
2022-09-21,EURO_AREA,95.951126,0.404887,authorized_macro_cycle_proxy,false,true,2026-06-25T05:22:11.730520Z
2022-09-22,CN,95.877391,0.412261,authorized_macro_cycle_proxy,false,true,2026-06-25T05:22:11.730520Z
2022-09-22,US,95.877391,0.412261,authorized_macro_cycle_proxy,false,true,2026-06-25T05:22:11.730520Z
2022-09-22,OECD_TOTAL,95.877391,0.412261,authorized_macro_cycle_proxy,false,true,2026-06-25T05:22:11.730520Z
2022-09-22,G20,95.877391,0.412261,authorized_macro_cycle_proxy,false,true,2026-06-25T05:22:11.730520Z
2022-09-22,JP,95.877391,0.412261,authorized_macro_cycle_proxy,false,true,2026-06-25T05:22:11.730520Z
2022-09-22,EURO_AREA,95.877391,0.412261,authorized_macro_cycle_proxy,false,true,2026-06-25T05:22:11.730520Z
2022-09-23,CN,95.690821,0.430918,authorized_macro_cycle_proxy,false,true,2026-06-25T05:22:11.730520Z
2022-09-23,US,95.690821,0.430918,authorized_macro_cycle_proxy,false,true,2026-06-25T05:22:11.730520Z
2022-09-23,OECD_TOTAL,95.690821,0.430918,authorized_macro_cycle_proxy,false,true,2026-06-25T05:22:11.730520Z
2022-09-23,G20,95.690821,0.430918,authorized_macro_cycle_proxy,false,true,2026-06-25T05:22:11.730520Z
2022-09-23,JP,95.690821,0.430918,authorized_macro_cycle_proxy,false,true,2026-06-25T05:22:11.730520Z
2022-09-23,EURO_AREA,95.690821,0.430918,authorized_macro_cycle_proxy,false,true,2026-06-25T05:22:11.730520Z
2022-09-26,CN,95.170905,0.48291,authorized_macro_cycle_proxy,false,true,2026-06-25T05:22:11.730520Z
2022-09-26,US,95.170905,0.48291,authorized_macro_cycle_proxy,false,true,2026-06-25T05:22:11.730520Z
2022-09-26,OECD_TOTAL,95.170905,0.48291,authorized_macro_cycle_proxy,false,true,2026-06-25T05:22:11.730520Z
2022-09-26,G20,95.170905,0.48291,authorized_macro_cycle_proxy,false,true,2026-06-25T05:22:11.730520Z
2022-09-26,JP,95.170905,0.48291,authorized_macro_cycle_proxy,false,true,2026-06-25T05:22:11.730520Z
2022-09-26,EURO_AREA,95.170905,0.48291,authorized_macro_cycle_proxy,false,true,2026-06-25T05:22:11.730520Z
2022-09-27,CN,95.075756,0.492424,authorized_macro_cycle_proxy,false,true,2026-06-25T05:22:11.730520Z
2022-09-27,US,95.075756,0.492424,authorized_macro_cycle_proxy,false,true,2026-06-25T05:22:11.730520Z
2022-09-27,OECD_TOTAL,95.075756,0.492424,authorized_macro_cycle_proxy,false,true,2026-06-25T05:22:11.730520Z
2022-09-27,G20,95.075756,0.492424,authorized_macro_cycle_proxy,false,true,2026-06-25T05:22:11.730520Z
2022-09-27,JP,95.075756,0.492424,authorized_macro_cycle_proxy,false,true,2026-06-25T05:22:11.730520Z
2022-09-27,EURO_AREA,95.075756,0.492424,authorized_macro_cycle_proxy,false,true,2026-06-25T05:22:11.730520Z
2022-09-28,CN,95.386919,0.461308,authorized_macro_cycle_proxy,false,true,2026-06-25T05:22:11.730520Z
2022-09-28,US,95.386919,0.461308,authorized_macro_cycle_proxy,false,true,2026-06-25T05:22:11.730520Z
2022-09-28,OECD_TOTAL,95.386919,0.461308,authorized_macro_cycle_proxy,false,true,2026-06-25T05:22:11.730520Z
2022-09-28,G20,95.386919,0.461308,authorized_macro_cycle_proxy,false,true,2026-06-25T05:22:11.730520Z
2022-09-28,JP,95.386919,0.461308,authorized_macro_cycle_proxy,false,true,2026-06-25T05:22:11.730520Z
2022-09-28,EURO_AREA,95.386919,0.461308,authorized_macro_cycle_proxy,false,true,2026-06-25T05:22:11.730520Z
2022-09-29,CN,95.259567,0.474043,authorized_macro_cycle_proxy,false,true,2026-06-25T05:22:11.730520Z
2022-09-29,US,95.259567,0.474043,authorized_macro_cycle_proxy,false,true,2026-06-25T05:22:11.730520Z
2022-09-29,OECD_TOTAL,95.259567,0.474043,authorized_macro_cycle_proxy,false,true,2026-06-25T05:22:11.730520Z
2022-09-29,G20,95.259567,0.474043,authorized_macro_cycle_proxy,false,true,2026-06-25T05:22:11.730520Z
2022-09-29,JP,95.259567,0.474043,authorized_macro_cycle_proxy,false,true,2026-06-25T05:22:11.730520Z
2022-09-29,EURO_AREA,95.259567,0.474043,authorized_macro_cycle_proxy,false,true,2026-06-25T05:22:11.730520Z
2022-09-30,CN,95.271445,0.472855,authorized_macro_cycle_proxy,false,true,2026-06-25T05:22:11.730520Z
2022-09-30,US,95.271445,0.472855,authorized_macro_cycle_proxy,false,true,2026-06-25T05:22:11.730520Z
2022-09-30,OECD_TOTAL,95.271445,0.472855,authorized_macro_cycle_proxy,false,true,2026-06-25T05:22:11.730520Z
2022-09-30,G20,95.271445,0.472855,authorized_macro_cycle_proxy,false,true,2026-06-25T05:22:11.730520Z
2022-09-30,JP,95.271445,0.472855,authorized_macro_cycle_proxy,false,true,2026-06-25T05:22:11.730520Z
2022-09-30,EURO_AREA,95.271445,0.472855,authorized_macro_cycle_proxy,false,true,2026-06-25T05:22:11.730520Z
2022-10-10,CN,94.769706,0.523029,authorized_macro_cycle_proxy,false,true,2026-06-25T05:22:11.730520Z
2022-10-10,US,94.769706,0.523029,authorized_macro_cycle_proxy,false,true,2026-06-25T05:22:11.730520Z
2022-10-10,OECD_TOTAL,94.769706,0.523029,authorized_macro_cycle_proxy,false,true,2026-06-25T05:22:11.730520Z
2022-10-10,G20,94.769706,0.523029,authorized_macro_cycle_proxy,false,true,2026-06-25T05:22:11.730520Z
2022-10-10,JP,94.769706,0.523029,authorized_macro_cycle_proxy,false,true,2026-06-25T05:22:11.730520Z
2022-10-10,EURO_AREA,94.769706,0.523029,authorized_macro_cycle_proxy,false,true,2026-06-25T05:22:11.730520Z
2022-10-11,CN,94.631915,0.536809,authorized_macro_cycle_proxy,false,true,2026-06-25T05:22:11.730520Z
2022-10-11,US,94.631915,0.536809,authorized_macro_cycle_proxy,false,true,2026-06-25T05:22:11.730520Z
2022-10-11,OECD_TOTAL,94.631915,0.536809,authorized_macro_cycle_proxy,false,true,2026-06-25T05:22:11.730520Z
2022-10-11,G20,94.631915,0.536809,authorized_macro_cycle_proxy,false,true,2026-06-25T05:22:11.730520Z
2022-10-11,JP,94.631915,0.536809,authorized_macro_cycle_proxy,false,true,2026-06-25T05:22:11.730520Z
2022-10-11,EURO_AREA,94.631915,0.536809,authorized_macro_cycle_proxy,false,true,2026-06-25T05:22:11.730520Z
2022-10-12,CN,94.763207,0.523679,authorized_macro_cycle_proxy,false,true,2026-06-25T05:22:11.730520Z
2022-10-12,US,94.763207,0.523679,authorized_macro_cycle_proxy,false,true,2026-06-25T05:22:11.730520Z
2022-10-12,OECD_TOTAL,94.763207,0.523679,authorized_macro_cycle_proxy,false,true,2026-06-25T05:22:11.730520Z
2022-10-12,G20,94.763207,0.523679,authorized_macro_cycle_proxy,false,true,2026-06-25T05:22:11.730520Z
2022-10-12,JP,94.763207,0.523679,authorized_macro_cycle_proxy,false,true,2026-06-25T05:22:11.730520Z
2022-10-12,EURO_AREA,94.763207,0.523679,authorized_macro_cycle_proxy,false,true,2026-06-25T05:22:11.730520Z
2022-10-13,CN,94.859027,0.514097,authorized_macro_cycle_proxy,false,true,2026-06-25T05:22:11.730520Z
2022-10-13,US,94.859027,0.514097,authorized_macro_cycle_proxy,false,true,2026-06-25T05:22:11.730520Z
2022-10-13,OECD_TOTAL,94.859027,0.514097,authorized_macro_cycle_proxy,false,true,2026-06-25T05:22:11.730520Z
2022-10-13,G20,94.859027,0.514097,authorized_macro_cycle_proxy,false,true,2026-06-25T05:22:11.730520Z
2022-10-13,JP,94.859027,0.514097,authorized_macro_cycle_proxy,false,true,2026-06-25T05:22:11.730520Z
2022-10-13,EURO_AREA,94.859027,0.514097,authorized_macro_cycle_proxy,false,true,2026-06-25T05:22:11.730520Z
2022-10-14,CN,94.990707,0.500929,authorized_macro_cycle_proxy,false,true,2026-06-25T05:22:11.730520Z
2022-10-14,US,94.990707,0.500929,authorized_macro_cycle_proxy,false,true,2026-06-25T05:22:11.730520Z
2022-10-14,OECD_TOTAL,94.990707,0.500929,authorized_macro_cycle_proxy,false,true,2026-06-25T05:22:11.730520Z
2022-10-14,G20,94.990707,0.500929,authorized_macro_cycle_proxy,false,true,2026-06-25T05:22:11.730520Z
2022-10-14,JP,94.990707,0.500929,authorized_macro_cycle_proxy,false,true,2026-06-25T05:22:11.730520Z
2022-10-14,EURO_AREA,94.990707,0.500929,authorized_macro_cycle_proxy,false,true,2026-06-25T05:22:11.730520Z
2022-10-17,CN,95.072583,0.492742,authorized_macro_cycle_proxy,false,true,2026-06-25T05:22:11.730520Z
2022-10-17,US,95.072583,0.492742,authorized_macro_cycle_proxy,false,true,2026-06-25T05:22:11.730520Z
2022-10-17,OECD_TOTAL,95.072583,0.492742,authorized_macro_cycle_proxy,false,true,2026-06-25T05:22:11.730520Z
2022-10-17,G20,95.072583,0.492742,authorized_macro_cycle_proxy,false,true,2026-06-25T05:22:11.730520Z
2022-10-17,JP,95.072583,0.492742,authorized_macro_cycle_proxy,false,true,2026-06-25T05:22:11.730520Z
2022-10-17,EURO_AREA,95.072583,0.492742,authorized_macro_cycle_proxy,false,true,2026-06-25T05:22:11.730520Z
2022-10-18,CN,95.185376,0.481462,authorized_macro_cycle_proxy,false,true,2026-06-25T05:22:11.730520Z
2022-10-18,US,95.185376,0.481462,authorized_macro_cycle_proxy,false,true,2026-06-25T05:22:11.730520Z
2022-10-18,OECD_TOTAL,95.185376,0.481462,authorized_macro_cycle_proxy,false,true,2026-06-25T05:22:11.730520Z
2022-10-18,G20,95.185376,0.481462,authorized_macro_cycle_proxy,false,true,2026-06-25T05:22:11.730520Z
2022-10-18,JP,95.185376,0.481462,authorized_macro_cycle_proxy,false,true,2026-06-25T05:22:11.730520Z
2022-10-18,EURO_AREA,95.185376,0.481462,authorized_macro_cycle_proxy,false,true,2026-06-25T05:22:11.730520Z
2022-10-19,CN,94.907245,0.509275,authorized_macro_cycle_proxy,false,true,2026-06-25T05:22:11.730520Z
2022-10-19,US,94.907245,0.509275,authorized_macro_cycle_proxy,false,true,2026-06-25T05:22:11.730520Z
2022-10-19,OECD_TOTAL,94.907245,0.509275,authorized_macro_cycle_proxy,false,true,2026-06-25T05:22:11.730520Z
2022-10-19,G20,94.907245,0.509275,authorized_macro_cycle_proxy,false,true,2026-06-25T05:22:11.730520Z
2022-10-19,JP,94.907245,0.509275,authorized_macro_cycle_proxy,false,true,2026-06-25T05:22:11.730520Z
2022-10-19,EURO_AREA,94.907245,0.509275,authorized_macro_cycle_proxy,false,true,2026-06-25T05:22:11.730520Z
2022-10-20,CN,94.994717,0.500528,authorized_macro_cycle_proxy,false,true,2026-06-25T05:22:11.730520Z
2022-10-20,US,94.994717,0.500528,authorized_macro_cycle_proxy,false,true,2026-06-25T05:22:11.730520Z
2022-10-20,OECD_TOTAL,94.994717,0.500528,authorized_macro_cycle_proxy,false,true,2026-06-25T05:22:11.730520Z
2022-10-20,G20,94.994717,0.500528,authorized_macro_cycle_proxy,false,true,2026-06-25T05:22:11.730520Z
2022-10-20,JP,94.994717,0.500528,authorized_macro_cycle_proxy,false,true,2026-06-25T05:22:11.730520Z
2022-10-20,EURO_AREA,94.994717,0.500528,authorized_macro_cycle_proxy,false,true,2026-06-25T05:22:11.730520Z
2022-10-21,CN,95.087759,0.491224,authorized_macro_cycle_proxy,false,true,2026-06-25T05:22:11.730520Z
2022-10-21,US,95.087759,0.491224,authorized_macro_cycle_proxy,false,true,2026-06-25T05:22:11.730520Z
2022-10-21,OECD_TOTAL,95.087759,0.491224,authorized_macro_cycle_proxy,false,true,2026-06-25T05:22:11.730520Z
2022-10-21,G20,95.087759,0.491224,authorized_macro_cycle_proxy,false,true,2026-06-25T05:22:11.730520Z
2022-10-21,JP,95.087759,0.491224,authorized_macro_cycle_proxy,false,true,2026-06-25T05:22:11.730520Z
2022-10-21,EURO_AREA,95.087759,0.491224,authorized_macro_cycle_proxy,false,true,2026-06-25T05:22:11.730520Z
2022-10-24,CN,94.982423,0.501758,authorized_macro_cycle_proxy,false,true,2026-06-25T05:22:11.730520Z
2022-10-24,US,94.982423,0.501758,authorized_macro_cycle_proxy,false,true,2026-06-25T05:22:11.730520Z
2022-10-24,OECD_TOTAL,94.982423,0.501758,authorized_macro_cycle_proxy,false,true,2026-06-25T05:22:11.730520Z
2022-10-24,G20,94.982423,0.501758,authorized_macro_cycle_proxy,false,true,2026-06-25T05:22:11.730520Z
2022-10-24,JP,94.982423,0.501758,authorized_macro_cycle_proxy,false,true,2026-06-25T05:22:11.730520Z
2022-10-24,EURO_AREA,94.982423,0.501758,authorized_macro_cycle_proxy,false,true,2026-06-25T05:22:11.730520Z
2022-10-25,CN,95.169962,0.483004,authorized_macro_cycle_proxy,false,true,2026-06-25T05:22:11.730520Z
2022-10-25,US,95.169962,0.483004,authorized_macro_cycle_proxy,false,true,2026-06-25T05:22:11.730520Z
2022-10-25,OECD_TOTAL,95.169962,0.483004,authorized_macro_cycle_proxy,false,true,2026-06-25T05:22:11.730520Z
2022-10-25,G20,95.169962,0.483004,authorized_macro_cycle_proxy,false,true,2026-06-25T05:22:11.730520Z
2022-10-25,JP,95.169962,0.483004,authorized_macro_cycle_proxy,false,true,2026-06-25T05:22:11.730520Z
2022-10-25,EURO_AREA,95.169962,0.483004,authorized_macro_cycle_proxy,false,true,2026-06-25T05:22:11.730520Z
2022-10-26,CN,95.51962,0.448038,authorized_macro_cycle_proxy,false,true,2026-06-25T05:22:11.730520Z
2022-10-26,US,95.51962,0.448038,authorized_macro_cycle_proxy,false,true,2026-06-25T05:22:11.730520Z
2022-10-26,OECD_TOTAL,95.51962,0.448038,authorized_macro_cycle_proxy,false,true,2026-06-25T05:22:11.730520Z
2022-10-26,G20,95.51962,0.448038,authorized_macro_cycle_proxy,false,true,2026-06-25T05:22:11.730520Z
2022-10-26,JP,95.51962,0.448038,authorized_macro_cycle_proxy,false,true,2026-06-25T05:22:11.730520Z
2022-10-26,EURO_AREA,95.51962,0.448038,authorized_macro_cycle_proxy,false,true,2026-06-25T05:22:11.730520Z
2022-10-27,CN,95.449656,0.455034,authorized_macro_cycle_proxy,false,true,2026-06-25T05:22:11.730520Z
2022-10-27,US,95.449656,0.455034,authorized_macro_cycle_proxy,false,true,2026-06-25T05:22:11.730520Z
2022-10-27,OECD_TOTAL,95.449656,0.455034,authorized_macro_cycle_proxy,false,true,2026-06-25T05:22:11.730520Z
2022-10-27,G20,95.449656,0.455034,authorized_macro_cycle_proxy,false,true,2026-06-25T05:22:11.730520Z
2022-10-27,JP,95.449656,0.455034,authorized_macro_cycle_proxy,false,true,2026-06-25T05:22:11.730520Z
2022-10-27,EURO_AREA,95.449656,0.455034,authorized_macro_cycle_proxy,false,true,2026-06-25T05:22:11.730520Z
2022-10-28,CN,95.600796,0.43992,authorized_macro_cycle_proxy,false,true,2026-06-25T05:22:11.730520Z
2022-10-28,US,95.600796,0.43992,authorized_macro_cycle_proxy,false,true,2026-06-25T05:22:11.730520Z
2022-10-28,OECD_TOTAL,95.600796,0.43992,authorized_macro_cycle_proxy,false,true,2026-06-25T05:22:11.730520Z
2022-10-28,G20,95.600796,0.43992,authorized_macro_cycle_proxy,false,true,2026-06-25T05:22:11.730520Z
2022-10-28,JP,95.600796,0.43992,authorized_macro_cycle_proxy,false,true,2026-06-25T05:22:11.730520Z
2022-10-28,EURO_AREA,95.600796,0.43992,authorized_macro_cycle_proxy,false,true,2026-06-25T05:22:11.730520Z
2022-10-31,CN,95.525225,0.447477,authorized_macro_cycle_proxy,false,true,2026-06-25T05:22:11.730520Z
2022-10-31,US,95.525225,0.447477,authorized_macro_cycle_proxy,false,true,2026-06-25T05:22:11.730520Z
2022-10-31,OECD_TOTAL,95.525225,0.447477,authorized_macro_cycle_proxy,false,true,2026-06-25T05:22:11.730520Z
2022-10-31,G20,95.525225,0.447477,authorized_macro_cycle_proxy,false,true,2026-06-25T05:22:11.730520Z
2022-10-31,JP,95.525225,0.447477,authorized_macro_cycle_proxy,false,true,2026-06-25T05:22:11.730520Z
2022-10-31,EURO_AREA,95.525225,0.447477,authorized_macro_cycle_proxy,false,true,2026-06-25T05:22:11.730520Z
2022-11-01,CN,95.6129,0.43871,authorized_macro_cycle_proxy,false,true,2026-06-25T05:22:11.730520Z
2022-11-01,US,95.6129,0.43871,authorized_macro_cycle_proxy,false,true,2026-06-25T05:22:11.730520Z
2022-11-01,OECD_TOTAL,95.6129,0.43871,authorized_macro_cycle_proxy,false,true,2026-06-25T05:22:11.730520Z
2022-11-01,G20,95.6129,0.43871,authorized_macro_cycle_proxy,false,true,2026-06-25T05:22:11.730520Z
2022-11-01,JP,95.6129,0.43871,authorized_macro_cycle_proxy,false,true,2026-06-25T05:22:11.730520Z
2022-11-01,EURO_AREA,95.6129,0.43871,authorized_macro_cycle_proxy,false,true,2026-06-25T05:22:11.730520Z
2022-11-02,CN,95.588515,0.441149,authorized_macro_cycle_proxy,false,true,2026-06-25T05:22:11.730520Z
2022-11-02,US,95.588515,0.441149,authorized_macro_cycle_proxy,false,true,2026-06-25T05:22:11.730520Z
2022-11-02,OECD_TOTAL,95.588515,0.441149,authorized_macro_cycle_proxy,false,true,2026-06-25T05:22:11.730520Z
2022-11-02,G20,95.588515,0.441149,authorized_macro_cycle_proxy,false,true,2026-06-25T05:22:11.730520Z
2022-11-02,JP,95.588515,0.441149,authorized_macro_cycle_proxy,false,true,2026-06-25T05:22:11.730520Z
2022-11-02,EURO_AREA,95.588515,0.441149,authorized_macro_cycle_proxy,false,true,2026-06-25T05:22:11.730520Z
2022-11-03,CN,95.69397,0.430603,authorized_macro_cycle_proxy,false,true,2026-06-25T05:22:11.730520Z
2022-11-03,US,95.69397,0.430603,authorized_macro_cycle_proxy,false,true,2026-06-25T05:22:11.730520Z
2022-11-03,OECD_TOTAL,95.69397,0.430603,authorized_macro_cycle_proxy,false,true,2026-06-25T05:22:11.730520Z
2022-11-03,G20,95.69397,0.430603,authorized_macro_cycle_proxy,false,true,2026-06-25T05:22:11.730520Z
2022-11-03,JP,95.69397,0.430603,authorized_macro_cycle_proxy,false,true,2026-06-25T05:22:11.730520Z
2022-11-03,EURO_AREA,95.69397,0.430603,authorized_macro_cycle_proxy,false,true,2026-06-25T05:22:11.730520Z
2022-11-04,CN,95.814701,0.41853,authorized_macro_cycle_proxy,false,true,2026-06-25T05:22:11.730520Z
2022-11-04,US,95.814701,0.41853,authorized_macro_cycle_proxy,false,true,2026-06-25T05:22:11.730520Z
2022-11-04,OECD_TOTAL,95.814701,0.41853,authorized_macro_cycle_proxy,false,true,2026-06-25T05:22:11.730520Z
2022-11-04,G20,95.814701,0.41853,authorized_macro_cycle_proxy,false,true,2026-06-25T05:22:11.730520Z
2022-11-04,JP,95.814701,0.41853,authorized_macro_cycle_proxy,false,true,2026-06-25T05:22:11.730520Z
2022-11-04,EURO_AREA,95.814701,0.41853,authorized_macro_cycle_proxy,false,true,2026-06-25T05:22:11.730520Z
2022-11-07,CN,96.023915,0.397608,authorized_macro_cycle_proxy,false,true,2026-06-25T05:22:11.730520Z
2022-11-07,US,96.023915,0.397608,authorized_macro_cycle_proxy,false,true,2026-06-25T05:22:11.730520Z
2022-11-07,OECD_TOTAL,96.023915,0.397608,authorized_macro_cycle_proxy,false,true,2026-06-25T05:22:11.730520Z
2022-11-07,G20,96.023915,0.397608,authorized_macro_cycle_proxy,false,true,2026-06-25T05:22:11.730520Z
2022-11-07,JP,96.023915,0.397608,authorized_macro_cycle_proxy,false,true,2026-06-25T05:22:11.730520Z
2022-11-07,EURO_AREA,96.023915,0.397608,authorized_macro_cycle_proxy,false,true,2026-06-25T05:22:11.730520Z
2022-11-08,CN,95.9309,0.40691,authorized_macro_cycle_proxy,false,true,2026-06-25T05:22:11.730520Z
2022-11-08,US,95.9309,0.40691,authorized_macro_cycle_proxy,false,true,2026-06-25T05:22:11.730520Z
2022-11-08,OECD_TOTAL,95.9309,0.40691,authorized_macro_cycle_proxy,false,true,2026-06-25T05:22:11.730520Z
2022-11-08,G20,95.9309,0.40691,authorized_macro_cycle_proxy,false,true,2026-06-25T05:22:11.730520Z
2022-11-08,JP,95.9309,0.40691,authorized_macro_cycle_proxy,false,true,2026-06-25T05:22:11.730520Z
2022-11-08,EURO_AREA,95.9309,0.40691,authorized_macro_cycle_proxy,false,true,2026-06-25T05:22:11.730520Z
2022-11-09,CN,95.86695,0.413305,authorized_macro_cycle_proxy,false,true,2026-06-25T05:22:11.730520Z
2022-11-09,US,95.86695,0.413305,authorized_macro_cycle_proxy,false,true,2026-06-25T05:22:11.730520Z
2022-11-09,OECD_TOTAL,95.86695,0.413305,authorized_macro_cycle_proxy,false,true,2026-06-25T05:22:11.730520Z
2022-11-09,G20,95.86695,0.413305,authorized_macro_cycle_proxy,false,true,2026-06-25T05:22:11.730520Z
2022-11-09,JP,95.86695,0.413305,authorized_macro_cycle_proxy,false,true,2026-06-25T05:22:11.730520Z
2022-11-09,EURO_AREA,95.86695,0.413305,authorized_macro_cycle_proxy,false,true,2026-06-25T05:22:11.730520Z
2022-11-10,CN,96.280815,0.371919,authorized_macro_cycle_proxy,false,true,2026-06-25T05:22:11.730520Z
2022-11-10,US,96.280815,0.371919,authorized_macro_cycle_proxy,false,true,2026-06-25T05:22:11.730520Z
2022-11-10,OECD_TOTAL,96.280815,0.371919,authorized_macro_cycle_proxy,false,true,2026-06-25T05:22:11.730520Z
2022-11-10,G20,96.280815,0.371919,authorized_macro_cycle_proxy,false,true,2026-06-25T05:22:11.730520Z
2022-11-10,JP,96.280815,0.371919,authorized_macro_cycle_proxy,false,true,2026-06-25T05:22:11.730520Z
2022-11-10,EURO_AREA,96.280815,0.371919,authorized_macro_cycle_proxy,false,true,2026-06-25T05:22:11.730520Z
2022-11-11,CN,96.562753,0.343725,authorized_macro_cycle_proxy,false,true,2026-06-25T05:22:11.730520Z
2022-11-11,US,96.562753,0.343725,authorized_macro_cycle_proxy,false,true,2026-06-25T05:22:11.730520Z
2022-11-11,OECD_TOTAL,96.562753,0.343725,authorized_macro_cycle_proxy,false,true,2026-06-25T05:22:11.730520Z
2022-11-11,G20,96.562753,0.343725,authorized_macro_cycle_proxy,false,true,2026-06-25T05:22:11.730520Z
2022-11-11,JP,96.562753,0.343725,authorized_macro_cycle_proxy,false,true,2026-06-25T05:22:11.730520Z
2022-11-11,EURO_AREA,96.562753,0.343725,authorized_macro_cycle_proxy,false,true,2026-06-25T05:22:11.730520Z
2022-11-14,CN,96.475327,0.352467,authorized_macro_cycle_proxy,false,true,2026-06-25T05:22:11.730520Z
2022-11-14,US,96.475327,0.352467,authorized_macro_cycle_proxy,false,true,2026-06-25T05:22:11.730520Z
2022-11-14,OECD_TOTAL,96.475327,0.352467,authorized_macro_cycle_proxy,false,true,2026-06-25T05:22:11.730520Z
2022-11-14,G20,96.475327,0.352467,authorized_macro_cycle_proxy,false,true,2026-06-25T05:22:11.730520Z
2022-11-14,JP,96.475327,0.352467,authorized_macro_cycle_proxy,false,true,2026-06-25T05:22:11.730520Z
2022-11-14,EURO_AREA,96.475327,0.352467,authorized_macro_cycle_proxy,false,true,2026-06-25T05:22:11.730520Z
2022-11-15,CN,96.471918,0.352808,authorized_macro_cycle_proxy,false,true,2026-06-25T05:22:11.730520Z
2022-11-15,US,96.471918,0.352808,authorized_macro_cycle_proxy,false,true,2026-06-25T05:22:11.730520Z
2022-11-15,OECD_TOTAL,96.471918,0.352808,authorized_macro_cycle_proxy,false,true,2026-06-25T05:22:11.730520Z
2022-11-15,G20,96.471918,0.352808,authorized_macro_cycle_proxy,false,true,2026-06-25T05:22:11.730520Z
2022-11-15,JP,96.471918,0.352808,authorized_macro_cycle_proxy,false,true,2026-06-25T05:22:11.730520Z
2022-11-15,EURO_AREA,96.471918,0.352808,authorized_macro_cycle_proxy,false,true,2026-06-25T05:22:11.730520Z
2022-11-16,CN,96.646944,0.335306,authorized_macro_cycle_proxy,false,true,2026-06-25T05:22:11.730520Z
2022-11-16,US,96.646944,0.335306,authorized_macro_cycle_proxy,false,true,2026-06-25T05:22:11.730520Z
2022-11-16,OECD_TOTAL,96.646944,0.335306,authorized_macro_cycle_proxy,false,true,2026-06-25T05:22:11.730520Z
2022-11-16,G20,96.646944,0.335306,authorized_macro_cycle_proxy,false,true,2026-06-25T05:22:11.730520Z
2022-11-16,JP,96.646944,0.335306,authorized_macro_cycle_proxy,false,true,2026-06-25T05:22:11.730520Z
2022-11-16,EURO_AREA,96.646944,0.335306,authorized_macro_cycle_proxy,false,true,2026-06-25T05:22:11.730520Z
2022-11-17,CN,96.664585,0.333541,authorized_macro_cycle_proxy,false,true,2026-06-25T05:22:11.730520Z
2022-11-17,US,96.664585,0.333541,authorized_macro_cycle_proxy,false,true,2026-06-25T05:22:11.730520Z
2022-11-17,OECD_TOTAL,96.664585,0.333541,authorized_macro_cycle_proxy,false,true,2026-06-25T05:22:11.730520Z
2022-11-17,G20,96.664585,0.333541,authorized_macro_cycle_proxy,false,true,2026-06-25T05:22:11.730520Z
2022-11-17,JP,96.664585,0.333541,authorized_macro_cycle_proxy,false,true,2026-06-25T05:22:11.730520Z
2022-11-17,EURO_AREA,96.664585,0.333541,authorized_macro_cycle_proxy,false,true,2026-06-25T05:22:11.730520Z
2022-11-18,CN,96.703664,0.329634,authorized_macro_cycle_proxy,false,true,2026-06-25T05:22:11.730520Z
2022-11-18,US,96.703664,0.329634,authorized_macro_cycle_proxy,false,true,2026-06-25T05:22:11.730520Z
2022-11-18,OECD_TOTAL,96.703664,0.329634,authorized_macro_cycle_proxy,false,true,2026-06-25T05:22:11.730520Z
2022-11-18,G20,96.703664,0.329634,authorized_macro_cycle_proxy,false,true,2026-06-25T05:22:11.730520Z
2022-11-18,JP,96.703664,0.329634,authorized_macro_cycle_proxy,false,true,2026-06-25T05:22:11.730520Z
2022-11-18,EURO_AREA,96.703664,0.329634,authorized_macro_cycle_proxy,false,true,2026-06-25T05:22:11.730520Z
2022-11-21,CN,96.860689,0.313931,authorized_macro_cycle_proxy,false,true,2026-06-25T05:22:11.730520Z
2022-11-21,US,96.860689,0.313931,authorized_macro_cycle_proxy,false,true,2026-06-25T05:22:11.730520Z
2022-11-21,OECD_TOTAL,96.860689,0.313931,authorized_macro_cycle_proxy,false,true,2026-06-25T05:22:11.730520Z
2022-11-21,G20,96.860689,0.313931,authorized_macro_cycle_proxy,false,true,2026-06-25T05:22:11.730520Z
2022-11-21,JP,96.860689,0.313931,authorized_macro_cycle_proxy,false,true,2026-06-25T05:22:11.730520Z
2022-11-21,EURO_AREA,96.860689,0.313931,authorized_macro_cycle_proxy,false,true,2026-06-25T05:22:11.730520Z
2022-11-22,CN,96.961222,0.303878,authorized_macro_cycle_proxy,false,true,2026-06-25T05:22:11.730520Z
2022-11-22,US,96.961222,0.303878,authorized_macro_cycle_proxy,false,true,2026-06-25T05:22:11.730520Z
2022-11-22,OECD_TOTAL,96.961222,0.303878,authorized_macro_cycle_proxy,false,true,2026-06-25T05:22:11.730520Z
2022-11-22,G20,96.961222,0.303878,authorized_macro_cycle_proxy,false,true,2026-06-25T05:22:11.730520Z
2022-11-22,JP,96.961222,0.303878,authorized_macro_cycle_proxy,false,true,2026-06-25T05:22:11.730520Z
2022-11-22,EURO_AREA,96.961222,0.303878,authorized_macro_cycle_proxy,false,true,2026-06-25T05:22:11.730520Z
2022-11-23,CN,97.214446,0.278555,authorized_macro_cycle_proxy,false,true,2026-06-25T05:22:11.730520Z
2022-11-23,US,97.214446,0.278555,authorized_macro_cycle_proxy,false,true,2026-06-25T05:22:11.730520Z
2022-11-23,OECD_TOTAL,97.214446,0.278555,authorized_macro_cycle_proxy,false,true,2026-06-25T05:22:11.730520Z
2022-11-23,G20,97.214446,0.278555,authorized_macro_cycle_proxy,false,true,2026-06-25T05:22:11.730520Z
2022-11-23,JP,97.214446,0.278555,authorized_macro_cycle_proxy,false,true,2026-06-25T05:22:11.730520Z
2022-11-23,EURO_AREA,97.214446,0.278555,authorized_macro_cycle_proxy,false,true,2026-06-25T05:22:11.730520Z
2022-11-24,CN,97.171521,0.282848,authorized_macro_cycle_proxy,false,true,2026-06-25T05:22:11.730520Z
2022-11-24,US,97.171521,0.282848,authorized_macro_cycle_proxy,false,true,2026-06-25T05:22:11.730520Z
2022-11-24,OECD_TOTAL,97.171521,0.282848,authorized_macro_cycle_proxy,false,true,2026-06-25T05:22:11.730520Z
2022-11-24,G20,97.171521,0.282848,authorized_macro_cycle_proxy,false,true,2026-06-25T05:22:11.730520Z
2022-11-24,JP,97.171521,0.282848,authorized_macro_cycle_proxy,false,true,2026-06-25T05:22:11.730520Z
2022-11-24,EURO_AREA,97.171521,0.282848,authorized_macro_cycle_proxy,false,true,2026-06-25T05:22:11.730520Z
2022-11-25,CN,97.222768,0.277723,authorized_macro_cycle_proxy,false,true,2026-06-25T05:22:11.730520Z
2022-11-25,US,97.222768,0.277723,authorized_macro_cycle_proxy,false,true,2026-06-25T05:22:11.730520Z
2022-11-25,OECD_TOTAL,97.222768,0.277723,authorized_macro_cycle_proxy,false,true,2026-06-25T05:22:11.730520Z
2022-11-25,G20,97.222768,0.277723,authorized_macro_cycle_proxy,false,true,2026-06-25T05:22:11.730520Z
2022-11-25,JP,97.222768,0.277723,authorized_macro_cycle_proxy,false,true,2026-06-25T05:22:11.730520Z
2022-11-25,EURO_AREA,97.222768,0.277723,authorized_macro_cycle_proxy,false,true,2026-06-25T05:22:11.730520Z
2022-11-28,CN,96.931547,0.306845,authorized_macro_cycle_proxy,false,true,2026-06-25T05:22:11.730520Z
2022-11-28,US,96.931547,0.306845,authorized_macro_cycle_proxy,false,true,2026-06-25T05:22:11.730520Z
2022-11-28,OECD_TOTAL,96.931547,0.306845,authorized_macro_cycle_proxy,false,true,2026-06-25T05:22:11.730520Z
2022-11-28,G20,96.931547,0.306845,authorized_macro_cycle_proxy,false,true,2026-06-25T05:22:11.730520Z
2022-11-28,JP,96.931547,0.306845,authorized_macro_cycle_proxy,false,true,2026-06-25T05:22:11.730520Z
2022-11-28,EURO_AREA,96.931547,0.306845,authorized_macro_cycle_proxy,false,true,2026-06-25T05:22:11.730520Z
2022-11-29,CN,96.887525,0.311247,authorized_macro_cycle_proxy,false,true,2026-06-25T05:22:11.730520Z
2022-11-29,US,96.887525,0.311247,authorized_macro_cycle_proxy,false,true,2026-06-25T05:22:11.730520Z
2022-11-29,OECD_TOTAL,96.887525,0.311247,authorized_macro_cycle_proxy,false,true,2026-06-25T05:22:11.730520Z
2022-11-29,G20,96.887525,0.311247,authorized_macro_cycle_proxy,false,true,2026-06-25T05:22:11.730520Z
2022-11-29,JP,96.887525,0.311247,authorized_macro_cycle_proxy,false,true,2026-06-25T05:22:11.730520Z
2022-11-29,EURO_AREA,96.887525,0.311247,authorized_macro_cycle_proxy,false,true,2026-06-25T05:22:11.730520Z
2022-11-30,CN,97.102693,0.289731,authorized_macro_cycle_proxy,false,true,2026-06-25T05:22:11.730520Z
2022-11-30,US,97.102693,0.289731,authorized_macro_cycle_proxy,false,true,2026-06-25T05:22:11.730520Z
2022-11-30,OECD_TOTAL,97.102693,0.289731,authorized_macro_cycle_proxy,false,true,2026-06-25T05:22:11.730520Z
2022-11-30,G20,97.102693,0.289731,authorized_macro_cycle_proxy,false,true,2026-06-25T05:22:11.730520Z
2022-11-30,JP,97.102693,0.289731,authorized_macro_cycle_proxy,false,true,2026-06-25T05:22:11.730520Z
2022-11-30,EURO_AREA,97.102693,0.289731,authorized_macro_cycle_proxy,false,true,2026-06-25T05:22:11.730520Z
2022-12-01,CN,97.382936,0.261706,authorized_macro_cycle_proxy,false,true,2026-06-25T05:22:11.730520Z
2022-12-01,US,97.382936,0.261706,authorized_macro_cycle_proxy,false,true,2026-06-25T05:22:11.730520Z
2022-12-01,OECD_TOTAL,97.382936,0.261706,authorized_macro_cycle_proxy,false,true,2026-06-25T05:22:11.730520Z
2022-12-01,G20,97.382936,0.261706,authorized_macro_cycle_proxy,false,true,2026-06-25T05:22:11.730520Z
2022-12-01,JP,97.382936,0.261706,authorized_macro_cycle_proxy,false,true,2026-06-25T05:22:11.730520Z
2022-12-01,EURO_AREA,97.382936,0.261706,authorized_macro_cycle_proxy,false,true,2026-06-25T05:22:11.730520Z
2022-12-02,CN,97.570832,0.242917,authorized_macro_cycle_proxy,false,true,2026-06-25T05:22:11.730520Z
2022-12-02,US,97.570832,0.242917,authorized_macro_cycle_proxy,false,true,2026-06-25T05:22:11.730520Z
2022-12-02,OECD_TOTAL,97.570832,0.242917,authorized_macro_cycle_proxy,false,true,2026-06-25T05:22:11.730520Z
2022-12-02,G20,97.570832,0.242917,authorized_macro_cycle_proxy,false,true,2026-06-25T05:22:11.730520Z
2022-12-02,JP,97.570832,0.242917,authorized_macro_cycle_proxy,false,true,2026-06-25T05:22:11.730520Z
2022-12-02,EURO_AREA,97.570832,0.242917,authorized_macro_cycle_proxy,false,true,2026-06-25T05:22:11.730520Z
2022-12-05,CN,97.377839,0.262216,authorized_macro_cycle_proxy,false,true,2026-06-25T05:22:11.730520Z
2022-12-05,US,97.377839,0.262216,authorized_macro_cycle_proxy,false,true,2026-06-25T05:22:11.730520Z
2022-12-05,OECD_TOTAL,97.377839,0.262216,authorized_macro_cycle_proxy,false,true,2026-06-25T05:22:11.730520Z
2022-12-05,G20,97.377839,0.262216,authorized_macro_cycle_proxy,false,true,2026-06-25T05:22:11.730520Z
2022-12-05,JP,97.377839,0.262216,authorized_macro_cycle_proxy,false,true,2026-06-25T05:22:11.730520Z
2022-12-05,EURO_AREA,97.377839,0.262216,authorized_macro_cycle_proxy,false,true,2026-06-25T05:22:11.730520Z
2022-12-06,CN,97.358218,0.264178,authorized_macro_cycle_proxy,false,true,2026-06-25T05:22:11.730520Z
2022-12-06,US,97.358218,0.264178,authorized_macro_cycle_proxy,false,true,2026-06-25T05:22:11.730520Z
2022-12-06,OECD_TOTAL,97.358218,0.264178,authorized_macro_cycle_proxy,false,true,2026-06-25T05:22:11.730520Z
2022-12-06,G20,97.358218,0.264178,authorized_macro_cycle_proxy,false,true,2026-06-25T05:22:11.730520Z
2022-12-06,JP,97.358218,0.264178,authorized_macro_cycle_proxy,false,true,2026-06-25T05:22:11.730520Z
2022-12-06,EURO_AREA,97.358218,0.264178,authorized_macro_cycle_proxy,false,true,2026-06-25T05:22:11.730520Z
2022-12-07,CN,97.344818,0.265518,authorized_macro_cycle_proxy,false,true,2026-06-25T05:22:11.730520Z
2022-12-07,US,97.344818,0.265518,authorized_macro_cycle_proxy,false,true,2026-06-25T05:22:11.730520Z
2022-12-07,OECD_TOTAL,97.344818,0.265518,authorized_macro_cycle_proxy,false,true,2026-06-25T05:22:11.730520Z
2022-12-07,G20,97.344818,0.265518,authorized_macro_cycle_proxy,false,true,2026-06-25T05:22:11.730520Z
2022-12-07,JP,97.344818,0.265518,authorized_macro_cycle_proxy,false,true,2026-06-25T05:22:11.730520Z
2022-12-07,EURO_AREA,97.344818,0.265518,authorized_macro_cycle_proxy,false,true,2026-06-25T05:22:11.730520Z
2022-12-08,CN,97.397579,0.260242,authorized_macro_cycle_proxy,false,true,2026-06-25T05:22:11.730520Z
2022-12-08,US,97.397579,0.260242,authorized_macro_cycle_proxy,false,true,2026-06-25T05:22:11.730520Z
2022-12-08,OECD_TOTAL,97.397579,0.260242,authorized_macro_cycle_proxy,false,true,2026-06-25T05:22:11.730520Z
2022-12-08,G20,97.397579,0.260242,authorized_macro_cycle_proxy,false,true,2026-06-25T05:22:11.730520Z
2022-12-08,JP,97.397579,0.260242,authorized_macro_cycle_proxy,false,true,2026-06-25T05:22:11.730520Z
2022-12-08,EURO_AREA,97.397579,0.260242,authorized_macro_cycle_proxy,false,true,2026-06-25T05:22:11.730520Z
2022-12-09,CN,97.301282,0.269872,authorized_macro_cycle_proxy,false,true,2026-06-25T05:22:11.730520Z
2022-12-09,US,97.301282,0.269872,authorized_macro_cycle_proxy,false,true,2026-06-25T05:22:11.730520Z
2022-12-09,OECD_TOTAL,97.301282,0.269872,authorized_macro_cycle_proxy,false,true,2026-06-25T05:22:11.730520Z
2022-12-09,G20,97.301282,0.269872,authorized_macro_cycle_proxy,false,true,2026-06-25T05:22:11.730520Z
2022-12-09,JP,97.301282,0.269872,authorized_macro_cycle_proxy,false,true,2026-06-25T05:22:11.730520Z
2022-12-09,EURO_AREA,97.301282,0.269872,authorized_macro_cycle_proxy,false,true,2026-06-25T05:22:11.730520Z
2022-12-12,CN,96.941535,0.305846,authorized_macro_cycle_proxy,false,true,2026-06-25T05:22:11.730520Z
2022-12-12,US,96.941535,0.305846,authorized_macro_cycle_proxy,false,true,2026-06-25T05:22:11.730520Z
2022-12-12,OECD_TOTAL,96.941535,0.305846,authorized_macro_cycle_proxy,false,true,2026-06-25T05:22:11.730520Z
2022-12-12,G20,96.941535,0.305846,authorized_macro_cycle_proxy,false,true,2026-06-25T05:22:11.730520Z
2022-12-12,JP,96.941535,0.305846,authorized_macro_cycle_proxy,false,true,2026-06-25T05:22:11.730520Z
2022-12-12,EURO_AREA,96.941535,0.305846,authorized_macro_cycle_proxy,false,true,2026-06-25T05:22:11.730520Z
2022-12-13,CN,97.267089,0.273291,authorized_macro_cycle_proxy,false,true,2026-06-25T05:22:11.730520Z
2022-12-13,US,97.267089,0.273291,authorized_macro_cycle_proxy,false,true,2026-06-25T05:22:11.730520Z
2022-12-13,OECD_TOTAL,97.267089,0.273291,authorized_macro_cycle_proxy,false,true,2026-06-25T05:22:11.730520Z
2022-12-13,G20,97.267089,0.273291,authorized_macro_cycle_proxy,false,true,2026-06-25T05:22:11.730520Z
2022-12-13,JP,97.267089,0.273291,authorized_macro_cycle_proxy,false,true,2026-06-25T05:22:11.730520Z
2022-12-13,EURO_AREA,97.267089,0.273291,authorized_macro_cycle_proxy,false,true,2026-06-25T05:22:11.730520Z
2022-12-14,CN,97.464364,0.253564,authorized_macro_cycle_proxy,false,true,2026-06-25T05:22:11.730520Z
2022-12-14,US,97.464364,0.253564,authorized_macro_cycle_proxy,false,true,2026-06-25T05:22:11.730520Z
2022-12-14,OECD_TOTAL,97.464364,0.253564,authorized_macro_cycle_proxy,false,true,2026-06-25T05:22:11.730520Z
2022-12-14,G20,97.464364,0.253564,authorized_macro_cycle_proxy,false,true,2026-06-25T05:22:11.730520Z
2022-12-14,JP,97.464364,0.253564,authorized_macro_cycle_proxy,false,true,2026-06-25T05:22:11.730520Z
2022-12-14,EURO_AREA,97.464364,0.253564,authorized_macro_cycle_proxy,false,true,2026-06-25T05:22:11.730520Z
2022-12-15,CN,97.27121,0.272879,authorized_macro_cycle_proxy,false,true,2026-06-25T05:22:11.730520Z
2022-12-15,US,97.27121,0.272879,authorized_macro_cycle_proxy,false,true,2026-06-25T05:22:11.730520Z
2022-12-15,OECD_TOTAL,97.27121,0.272879,authorized_macro_cycle_proxy,false,true,2026-06-25T05:22:11.730520Z
2022-12-15,G20,97.27121,0.272879,authorized_macro_cycle_proxy,false,true,2026-06-25T05:22:11.730520Z
2022-12-15,JP,97.27121,0.272879,authorized_macro_cycle_proxy,false,true,2026-06-25T05:22:11.730520Z
2022-12-15,EURO_AREA,97.27121,0.272879,authorized_macro_cycle_proxy,false,true,2026-06-25T05:22:11.730520Z
2022-12-16,CN,97.295736,0.270426,authorized_macro_cycle_proxy,false,true,2026-06-25T05:22:11.730520Z
2022-12-16,US,97.295736,0.270426,authorized_macro_cycle_proxy,false,true,2026-06-25T05:22:11.730520Z
2022-12-16,OECD_TOTAL,97.295736,0.270426,authorized_macro_cycle_proxy,false,true,2026-06-25T05:22:11.730520Z
2022-12-16,G20,97.295736,0.270426,authorized_macro_cycle_proxy,false,true,2026-06-25T05:22:11.730520Z
2022-12-16,JP,97.295736,0.270426,authorized_macro_cycle_proxy,false,true,2026-06-25T05:22:11.730520Z
2022-12-16,EURO_AREA,97.295736,0.270426,authorized_macro_cycle_proxy,false,true,2026-06-25T05:22:11.730520Z
2022-12-19,CN,97.255075,0.274492,authorized_macro_cycle_proxy,false,true,2026-06-25T05:22:11.730520Z
2022-12-19,US,97.255075,0.274492,authorized_macro_cycle_proxy,false,true,2026-06-25T05:22:11.730520Z
2022-12-19,OECD_TOTAL,97.255075,0.274492,authorized_macro_cycle_proxy,false,true,2026-06-25T05:22:11.730520Z
2022-12-19,G20,97.255075,0.274492,authorized_macro_cycle_proxy,false,true,2026-06-25T05:22:11.730520Z
2022-12-19,JP,97.255075,0.274492,authorized_macro_cycle_proxy,false,true,2026-06-25T05:22:11.730520Z
2022-12-19,EURO_AREA,97.255075,0.274492,authorized_macro_cycle_proxy,false,true,2026-06-25T05:22:11.730520Z
2022-12-20,CN,97.307764,0.269224,authorized_macro_cycle_proxy,false,true,2026-06-25T05:22:11.730520Z
2022-12-20,US,97.307764,0.269224,authorized_macro_cycle_proxy,false,true,2026-06-25T05:22:11.730520Z
2022-12-20,OECD_TOTAL,97.307764,0.269224,authorized_macro_cycle_proxy,false,true,2026-06-25T05:22:11.730520Z
2022-12-20,G20,97.307764,0.269224,authorized_macro_cycle_proxy,false,true,2026-06-25T05:22:11.730520Z
2022-12-20,JP,97.307764,0.269224,authorized_macro_cycle_proxy,false,true,2026-06-25T05:22:11.730520Z
2022-12-20,EURO_AREA,97.307764,0.269224,authorized_macro_cycle_proxy,false,true,2026-06-25T05:22:11.730520Z
2022-12-21,CN,97.480271,0.251973,authorized_macro_cycle_proxy,false,true,2026-06-25T05:22:11.730520Z
2022-12-21,US,97.480271,0.251973,authorized_macro_cycle_proxy,false,true,2026-06-25T05:22:11.730520Z
2022-12-21,OECD_TOTAL,97.480271,0.251973,authorized_macro_cycle_proxy,false,true,2026-06-25T05:22:11.730520Z
2022-12-21,G20,97.480271,0.251973,authorized_macro_cycle_proxy,false,true,2026-06-25T05:22:11.730520Z
2022-12-21,JP,97.480271,0.251973,authorized_macro_cycle_proxy,false,true,2026-06-25T05:22:11.730520Z
2022-12-21,EURO_AREA,97.480271,0.251973,authorized_macro_cycle_proxy,false,true,2026-06-25T05:22:11.730520Z
2022-12-22,CN,97.214165,0.278584,authorized_macro_cycle_proxy,false,true,2026-06-25T05:22:11.730520Z
2022-12-22,US,97.214165,0.278584,authorized_macro_cycle_proxy,false,true,2026-06-25T05:22:11.730520Z
2022-12-22,OECD_TOTAL,97.214165,0.278584,authorized_macro_cycle_proxy,false,true,2026-06-25T05:22:11.730520Z
2022-12-22,G20,97.214165,0.278584,authorized_macro_cycle_proxy,false,true,2026-06-25T05:22:11.730520Z
2022-12-22,JP,97.214165,0.278584,authorized_macro_cycle_proxy,false,true,2026-06-25T05:22:11.730520Z
2022-12-22,EURO_AREA,97.214165,0.278584,authorized_macro_cycle_proxy,false,true,2026-06-25T05:22:11.730520Z
2022-12-23,CN,97.279807,0.272019,authorized_macro_cycle_proxy,false,true,2026-06-25T05:22:11.730520Z
2022-12-23,US,97.279807,0.272019,authorized_macro_cycle_proxy,false,true,2026-06-25T05:22:11.730520Z
2022-12-23,OECD_TOTAL,97.279807,0.272019,authorized_macro_cycle_proxy,false,true,2026-06-25T05:22:11.730520Z
2022-12-23,G20,97.279807,0.272019,authorized_macro_cycle_proxy,false,true,2026-06-25T05:22:11.730520Z
2022-12-23,JP,97.279807,0.272019,authorized_macro_cycle_proxy,false,true,2026-06-25T05:22:11.730520Z
2022-12-23,EURO_AREA,97.279807,0.272019,authorized_macro_cycle_proxy,false,true,2026-06-25T05:22:11.730520Z
2022-12-26,CN,97.272682,0.272732,authorized_macro_cycle_proxy,false,true,2026-06-25T05:22:11.730520Z
2022-12-26,US,97.272682,0.272732,authorized_macro_cycle_proxy,false,true,2026-06-25T05:22:11.730520Z
2022-12-26,OECD_TOTAL,97.272682,0.272732,authorized_macro_cycle_proxy,false,true,2026-06-25T05:22:11.730520Z
2022-12-26,G20,97.272682,0.272732,authorized_macro_cycle_proxy,false,true,2026-06-25T05:22:11.730520Z
2022-12-26,JP,97.272682,0.272732,authorized_macro_cycle_proxy,false,true,2026-06-25T05:22:11.730520Z
2022-12-26,EURO_AREA,97.272682,0.272732,authorized_macro_cycle_proxy,false,true,2026-06-25T05:22:11.730520Z
2022-12-27,CN,97.144,0.2856,authorized_macro_cycle_proxy,false,true,2026-06-25T05:22:11.730520Z
2022-12-27,US,97.144,0.2856,authorized_macro_cycle_proxy,false,true,2026-06-25T05:22:11.730520Z
2022-12-27,OECD_TOTAL,97.144,0.2856,authorized_macro_cycle_proxy,false,true,2026-06-25T05:22:11.730520Z
2022-12-27,G20,97.144,0.2856,authorized_macro_cycle_proxy,false,true,2026-06-25T05:22:11.730520Z
2022-12-27,JP,97.144,0.2856,authorized_macro_cycle_proxy,false,true,2026-06-25T05:22:11.730520Z
2022-12-27,EURO_AREA,97.144,0.2856,authorized_macro_cycle_proxy,false,true,2026-06-25T05:22:11.730520Z
2022-12-28,CN,97.076864,0.292314,authorized_macro_cycle_proxy,false,true,2026-06-25T05:22:11.730520Z
2022-12-28,US,97.076864,0.292314,authorized_macro_cycle_proxy,false,true,2026-06-25T05:22:11.730520Z
2022-12-28,OECD_TOTAL,97.076864,0.292314,authorized_macro_cycle_proxy,false,true,2026-06-25T05:22:11.730520Z
2022-12-28,G20,97.076864,0.292314,authorized_macro_cycle_proxy,false,true,2026-06-25T05:22:11.730520Z
2022-12-28,JP,97.076864,0.292314,authorized_macro_cycle_proxy,false,true,2026-06-25T05:22:11.730520Z
2022-12-28,EURO_AREA,97.076864,0.292314,authorized_macro_cycle_proxy,false,true,2026-06-25T05:22:11.730520Z
2022-12-29,CN,97.189614,0.281039,authorized_macro_cycle_proxy,false,true,2026-06-25T05:22:11.730520Z
2022-12-29,US,97.189614,0.281039,authorized_macro_cycle_proxy,false,true,2026-06-25T05:22:11.730520Z
2022-12-29,OECD_TOTAL,97.189614,0.281039,authorized_macro_cycle_proxy,false,true,2026-06-25T05:22:11.730520Z
2022-12-29,G20,97.189614,0.281039,authorized_macro_cycle_proxy,false,true,2026-06-25T05:22:11.730520Z
2022-12-29,JP,97.189614,0.281039,authorized_macro_cycle_proxy,false,true,2026-06-25T05:22:11.730520Z
2022-12-29,EURO_AREA,97.189614,0.281039,authorized_macro_cycle_proxy,false,true,2026-06-25T05:22:11.730520Z
2022-12-30,CN,97.086946,0.291305,authorized_macro_cycle_proxy,false,true,2026-06-25T05:22:11.730520Z
2022-12-30,US,97.086946,0.291305,authorized_macro_cycle_proxy,false,true,2026-06-25T05:22:11.730520Z
2022-12-30,OECD_TOTAL,97.086946,0.291305,authorized_macro_cycle_proxy,false,true,2026-06-25T05:22:11.730520Z
2022-12-30,G20,97.086946,0.291305,authorized_macro_cycle_proxy,false,true,2026-06-25T05:22:11.730520Z
2022-12-30,JP,97.086946,0.291305,authorized_macro_cycle_proxy,false,true,2026-06-25T05:22:11.730520Z
2022-12-30,EURO_AREA,97.086946,0.291305,authorized_macro_cycle_proxy,false,true,2026-06-25T05:22:11.730520Z
2023-01-03,CN,97.138339,0.286166,authorized_macro_cycle_proxy,false,true,2026-06-25T05:22:11.730520Z
2023-01-03,US,97.138339,0.286166,authorized_macro_cycle_proxy,false,true,2026-06-25T05:22:11.730520Z
2023-01-03,OECD_TOTAL,97.138339,0.286166,authorized_macro_cycle_proxy,false,true,2026-06-25T05:22:11.730520Z
2023-01-03,G20,97.138339,0.286166,authorized_macro_cycle_proxy,false,true,2026-06-25T05:22:11.730520Z
2023-01-03,JP,97.138339,0.286166,authorized_macro_cycle_proxy,false,true,2026-06-25T05:22:11.730520Z
2023-01-03,EURO_AREA,97.138339,0.286166,authorized_macro_cycle_proxy,false,true,2026-06-25T05:22:11.730520Z
2023-01-04,CN,97.309844,0.269016,authorized_macro_cycle_proxy,false,true,2026-06-25T05:22:11.730520Z
2023-01-04,US,97.309844,0.269016,authorized_macro_cycle_proxy,false,true,2026-06-25T05:22:11.730520Z
2023-01-04,OECD_TOTAL,97.309844,0.269016,authorized_macro_cycle_proxy,false,true,2026-06-25T05:22:11.730520Z
2023-01-04,G20,97.309844,0.269016,authorized_macro_cycle_proxy,false,true,2026-06-25T05:22:11.730520Z
2023-01-04,JP,97.309844,0.269016,authorized_macro_cycle_proxy,false,true,2026-06-25T05:22:11.730520Z
2023-01-04,EURO_AREA,97.309844,0.269016,authorized_macro_cycle_proxy,false,true,2026-06-25T05:22:11.730520Z
2023-01-05,CN,97.317921,0.268208,authorized_macro_cycle_proxy,false,true,2026-06-25T05:22:11.730520Z
2023-01-05,US,97.317921,0.268208,authorized_macro_cycle_proxy,false,true,2026-06-25T05:22:11.730520Z
2023-01-05,OECD_TOTAL,97.317921,0.268208,authorized_macro_cycle_proxy,false,true,2026-06-25T05:22:11.730520Z
2023-01-05,G20,97.317921,0.268208,authorized_macro_cycle_proxy,false,true,2026-06-25T05:22:11.730520Z
2023-01-05,JP,97.317921,0.268208,authorized_macro_cycle_proxy,false,true,2026-06-25T05:22:11.730520Z
2023-01-05,EURO_AREA,97.317921,0.268208,authorized_macro_cycle_proxy,false,true,2026-06-25T05:22:11.730520Z
2023-01-06,CN,97.585354,0.241465,authorized_macro_cycle_proxy,false,true,2026-06-25T05:22:11.730520Z
2023-01-06,US,97.585354,0.241465,authorized_macro_cycle_proxy,false,true,2026-06-25T05:22:11.730520Z
2023-01-06,OECD_TOTAL,97.585354,0.241465,authorized_macro_cycle_proxy,false,true,2026-06-25T05:22:11.730520Z
2023-01-06,G20,97.585354,0.241465,authorized_macro_cycle_proxy,false,true,2026-06-25T05:22:11.730520Z
2023-01-06,JP,97.585354,0.241465,authorized_macro_cycle_proxy,false,true,2026-06-25T05:22:11.730520Z
2023-01-06,EURO_AREA,97.585354,0.241465,authorized_macro_cycle_proxy,false,true,2026-06-25T05:22:11.730520Z
2023-01-09,CN,97.53045,0.246955,authorized_macro_cycle_proxy,false,true,2026-06-25T05:22:11.730520Z
2023-01-09,US,97.53045,0.246955,authorized_macro_cycle_proxy,false,true,2026-06-25T05:22:11.730520Z
2023-01-09,OECD_TOTAL,97.53045,0.246955,authorized_macro_cycle_proxy,false,true,2026-06-25T05:22:11.730520Z
2023-01-09,G20,97.53045,0.246955,authorized_macro_cycle_proxy,false,true,2026-06-25T05:22:11.730520Z
2023-01-09,JP,97.53045,0.246955,authorized_macro_cycle_proxy,false,true,2026-06-25T05:22:11.730520Z
2023-01-09,EURO_AREA,97.53045,0.246955,authorized_macro_cycle_proxy,false,true,2026-06-25T05:22:11.730520Z
2023-01-10,CN,97.74555,0.225445,authorized_macro_cycle_proxy,false,true,2026-06-25T05:22:11.730520Z
2023-01-10,US,97.74555,0.225445,authorized_macro_cycle_proxy,false,true,2026-06-25T05:22:11.730520Z
2023-01-10,OECD_TOTAL,97.74555,0.225445,authorized_macro_cycle_proxy,false,true,2026-06-25T05:22:11.730520Z
2023-01-10,G20,97.74555,0.225445,authorized_macro_cycle_proxy,false,true,2026-06-25T05:22:11.730520Z
2023-01-10,JP,97.74555,0.225445,authorized_macro_cycle_proxy,false,true,2026-06-25T05:22:11.730520Z
2023-01-10,EURO_AREA,97.74555,0.225445,authorized_macro_cycle_proxy,false,true,2026-06-25T05:22:11.730520Z
2023-01-11,CN,97.650579,0.234942,authorized_macro_cycle_proxy,false,true,2026-06-25T05:22:11.730520Z
2023-01-11,US,97.650579,0.234942,authorized_macro_cycle_proxy,false,true,2026-06-25T05:22:11.730520Z
2023-01-11,OECD_TOTAL,97.650579,0.234942,authorized_macro_cycle_proxy,false,true,2026-06-25T05:22:11.730520Z
2023-01-11,G20,97.650579,0.234942,authorized_macro_cycle_proxy,false,true,2026-06-25T05:22:11.730520Z
2023-01-11,JP,97.650579,0.234942,authorized_macro_cycle_proxy,false,true,2026-06-25T05:22:11.730520Z
2023-01-11,EURO_AREA,97.650579,0.234942,authorized_macro_cycle_proxy,false,true,2026-06-25T05:22:11.730520Z
2023-01-12,CN,98.008979,0.199102,authorized_macro_cycle_proxy,false,true,2026-06-25T05:22:11.730520Z
2023-01-12,US,98.008979,0.199102,authorized_macro_cycle_proxy,false,true,2026-06-25T05:22:11.730520Z
2023-01-12,OECD_TOTAL,98.008979,0.199102,authorized_macro_cycle_proxy,false,true,2026-06-25T05:22:11.730520Z
2023-01-12,G20,98.008979,0.199102,authorized_macro_cycle_proxy,false,true,2026-06-25T05:22:11.730520Z
2023-01-12,JP,98.008979,0.199102,authorized_macro_cycle_proxy,false,true,2026-06-25T05:22:11.730520Z
2023-01-12,EURO_AREA,98.008979,0.199102,authorized_macro_cycle_proxy,false,true,2026-06-25T05:22:11.730520Z
2023-01-13,CN,98.052678,0.194732,authorized_macro_cycle_proxy,false,true,2026-06-25T05:22:11.730520Z
2023-01-13,US,98.052678,0.194732,authorized_macro_cycle_proxy,false,true,2026-06-25T05:22:11.730520Z
2023-01-13,OECD_TOTAL,98.052678,0.194732,authorized_macro_cycle_proxy,false,true,2026-06-25T05:22:11.730520Z
2023-01-13,G20,98.052678,0.194732,authorized_macro_cycle_proxy,false,true,2026-06-25T05:22:11.730520Z
2023-01-13,JP,98.052678,0.194732,authorized_macro_cycle_proxy,false,true,2026-06-25T05:22:11.730520Z
2023-01-13,EURO_AREA,98.052678,0.194732,authorized_macro_cycle_proxy,false,true,2026-06-25T05:22:11.730520Z
2023-01-16,CN,97.938079,0.206192,authorized_macro_cycle_proxy,false,true,2026-06-25T05:22:11.730520Z
2023-01-16,US,97.938079,0.206192,authorized_macro_cycle_proxy,false,true,2026-06-25T05:22:11.730520Z
2023-01-16,OECD_TOTAL,97.938079,0.206192,authorized_macro_cycle_proxy,false,true,2026-06-25T05:22:11.730520Z
2023-01-16,G20,97.938079,0.206192,authorized_macro_cycle_proxy,false,true,2026-06-25T05:22:11.730520Z
2023-01-16,JP,97.938079,0.206192,authorized_macro_cycle_proxy,false,true,2026-06-25T05:22:11.730520Z
2023-01-16,EURO_AREA,97.938079,0.206192,authorized_macro_cycle_proxy,false,true,2026-06-25T05:22:11.730520Z
2023-01-17,CN,97.899046,0.210095,authorized_macro_cycle_proxy,false,true,2026-06-25T05:22:11.730520Z
2023-01-17,US,97.899046,0.210095,authorized_macro_cycle_proxy,false,true,2026-06-25T05:22:11.730520Z
2023-01-17,OECD_TOTAL,97.899046,0.210095,authorized_macro_cycle_proxy,false,true,2026-06-25T05:22:11.730520Z
2023-01-17,G20,97.899046,0.210095,authorized_macro_cycle_proxy,false,true,2026-06-25T05:22:11.730520Z
2023-01-17,JP,97.899046,0.210095,authorized_macro_cycle_proxy,false,true,2026-06-25T05:22:11.730520Z
2023-01-17,EURO_AREA,97.899046,0.210095,authorized_macro_cycle_proxy,false,true,2026-06-25T05:22:11.730520Z
2023-01-18,CN,97.806971,0.219303,authorized_macro_cycle_proxy,false,true,2026-06-25T05:22:11.730520Z
2023-01-18,US,97.806971,0.219303,authorized_macro_cycle_proxy,false,true,2026-06-25T05:22:11.730520Z
2023-01-18,OECD_TOTAL,97.806971,0.219303,authorized_macro_cycle_proxy,false,true,2026-06-25T05:22:11.730520Z
2023-01-18,G20,97.806971,0.219303,authorized_macro_cycle_proxy,false,true,2026-06-25T05:22:11.730520Z
2023-01-18,JP,97.806971,0.219303,authorized_macro_cycle_proxy,false,true,2026-06-25T05:22:11.730520Z
2023-01-18,EURO_AREA,97.806971,0.219303,authorized_macro_cycle_proxy,false,true,2026-06-25T05:22:11.730520Z
2023-01-19,CN,97.784182,0.221582,authorized_macro_cycle_proxy,false,true,2026-06-25T05:22:11.730520Z
2023-01-19,US,97.784182,0.221582,authorized_macro_cycle_proxy,false,true,2026-06-25T05:22:11.730520Z
2023-01-19,OECD_TOTAL,97.784182,0.221582,authorized_macro_cycle_proxy,false,true,2026-06-25T05:22:11.730520Z
2023-01-19,G20,97.784182,0.221582,authorized_macro_cycle_proxy,false,true,2026-06-25T05:22:11.730520Z
2023-01-19,JP,97.784182,0.221582,authorized_macro_cycle_proxy,false,true,2026-06-25T05:22:11.730520Z
2023-01-19,EURO_AREA,97.784182,0.221582,authorized_macro_cycle_proxy,false,true,2026-06-25T05:22:11.730520Z
2023-01-20,CN,97.777607,0.222239,authorized_macro_cycle_proxy,false,true,2026-06-25T05:22:11.730520Z
2023-01-20,US,97.777607,0.222239,authorized_macro_cycle_proxy,false,true,2026-06-25T05:22:11.730520Z
2023-01-20,OECD_TOTAL,97.777607,0.222239,authorized_macro_cycle_proxy,false,true,2026-06-25T05:22:11.730520Z
2023-01-20,G20,97.777607,0.222239,authorized_macro_cycle_proxy,false,true,2026-06-25T05:22:11.730520Z
2023-01-20,JP,97.777607,0.222239,authorized_macro_cycle_proxy,false,true,2026-06-25T05:22:11.730520Z
2023-01-20,EURO_AREA,97.777607,0.222239,authorized_macro_cycle_proxy,false,true,2026-06-25T05:22:11.730520Z
2023-01-30,CN,97.796328,0.220367,authorized_macro_cycle_proxy,false,true,2026-06-25T05:22:11.730520Z
2023-01-30,US,97.796328,0.220367,authorized_macro_cycle_proxy,false,true,2026-06-25T05:22:11.730520Z
2023-01-30,OECD_TOTAL,97.796328,0.220367,authorized_macro_cycle_proxy,false,true,2026-06-25T05:22:11.730520Z
2023-01-30,G20,97.796328,0.220367,authorized_macro_cycle_proxy,false,true,2026-06-25T05:22:11.730520Z
2023-01-30,JP,97.796328,0.220367,authorized_macro_cycle_proxy,false,true,2026-06-25T05:22:11.730520Z
2023-01-30,EURO_AREA,97.796328,0.220367,authorized_macro_cycle_proxy,false,true,2026-06-25T05:22:11.730520Z
2023-01-31,CN,97.905393,0.209461,authorized_macro_cycle_proxy,false,true,2026-06-25T05:22:11.730520Z
2023-01-31,US,97.905393,0.209461,authorized_macro_cycle_proxy,false,true,2026-06-25T05:22:11.730520Z
2023-01-31,OECD_TOTAL,97.905393,0.209461,authorized_macro_cycle_proxy,false,true,2026-06-25T05:22:11.730520Z
2023-01-31,G20,97.905393,0.209461,authorized_macro_cycle_proxy,false,true,2026-06-25T05:22:11.730520Z
2023-01-31,JP,97.905393,0.209461,authorized_macro_cycle_proxy,false,true,2026-06-25T05:22:11.730520Z
2023-01-31,EURO_AREA,97.905393,0.209461,authorized_macro_cycle_proxy,false,true,2026-06-25T05:22:11.730520Z
2023-02-01,CN,98.231057,0.176894,authorized_macro_cycle_proxy,false,true,2026-06-25T05:22:11.730520Z
2023-02-01,US,98.231057,0.176894,authorized_macro_cycle_proxy,false,true,2026-06-25T05:22:11.730520Z
2023-02-01,OECD_TOTAL,98.231057,0.176894,authorized_macro_cycle_proxy,false,true,2026-06-25T05:22:11.730520Z
2023-02-01,G20,98.231057,0.176894,authorized_macro_cycle_proxy,false,true,2026-06-25T05:22:11.730520Z
2023-02-01,JP,98.231057,0.176894,authorized_macro_cycle_proxy,false,true,2026-06-25T05:22:11.730520Z
2023-02-01,EURO_AREA,98.231057,0.176894,authorized_macro_cycle_proxy,false,true,2026-06-25T05:22:11.730520Z
2023-02-02,CN,98.138515,0.186149,authorized_macro_cycle_proxy,false,true,2026-06-25T05:22:11.730520Z
2023-02-02,US,98.138515,0.186149,authorized_macro_cycle_proxy,false,true,2026-06-25T05:22:11.730520Z
2023-02-02,OECD_TOTAL,98.138515,0.186149,authorized_macro_cycle_proxy,false,true,2026-06-25T05:22:11.730520Z
2023-02-02,G20,98.138515,0.186149,authorized_macro_cycle_proxy,false,true,2026-06-25T05:22:11.730520Z
2023-02-02,JP,98.138515,0.186149,authorized_macro_cycle_proxy,false,true,2026-06-25T05:22:11.730520Z
2023-02-02,EURO_AREA,98.138515,0.186149,authorized_macro_cycle_proxy,false,true,2026-06-25T05:22:11.730520Z
2023-02-03,CN,98.191496,0.18085,authorized_macro_cycle_proxy,false,true,2026-06-25T05:22:11.730520Z
2023-02-03,US,98.191496,0.18085,authorized_macro_cycle_proxy,false,true,2026-06-25T05:22:11.730520Z
2023-02-03,OECD_TOTAL,98.191496,0.18085,authorized_macro_cycle_proxy,false,true,2026-06-25T05:22:11.730520Z
2023-02-03,G20,98.191496,0.18085,authorized_macro_cycle_proxy,false,true,2026-06-25T05:22:11.730520Z
2023-02-03,JP,98.191496,0.18085,authorized_macro_cycle_proxy,false,true,2026-06-25T05:22:11.730520Z
2023-02-03,EURO_AREA,98.191496,0.18085,authorized_macro_cycle_proxy,false,true,2026-06-25T05:22:11.730520Z
2023-02-06,CN,97.917693,0.208231,authorized_macro_cycle_proxy,false,true,2026-06-25T05:22:11.730520Z
2023-02-06,US,97.917693,0.208231,authorized_macro_cycle_proxy,false,true,2026-06-25T05:22:11.730520Z
2023-02-06,OECD_TOTAL,97.917693,0.208231,authorized_macro_cycle_proxy,false,true,2026-06-25T05:22:11.730520Z
2023-02-06,G20,97.917693,0.208231,authorized_macro_cycle_proxy,false,true,2026-06-25T05:22:11.730520Z
2023-02-06,JP,97.917693,0.208231,authorized_macro_cycle_proxy,false,true,2026-06-25T05:22:11.730520Z
2023-02-06,EURO_AREA,97.917693,0.208231,authorized_macro_cycle_proxy,false,true,2026-06-25T05:22:11.730520Z
2023-02-07,CN,97.915814,0.208419,authorized_macro_cycle_proxy,false,true,2026-06-25T05:22:11.730520Z
2023-02-07,US,97.915814,0.208419,authorized_macro_cycle_proxy,false,true,2026-06-25T05:22:11.730520Z
2023-02-07,OECD_TOTAL,97.915814,0.208419,authorized_macro_cycle_proxy,false,true,2026-06-25T05:22:11.730520Z
2023-02-07,G20,97.915814,0.208419,authorized_macro_cycle_proxy,false,true,2026-06-25T05:22:11.730520Z
2023-02-07,JP,97.915814,0.208419,authorized_macro_cycle_proxy,false,true,2026-06-25T05:22:11.730520Z
2023-02-07,EURO_AREA,97.915814,0.208419,authorized_macro_cycle_proxy,false,true,2026-06-25T05:22:11.730520Z
2023-02-08,CN,97.765514,0.223449,authorized_macro_cycle_proxy,false,true,2026-06-25T05:22:11.730520Z
2023-02-08,US,97.765514,0.223449,authorized_macro_cycle_proxy,false,true,2026-06-25T05:22:11.730520Z
2023-02-08,OECD_TOTAL,97.765514,0.223449,authorized_macro_cycle_proxy,false,true,2026-06-25T05:22:11.730520Z
2023-02-08,G20,97.765514,0.223449,authorized_macro_cycle_proxy,false,true,2026-06-25T05:22:11.730520Z
2023-02-08,JP,97.765514,0.223449,authorized_macro_cycle_proxy,false,true,2026-06-25T05:22:11.730520Z
2023-02-08,EURO_AREA,97.765514,0.223449,authorized_macro_cycle_proxy,false,true,2026-06-25T05:22:11.730520Z
2023-02-09,CN,97.61185,0.238815,authorized_macro_cycle_proxy,false,true,2026-06-25T05:22:11.730520Z
2023-02-09,US,97.61185,0.238815,authorized_macro_cycle_proxy,false,true,2026-06-25T05:22:11.730520Z
2023-02-09,OECD_TOTAL,97.61185,0.238815,authorized_macro_cycle_proxy,false,true,2026-06-25T05:22:11.730520Z
2023-02-09,G20,97.61185,0.238815,authorized_macro_cycle_proxy,false,true,2026-06-25T05:22:11.730520Z
2023-02-09,JP,97.61185,0.238815,authorized_macro_cycle_proxy,false,true,2026-06-25T05:22:11.730520Z
2023-02-09,EURO_AREA,97.61185,0.238815,authorized_macro_cycle_proxy,false,true,2026-06-25T05:22:11.730520Z
2023-02-10,CN,97.581604,0.24184,authorized_macro_cycle_proxy,false,true,2026-06-25T05:22:11.730520Z
2023-02-10,US,97.581604,0.24184,authorized_macro_cycle_proxy,false,true,2026-06-25T05:22:11.730520Z
2023-02-10,OECD_TOTAL,97.581604,0.24184,authorized_macro_cycle_proxy,false,true,2026-06-25T05:22:11.730520Z
2023-02-10,G20,97.581604,0.24184,authorized_macro_cycle_proxy,false,true,2026-06-25T05:22:11.730520Z
2023-02-10,JP,97.581604,0.24184,authorized_macro_cycle_proxy,false,true,2026-06-25T05:22:11.730520Z
2023-02-10,EURO_AREA,97.581604,0.24184,authorized_macro_cycle_proxy,false,true,2026-06-25T05:22:11.730520Z
2023-02-13,CN,97.576954,0.242305,authorized_macro_cycle_proxy,false,true,2026-06-25T05:22:11.730520Z
2023-02-13,US,97.576954,0.242305,authorized_macro_cycle_proxy,false,true,2026-06-25T05:22:11.730520Z
2023-02-13,OECD_TOTAL,97.576954,0.242305,authorized_macro_cycle_proxy,false,true,2026-06-25T05:22:11.730520Z
2023-02-13,G20,97.576954,0.242305,authorized_macro_cycle_proxy,false,true,2026-06-25T05:22:11.730520Z
2023-02-13,JP,97.576954,0.242305,authorized_macro_cycle_proxy,false,true,2026-06-25T05:22:11.730520Z
2023-02-13,EURO_AREA,97.576954,0.242305,authorized_macro_cycle_proxy,false,true,2026-06-25T05:22:11.730520Z
2023-02-14,CN,97.761297,0.22387,authorized_macro_cycle_proxy,false,true,2026-06-25T05:22:11.730520Z
2023-02-14,US,97.761297,0.22387,authorized_macro_cycle_proxy,false,true,2026-06-25T05:22:11.730520Z
2023-02-14,OECD_TOTAL,97.761297,0.22387,authorized_macro_cycle_proxy,false,true,2026-06-25T05:22:11.730520Z
2023-02-14,G20,97.761297,0.22387,authorized_macro_cycle_proxy,false,true,2026-06-25T05:22:11.730520Z
2023-02-14,JP,97.761297,0.22387,authorized_macro_cycle_proxy,false,true,2026-06-25T05:22:11.730520Z
2023-02-14,EURO_AREA,97.761297,0.22387,authorized_macro_cycle_proxy,false,true,2026-06-25T05:22:11.730520Z
2023-02-15,CN,97.837568,0.216243,authorized_macro_cycle_proxy,false,true,2026-06-25T05:22:11.730520Z
2023-02-15,US,97.837568,0.216243,authorized_macro_cycle_proxy,false,true,2026-06-25T05:22:11.730520Z
2023-02-15,OECD_TOTAL,97.837568,0.216243,authorized_macro_cycle_proxy,false,true,2026-06-25T05:22:11.730520Z
2023-02-15,G20,97.837568,0.216243,authorized_macro_cycle_proxy,false,true,2026-06-25T05:22:11.730520Z
2023-02-15,JP,97.837568,0.216243,authorized_macro_cycle_proxy,false,true,2026-06-25T05:22:11.730520Z
2023-02-15,EURO_AREA,97.837568,0.216243,authorized_macro_cycle_proxy,false,true,2026-06-25T05:22:11.730520Z
2023-02-16,CN,97.518611,0.248139,authorized_macro_cycle_proxy,false,true,2026-06-25T05:22:11.730520Z
2023-02-16,US,97.518611,0.248139,authorized_macro_cycle_proxy,false,true,2026-06-25T05:22:11.730520Z
2023-02-16,OECD_TOTAL,97.518611,0.248139,authorized_macro_cycle_proxy,false,true,2026-06-25T05:22:11.730520Z
2023-02-16,G20,97.518611,0.248139,authorized_macro_cycle_proxy,false,true,2026-06-25T05:22:11.730520Z
2023-02-16,JP,97.518611,0.248139,authorized_macro_cycle_proxy,false,true,2026-06-25T05:22:11.730520Z
2023-02-16,EURO_AREA,97.518611,0.248139,authorized_macro_cycle_proxy,false,true,2026-06-25T05:22:11.730520Z
2023-02-17,CN,97.583432,0.241657,authorized_macro_cycle_proxy,false,true,2026-06-25T05:22:11.730520Z
2023-02-17,US,97.583432,0.241657,authorized_macro_cycle_proxy,false,true,2026-06-25T05:22:11.730520Z
2023-02-17,OECD_TOTAL,97.583432,0.241657,authorized_macro_cycle_proxy,false,true,2026-06-25T05:22:11.730520Z
2023-02-17,G20,97.583432,0.241657,authorized_macro_cycle_proxy,false,true,2026-06-25T05:22:11.730520Z
2023-02-17,JP,97.583432,0.241657,authorized_macro_cycle_proxy,false,true,2026-06-25T05:22:11.730520Z
2023-02-17,EURO_AREA,97.583432,0.241657,authorized_macro_cycle_proxy,false,true,2026-06-25T05:22:11.730520Z
2023-02-20,CN,97.416657,0.258334,authorized_macro_cycle_proxy,false,true,2026-06-25T05:22:11.730520Z
2023-02-20,US,97.416657,0.258334,authorized_macro_cycle_proxy,false,true,2026-06-25T05:22:11.730520Z
2023-02-20,OECD_TOTAL,97.416657,0.258334,authorized_macro_cycle_proxy,false,true,2026-06-25T05:22:11.730520Z
2023-02-20,G20,97.416657,0.258334,authorized_macro_cycle_proxy,false,true,2026-06-25T05:22:11.730520Z
2023-02-20,JP,97.416657,0.258334,authorized_macro_cycle_proxy,false,true,2026-06-25T05:22:11.730520Z
2023-02-20,EURO_AREA,97.416657,0.258334,authorized_macro_cycle_proxy,false,true,2026-06-25T05:22:11.730520Z
2023-02-21,CN,97.131789,0.286821,authorized_macro_cycle_proxy,false,true,2026-06-25T05:22:11.730520Z
2023-02-21,US,97.131789,0.286821,authorized_macro_cycle_proxy,false,true,2026-06-25T05:22:11.730520Z
2023-02-21,OECD_TOTAL,97.131789,0.286821,authorized_macro_cycle_proxy,false,true,2026-06-25T05:22:11.730520Z
2023-02-21,G20,97.131789,0.286821,authorized_macro_cycle_proxy,false,true,2026-06-25T05:22:11.730520Z
2023-02-21,JP,97.131789,0.286821,authorized_macro_cycle_proxy,false,true,2026-06-25T05:22:11.730520Z
2023-02-21,EURO_AREA,97.131789,0.286821,authorized_macro_cycle_proxy,false,true,2026-06-25T05:22:11.730520Z
2023-02-22,CN,97.220401,0.27796,authorized_macro_cycle_proxy,false,true,2026-06-25T05:22:11.730520Z
2023-02-22,US,97.220401,0.27796,authorized_macro_cycle_proxy,false,true,2026-06-25T05:22:11.730520Z
2023-02-22,OECD_TOTAL,97.220401,0.27796,authorized_macro_cycle_proxy,false,true,2026-06-25T05:22:11.730520Z
2023-02-22,G20,97.220401,0.27796,authorized_macro_cycle_proxy,false,true,2026-06-25T05:22:11.730520Z
2023-02-22,JP,97.220401,0.27796,authorized_macro_cycle_proxy,false,true,2026-06-25T05:22:11.730520Z
2023-02-22,EURO_AREA,97.220401,0.27796,authorized_macro_cycle_proxy,false,true,2026-06-25T05:22:11.730520Z
2023-02-23,CN,97.352943,0.264706,authorized_macro_cycle_proxy,false,true,2026-06-25T05:22:11.730520Z
2023-02-23,US,97.352943,0.264706,authorized_macro_cycle_proxy,false,true,2026-06-25T05:22:11.730520Z
2023-02-23,OECD_TOTAL,97.352943,0.264706,authorized_macro_cycle_proxy,false,true,2026-06-25T05:22:11.730520Z
2023-02-23,G20,97.352943,0.264706,authorized_macro_cycle_proxy,false,true,2026-06-25T05:22:11.730520Z
2023-02-23,JP,97.352943,0.264706,authorized_macro_cycle_proxy,false,true,2026-06-25T05:22:11.730520Z
2023-02-23,EURO_AREA,97.352943,0.264706,authorized_macro_cycle_proxy,false,true,2026-06-25T05:22:11.730520Z
2023-02-24,CN,97.130416,0.286958,authorized_macro_cycle_proxy,false,true,2026-06-25T05:22:11.730520Z
2023-02-24,US,97.130416,0.286958,authorized_macro_cycle_proxy,false,true,2026-06-25T05:22:11.730520Z
2023-02-24,OECD_TOTAL,97.130416,0.286958,authorized_macro_cycle_proxy,false,true,2026-06-25T05:22:11.730520Z
2023-02-24,G20,97.130416,0.286958,authorized_macro_cycle_proxy,false,true,2026-06-25T05:22:11.730520Z
2023-02-24,JP,97.130416,0.286958,authorized_macro_cycle_proxy,false,true,2026-06-25T05:22:11.730520Z
2023-02-24,EURO_AREA,97.130416,0.286958,authorized_macro_cycle_proxy,false,true,2026-06-25T05:22:11.730520Z
2023-02-27,CN,97.153074,0.284693,authorized_macro_cycle_proxy,false,true,2026-06-25T05:22:11.730520Z
2023-02-27,US,97.153074,0.284693,authorized_macro_cycle_proxy,false,true,2026-06-25T05:22:11.730520Z
2023-02-27,OECD_TOTAL,97.153074,0.284693,authorized_macro_cycle_proxy,false,true,2026-06-25T05:22:11.730520Z
2023-02-27,G20,97.153074,0.284693,authorized_macro_cycle_proxy,false,true,2026-06-25T05:22:11.730520Z
2023-02-27,JP,97.153074,0.284693,authorized_macro_cycle_proxy,false,true,2026-06-25T05:22:11.730520Z
2023-02-27,EURO_AREA,97.153074,0.284693,authorized_macro_cycle_proxy,false,true,2026-06-25T05:22:11.730520Z
2023-02-28,CN,97.182502,0.28175,authorized_macro_cycle_proxy,false,true,2026-06-25T05:22:11.730520Z
2023-02-28,US,97.182502,0.28175,authorized_macro_cycle_proxy,false,true,2026-06-25T05:22:11.730520Z
2023-02-28,OECD_TOTAL,97.182502,0.28175,authorized_macro_cycle_proxy,false,true,2026-06-25T05:22:11.730520Z
2023-02-28,G20,97.182502,0.28175,authorized_macro_cycle_proxy,false,true,2026-06-25T05:22:11.730520Z
2023-02-28,JP,97.182502,0.28175,authorized_macro_cycle_proxy,false,true,2026-06-25T05:22:11.730520Z
2023-02-28,EURO_AREA,97.182502,0.28175,authorized_macro_cycle_proxy,false,true,2026-06-25T05:22:11.730520Z
2023-03-01,CN,97.269964,0.273004,authorized_macro_cycle_proxy,false,true,2026-06-25T05:22:11.730520Z
2023-03-01,US,97.269964,0.273004,authorized_macro_cycle_proxy,false,true,2026-06-25T05:22:11.730520Z
2023-03-01,OECD_TOTAL,97.269964,0.273004,authorized_macro_cycle_proxy,false,true,2026-06-25T05:22:11.730520Z
2023-03-01,G20,97.269964,0.273004,authorized_macro_cycle_proxy,false,true,2026-06-25T05:22:11.730520Z
2023-03-01,JP,97.269964,0.273004,authorized_macro_cycle_proxy,false,true,2026-06-25T05:22:11.730520Z
2023-03-01,EURO_AREA,97.269964,0.273004,authorized_macro_cycle_proxy,false,true,2026-06-25T05:22:11.730520Z
2023-03-02,CN,97.387901,0.26121,authorized_macro_cycle_proxy,false,true,2026-06-25T05:22:11.730520Z
2023-03-02,US,97.387901,0.26121,authorized_macro_cycle_proxy,false,true,2026-06-25T05:22:11.730520Z
2023-03-02,OECD_TOTAL,97.387901,0.26121,authorized_macro_cycle_proxy,false,true,2026-06-25T05:22:11.730520Z
2023-03-02,G20,97.387901,0.26121,authorized_macro_cycle_proxy,false,true,2026-06-25T05:22:11.730520Z
2023-03-02,JP,97.387901,0.26121,authorized_macro_cycle_proxy,false,true,2026-06-25T05:22:11.730520Z
2023-03-02,EURO_AREA,97.387901,0.26121,authorized_macro_cycle_proxy,false,true,2026-06-25T05:22:11.730520Z
2023-03-03,CN,97.535977,0.246402,authorized_macro_cycle_proxy,false,true,2026-06-25T05:22:11.730520Z
2023-03-03,US,97.535977,0.246402,authorized_macro_cycle_proxy,false,true,2026-06-25T05:22:11.730520Z
2023-03-03,OECD_TOTAL,97.535977,0.246402,authorized_macro_cycle_proxy,false,true,2026-06-25T05:22:11.730520Z
2023-03-03,G20,97.535977,0.246402,authorized_macro_cycle_proxy,false,true,2026-06-25T05:22:11.730520Z
2023-03-03,JP,97.535977,0.246402,authorized_macro_cycle_proxy,false,true,2026-06-25T05:22:11.730520Z
2023-03-03,EURO_AREA,97.535977,0.246402,authorized_macro_cycle_proxy,false,true,2026-06-25T05:22:11.730520Z
2023-03-06,CN,97.520729,0.247927,authorized_macro_cycle_proxy,false,true,2026-06-25T05:22:11.730520Z
2023-03-06,US,97.520729,0.247927,authorized_macro_cycle_proxy,false,true,2026-06-25T05:22:11.730520Z
2023-03-06,OECD_TOTAL,97.520729,0.247927,authorized_macro_cycle_proxy,false,true,2026-06-25T05:22:11.730520Z
2023-03-06,G20,97.520729,0.247927,authorized_macro_cycle_proxy,false,true,2026-06-25T05:22:11.730520Z
2023-03-06,JP,97.520729,0.247927,authorized_macro_cycle_proxy,false,true,2026-06-25T05:22:11.730520Z
2023-03-06,EURO_AREA,97.520729,0.247927,authorized_macro_cycle_proxy,false,true,2026-06-25T05:22:11.730520Z
2023-03-07,CN,97.414562,0.258544,authorized_macro_cycle_proxy,false,true,2026-06-25T05:22:11.730520Z
2023-03-07,US,97.414562,0.258544,authorized_macro_cycle_proxy,false,true,2026-06-25T05:22:11.730520Z
2023-03-07,OECD_TOTAL,97.414562,0.258544,authorized_macro_cycle_proxy,false,true,2026-06-25T05:22:11.730520Z
2023-03-07,G20,97.414562,0.258544,authorized_macro_cycle_proxy,false,true,2026-06-25T05:22:11.730520Z
2023-03-07,JP,97.414562,0.258544,authorized_macro_cycle_proxy,false,true,2026-06-25T05:22:11.730520Z
2023-03-07,EURO_AREA,97.414562,0.258544,authorized_macro_cycle_proxy,false,true,2026-06-25T05:22:11.730520Z
2023-03-08,CN,97.436772,0.256323,authorized_macro_cycle_proxy,false,true,2026-06-25T05:22:11.730520Z
2023-03-08,US,97.436772,0.256323,authorized_macro_cycle_proxy,false,true,2026-06-25T05:22:11.730520Z
2023-03-08,OECD_TOTAL,97.436772,0.256323,authorized_macro_cycle_proxy,false,true,2026-06-25T05:22:11.730520Z
2023-03-08,G20,97.436772,0.256323,authorized_macro_cycle_proxy,false,true,2026-06-25T05:22:11.730520Z
2023-03-08,JP,97.436772,0.256323,authorized_macro_cycle_proxy,false,true,2026-06-25T05:22:11.730520Z
2023-03-08,EURO_AREA,97.436772,0.256323,authorized_macro_cycle_proxy,false,true,2026-06-25T05:22:11.730520Z
2023-03-09,CN,97.010224,0.298978,authorized_macro_cycle_proxy,false,true,2026-06-25T05:22:11.730520Z
2023-03-09,US,97.010224,0.298978,authorized_macro_cycle_proxy,false,true,2026-06-25T05:22:11.730520Z
2023-03-09,OECD_TOTAL,97.010224,0.298978,authorized_macro_cycle_proxy,false,true,2026-06-25T05:22:11.730520Z
2023-03-09,G20,97.010224,0.298978,authorized_macro_cycle_proxy,false,true,2026-06-25T05:22:11.730520Z
2023-03-09,JP,97.010224,0.298978,authorized_macro_cycle_proxy,false,true,2026-06-25T05:22:11.730520Z
2023-03-09,EURO_AREA,97.010224,0.298978,authorized_macro_cycle_proxy,false,true,2026-06-25T05:22:11.730520Z
2023-03-10,CN,96.665221,0.333478,authorized_macro_cycle_proxy,false,true,2026-06-25T05:22:11.730520Z
2023-03-10,US,96.665221,0.333478,authorized_macro_cycle_proxy,false,true,2026-06-25T05:22:11.730520Z
2023-03-10,OECD_TOTAL,96.665221,0.333478,authorized_macro_cycle_proxy,false,true,2026-06-25T05:22:11.730520Z
2023-03-10,G20,96.665221,0.333478,authorized_macro_cycle_proxy,false,true,2026-06-25T05:22:11.730520Z
2023-03-10,JP,96.665221,0.333478,authorized_macro_cycle_proxy,false,true,2026-06-25T05:22:11.730520Z
2023-03-10,EURO_AREA,96.665221,0.333478,authorized_macro_cycle_proxy,false,true,2026-06-25T05:22:11.730520Z
2023-03-13,CN,96.699078,0.330092,authorized_macro_cycle_proxy,false,true,2026-06-25T05:22:11.730520Z
2023-03-13,US,96.699078,0.330092,authorized_macro_cycle_proxy,false,true,2026-06-25T05:22:11.730520Z
2023-03-13,OECD_TOTAL,96.699078,0.330092,authorized_macro_cycle_proxy,false,true,2026-06-25T05:22:11.730520Z
2023-03-13,G20,96.699078,0.330092,authorized_macro_cycle_proxy,false,true,2026-06-25T05:22:11.730520Z
2023-03-13,JP,96.699078,0.330092,authorized_macro_cycle_proxy,false,true,2026-06-25T05:22:11.730520Z
2023-03-13,EURO_AREA,96.699078,0.330092,authorized_macro_cycle_proxy,false,true,2026-06-25T05:22:11.730520Z
2023-03-14,CN,97.112728,0.288727,authorized_macro_cycle_proxy,false,true,2026-06-25T05:22:11.730520Z
2023-03-14,US,97.112728,0.288727,authorized_macro_cycle_proxy,false,true,2026-06-25T05:22:11.730520Z
2023-03-14,OECD_TOTAL,97.112728,0.288727,authorized_macro_cycle_proxy,false,true,2026-06-25T05:22:11.730520Z
2023-03-14,G20,97.112728,0.288727,authorized_macro_cycle_proxy,false,true,2026-06-25T05:22:11.730520Z
2023-03-14,JP,97.112728,0.288727,authorized_macro_cycle_proxy,false,true,2026-06-25T05:22:11.730520Z
2023-03-14,EURO_AREA,97.112728,0.288727,authorized_macro_cycle_proxy,false,true,2026-06-25T05:22:11.730520Z
2023-03-15,CN,96.89626,0.310374,authorized_macro_cycle_proxy,false,true,2026-06-25T05:22:11.730520Z
2023-03-15,US,96.89626,0.310374,authorized_macro_cycle_proxy,false,true,2026-06-25T05:22:11.730520Z
2023-03-15,OECD_TOTAL,96.89626,0.310374,authorized_macro_cycle_proxy,false,true,2026-06-25T05:22:11.730520Z
2023-03-15,G20,96.89626,0.310374,authorized_macro_cycle_proxy,false,true,2026-06-25T05:22:11.730520Z
2023-03-15,JP,96.89626,0.310374,authorized_macro_cycle_proxy,false,true,2026-06-25T05:22:11.730520Z
2023-03-15,EURO_AREA,96.89626,0.310374,authorized_macro_cycle_proxy,false,true,2026-06-25T05:22:11.730520Z
2023-03-16,CN,97.201216,0.279878,authorized_macro_cycle_proxy,false,true,2026-06-25T05:22:11.730520Z
2023-03-16,US,97.201216,0.279878,authorized_macro_cycle_proxy,false,true,2026-06-25T05:22:11.730520Z
2023-03-16,OECD_TOTAL,97.201216,0.279878,authorized_macro_cycle_proxy,false,true,2026-06-25T05:22:11.730520Z
2023-03-16,G20,97.201216,0.279878,authorized_macro_cycle_proxy,false,true,2026-06-25T05:22:11.730520Z
2023-03-16,JP,97.201216,0.279878,authorized_macro_cycle_proxy,false,true,2026-06-25T05:22:11.730520Z
2023-03-16,EURO_AREA,97.201216,0.279878,authorized_macro_cycle_proxy,false,true,2026-06-25T05:22:11.730520Z
2023-03-17,CN,97.041753,0.295825,authorized_macro_cycle_proxy,false,true,2026-06-25T05:22:11.730520Z
2023-03-17,US,97.041753,0.295825,authorized_macro_cycle_proxy,false,true,2026-06-25T05:22:11.730520Z
2023-03-17,OECD_TOTAL,97.041753,0.295825,authorized_macro_cycle_proxy,false,true,2026-06-25T05:22:11.730520Z
2023-03-17,G20,97.041753,0.295825,authorized_macro_cycle_proxy,false,true,2026-06-25T05:22:11.730520Z
2023-03-17,JP,97.041753,0.295825,authorized_macro_cycle_proxy,false,true,2026-06-25T05:22:11.730520Z
2023-03-17,EURO_AREA,97.041753,0.295825,authorized_macro_cycle_proxy,false,true,2026-06-25T05:22:11.730520Z
2023-03-20,CN,97.225721,0.277428,authorized_macro_cycle_proxy,false,true,2026-06-25T05:22:11.730520Z
2023-03-20,US,97.225721,0.277428,authorized_macro_cycle_proxy,false,true,2026-06-25T05:22:11.730520Z
2023-03-20,OECD_TOTAL,97.225721,0.277428,authorized_macro_cycle_proxy,false,true,2026-06-25T05:22:11.730520Z
2023-03-20,G20,97.225721,0.277428,authorized_macro_cycle_proxy,false,true,2026-06-25T05:22:11.730520Z
2023-03-20,JP,97.225721,0.277428,authorized_macro_cycle_proxy,false,true,2026-06-25T05:22:11.730520Z
2023-03-20,EURO_AREA,97.225721,0.277428,authorized_macro_cycle_proxy,false,true,2026-06-25T05:22:11.730520Z
2023-03-21,CN,97.467238,0.253276,authorized_macro_cycle_proxy,false,true,2026-06-25T05:22:11.730520Z
2023-03-21,US,97.467238,0.253276,authorized_macro_cycle_proxy,false,true,2026-06-25T05:22:11.730520Z
2023-03-21,OECD_TOTAL,97.467238,0.253276,authorized_macro_cycle_proxy,false,true,2026-06-25T05:22:11.730520Z
2023-03-21,G20,97.467238,0.253276,authorized_macro_cycle_proxy,false,true,2026-06-25T05:22:11.730520Z
2023-03-21,JP,97.467238,0.253276,authorized_macro_cycle_proxy,false,true,2026-06-25T05:22:11.730520Z
2023-03-21,EURO_AREA,97.467238,0.253276,authorized_macro_cycle_proxy,false,true,2026-06-25T05:22:11.730520Z
2023-03-22,CN,97.363933,0.263607,authorized_macro_cycle_proxy,false,true,2026-06-25T05:22:11.730520Z
2023-03-22,US,97.363933,0.263607,authorized_macro_cycle_proxy,false,true,2026-06-25T05:22:11.730520Z
2023-03-22,OECD_TOTAL,97.363933,0.263607,authorized_macro_cycle_proxy,false,true,2026-06-25T05:22:11.730520Z
2023-03-22,G20,97.363933,0.263607,authorized_macro_cycle_proxy,false,true,2026-06-25T05:22:11.730520Z
2023-03-22,JP,97.363933,0.263607,authorized_macro_cycle_proxy,false,true,2026-06-25T05:22:11.730520Z
2023-03-22,EURO_AREA,97.363933,0.263607,authorized_macro_cycle_proxy,false,true,2026-06-25T05:22:11.730520Z
2023-03-23,CN,97.469817,0.253018,authorized_macro_cycle_proxy,false,true,2026-06-25T05:22:11.730520Z
2023-03-23,US,97.469817,0.253018,authorized_macro_cycle_proxy,false,true,2026-06-25T05:22:11.730520Z
2023-03-23,OECD_TOTAL,97.469817,0.253018,authorized_macro_cycle_proxy,false,true,2026-06-25T05:22:11.730520Z
2023-03-23,G20,97.469817,0.253018,authorized_macro_cycle_proxy,false,true,2026-06-25T05:22:11.730520Z
2023-03-23,JP,97.469817,0.253018,authorized_macro_cycle_proxy,false,true,2026-06-25T05:22:11.730520Z
2023-03-23,EURO_AREA,97.469817,0.253018,authorized_macro_cycle_proxy,false,true,2026-06-25T05:22:11.730520Z
2023-03-24,CN,97.685973,0.231403,authorized_macro_cycle_proxy,false,true,2026-06-25T05:22:11.730520Z
2023-03-24,US,97.685973,0.231403,authorized_macro_cycle_proxy,false,true,2026-06-25T05:22:11.730520Z
2023-03-24,OECD_TOTAL,97.685973,0.231403,authorized_macro_cycle_proxy,false,true,2026-06-25T05:22:11.730520Z
2023-03-24,G20,97.685973,0.231403,authorized_macro_cycle_proxy,false,true,2026-06-25T05:22:11.730520Z
2023-03-24,JP,97.685973,0.231403,authorized_macro_cycle_proxy,false,true,2026-06-25T05:22:11.730520Z
2023-03-24,EURO_AREA,97.685973,0.231403,authorized_macro_cycle_proxy,false,true,2026-06-25T05:22:11.730520Z
2023-03-27,CN,97.64318,0.235682,authorized_macro_cycle_proxy,false,true,2026-06-25T05:22:11.730520Z
2023-03-27,US,97.64318,0.235682,authorized_macro_cycle_proxy,false,true,2026-06-25T05:22:11.730520Z
2023-03-27,OECD_TOTAL,97.64318,0.235682,authorized_macro_cycle_proxy,false,true,2026-06-25T05:22:11.730520Z
2023-03-27,G20,97.64318,0.235682,authorized_macro_cycle_proxy,false,true,2026-06-25T05:22:11.730520Z
2023-03-27,JP,97.64318,0.235682,authorized_macro_cycle_proxy,false,true,2026-06-25T05:22:11.730520Z
2023-03-27,EURO_AREA,97.64318,0.235682,authorized_macro_cycle_proxy,false,true,2026-06-25T05:22:11.730520Z
2023-03-28,CN,97.723387,0.227661,authorized_macro_cycle_proxy,false,true,2026-06-25T05:22:11.730520Z
2023-03-28,US,97.723387,0.227661,authorized_macro_cycle_proxy,false,true,2026-06-25T05:22:11.730520Z
2023-03-28,OECD_TOTAL,97.723387,0.227661,authorized_macro_cycle_proxy,false,true,2026-06-25T05:22:11.730520Z
2023-03-28,G20,97.723387,0.227661,authorized_macro_cycle_proxy,false,true,2026-06-25T05:22:11.730520Z
2023-03-28,JP,97.723387,0.227661,authorized_macro_cycle_proxy,false,true,2026-06-25T05:22:11.730520Z
2023-03-28,EURO_AREA,97.723387,0.227661,authorized_macro_cycle_proxy,false,true,2026-06-25T05:22:11.730520Z
2023-03-29,CN,97.810252,0.218975,authorized_macro_cycle_proxy,false,true,2026-06-25T05:22:11.730520Z
2023-03-29,US,97.810252,0.218975,authorized_macro_cycle_proxy,false,true,2026-06-25T05:22:11.730520Z
2023-03-29,OECD_TOTAL,97.810252,0.218975,authorized_macro_cycle_proxy,false,true,2026-06-25T05:22:11.730520Z
2023-03-29,G20,97.810252,0.218975,authorized_macro_cycle_proxy,false,true,2026-06-25T05:22:11.730520Z
2023-03-29,JP,97.810252,0.218975,authorized_macro_cycle_proxy,false,true,2026-06-25T05:22:11.730520Z
2023-03-29,EURO_AREA,97.810252,0.218975,authorized_macro_cycle_proxy,false,true,2026-06-25T05:22:11.730520Z
2023-03-30,CN,97.79437,0.220563,authorized_macro_cycle_proxy,false,true,2026-06-25T05:22:11.730520Z
2023-03-30,US,97.79437,0.220563,authorized_macro_cycle_proxy,false,true,2026-06-25T05:22:11.730520Z
2023-03-30,OECD_TOTAL,97.79437,0.220563,authorized_macro_cycle_proxy,false,true,2026-06-25T05:22:11.730520Z
2023-03-30,G20,97.79437,0.220563,authorized_macro_cycle_proxy,false,true,2026-06-25T05:22:11.730520Z
2023-03-30,JP,97.79437,0.220563,authorized_macro_cycle_proxy,false,true,2026-06-25T05:22:11.730520Z
2023-03-30,EURO_AREA,97.79437,0.220563,authorized_macro_cycle_proxy,false,true,2026-06-25T05:22:11.730520Z
2023-03-31,CN,97.863202,0.21368,authorized_macro_cycle_proxy,false,true,2026-06-25T05:22:11.730520Z
2023-03-31,US,97.863202,0.21368,authorized_macro_cycle_proxy,false,true,2026-06-25T05:22:11.730520Z
2023-03-31,OECD_TOTAL,97.863202,0.21368,authorized_macro_cycle_proxy,false,true,2026-06-25T05:22:11.730520Z
2023-03-31,G20,97.863202,0.21368,authorized_macro_cycle_proxy,false,true,2026-06-25T05:22:11.730520Z
2023-03-31,JP,97.863202,0.21368,authorized_macro_cycle_proxy,false,true,2026-06-25T05:22:11.730520Z
2023-03-31,EURO_AREA,97.863202,0.21368,authorized_macro_cycle_proxy,false,true,2026-06-25T05:22:11.730520Z
2023-04-03,CN,97.835248,0.216475,authorized_macro_cycle_proxy,false,true,2026-06-25T05:22:11.730520Z
2023-04-03,US,97.835248,0.216475,authorized_macro_cycle_proxy,false,true,2026-06-25T05:22:11.730520Z
2023-04-03,OECD_TOTAL,97.835248,0.216475,authorized_macro_cycle_proxy,false,true,2026-06-25T05:22:11.730520Z
2023-04-03,G20,97.835248,0.216475,authorized_macro_cycle_proxy,false,true,2026-06-25T05:22:11.730520Z
2023-04-03,JP,97.835248,0.216475,authorized_macro_cycle_proxy,false,true,2026-06-25T05:22:11.730520Z
2023-04-03,EURO_AREA,97.835248,0.216475,authorized_macro_cycle_proxy,false,true,2026-06-25T05:22:11.730520Z
2023-04-04,CN,97.847753,0.215225,authorized_macro_cycle_proxy,false,true,2026-06-25T05:22:11.730520Z
2023-04-04,US,97.847753,0.215225,authorized_macro_cycle_proxy,false,true,2026-06-25T05:22:11.730520Z
2023-04-04,OECD_TOTAL,97.847753,0.215225,authorized_macro_cycle_proxy,false,true,2026-06-25T05:22:11.730520Z
2023-04-04,G20,97.847753,0.215225,authorized_macro_cycle_proxy,false,true,2026-06-25T05:22:11.730520Z
2023-04-04,JP,97.847753,0.215225,authorized_macro_cycle_proxy,false,true,2026-06-25T05:22:11.730520Z
2023-04-04,EURO_AREA,97.847753,0.215225,authorized_macro_cycle_proxy,false,true,2026-06-25T05:22:11.730520Z
2023-04-06,CN,97.967804,0.20322,authorized_macro_cycle_proxy,false,true,2026-06-25T05:22:11.730520Z
2023-04-06,US,97.967804,0.20322,authorized_macro_cycle_proxy,false,true,2026-06-25T05:22:11.730520Z
2023-04-06,OECD_TOTAL,97.967804,0.20322,authorized_macro_cycle_proxy,false,true,2026-06-25T05:22:11.730520Z
2023-04-06,G20,97.967804,0.20322,authorized_macro_cycle_proxy,false,true,2026-06-25T05:22:11.730520Z
2023-04-06,JP,97.967804,0.20322,authorized_macro_cycle_proxy,false,true,2026-06-25T05:22:11.730520Z
2023-04-06,EURO_AREA,97.967804,0.20322,authorized_macro_cycle_proxy,false,true,2026-06-25T05:22:11.730520Z
2023-04-07,CN,97.967804,0.20322,authorized_macro_cycle_proxy,false,true,2026-06-25T05:22:11.730520Z
2023-04-07,US,97.967804,0.20322,authorized_macro_cycle_proxy,false,true,2026-06-25T05:22:11.730520Z
2023-04-07,OECD_TOTAL,97.967804,0.20322,authorized_macro_cycle_proxy,false,true,2026-06-25T05:22:11.730520Z
2023-04-07,G20,97.967804,0.20322,authorized_macro_cycle_proxy,false,true,2026-06-25T05:22:11.730520Z
2023-04-07,JP,97.967804,0.20322,authorized_macro_cycle_proxy,false,true,2026-06-25T05:22:11.730520Z
2023-04-07,EURO_AREA,97.967804,0.20322,authorized_macro_cycle_proxy,false,true,2026-06-25T05:22:11.730520Z
2023-04-10,CN,97.837325,0.216268,authorized_macro_cycle_proxy,false,true,2026-06-25T05:22:11.730520Z
2023-04-10,US,97.837325,0.216268,authorized_macro_cycle_proxy,false,true,2026-06-25T05:22:11.730520Z
2023-04-10,OECD_TOTAL,97.837325,0.216268,authorized_macro_cycle_proxy,false,true,2026-06-25T05:22:11.730520Z
2023-04-10,G20,97.837325,0.216268,authorized_macro_cycle_proxy,false,true,2026-06-25T05:22:11.730520Z
2023-04-10,JP,97.837325,0.216268,authorized_macro_cycle_proxy,false,true,2026-06-25T05:22:11.730520Z
2023-04-10,EURO_AREA,97.837325,0.216268,authorized_macro_cycle_proxy,false,true,2026-06-25T05:22:11.730520Z
2023-04-11,CN,97.765768,0.223423,authorized_macro_cycle_proxy,false,true,2026-06-25T05:22:11.730520Z
2023-04-11,US,97.765768,0.223423,authorized_macro_cycle_proxy,false,true,2026-06-25T05:22:11.730520Z
2023-04-11,OECD_TOTAL,97.765768,0.223423,authorized_macro_cycle_proxy,false,true,2026-06-25T05:22:11.730520Z
2023-04-11,G20,97.765768,0.223423,authorized_macro_cycle_proxy,false,true,2026-06-25T05:22:11.730520Z
2023-04-11,JP,97.765768,0.223423,authorized_macro_cycle_proxy,false,true,2026-06-25T05:22:11.730520Z
2023-04-11,EURO_AREA,97.765768,0.223423,authorized_macro_cycle_proxy,false,true,2026-06-25T05:22:11.730520Z
2023-04-12,CN,97.751346,0.224865,authorized_macro_cycle_proxy,false,true,2026-06-25T05:22:11.730520Z
2023-04-12,US,97.751346,0.224865,authorized_macro_cycle_proxy,false,true,2026-06-25T05:22:11.730520Z
2023-04-12,OECD_TOTAL,97.751346,0.224865,authorized_macro_cycle_proxy,false,true,2026-06-25T05:22:11.730520Z
2023-04-12,G20,97.751346,0.224865,authorized_macro_cycle_proxy,false,true,2026-06-25T05:22:11.730520Z
2023-04-12,JP,97.751346,0.224865,authorized_macro_cycle_proxy,false,true,2026-06-25T05:22:11.730520Z
2023-04-12,EURO_AREA,97.751346,0.224865,authorized_macro_cycle_proxy,false,true,2026-06-25T05:22:11.730520Z
2023-04-13,CN,97.947393,0.205261,authorized_macro_cycle_proxy,false,true,2026-06-25T05:22:11.730520Z
2023-04-13,US,97.947393,0.205261,authorized_macro_cycle_proxy,false,true,2026-06-25T05:22:11.730520Z
2023-04-13,OECD_TOTAL,97.947393,0.205261,authorized_macro_cycle_proxy,false,true,2026-06-25T05:22:11.730520Z
2023-04-13,G20,97.947393,0.205261,authorized_macro_cycle_proxy,false,true,2026-06-25T05:22:11.730520Z
2023-04-13,JP,97.947393,0.205261,authorized_macro_cycle_proxy,false,true,2026-06-25T05:22:11.730520Z
2023-04-13,EURO_AREA,97.947393,0.205261,authorized_macro_cycle_proxy,false,true,2026-06-25T05:22:11.730520Z
2023-04-14,CN,98.006878,0.199312,authorized_macro_cycle_proxy,false,true,2026-06-25T05:22:11.730520Z
2023-04-14,US,98.006878,0.199312,authorized_macro_cycle_proxy,false,true,2026-06-25T05:22:11.730520Z
2023-04-14,OECD_TOTAL,98.006878,0.199312,authorized_macro_cycle_proxy,false,true,2026-06-25T05:22:11.730520Z
2023-04-14,G20,98.006878,0.199312,authorized_macro_cycle_proxy,false,true,2026-06-25T05:22:11.730520Z
2023-04-14,JP,98.006878,0.199312,authorized_macro_cycle_proxy,false,true,2026-06-25T05:22:11.730520Z
2023-04-14,EURO_AREA,98.006878,0.199312,authorized_macro_cycle_proxy,false,true,2026-06-25T05:22:11.730520Z
2023-04-17,CN,98.011643,0.198836,authorized_macro_cycle_proxy,false,true,2026-06-25T05:22:11.730520Z
2023-04-17,US,98.011643,0.198836,authorized_macro_cycle_proxy,false,true,2026-06-25T05:22:11.730520Z
2023-04-17,OECD_TOTAL,98.011643,0.198836,authorized_macro_cycle_proxy,false,true,2026-06-25T05:22:11.730520Z
2023-04-17,G20,98.011643,0.198836,authorized_macro_cycle_proxy,false,true,2026-06-25T05:22:11.730520Z
2023-04-17,JP,98.011643,0.198836,authorized_macro_cycle_proxy,false,true,2026-06-25T05:22:11.730520Z
2023-04-17,EURO_AREA,98.011643,0.198836,authorized_macro_cycle_proxy,false,true,2026-06-25T05:22:11.730520Z
2023-04-18,CN,98.042175,0.195782,authorized_macro_cycle_proxy,false,true,2026-06-25T05:22:11.730520Z
2023-04-18,US,98.042175,0.195782,authorized_macro_cycle_proxy,false,true,2026-06-25T05:22:11.730520Z
2023-04-18,OECD_TOTAL,98.042175,0.195782,authorized_macro_cycle_proxy,false,true,2026-06-25T05:22:11.730520Z
2023-04-18,G20,98.042175,0.195782,authorized_macro_cycle_proxy,false,true,2026-06-25T05:22:11.730520Z
2023-04-18,JP,98.042175,0.195782,authorized_macro_cycle_proxy,false,true,2026-06-25T05:22:11.730520Z
2023-04-18,EURO_AREA,98.042175,0.195782,authorized_macro_cycle_proxy,false,true,2026-06-25T05:22:11.730520Z
2023-04-19,CN,98.102654,0.189735,authorized_macro_cycle_proxy,false,true,2026-06-25T05:22:11.730520Z
2023-04-19,US,98.102654,0.189735,authorized_macro_cycle_proxy,false,true,2026-06-25T05:22:11.730520Z
2023-04-19,OECD_TOTAL,98.102654,0.189735,authorized_macro_cycle_proxy,false,true,2026-06-25T05:22:11.730520Z
2023-04-19,G20,98.102654,0.189735,authorized_macro_cycle_proxy,false,true,2026-06-25T05:22:11.730520Z
2023-04-19,JP,98.102654,0.189735,authorized_macro_cycle_proxy,false,true,2026-06-25T05:22:11.730520Z
2023-04-19,EURO_AREA,98.102654,0.189735,authorized_macro_cycle_proxy,false,true,2026-06-25T05:22:11.730520Z
2023-04-20,CN,98.088075,0.191192,authorized_macro_cycle_proxy,false,true,2026-06-25T05:22:11.730520Z
2023-04-20,US,98.088075,0.191192,authorized_macro_cycle_proxy,false,true,2026-06-25T05:22:11.730520Z
2023-04-20,OECD_TOTAL,98.088075,0.191192,authorized_macro_cycle_proxy,false,true,2026-06-25T05:22:11.730520Z
2023-04-20,G20,98.088075,0.191192,authorized_macro_cycle_proxy,false,true,2026-06-25T05:22:11.730520Z
2023-04-20,JP,98.088075,0.191192,authorized_macro_cycle_proxy,false,true,2026-06-25T05:22:11.730520Z
2023-04-20,EURO_AREA,98.088075,0.191192,authorized_macro_cycle_proxy,false,true,2026-06-25T05:22:11.730520Z
2023-04-21,CN,98.119147,0.188085,authorized_macro_cycle_proxy,false,true,2026-06-25T05:22:11.730520Z
2023-04-21,US,98.119147,0.188085,authorized_macro_cycle_proxy,false,true,2026-06-25T05:22:11.730520Z
2023-04-21,OECD_TOTAL,98.119147,0.188085,authorized_macro_cycle_proxy,false,true,2026-06-25T05:22:11.730520Z
2023-04-21,G20,98.119147,0.188085,authorized_macro_cycle_proxy,false,true,2026-06-25T05:22:11.730520Z
2023-04-21,JP,98.119147,0.188085,authorized_macro_cycle_proxy,false,true,2026-06-25T05:22:11.730520Z
2023-04-21,EURO_AREA,98.119147,0.188085,authorized_macro_cycle_proxy,false,true,2026-06-25T05:22:11.730520Z
2023-04-24,CN,98.019383,0.198062,authorized_macro_cycle_proxy,false,true,2026-06-25T05:22:11.730520Z
2023-04-24,US,98.019383,0.198062,authorized_macro_cycle_proxy,false,true,2026-06-25T05:22:11.730520Z
2023-04-24,OECD_TOTAL,98.019383,0.198062,authorized_macro_cycle_proxy,false,true,2026-06-25T05:22:11.730520Z
2023-04-24,G20,98.019383,0.198062,authorized_macro_cycle_proxy,false,true,2026-06-25T05:22:11.730520Z
2023-04-24,JP,98.019383,0.198062,authorized_macro_cycle_proxy,false,true,2026-06-25T05:22:11.730520Z
2023-04-24,EURO_AREA,98.019383,0.198062,authorized_macro_cycle_proxy,false,true,2026-06-25T05:22:11.730520Z
2023-04-25,CN,97.798373,0.220163,authorized_macro_cycle_proxy,false,true,2026-06-25T05:22:11.730520Z
2023-04-25,US,97.798373,0.220163,authorized_macro_cycle_proxy,false,true,2026-06-25T05:22:11.730520Z
2023-04-25,OECD_TOTAL,97.798373,0.220163,authorized_macro_cycle_proxy,false,true,2026-06-25T05:22:11.730520Z
2023-04-25,G20,97.798373,0.220163,authorized_macro_cycle_proxy,false,true,2026-06-25T05:22:11.730520Z
2023-04-25,JP,97.798373,0.220163,authorized_macro_cycle_proxy,false,true,2026-06-25T05:22:11.730520Z
2023-04-25,EURO_AREA,97.798373,0.220163,authorized_macro_cycle_proxy,false,true,2026-06-25T05:22:11.730520Z
2023-04-26,CN,97.848002,0.2152,authorized_macro_cycle_proxy,false,true,2026-06-25T05:22:11.730520Z
2023-04-26,US,97.848002,0.2152,authorized_macro_cycle_proxy,false,true,2026-06-25T05:22:11.730520Z
2023-04-26,OECD_TOTAL,97.848002,0.2152,authorized_macro_cycle_proxy,false,true,2026-06-25T05:22:11.730520Z
2023-04-26,G20,97.848002,0.2152,authorized_macro_cycle_proxy,false,true,2026-06-25T05:22:11.730520Z
2023-04-26,JP,97.848002,0.2152,authorized_macro_cycle_proxy,false,true,2026-06-25T05:22:11.730520Z
2023-04-26,EURO_AREA,97.848002,0.2152,authorized_macro_cycle_proxy,false,true,2026-06-25T05:22:11.730520Z
2023-04-27,CN,98.095161,0.190484,authorized_macro_cycle_proxy,false,true,2026-06-25T05:22:11.730520Z
2023-04-27,US,98.095161,0.190484,authorized_macro_cycle_proxy,false,true,2026-06-25T05:22:11.730520Z
2023-04-27,OECD_TOTAL,98.095161,0.190484,authorized_macro_cycle_proxy,false,true,2026-06-25T05:22:11.730520Z
2023-04-27,G20,98.095161,0.190484,authorized_macro_cycle_proxy,false,true,2026-06-25T05:22:11.730520Z
2023-04-27,JP,98.095161,0.190484,authorized_macro_cycle_proxy,false,true,2026-06-25T05:22:11.730520Z
2023-04-27,EURO_AREA,98.095161,0.190484,authorized_macro_cycle_proxy,false,true,2026-06-25T05:22:11.730520Z
2023-04-28,CN,98.277354,0.172265,authorized_macro_cycle_proxy,false,true,2026-06-25T05:22:11.730520Z
2023-04-28,US,98.277354,0.172265,authorized_macro_cycle_proxy,false,true,2026-06-25T05:22:11.730520Z
2023-04-28,OECD_TOTAL,98.277354,0.172265,authorized_macro_cycle_proxy,false,true,2026-06-25T05:22:11.730520Z
2023-04-28,G20,98.277354,0.172265,authorized_macro_cycle_proxy,false,true,2026-06-25T05:22:11.730520Z
2023-04-28,JP,98.277354,0.172265,authorized_macro_cycle_proxy,false,true,2026-06-25T05:22:11.730520Z
2023-04-28,EURO_AREA,98.277354,0.172265,authorized_macro_cycle_proxy,false,true,2026-06-25T05:22:11.730520Z
2023-05-04,CN,97.91212,0.208788,authorized_macro_cycle_proxy,false,true,2026-06-25T05:22:11.730520Z
2023-05-04,US,97.91212,0.208788,authorized_macro_cycle_proxy,false,true,2026-06-25T05:22:11.730520Z
2023-05-04,OECD_TOTAL,97.91212,0.208788,authorized_macro_cycle_proxy,false,true,2026-06-25T05:22:11.730520Z
2023-05-04,G20,97.91212,0.208788,authorized_macro_cycle_proxy,false,true,2026-06-25T05:22:11.730520Z
2023-05-04,JP,97.91212,0.208788,authorized_macro_cycle_proxy,false,true,2026-06-25T05:22:11.730520Z
2023-05-04,EURO_AREA,97.91212,0.208788,authorized_macro_cycle_proxy,false,true,2026-06-25T05:22:11.730520Z
2023-05-05,CN,98.18245,0.181755,authorized_macro_cycle_proxy,false,true,2026-06-25T05:22:11.730520Z
2023-05-05,US,98.18245,0.181755,authorized_macro_cycle_proxy,false,true,2026-06-25T05:22:11.730520Z
2023-05-05,OECD_TOTAL,98.18245,0.181755,authorized_macro_cycle_proxy,false,true,2026-06-25T05:22:11.730520Z
2023-05-05,G20,98.18245,0.181755,authorized_macro_cycle_proxy,false,true,2026-06-25T05:22:11.730520Z
2023-05-05,JP,98.18245,0.181755,authorized_macro_cycle_proxy,false,true,2026-06-25T05:22:11.730520Z
2023-05-05,EURO_AREA,98.18245,0.181755,authorized_macro_cycle_proxy,false,true,2026-06-25T05:22:11.730520Z
2023-05-08,CN,98.135221,0.186478,authorized_macro_cycle_proxy,false,true,2026-06-25T05:22:11.730520Z
2023-05-08,US,98.135221,0.186478,authorized_macro_cycle_proxy,false,true,2026-06-25T05:22:11.730520Z
2023-05-08,OECD_TOTAL,98.135221,0.186478,authorized_macro_cycle_proxy,false,true,2026-06-25T05:22:11.730520Z
2023-05-08,G20,98.135221,0.186478,authorized_macro_cycle_proxy,false,true,2026-06-25T05:22:11.730520Z
2023-05-08,JP,98.135221,0.186478,authorized_macro_cycle_proxy,false,true,2026-06-25T05:22:11.730520Z
2023-05-08,EURO_AREA,98.135221,0.186478,authorized_macro_cycle_proxy,false,true,2026-06-25T05:22:11.730520Z
2023-05-09,CN,97.959557,0.204044,authorized_macro_cycle_proxy,false,true,2026-06-25T05:22:11.730520Z
2023-05-09,US,97.959557,0.204044,authorized_macro_cycle_proxy,false,true,2026-06-25T05:22:11.730520Z
2023-05-09,OECD_TOTAL,97.959557,0.204044,authorized_macro_cycle_proxy,false,true,2026-06-25T05:22:11.730520Z
2023-05-09,G20,97.959557,0.204044,authorized_macro_cycle_proxy,false,true,2026-06-25T05:22:11.730520Z
2023-05-09,JP,97.959557,0.204044,authorized_macro_cycle_proxy,false,true,2026-06-25T05:22:11.730520Z
2023-05-09,EURO_AREA,97.959557,0.204044,authorized_macro_cycle_proxy,false,true,2026-06-25T05:22:11.730520Z
2023-05-10,CN,98.089914,0.191009,authorized_macro_cycle_proxy,false,true,2026-06-25T05:22:11.730520Z
2023-05-10,US,98.089914,0.191009,authorized_macro_cycle_proxy,false,true,2026-06-25T05:22:11.730520Z
2023-05-10,OECD_TOTAL,98.089914,0.191009,authorized_macro_cycle_proxy,false,true,2026-06-25T05:22:11.730520Z
2023-05-10,G20,98.089914,0.191009,authorized_macro_cycle_proxy,false,true,2026-06-25T05:22:11.730520Z
2023-05-10,JP,98.089914,0.191009,authorized_macro_cycle_proxy,false,true,2026-06-25T05:22:11.730520Z
2023-05-10,EURO_AREA,98.089914,0.191009,authorized_macro_cycle_proxy,false,true,2026-06-25T05:22:11.730520Z
2023-05-11,CN,98.09401,0.190599,authorized_macro_cycle_proxy,false,true,2026-06-25T05:22:11.730520Z
2023-05-11,US,98.09401,0.190599,authorized_macro_cycle_proxy,false,true,2026-06-25T05:22:11.730520Z
2023-05-11,OECD_TOTAL,98.09401,0.190599,authorized_macro_cycle_proxy,false,true,2026-06-25T05:22:11.730520Z
2023-05-11,G20,98.09401,0.190599,authorized_macro_cycle_proxy,false,true,2026-06-25T05:22:11.730520Z
2023-05-11,JP,98.09401,0.190599,authorized_macro_cycle_proxy,false,true,2026-06-25T05:22:11.730520Z
2023-05-11,EURO_AREA,98.09401,0.190599,authorized_macro_cycle_proxy,false,true,2026-06-25T05:22:11.730520Z
2023-05-12,CN,98.026399,0.19736,authorized_macro_cycle_proxy,false,true,2026-06-25T05:22:11.730520Z
2023-05-12,US,98.026399,0.19736,authorized_macro_cycle_proxy,false,true,2026-06-25T05:22:11.730520Z
2023-05-12,OECD_TOTAL,98.026399,0.19736,authorized_macro_cycle_proxy,false,true,2026-06-25T05:22:11.730520Z
2023-05-12,G20,98.026399,0.19736,authorized_macro_cycle_proxy,false,true,2026-06-25T05:22:11.730520Z
2023-05-12,JP,98.026399,0.19736,authorized_macro_cycle_proxy,false,true,2026-06-25T05:22:11.730520Z
2023-05-12,EURO_AREA,98.026399,0.19736,authorized_macro_cycle_proxy,false,true,2026-06-25T05:22:11.730520Z
2023-05-15,CN,98.035494,0.196451,authorized_macro_cycle_proxy,false,true,2026-06-25T05:22:11.730520Z
2023-05-15,US,98.035494,0.196451,authorized_macro_cycle_proxy,false,true,2026-06-25T05:22:11.730520Z
2023-05-15,OECD_TOTAL,98.035494,0.196451,authorized_macro_cycle_proxy,false,true,2026-06-25T05:22:11.730520Z
2023-05-15,G20,98.035494,0.196451,authorized_macro_cycle_proxy,false,true,2026-06-25T05:22:11.730520Z
2023-05-15,JP,98.035494,0.196451,authorized_macro_cycle_proxy,false,true,2026-06-25T05:22:11.730520Z
2023-05-15,EURO_AREA,98.035494,0.196451,authorized_macro_cycle_proxy,false,true,2026-06-25T05:22:11.730520Z
2023-05-16,CN,97.847651,0.215235,authorized_macro_cycle_proxy,false,true,2026-06-25T05:22:11.730520Z
2023-05-16,US,97.847651,0.215235,authorized_macro_cycle_proxy,false,true,2026-06-25T05:22:11.730520Z
2023-05-16,OECD_TOTAL,97.847651,0.215235,authorized_macro_cycle_proxy,false,true,2026-06-25T05:22:11.730520Z
2023-05-16,G20,97.847651,0.215235,authorized_macro_cycle_proxy,false,true,2026-06-25T05:22:11.730520Z
2023-05-16,JP,97.847651,0.215235,authorized_macro_cycle_proxy,false,true,2026-06-25T05:22:11.730520Z
2023-05-16,EURO_AREA,97.847651,0.215235,authorized_macro_cycle_proxy,false,true,2026-06-25T05:22:11.730520Z
2023-05-17,CN,97.93106,0.206894,authorized_macro_cycle_proxy,false,true,2026-06-25T05:22:11.730520Z
2023-05-17,US,97.93106,0.206894,authorized_macro_cycle_proxy,false,true,2026-06-25T05:22:11.730520Z
2023-05-17,OECD_TOTAL,97.93106,0.206894,authorized_macro_cycle_proxy,false,true,2026-06-25T05:22:11.730520Z
2023-05-17,G20,97.93106,0.206894,authorized_macro_cycle_proxy,false,true,2026-06-25T05:22:11.730520Z
2023-05-17,JP,97.93106,0.206894,authorized_macro_cycle_proxy,false,true,2026-06-25T05:22:11.730520Z
2023-05-17,EURO_AREA,97.93106,0.206894,authorized_macro_cycle_proxy,false,true,2026-06-25T05:22:11.730520Z
2023-05-18,CN,97.956499,0.20435,authorized_macro_cycle_proxy,false,true,2026-06-25T05:22:11.730520Z
2023-05-18,US,97.956499,0.20435,authorized_macro_cycle_proxy,false,true,2026-06-25T05:22:11.730520Z
2023-05-18,OECD_TOTAL,97.956499,0.20435,authorized_macro_cycle_proxy,false,true,2026-06-25T05:22:11.730520Z
2023-05-18,G20,97.956499,0.20435,authorized_macro_cycle_proxy,false,true,2026-06-25T05:22:11.730520Z
2023-05-18,JP,97.956499,0.20435,authorized_macro_cycle_proxy,false,true,2026-06-25T05:22:11.730520Z
2023-05-18,EURO_AREA,97.956499,0.20435,authorized_macro_cycle_proxy,false,true,2026-06-25T05:22:11.730520Z
2023-05-19,CN,97.762076,0.223792,authorized_macro_cycle_proxy,false,true,2026-06-25T05:22:11.730520Z
2023-05-19,US,97.762076,0.223792,authorized_macro_cycle_proxy,false,true,2026-06-25T05:22:11.730520Z
2023-05-19,OECD_TOTAL,97.762076,0.223792,authorized_macro_cycle_proxy,false,true,2026-06-25T05:22:11.730520Z
2023-05-19,G20,97.762076,0.223792,authorized_macro_cycle_proxy,false,true,2026-06-25T05:22:11.730520Z
2023-05-19,JP,97.762076,0.223792,authorized_macro_cycle_proxy,false,true,2026-06-25T05:22:11.730520Z
2023-05-19,EURO_AREA,97.762076,0.223792,authorized_macro_cycle_proxy,false,true,2026-06-25T05:22:11.730520Z
2023-05-22,CN,97.702199,0.22978,authorized_macro_cycle_proxy,false,true,2026-06-25T05:22:11.730520Z
2023-05-22,US,97.702199,0.22978,authorized_macro_cycle_proxy,false,true,2026-06-25T05:22:11.730520Z
2023-05-22,OECD_TOTAL,97.702199,0.22978,authorized_macro_cycle_proxy,false,true,2026-06-25T05:22:11.730520Z
2023-05-22,G20,97.702199,0.22978,authorized_macro_cycle_proxy,false,true,2026-06-25T05:22:11.730520Z
2023-05-22,JP,97.702199,0.22978,authorized_macro_cycle_proxy,false,true,2026-06-25T05:22:11.730520Z
2023-05-22,EURO_AREA,97.702199,0.22978,authorized_macro_cycle_proxy,false,true,2026-06-25T05:22:11.730520Z
2023-05-23,CN,97.454047,0.254595,authorized_macro_cycle_proxy,false,true,2026-06-25T05:22:11.730520Z
2023-05-23,US,97.454047,0.254595,authorized_macro_cycle_proxy,false,true,2026-06-25T05:22:11.730520Z
2023-05-23,OECD_TOTAL,97.454047,0.254595,authorized_macro_cycle_proxy,false,true,2026-06-25T05:22:11.730520Z
2023-05-23,G20,97.454047,0.254595,authorized_macro_cycle_proxy,false,true,2026-06-25T05:22:11.730520Z
2023-05-23,JP,97.454047,0.254595,authorized_macro_cycle_proxy,false,true,2026-06-25T05:22:11.730520Z
2023-05-23,EURO_AREA,97.454047,0.254595,authorized_macro_cycle_proxy,false,true,2026-06-25T05:22:11.730520Z
2023-05-24,CN,97.151443,0.284856,authorized_macro_cycle_proxy,false,true,2026-06-25T05:22:11.730520Z
2023-05-24,US,97.151443,0.284856,authorized_macro_cycle_proxy,false,true,2026-06-25T05:22:11.730520Z
2023-05-24,OECD_TOTAL,97.151443,0.284856,authorized_macro_cycle_proxy,false,true,2026-06-25T05:22:11.730520Z
2023-05-24,G20,97.151443,0.284856,authorized_macro_cycle_proxy,false,true,2026-06-25T05:22:11.730520Z
2023-05-24,JP,97.151443,0.284856,authorized_macro_cycle_proxy,false,true,2026-06-25T05:22:11.730520Z
2023-05-24,EURO_AREA,97.151443,0.284856,authorized_macro_cycle_proxy,false,true,2026-06-25T05:22:11.730520Z
2023-05-25,CN,97.334975,0.266502,authorized_macro_cycle_proxy,false,true,2026-06-25T05:22:11.730520Z
2023-05-25,US,97.334975,0.266502,authorized_macro_cycle_proxy,false,true,2026-06-25T05:22:11.730520Z
2023-05-25,OECD_TOTAL,97.334975,0.266502,authorized_macro_cycle_proxy,false,true,2026-06-25T05:22:11.730520Z
2023-05-25,G20,97.334975,0.266502,authorized_macro_cycle_proxy,false,true,2026-06-25T05:22:11.730520Z
2023-05-25,JP,97.334975,0.266502,authorized_macro_cycle_proxy,false,true,2026-06-25T05:22:11.730520Z
2023-05-25,EURO_AREA,97.334975,0.266502,authorized_macro_cycle_proxy,false,true,2026-06-25T05:22:11.730520Z
2023-05-26,CN,97.539953,0.246005,authorized_macro_cycle_proxy,false,true,2026-06-25T05:22:11.730520Z
2023-05-26,US,97.539953,0.246005,authorized_macro_cycle_proxy,false,true,2026-06-25T05:22:11.730520Z
2023-05-26,OECD_TOTAL,97.539953,0.246005,authorized_macro_cycle_proxy,false,true,2026-06-25T05:22:11.730520Z
2023-05-26,G20,97.539953,0.246005,authorized_macro_cycle_proxy,false,true,2026-06-25T05:22:11.730520Z
2023-05-26,JP,97.539953,0.246005,authorized_macro_cycle_proxy,false,true,2026-06-25T05:22:11.730520Z
2023-05-26,EURO_AREA,97.539953,0.246005,authorized_macro_cycle_proxy,false,true,2026-06-25T05:22:11.730520Z
2023-05-29,CN,97.61754,0.238246,authorized_macro_cycle_proxy,false,true,2026-06-25T05:22:11.730520Z
2023-05-29,US,97.61754,0.238246,authorized_macro_cycle_proxy,false,true,2026-06-25T05:22:11.730520Z
2023-05-29,OECD_TOTAL,97.61754,0.238246,authorized_macro_cycle_proxy,false,true,2026-06-25T05:22:11.730520Z
2023-05-29,G20,97.61754,0.238246,authorized_macro_cycle_proxy,false,true,2026-06-25T05:22:11.730520Z
2023-05-29,JP,97.61754,0.238246,authorized_macro_cycle_proxy,false,true,2026-06-25T05:22:11.730520Z
2023-05-29,EURO_AREA,97.61754,0.238246,authorized_macro_cycle_proxy,false,true,2026-06-25T05:22:11.730520Z
2023-05-30,CN,97.741063,0.225894,authorized_macro_cycle_proxy,false,true,2026-06-25T05:22:11.730520Z
2023-05-30,US,97.741063,0.225894,authorized_macro_cycle_proxy,false,true,2026-06-25T05:22:11.730520Z
2023-05-30,OECD_TOTAL,97.741063,0.225894,authorized_macro_cycle_proxy,false,true,2026-06-25T05:22:11.730520Z
2023-05-30,G20,97.741063,0.225894,authorized_macro_cycle_proxy,false,true,2026-06-25T05:22:11.730520Z
2023-05-30,JP,97.741063,0.225894,authorized_macro_cycle_proxy,false,true,2026-06-25T05:22:11.730520Z
2023-05-30,EURO_AREA,97.741063,0.225894,authorized_macro_cycle_proxy,false,true,2026-06-25T05:22:11.730520Z
2023-05-31,CN,97.618808,0.238119,authorized_macro_cycle_proxy,false,true,2026-06-25T05:22:11.730520Z
2023-05-31,US,97.618808,0.238119,authorized_macro_cycle_proxy,false,true,2026-06-25T05:22:11.730520Z
2023-05-31,OECD_TOTAL,97.618808,0.238119,authorized_macro_cycle_proxy,false,true,2026-06-25T05:22:11.730520Z
2023-05-31,G20,97.618808,0.238119,authorized_macro_cycle_proxy,false,true,2026-06-25T05:22:11.730520Z
2023-05-31,JP,97.618808,0.238119,authorized_macro_cycle_proxy,false,true,2026-06-25T05:22:11.730520Z
2023-05-31,EURO_AREA,97.618808,0.238119,authorized_macro_cycle_proxy,false,true,2026-06-25T05:22:11.730520Z
2023-06-01,CN,97.899129,0.210087,authorized_macro_cycle_proxy,false,true,2026-06-25T05:22:11.730520Z
2023-06-01,US,97.899129,0.210087,authorized_macro_cycle_proxy,false,true,2026-06-25T05:22:11.730520Z
2023-06-01,OECD_TOTAL,97.899129,0.210087,authorized_macro_cycle_proxy,false,true,2026-06-25T05:22:11.730520Z
2023-06-01,G20,97.899129,0.210087,authorized_macro_cycle_proxy,false,true,2026-06-25T05:22:11.730520Z
2023-06-01,JP,97.899129,0.210087,authorized_macro_cycle_proxy,false,true,2026-06-25T05:22:11.730520Z
2023-06-01,EURO_AREA,97.899129,0.210087,authorized_macro_cycle_proxy,false,true,2026-06-25T05:22:11.730520Z
2023-06-02,CN,97.973628,0.202637,authorized_macro_cycle_proxy,false,true,2026-06-25T05:22:11.730520Z
2023-06-02,US,97.973628,0.202637,authorized_macro_cycle_proxy,false,true,2026-06-25T05:22:11.730520Z
2023-06-02,OECD_TOTAL,97.973628,0.202637,authorized_macro_cycle_proxy,false,true,2026-06-25T05:22:11.730520Z
2023-06-02,G20,97.973628,0.202637,authorized_macro_cycle_proxy,false,true,2026-06-25T05:22:11.730520Z
2023-06-02,JP,97.973628,0.202637,authorized_macro_cycle_proxy,false,true,2026-06-25T05:22:11.730520Z
2023-06-02,EURO_AREA,97.973628,0.202637,authorized_macro_cycle_proxy,false,true,2026-06-25T05:22:11.730520Z
2023-06-05,CN,97.9435,0.20565,authorized_macro_cycle_proxy,false,true,2026-06-25T05:22:11.730520Z
2023-06-05,US,97.9435,0.20565,authorized_macro_cycle_proxy,false,true,2026-06-25T05:22:11.730520Z
2023-06-05,OECD_TOTAL,97.9435,0.20565,authorized_macro_cycle_proxy,false,true,2026-06-25T05:22:11.730520Z
2023-06-05,G20,97.9435,0.20565,authorized_macro_cycle_proxy,false,true,2026-06-25T05:22:11.730520Z
2023-06-05,JP,97.9435,0.20565,authorized_macro_cycle_proxy,false,true,2026-06-25T05:22:11.730520Z
2023-06-05,EURO_AREA,97.9435,0.20565,authorized_macro_cycle_proxy,false,true,2026-06-25T05:22:11.730520Z
2023-06-06,CN,97.843532,0.215647,authorized_macro_cycle_proxy,false,true,2026-06-25T05:22:11.730520Z
2023-06-06,US,97.843532,0.215647,authorized_macro_cycle_proxy,false,true,2026-06-25T05:22:11.730520Z
2023-06-06,OECD_TOTAL,97.843532,0.215647,authorized_macro_cycle_proxy,false,true,2026-06-25T05:22:11.730520Z
2023-06-06,G20,97.843532,0.215647,authorized_macro_cycle_proxy,false,true,2026-06-25T05:22:11.730520Z
2023-06-06,JP,97.843532,0.215647,authorized_macro_cycle_proxy,false,true,2026-06-25T05:22:11.730520Z
2023-06-06,EURO_AREA,97.843532,0.215647,authorized_macro_cycle_proxy,false,true,2026-06-25T05:22:11.730520Z
2023-06-07,CN,97.787,0.2213,authorized_macro_cycle_proxy,false,true,2026-06-25T05:22:11.730520Z
2023-06-07,US,97.787,0.2213,authorized_macro_cycle_proxy,false,true,2026-06-25T05:22:11.730520Z
2023-06-07,OECD_TOTAL,97.787,0.2213,authorized_macro_cycle_proxy,false,true,2026-06-25T05:22:11.730520Z
2023-06-07,G20,97.787,0.2213,authorized_macro_cycle_proxy,false,true,2026-06-25T05:22:11.730520Z
2023-06-07,JP,97.787,0.2213,authorized_macro_cycle_proxy,false,true,2026-06-25T05:22:11.730520Z
2023-06-07,EURO_AREA,97.787,0.2213,authorized_macro_cycle_proxy,false,true,2026-06-25T05:22:11.730520Z
2023-06-08,CN,97.938151,0.206185,authorized_macro_cycle_proxy,false,true,2026-06-25T05:22:11.730520Z
2023-06-08,US,97.938151,0.206185,authorized_macro_cycle_proxy,false,true,2026-06-25T05:22:11.730520Z
2023-06-08,OECD_TOTAL,97.938151,0.206185,authorized_macro_cycle_proxy,false,true,2026-06-25T05:22:11.730520Z
2023-06-08,G20,97.938151,0.206185,authorized_macro_cycle_proxy,false,true,2026-06-25T05:22:11.730520Z
2023-06-08,JP,97.938151,0.206185,authorized_macro_cycle_proxy,false,true,2026-06-25T05:22:11.730520Z
2023-06-08,EURO_AREA,97.938151,0.206185,authorized_macro_cycle_proxy,false,true,2026-06-25T05:22:11.730520Z
2023-06-09,CN,97.971961,0.202804,authorized_macro_cycle_proxy,false,true,2026-06-25T05:22:11.730520Z
2023-06-09,US,97.971961,0.202804,authorized_macro_cycle_proxy,false,true,2026-06-25T05:22:11.730520Z
2023-06-09,OECD_TOTAL,97.971961,0.202804,authorized_macro_cycle_proxy,false,true,2026-06-25T05:22:11.730520Z
2023-06-09,G20,97.971961,0.202804,authorized_macro_cycle_proxy,false,true,2026-06-25T05:22:11.730520Z
2023-06-09,JP,97.971961,0.202804,authorized_macro_cycle_proxy,false,true,2026-06-25T05:22:11.730520Z
2023-06-09,EURO_AREA,97.971961,0.202804,authorized_macro_cycle_proxy,false,true,2026-06-25T05:22:11.730520Z
2023-06-12,CN,98.051123,0.194888,authorized_macro_cycle_proxy,false,true,2026-06-25T05:22:11.730520Z
2023-06-12,US,98.051123,0.194888,authorized_macro_cycle_proxy,false,true,2026-06-25T05:22:11.730520Z
2023-06-12,OECD_TOTAL,98.051123,0.194888,authorized_macro_cycle_proxy,false,true,2026-06-25T05:22:11.730520Z
2023-06-12,G20,98.051123,0.194888,authorized_macro_cycle_proxy,false,true,2026-06-25T05:22:11.730520Z
2023-06-12,JP,98.051123,0.194888,authorized_macro_cycle_proxy,false,true,2026-06-25T05:22:11.730520Z
2023-06-12,EURO_AREA,98.051123,0.194888,authorized_macro_cycle_proxy,false,true,2026-06-25T05:22:11.730520Z
2023-06-13,CN,97.894748,0.210525,authorized_macro_cycle_proxy,false,true,2026-06-25T05:22:11.730520Z
2023-06-13,US,97.894748,0.210525,authorized_macro_cycle_proxy,false,true,2026-06-25T05:22:11.730520Z
2023-06-13,OECD_TOTAL,97.894748,0.210525,authorized_macro_cycle_proxy,false,true,2026-06-25T05:22:11.730520Z
2023-06-13,G20,97.894748,0.210525,authorized_macro_cycle_proxy,false,true,2026-06-25T05:22:11.730520Z
2023-06-13,JP,97.894748,0.210525,authorized_macro_cycle_proxy,false,true,2026-06-25T05:22:11.730520Z
2023-06-13,EURO_AREA,97.894748,0.210525,authorized_macro_cycle_proxy,false,true,2026-06-25T05:22:11.730520Z
2023-06-14,CN,97.967368,0.203263,authorized_macro_cycle_proxy,false,true,2026-06-25T05:22:11.730520Z
2023-06-14,US,97.967368,0.203263,authorized_macro_cycle_proxy,false,true,2026-06-25T05:22:11.730520Z
2023-06-14,OECD_TOTAL,97.967368,0.203263,authorized_macro_cycle_proxy,false,true,2026-06-25T05:22:11.730520Z
2023-06-14,G20,97.967368,0.203263,authorized_macro_cycle_proxy,false,true,2026-06-25T05:22:11.730520Z
2023-06-14,JP,97.967368,0.203263,authorized_macro_cycle_proxy,false,true,2026-06-25T05:22:11.730520Z
2023-06-14,EURO_AREA,97.967368,0.203263,authorized_macro_cycle_proxy,false,true,2026-06-25T05:22:11.730520Z
2023-06-15,CN,98.094157,0.190584,authorized_macro_cycle_proxy,false,true,2026-06-25T05:22:11.730520Z
2023-06-15,US,98.094157,0.190584,authorized_macro_cycle_proxy,false,true,2026-06-25T05:22:11.730520Z
2023-06-15,OECD_TOTAL,98.094157,0.190584,authorized_macro_cycle_proxy,false,true,2026-06-25T05:22:11.730520Z
2023-06-15,G20,98.094157,0.190584,authorized_macro_cycle_proxy,false,true,2026-06-25T05:22:11.730520Z
2023-06-15,JP,98.094157,0.190584,authorized_macro_cycle_proxy,false,true,2026-06-25T05:22:11.730520Z
2023-06-15,EURO_AREA,98.094157,0.190584,authorized_macro_cycle_proxy,false,true,2026-06-25T05:22:11.730520Z
2023-06-16,CN,98.088196,0.19118,authorized_macro_cycle_proxy,false,true,2026-06-25T05:22:11.730520Z
2023-06-16,US,98.088196,0.19118,authorized_macro_cycle_proxy,false,true,2026-06-25T05:22:11.730520Z
2023-06-16,OECD_TOTAL,98.088196,0.19118,authorized_macro_cycle_proxy,false,true,2026-06-25T05:22:11.730520Z
2023-06-16,G20,98.088196,0.19118,authorized_macro_cycle_proxy,false,true,2026-06-25T05:22:11.730520Z
2023-06-16,JP,98.088196,0.19118,authorized_macro_cycle_proxy,false,true,2026-06-25T05:22:11.730520Z
2023-06-16,EURO_AREA,98.088196,0.19118,authorized_macro_cycle_proxy,false,true,2026-06-25T05:22:11.730520Z
2023-06-19,CN,98.022022,0.197798,authorized_macro_cycle_proxy,false,true,2026-06-25T05:22:11.730520Z
2023-06-19,US,98.022022,0.197798,authorized_macro_cycle_proxy,false,true,2026-06-25T05:22:11.730520Z
2023-06-19,OECD_TOTAL,98.022022,0.197798,authorized_macro_cycle_proxy,false,true,2026-06-25T05:22:11.730520Z
2023-06-19,G20,98.022022,0.197798,authorized_macro_cycle_proxy,false,true,2026-06-25T05:22:11.730520Z
2023-06-19,JP,98.022022,0.197798,authorized_macro_cycle_proxy,false,true,2026-06-25T05:22:11.730520Z
2023-06-19,EURO_AREA,98.022022,0.197798,authorized_macro_cycle_proxy,false,true,2026-06-25T05:22:11.730520Z
2023-06-20,CN,98.008382,0.199162,authorized_macro_cycle_proxy,false,true,2026-06-25T05:22:11.730520Z
2023-06-20,US,98.008382,0.199162,authorized_macro_cycle_proxy,false,true,2026-06-25T05:22:11.730520Z
2023-06-20,OECD_TOTAL,98.008382,0.199162,authorized_macro_cycle_proxy,false,true,2026-06-25T05:22:11.730520Z
2023-06-20,G20,98.008382,0.199162,authorized_macro_cycle_proxy,false,true,2026-06-25T05:22:11.730520Z
2023-06-20,JP,98.008382,0.199162,authorized_macro_cycle_proxy,false,true,2026-06-25T05:22:11.730520Z
2023-06-20,EURO_AREA,98.008382,0.199162,authorized_macro_cycle_proxy,false,true,2026-06-25T05:22:11.730520Z
2023-06-21,CN,97.965468,0.203453,authorized_macro_cycle_proxy,false,true,2026-06-25T05:22:11.730520Z
2023-06-21,US,97.965468,0.203453,authorized_macro_cycle_proxy,false,true,2026-06-25T05:22:11.730520Z
2023-06-21,OECD_TOTAL,97.965468,0.203453,authorized_macro_cycle_proxy,false,true,2026-06-25T05:22:11.730520Z
2023-06-21,G20,97.965468,0.203453,authorized_macro_cycle_proxy,false,true,2026-06-25T05:22:11.730520Z
2023-06-21,JP,97.965468,0.203453,authorized_macro_cycle_proxy,false,true,2026-06-25T05:22:11.730520Z
2023-06-21,EURO_AREA,97.965468,0.203453,authorized_macro_cycle_proxy,false,true,2026-06-25T05:22:11.730520Z
2023-06-26,CN,97.961497,0.20385,authorized_macro_cycle_proxy,false,true,2026-06-25T05:22:11.730520Z
2023-06-26,US,97.961497,0.20385,authorized_macro_cycle_proxy,false,true,2026-06-25T05:22:11.730520Z
2023-06-26,OECD_TOTAL,97.961497,0.20385,authorized_macro_cycle_proxy,false,true,2026-06-25T05:22:11.730520Z
2023-06-26,G20,97.961497,0.20385,authorized_macro_cycle_proxy,false,true,2026-06-25T05:22:11.730520Z
2023-06-26,JP,97.961497,0.20385,authorized_macro_cycle_proxy,false,true,2026-06-25T05:22:11.730520Z
2023-06-26,EURO_AREA,97.961497,0.20385,authorized_macro_cycle_proxy,false,true,2026-06-25T05:22:11.730520Z
2023-06-27,CN,98.0467,0.19533,authorized_macro_cycle_proxy,false,true,2026-06-25T05:22:11.730520Z
2023-06-27,US,98.0467,0.19533,authorized_macro_cycle_proxy,false,true,2026-06-25T05:22:11.730520Z
2023-06-27,OECD_TOTAL,98.0467,0.19533,authorized_macro_cycle_proxy,false,true,2026-06-25T05:22:11.730520Z
2023-06-27,G20,98.0467,0.19533,authorized_macro_cycle_proxy,false,true,2026-06-25T05:22:11.730520Z
2023-06-27,JP,98.0467,0.19533,authorized_macro_cycle_proxy,false,true,2026-06-25T05:22:11.730520Z
2023-06-27,EURO_AREA,98.0467,0.19533,authorized_macro_cycle_proxy,false,true,2026-06-25T05:22:11.730520Z
2023-06-28,CN,97.999032,0.200097,authorized_macro_cycle_proxy,false,true,2026-06-25T05:22:11.730520Z
2023-06-28,US,97.999032,0.200097,authorized_macro_cycle_proxy,false,true,2026-06-25T05:22:11.730520Z
2023-06-28,OECD_TOTAL,97.999032,0.200097,authorized_macro_cycle_proxy,false,true,2026-06-25T05:22:11.730520Z
2023-06-28,G20,97.999032,0.200097,authorized_macro_cycle_proxy,false,true,2026-06-25T05:22:11.730520Z
2023-06-28,JP,97.999032,0.200097,authorized_macro_cycle_proxy,false,true,2026-06-25T05:22:11.730520Z
2023-06-28,EURO_AREA,97.999032,0.200097,authorized_macro_cycle_proxy,false,true,2026-06-25T05:22:11.730520Z
2023-06-29,CN,97.907762,0.209224,authorized_macro_cycle_proxy,false,true,2026-06-25T05:22:11.730520Z
2023-06-29,US,97.907762,0.209224,authorized_macro_cycle_proxy,false,true,2026-06-25T05:22:11.730520Z
2023-06-29,OECD_TOTAL,97.907762,0.209224,authorized_macro_cycle_proxy,false,true,2026-06-25T05:22:11.730520Z
2023-06-29,G20,97.907762,0.209224,authorized_macro_cycle_proxy,false,true,2026-06-25T05:22:11.730520Z
2023-06-29,JP,97.907762,0.209224,authorized_macro_cycle_proxy,false,true,2026-06-25T05:22:11.730520Z
2023-06-29,EURO_AREA,97.907762,0.209224,authorized_macro_cycle_proxy,false,true,2026-06-25T05:22:11.730520Z
2023-06-30,CN,97.92275,0.207725,authorized_macro_cycle_proxy,false,true,2026-06-25T05:22:11.730520Z
2023-06-30,US,97.92275,0.207725,authorized_macro_cycle_proxy,false,true,2026-06-25T05:22:11.730520Z
2023-06-30,OECD_TOTAL,97.92275,0.207725,authorized_macro_cycle_proxy,false,true,2026-06-25T05:22:11.730520Z
2023-06-30,G20,97.92275,0.207725,authorized_macro_cycle_proxy,false,true,2026-06-25T05:22:11.730520Z
2023-06-30,JP,97.92275,0.207725,authorized_macro_cycle_proxy,false,true,2026-06-25T05:22:11.730520Z
2023-06-30,EURO_AREA,97.92275,0.207725,authorized_macro_cycle_proxy,false,true,2026-06-25T05:22:11.730520Z
2023-07-03,CN,97.936464,0.206354,authorized_macro_cycle_proxy,false,true,2026-06-25T05:22:11.730520Z
2023-07-03,US,97.936464,0.206354,authorized_macro_cycle_proxy,false,true,2026-06-25T05:22:11.730520Z
2023-07-03,OECD_TOTAL,97.936464,0.206354,authorized_macro_cycle_proxy,false,true,2026-06-25T05:22:11.730520Z
2023-07-03,G20,97.936464,0.206354,authorized_macro_cycle_proxy,false,true,2026-06-25T05:22:11.730520Z
2023-07-03,JP,97.936464,0.206354,authorized_macro_cycle_proxy,false,true,2026-06-25T05:22:11.730520Z
2023-07-03,EURO_AREA,97.936464,0.206354,authorized_macro_cycle_proxy,false,true,2026-06-25T05:22:11.730520Z
2023-07-04,CN,97.969339,0.203066,authorized_macro_cycle_proxy,false,true,2026-06-25T05:22:11.730520Z
2023-07-04,US,97.969339,0.203066,authorized_macro_cycle_proxy,false,true,2026-06-25T05:22:11.730520Z
2023-07-04,OECD_TOTAL,97.969339,0.203066,authorized_macro_cycle_proxy,false,true,2026-06-25T05:22:11.730520Z
2023-07-04,G20,97.969339,0.203066,authorized_macro_cycle_proxy,false,true,2026-06-25T05:22:11.730520Z
2023-07-04,JP,97.969339,0.203066,authorized_macro_cycle_proxy,false,true,2026-06-25T05:22:11.730520Z
2023-07-04,EURO_AREA,97.969339,0.203066,authorized_macro_cycle_proxy,false,true,2026-06-25T05:22:11.730520Z
2023-07-05,CN,97.841857,0.215814,authorized_macro_cycle_proxy,false,true,2026-06-25T05:22:11.730520Z
2023-07-05,US,97.841857,0.215814,authorized_macro_cycle_proxy,false,true,2026-06-25T05:22:11.730520Z
2023-07-05,OECD_TOTAL,97.841857,0.215814,authorized_macro_cycle_proxy,false,true,2026-06-25T05:22:11.730520Z
2023-07-05,G20,97.841857,0.215814,authorized_macro_cycle_proxy,false,true,2026-06-25T05:22:11.730520Z
2023-07-05,JP,97.841857,0.215814,authorized_macro_cycle_proxy,false,true,2026-06-25T05:22:11.730520Z
2023-07-05,EURO_AREA,97.841857,0.215814,authorized_macro_cycle_proxy,false,true,2026-06-25T05:22:11.730520Z
2023-07-06,CN,97.726787,0.227321,authorized_macro_cycle_proxy,false,true,2026-06-25T05:22:11.730520Z
2023-07-06,US,97.726787,0.227321,authorized_macro_cycle_proxy,false,true,2026-06-25T05:22:11.730520Z
2023-07-06,OECD_TOTAL,97.726787,0.227321,authorized_macro_cycle_proxy,false,true,2026-06-25T05:22:11.730520Z
2023-07-06,G20,97.726787,0.227321,authorized_macro_cycle_proxy,false,true,2026-06-25T05:22:11.730520Z
2023-07-06,JP,97.726787,0.227321,authorized_macro_cycle_proxy,false,true,2026-06-25T05:22:11.730520Z
2023-07-06,EURO_AREA,97.726787,0.227321,authorized_macro_cycle_proxy,false,true,2026-06-25T05:22:11.730520Z
2023-07-07,CN,97.7415,0.22585,authorized_macro_cycle_proxy,false,true,2026-06-25T05:22:11.730520Z
2023-07-07,US,97.7415,0.22585,authorized_macro_cycle_proxy,false,true,2026-06-25T05:22:11.730520Z
2023-07-07,OECD_TOTAL,97.7415,0.22585,authorized_macro_cycle_proxy,false,true,2026-06-25T05:22:11.730520Z
2023-07-07,G20,97.7415,0.22585,authorized_macro_cycle_proxy,false,true,2026-06-25T05:22:11.730520Z
2023-07-07,JP,97.7415,0.22585,authorized_macro_cycle_proxy,false,true,2026-06-25T05:22:11.730520Z
2023-07-07,EURO_AREA,97.7415,0.22585,authorized_macro_cycle_proxy,false,true,2026-06-25T05:22:11.730520Z
2023-07-10,CN,97.795593,0.220441,authorized_macro_cycle_proxy,false,true,2026-06-25T05:22:11.730520Z
2023-07-10,US,97.795593,0.220441,authorized_macro_cycle_proxy,false,true,2026-06-25T05:22:11.730520Z
2023-07-10,OECD_TOTAL,97.795593,0.220441,authorized_macro_cycle_proxy,false,true,2026-06-25T05:22:11.730520Z
2023-07-10,G20,97.795593,0.220441,authorized_macro_cycle_proxy,false,true,2026-06-25T05:22:11.730520Z
2023-07-10,JP,97.795593,0.220441,authorized_macro_cycle_proxy,false,true,2026-06-25T05:22:11.730520Z
2023-07-10,EURO_AREA,97.795593,0.220441,authorized_macro_cycle_proxy,false,true,2026-06-25T05:22:11.730520Z
2023-07-11,CN,97.805714,0.219429,authorized_macro_cycle_proxy,false,true,2026-06-25T05:22:11.730520Z
2023-07-11,US,97.805714,0.219429,authorized_macro_cycle_proxy,false,true,2026-06-25T05:22:11.730520Z
2023-07-11,OECD_TOTAL,97.805714,0.219429,authorized_macro_cycle_proxy,false,true,2026-06-25T05:22:11.730520Z
2023-07-11,G20,97.805714,0.219429,authorized_macro_cycle_proxy,false,true,2026-06-25T05:22:11.730520Z
2023-07-11,JP,97.805714,0.219429,authorized_macro_cycle_proxy,false,true,2026-06-25T05:22:11.730520Z
2023-07-11,EURO_AREA,97.805714,0.219429,authorized_macro_cycle_proxy,false,true,2026-06-25T05:22:11.730520Z
2023-07-12,CN,97.900375,0.209962,authorized_macro_cycle_proxy,false,true,2026-06-25T05:22:11.730520Z
2023-07-12,US,97.900375,0.209962,authorized_macro_cycle_proxy,false,true,2026-06-25T05:22:11.730520Z
2023-07-12,OECD_TOTAL,97.900375,0.209962,authorized_macro_cycle_proxy,false,true,2026-06-25T05:22:11.730520Z
2023-07-12,G20,97.900375,0.209962,authorized_macro_cycle_proxy,false,true,2026-06-25T05:22:11.730520Z
2023-07-12,JP,97.900375,0.209962,authorized_macro_cycle_proxy,false,true,2026-06-25T05:22:11.730520Z
2023-07-12,EURO_AREA,97.900375,0.209962,authorized_macro_cycle_proxy,false,true,2026-06-25T05:22:11.730520Z
2023-07-13,CN,97.945071,0.205493,authorized_macro_cycle_proxy,false,true,2026-06-25T05:22:11.730520Z
2023-07-13,US,97.945071,0.205493,authorized_macro_cycle_proxy,false,true,2026-06-25T05:22:11.730520Z
2023-07-13,OECD_TOTAL,97.945071,0.205493,authorized_macro_cycle_proxy,false,true,2026-06-25T05:22:11.730520Z
2023-07-13,G20,97.945071,0.205493,authorized_macro_cycle_proxy,false,true,2026-06-25T05:22:11.730520Z
2023-07-13,JP,97.945071,0.205493,authorized_macro_cycle_proxy,false,true,2026-06-25T05:22:11.730520Z
2023-07-13,EURO_AREA,97.945071,0.205493,authorized_macro_cycle_proxy,false,true,2026-06-25T05:22:11.730520Z
2023-07-14,CN,97.947571,0.205243,authorized_macro_cycle_proxy,false,true,2026-06-25T05:22:11.730520Z
2023-07-14,US,97.947571,0.205243,authorized_macro_cycle_proxy,false,true,2026-06-25T05:22:11.730520Z
2023-07-14,OECD_TOTAL,97.947571,0.205243,authorized_macro_cycle_proxy,false,true,2026-06-25T05:22:11.730520Z
2023-07-14,G20,97.947571,0.205243,authorized_macro_cycle_proxy,false,true,2026-06-25T05:22:11.730520Z
2023-07-14,JP,97.947571,0.205243,authorized_macro_cycle_proxy,false,true,2026-06-25T05:22:11.730520Z
2023-07-14,EURO_AREA,97.947571,0.205243,authorized_macro_cycle_proxy,false,true,2026-06-25T05:22:11.730520Z
2023-07-17,CN,97.960036,0.203996,authorized_macro_cycle_proxy,false,true,2026-06-25T05:22:11.730520Z
2023-07-17,US,97.960036,0.203996,authorized_macro_cycle_proxy,false,true,2026-06-25T05:22:11.730520Z
2023-07-17,OECD_TOTAL,97.960036,0.203996,authorized_macro_cycle_proxy,false,true,2026-06-25T05:22:11.730520Z
2023-07-17,G20,97.960036,0.203996,authorized_macro_cycle_proxy,false,true,2026-06-25T05:22:11.730520Z
2023-07-17,JP,97.960036,0.203996,authorized_macro_cycle_proxy,false,true,2026-06-25T05:22:11.730520Z
2023-07-17,EURO_AREA,97.960036,0.203996,authorized_macro_cycle_proxy,false,true,2026-06-25T05:22:11.730520Z
2023-07-18,CN,97.837989,0.216201,authorized_macro_cycle_proxy,false,true,2026-06-25T05:22:11.730520Z
2023-07-18,US,97.837989,0.216201,authorized_macro_cycle_proxy,false,true,2026-06-25T05:22:11.730520Z
2023-07-18,OECD_TOTAL,97.837989,0.216201,authorized_macro_cycle_proxy,false,true,2026-06-25T05:22:11.730520Z
2023-07-18,G20,97.837989,0.216201,authorized_macro_cycle_proxy,false,true,2026-06-25T05:22:11.730520Z
2023-07-18,JP,97.837989,0.216201,authorized_macro_cycle_proxy,false,true,2026-06-25T05:22:11.730520Z
2023-07-18,EURO_AREA,97.837989,0.216201,authorized_macro_cycle_proxy,false,true,2026-06-25T05:22:11.730520Z
2023-07-19,CN,97.764986,0.223501,authorized_macro_cycle_proxy,false,true,2026-06-25T05:22:11.730520Z
2023-07-19,US,97.764986,0.223501,authorized_macro_cycle_proxy,false,true,2026-06-25T05:22:11.730520Z
2023-07-19,OECD_TOTAL,97.764986,0.223501,authorized_macro_cycle_proxy,false,true,2026-06-25T05:22:11.730520Z
2023-07-19,G20,97.764986,0.223501,authorized_macro_cycle_proxy,false,true,2026-06-25T05:22:11.730520Z
2023-07-19,JP,97.764986,0.223501,authorized_macro_cycle_proxy,false,true,2026-06-25T05:22:11.730520Z
2023-07-19,EURO_AREA,97.764986,0.223501,authorized_macro_cycle_proxy,false,true,2026-06-25T05:22:11.730520Z
2023-07-20,CN,97.769704,0.22303,authorized_macro_cycle_proxy,false,true,2026-06-25T05:22:11.730520Z
2023-07-20,US,97.769704,0.22303,authorized_macro_cycle_proxy,false,true,2026-06-25T05:22:11.730520Z
2023-07-20,OECD_TOTAL,97.769704,0.22303,authorized_macro_cycle_proxy,false,true,2026-06-25T05:22:11.730520Z
2023-07-20,G20,97.769704,0.22303,authorized_macro_cycle_proxy,false,true,2026-06-25T05:22:11.730520Z
2023-07-20,JP,97.769704,0.22303,authorized_macro_cycle_proxy,false,true,2026-06-25T05:22:11.730520Z
2023-07-20,EURO_AREA,97.769704,0.22303,authorized_macro_cycle_proxy,false,true,2026-06-25T05:22:11.730520Z
2023-07-21,CN,97.752746,0.224725,authorized_macro_cycle_proxy,false,true,2026-06-25T05:22:11.730520Z
2023-07-21,US,97.752746,0.224725,authorized_macro_cycle_proxy,false,true,2026-06-25T05:22:11.730520Z
2023-07-21,OECD_TOTAL,97.752746,0.224725,authorized_macro_cycle_proxy,false,true,2026-06-25T05:22:11.730520Z
2023-07-21,G20,97.752746,0.224725,authorized_macro_cycle_proxy,false,true,2026-06-25T05:22:11.730520Z
2023-07-21,JP,97.752746,0.224725,authorized_macro_cycle_proxy,false,true,2026-06-25T05:22:11.730520Z
2023-07-21,EURO_AREA,97.752746,0.224725,authorized_macro_cycle_proxy,false,true,2026-06-25T05:22:11.730520Z
2023-07-24,CN,97.744814,0.225519,authorized_macro_cycle_proxy,false,true,2026-06-25T05:22:11.730520Z
2023-07-24,US,97.744814,0.225519,authorized_macro_cycle_proxy,false,true,2026-06-25T05:22:11.730520Z
2023-07-24,OECD_TOTAL,97.744814,0.225519,authorized_macro_cycle_proxy,false,true,2026-06-25T05:22:11.730520Z
2023-07-24,G20,97.744814,0.225519,authorized_macro_cycle_proxy,false,true,2026-06-25T05:22:11.730520Z
2023-07-24,JP,97.744814,0.225519,authorized_macro_cycle_proxy,false,true,2026-06-25T05:22:11.730520Z
2023-07-24,EURO_AREA,97.744814,0.225519,authorized_macro_cycle_proxy,false,true,2026-06-25T05:22:11.730520Z
2023-07-25,CN,97.829107,0.217089,authorized_macro_cycle_proxy,false,true,2026-06-25T05:22:11.730520Z
2023-07-25,US,97.829107,0.217089,authorized_macro_cycle_proxy,false,true,2026-06-25T05:22:11.730520Z
2023-07-25,OECD_TOTAL,97.829107,0.217089,authorized_macro_cycle_proxy,false,true,2026-06-25T05:22:11.730520Z
2023-07-25,G20,97.829107,0.217089,authorized_macro_cycle_proxy,false,true,2026-06-25T05:22:11.730520Z
2023-07-25,JP,97.829107,0.217089,authorized_macro_cycle_proxy,false,true,2026-06-25T05:22:11.730520Z
2023-07-25,EURO_AREA,97.829107,0.217089,authorized_macro_cycle_proxy,false,true,2026-06-25T05:22:11.730520Z
2023-07-26,CN,97.859571,0.214043,authorized_macro_cycle_proxy,false,true,2026-06-25T05:22:11.730520Z
2023-07-26,US,97.859571,0.214043,authorized_macro_cycle_proxy,false,true,2026-06-25T05:22:11.730520Z
2023-07-26,OECD_TOTAL,97.859571,0.214043,authorized_macro_cycle_proxy,false,true,2026-06-25T05:22:11.730520Z
2023-07-26,G20,97.859571,0.214043,authorized_macro_cycle_proxy,false,true,2026-06-25T05:22:11.730520Z
2023-07-26,JP,97.859571,0.214043,authorized_macro_cycle_proxy,false,true,2026-06-25T05:22:11.730520Z
2023-07-26,EURO_AREA,97.859571,0.214043,authorized_macro_cycle_proxy,false,true,2026-06-25T05:22:11.730520Z
2023-07-27,CN,97.722125,0.227787,authorized_macro_cycle_proxy,false,true,2026-06-25T05:22:11.730520Z
2023-07-27,US,97.722125,0.227787,authorized_macro_cycle_proxy,false,true,2026-06-25T05:22:11.730520Z
2023-07-27,OECD_TOTAL,97.722125,0.227787,authorized_macro_cycle_proxy,false,true,2026-06-25T05:22:11.730520Z
2023-07-27,G20,97.722125,0.227787,authorized_macro_cycle_proxy,false,true,2026-06-25T05:22:11.730520Z
2023-07-27,JP,97.722125,0.227787,authorized_macro_cycle_proxy,false,true,2026-06-25T05:22:11.730520Z
2023-07-27,EURO_AREA,97.722125,0.227787,authorized_macro_cycle_proxy,false,true,2026-06-25T05:22:11.730520Z
2023-07-28,CN,97.733125,0.226688,authorized_macro_cycle_proxy,false,true,2026-06-25T05:22:11.730520Z
2023-07-28,US,97.733125,0.226688,authorized_macro_cycle_proxy,false,true,2026-06-25T05:22:11.730520Z
2023-07-28,OECD_TOTAL,97.733125,0.226688,authorized_macro_cycle_proxy,false,true,2026-06-25T05:22:11.730520Z
2023-07-28,G20,97.733125,0.226688,authorized_macro_cycle_proxy,false,true,2026-06-25T05:22:11.730520Z
2023-07-28,JP,97.733125,0.226688,authorized_macro_cycle_proxy,false,true,2026-06-25T05:22:11.730520Z
2023-07-28,EURO_AREA,97.733125,0.226688,authorized_macro_cycle_proxy,false,true,2026-06-25T05:22:11.730520Z
2023-07-31,CN,97.808732,0.219127,authorized_macro_cycle_proxy,false,true,2026-06-25T05:22:11.730520Z
2023-07-31,US,97.808732,0.219127,authorized_macro_cycle_proxy,false,true,2026-06-25T05:22:11.730520Z
2023-07-31,OECD_TOTAL,97.808732,0.219127,authorized_macro_cycle_proxy,false,true,2026-06-25T05:22:11.730520Z
2023-07-31,G20,97.808732,0.219127,authorized_macro_cycle_proxy,false,true,2026-06-25T05:22:11.730520Z
2023-07-31,JP,97.808732,0.219127,authorized_macro_cycle_proxy,false,true,2026-06-25T05:22:11.730520Z
2023-07-31,EURO_AREA,97.808732,0.219127,authorized_macro_cycle_proxy,false,true,2026-06-25T05:22:11.730520Z
2023-08-01,CN,97.670947,0.232905,authorized_macro_cycle_proxy,false,true,2026-06-25T05:22:11.730520Z
2023-08-01,US,97.670947,0.232905,authorized_macro_cycle_proxy,false,true,2026-06-25T05:22:11.730520Z
2023-08-01,OECD_TOTAL,97.670947,0.232905,authorized_macro_cycle_proxy,false,true,2026-06-25T05:22:11.730520Z
2023-08-01,G20,97.670947,0.232905,authorized_macro_cycle_proxy,false,true,2026-06-25T05:22:11.730520Z
2023-08-01,JP,97.670947,0.232905,authorized_macro_cycle_proxy,false,true,2026-06-25T05:22:11.730520Z
2023-08-01,EURO_AREA,97.670947,0.232905,authorized_macro_cycle_proxy,false,true,2026-06-25T05:22:11.730520Z
2023-08-02,CN,97.527757,0.247224,authorized_macro_cycle_proxy,false,true,2026-06-25T05:22:11.730520Z
2023-08-02,US,97.527757,0.247224,authorized_macro_cycle_proxy,false,true,2026-06-25T05:22:11.730520Z
2023-08-02,OECD_TOTAL,97.527757,0.247224,authorized_macro_cycle_proxy,false,true,2026-06-25T05:22:11.730520Z
2023-08-02,G20,97.527757,0.247224,authorized_macro_cycle_proxy,false,true,2026-06-25T05:22:11.730520Z
2023-08-02,JP,97.527757,0.247224,authorized_macro_cycle_proxy,false,true,2026-06-25T05:22:11.730520Z
2023-08-02,EURO_AREA,97.527757,0.247224,authorized_macro_cycle_proxy,false,true,2026-06-25T05:22:11.730520Z
2023-08-03,CN,97.486414,0.251359,authorized_macro_cycle_proxy,false,true,2026-06-25T05:22:11.730520Z
2023-08-03,US,97.486414,0.251359,authorized_macro_cycle_proxy,false,true,2026-06-25T05:22:11.730520Z
2023-08-03,OECD_TOTAL,97.486414,0.251359,authorized_macro_cycle_proxy,false,true,2026-06-25T05:22:11.730520Z
2023-08-03,G20,97.486414,0.251359,authorized_macro_cycle_proxy,false,true,2026-06-25T05:22:11.730520Z
2023-08-03,JP,97.486414,0.251359,authorized_macro_cycle_proxy,false,true,2026-06-25T05:22:11.730520Z
2023-08-03,EURO_AREA,97.486414,0.251359,authorized_macro_cycle_proxy,false,true,2026-06-25T05:22:11.730520Z
2023-08-04,CN,97.3585,0.26415,authorized_macro_cycle_proxy,false,true,2026-06-25T05:22:11.730520Z
2023-08-04,US,97.3585,0.26415,authorized_macro_cycle_proxy,false,true,2026-06-25T05:22:11.730520Z
2023-08-04,OECD_TOTAL,97.3585,0.26415,authorized_macro_cycle_proxy,false,true,2026-06-25T05:22:11.730520Z
2023-08-04,G20,97.3585,0.26415,authorized_macro_cycle_proxy,false,true,2026-06-25T05:22:11.730520Z
2023-08-04,JP,97.3585,0.26415,authorized_macro_cycle_proxy,false,true,2026-06-25T05:22:11.730520Z
2023-08-04,EURO_AREA,97.3585,0.26415,authorized_macro_cycle_proxy,false,true,2026-06-25T05:22:11.730520Z
2023-08-07,CN,97.517682,0.248232,authorized_macro_cycle_proxy,false,true,2026-06-25T05:22:11.730520Z
2023-08-07,US,97.517682,0.248232,authorized_macro_cycle_proxy,false,true,2026-06-25T05:22:11.730520Z
2023-08-07,OECD_TOTAL,97.517682,0.248232,authorized_macro_cycle_proxy,false,true,2026-06-25T05:22:11.730520Z
2023-08-07,G20,97.517682,0.248232,authorized_macro_cycle_proxy,false,true,2026-06-25T05:22:11.730520Z
2023-08-07,JP,97.517682,0.248232,authorized_macro_cycle_proxy,false,true,2026-06-25T05:22:11.730520Z
2023-08-07,EURO_AREA,97.517682,0.248232,authorized_macro_cycle_proxy,false,true,2026-06-25T05:22:11.730520Z
2023-08-08,CN,97.462632,0.253737,authorized_macro_cycle_proxy,false,true,2026-06-25T05:22:11.730520Z
2023-08-08,US,97.462632,0.253737,authorized_macro_cycle_proxy,false,true,2026-06-25T05:22:11.730520Z
2023-08-08,OECD_TOTAL,97.462632,0.253737,authorized_macro_cycle_proxy,false,true,2026-06-25T05:22:11.730520Z
2023-08-08,G20,97.462632,0.253737,authorized_macro_cycle_proxy,false,true,2026-06-25T05:22:11.730520Z
2023-08-08,JP,97.462632,0.253737,authorized_macro_cycle_proxy,false,true,2026-06-25T05:22:11.730520Z
2023-08-08,EURO_AREA,97.462632,0.253737,authorized_macro_cycle_proxy,false,true,2026-06-25T05:22:11.730520Z
2023-08-09,CN,97.450993,0.254901,authorized_macro_cycle_proxy,false,true,2026-06-25T05:22:11.730520Z
2023-08-09,US,97.450993,0.254901,authorized_macro_cycle_proxy,false,true,2026-06-25T05:22:11.730520Z
2023-08-09,OECD_TOTAL,97.450993,0.254901,authorized_macro_cycle_proxy,false,true,2026-06-25T05:22:11.730520Z
2023-08-09,G20,97.450993,0.254901,authorized_macro_cycle_proxy,false,true,2026-06-25T05:22:11.730520Z
2023-08-09,JP,97.450993,0.254901,authorized_macro_cycle_proxy,false,true,2026-06-25T05:22:11.730520Z
2023-08-09,EURO_AREA,97.450993,0.254901,authorized_macro_cycle_proxy,false,true,2026-06-25T05:22:11.730520Z
2023-08-10,CN,97.458625,0.254138,authorized_macro_cycle_proxy,false,true,2026-06-25T05:22:11.730520Z
2023-08-10,US,97.458625,0.254138,authorized_macro_cycle_proxy,false,true,2026-06-25T05:22:11.730520Z
2023-08-10,OECD_TOTAL,97.458625,0.254138,authorized_macro_cycle_proxy,false,true,2026-06-25T05:22:11.730520Z
2023-08-10,G20,97.458625,0.254138,authorized_macro_cycle_proxy,false,true,2026-06-25T05:22:11.730520Z
2023-08-10,JP,97.458625,0.254138,authorized_macro_cycle_proxy,false,true,2026-06-25T05:22:11.730520Z
2023-08-10,EURO_AREA,97.458625,0.254138,authorized_macro_cycle_proxy,false,true,2026-06-25T05:22:11.730520Z
2023-08-11,CN,97.509339,0.249066,authorized_macro_cycle_proxy,false,true,2026-06-25T05:22:11.730520Z
2023-08-11,US,97.509339,0.249066,authorized_macro_cycle_proxy,false,true,2026-06-25T05:22:11.730520Z
2023-08-11,OECD_TOTAL,97.509339,0.249066,authorized_macro_cycle_proxy,false,true,2026-06-25T05:22:11.730520Z
2023-08-11,G20,97.509339,0.249066,authorized_macro_cycle_proxy,false,true,2026-06-25T05:22:11.730520Z
2023-08-11,JP,97.509339,0.249066,authorized_macro_cycle_proxy,false,true,2026-06-25T05:22:11.730520Z
2023-08-11,EURO_AREA,97.509339,0.249066,authorized_macro_cycle_proxy,false,true,2026-06-25T05:22:11.730520Z
2023-08-14,CN,97.429172,0.257083,authorized_macro_cycle_proxy,false,true,2026-06-25T05:22:11.730520Z
2023-08-14,US,97.429172,0.257083,authorized_macro_cycle_proxy,false,true,2026-06-25T05:22:11.730520Z
2023-08-14,OECD_TOTAL,97.429172,0.257083,authorized_macro_cycle_proxy,false,true,2026-06-25T05:22:11.730520Z
2023-08-14,G20,97.429172,0.257083,authorized_macro_cycle_proxy,false,true,2026-06-25T05:22:11.730520Z
2023-08-14,JP,97.429172,0.257083,authorized_macro_cycle_proxy,false,true,2026-06-25T05:22:11.730520Z
2023-08-14,EURO_AREA,97.429172,0.257083,authorized_macro_cycle_proxy,false,true,2026-06-25T05:22:11.730520Z
2023-08-15,CN,97.234434,0.276557,authorized_macro_cycle_proxy,false,true,2026-06-25T05:22:11.730520Z
2023-08-15,US,97.234434,0.276557,authorized_macro_cycle_proxy,false,true,2026-06-25T05:22:11.730520Z
2023-08-15,OECD_TOTAL,97.234434,0.276557,authorized_macro_cycle_proxy,false,true,2026-06-25T05:22:11.730520Z
2023-08-15,G20,97.234434,0.276557,authorized_macro_cycle_proxy,false,true,2026-06-25T05:22:11.730520Z
2023-08-15,JP,97.234434,0.276557,authorized_macro_cycle_proxy,false,true,2026-06-25T05:22:11.730520Z
2023-08-15,EURO_AREA,97.234434,0.276557,authorized_macro_cycle_proxy,false,true,2026-06-25T05:22:11.730520Z
2023-08-16,CN,97.167529,0.283247,authorized_macro_cycle_proxy,false,true,2026-06-25T05:22:11.730520Z
2023-08-16,US,97.167529,0.283247,authorized_macro_cycle_proxy,false,true,2026-06-25T05:22:11.730520Z
2023-08-16,OECD_TOTAL,97.167529,0.283247,authorized_macro_cycle_proxy,false,true,2026-06-25T05:22:11.730520Z
2023-08-16,G20,97.167529,0.283247,authorized_macro_cycle_proxy,false,true,2026-06-25T05:22:11.730520Z
2023-08-16,JP,97.167529,0.283247,authorized_macro_cycle_proxy,false,true,2026-06-25T05:22:11.730520Z
2023-08-16,EURO_AREA,97.167529,0.283247,authorized_macro_cycle_proxy,false,true,2026-06-25T05:22:11.730520Z
2023-08-17,CN,97.005869,0.299413,authorized_macro_cycle_proxy,false,true,2026-06-25T05:22:11.730520Z
2023-08-17,US,97.005869,0.299413,authorized_macro_cycle_proxy,false,true,2026-06-25T05:22:11.730520Z
2023-08-17,OECD_TOTAL,97.005869,0.299413,authorized_macro_cycle_proxy,false,true,2026-06-25T05:22:11.730520Z
2023-08-17,G20,97.005869,0.299413,authorized_macro_cycle_proxy,false,true,2026-06-25T05:22:11.730520Z
2023-08-17,JP,97.005869,0.299413,authorized_macro_cycle_proxy,false,true,2026-06-25T05:22:11.730520Z
2023-08-17,EURO_AREA,97.005869,0.299413,authorized_macro_cycle_proxy,false,true,2026-06-25T05:22:11.730520Z
2023-08-18,CN,97.074933,0.292507,authorized_macro_cycle_proxy,false,true,2026-06-25T05:22:11.730520Z
2023-08-18,US,97.074933,0.292507,authorized_macro_cycle_proxy,false,true,2026-06-25T05:22:11.730520Z
2023-08-18,OECD_TOTAL,97.074933,0.292507,authorized_macro_cycle_proxy,false,true,2026-06-25T05:22:11.730520Z
2023-08-18,G20,97.074933,0.292507,authorized_macro_cycle_proxy,false,true,2026-06-25T05:22:11.730520Z
2023-08-18,JP,97.074933,0.292507,authorized_macro_cycle_proxy,false,true,2026-06-25T05:22:11.730520Z
2023-08-18,EURO_AREA,97.074933,0.292507,authorized_macro_cycle_proxy,false,true,2026-06-25T05:22:11.730520Z
2023-08-21,CN,97.105565,0.289443,authorized_macro_cycle_proxy,false,true,2026-06-25T05:22:11.730520Z
2023-08-21,US,97.105565,0.289443,authorized_macro_cycle_proxy,false,true,2026-06-25T05:22:11.730520Z
2023-08-21,OECD_TOTAL,97.105565,0.289443,authorized_macro_cycle_proxy,false,true,2026-06-25T05:22:11.730520Z
2023-08-21,G20,97.105565,0.289443,authorized_macro_cycle_proxy,false,true,2026-06-25T05:22:11.730520Z
2023-08-21,JP,97.105565,0.289443,authorized_macro_cycle_proxy,false,true,2026-06-25T05:22:11.730520Z
2023-08-21,EURO_AREA,97.105565,0.289443,authorized_macro_cycle_proxy,false,true,2026-06-25T05:22:11.730520Z
2023-08-22,CN,97.078059,0.292194,authorized_macro_cycle_proxy,false,true,2026-06-25T05:22:11.730520Z
2023-08-22,US,97.078059,0.292194,authorized_macro_cycle_proxy,false,true,2026-06-25T05:22:11.730520Z
2023-08-22,OECD_TOTAL,97.078059,0.292194,authorized_macro_cycle_proxy,false,true,2026-06-25T05:22:11.730520Z
2023-08-22,G20,97.078059,0.292194,authorized_macro_cycle_proxy,false,true,2026-06-25T05:22:11.730520Z
2023-08-22,JP,97.078059,0.292194,authorized_macro_cycle_proxy,false,true,2026-06-25T05:22:11.730520Z
2023-08-22,EURO_AREA,97.078059,0.292194,authorized_macro_cycle_proxy,false,true,2026-06-25T05:22:11.730520Z
2023-08-23,CN,97.269759,0.273024,authorized_macro_cycle_proxy,false,true,2026-06-25T05:22:11.730520Z
2023-08-23,US,97.269759,0.273024,authorized_macro_cycle_proxy,false,true,2026-06-25T05:22:11.730520Z
2023-08-23,OECD_TOTAL,97.269759,0.273024,authorized_macro_cycle_proxy,false,true,2026-06-25T05:22:11.730520Z
2023-08-23,G20,97.269759,0.273024,authorized_macro_cycle_proxy,false,true,2026-06-25T05:22:11.730520Z
2023-08-23,JP,97.269759,0.273024,authorized_macro_cycle_proxy,false,true,2026-06-25T05:22:11.730520Z
2023-08-23,EURO_AREA,97.269759,0.273024,authorized_macro_cycle_proxy,false,true,2026-06-25T05:22:11.730520Z
2023-08-24,CN,96.984217,0.301578,authorized_macro_cycle_proxy,false,true,2026-06-25T05:22:11.730520Z
2023-08-24,US,96.984217,0.301578,authorized_macro_cycle_proxy,false,true,2026-06-25T05:22:11.730520Z
2023-08-24,OECD_TOTAL,96.984217,0.301578,authorized_macro_cycle_proxy,false,true,2026-06-25T05:22:11.730520Z
2023-08-24,G20,96.984217,0.301578,authorized_macro_cycle_proxy,false,true,2026-06-25T05:22:11.730520Z
2023-08-24,JP,96.984217,0.301578,authorized_macro_cycle_proxy,false,true,2026-06-25T05:22:11.730520Z
2023-08-24,EURO_AREA,96.984217,0.301578,authorized_macro_cycle_proxy,false,true,2026-06-25T05:22:11.730520Z
2023-08-25,CN,97.191911,0.280809,authorized_macro_cycle_proxy,false,true,2026-06-25T05:22:11.730520Z
2023-08-25,US,97.191911,0.280809,authorized_macro_cycle_proxy,false,true,2026-06-25T05:22:11.730520Z
2023-08-25,OECD_TOTAL,97.191911,0.280809,authorized_macro_cycle_proxy,false,true,2026-06-25T05:22:11.730520Z
2023-08-25,G20,97.191911,0.280809,authorized_macro_cycle_proxy,false,true,2026-06-25T05:22:11.730520Z
2023-08-25,JP,97.191911,0.280809,authorized_macro_cycle_proxy,false,true,2026-06-25T05:22:11.730520Z
2023-08-25,EURO_AREA,97.191911,0.280809,authorized_macro_cycle_proxy,false,true,2026-06-25T05:22:11.730520Z
2023-08-28,CN,97.195085,0.280492,authorized_macro_cycle_proxy,false,true,2026-06-25T05:22:11.730520Z
2023-08-28,US,97.195085,0.280492,authorized_macro_cycle_proxy,false,true,2026-06-25T05:22:11.730520Z
2023-08-28,OECD_TOTAL,97.195085,0.280492,authorized_macro_cycle_proxy,false,true,2026-06-25T05:22:11.730520Z
2023-08-28,G20,97.195085,0.280492,authorized_macro_cycle_proxy,false,true,2026-06-25T05:22:11.730520Z
2023-08-28,JP,97.195085,0.280492,authorized_macro_cycle_proxy,false,true,2026-06-25T05:22:11.730520Z
2023-08-28,EURO_AREA,97.195085,0.280492,authorized_macro_cycle_proxy,false,true,2026-06-25T05:22:11.730520Z
2023-08-29,CN,97.259657,0.274034,authorized_macro_cycle_proxy,false,true,2026-06-25T05:22:11.730520Z
2023-08-29,US,97.259657,0.274034,authorized_macro_cycle_proxy,false,true,2026-06-25T05:22:11.730520Z
2023-08-29,OECD_TOTAL,97.259657,0.274034,authorized_macro_cycle_proxy,false,true,2026-06-25T05:22:11.730520Z
2023-08-29,G20,97.259657,0.274034,authorized_macro_cycle_proxy,false,true,2026-06-25T05:22:11.730520Z
2023-08-29,JP,97.259657,0.274034,authorized_macro_cycle_proxy,false,true,2026-06-25T05:22:11.730520Z
2023-08-29,EURO_AREA,97.259657,0.274034,authorized_macro_cycle_proxy,false,true,2026-06-25T05:22:11.730520Z
2023-08-30,CN,97.262206,0.273779,authorized_macro_cycle_proxy,false,true,2026-06-25T05:22:11.730520Z
2023-08-30,US,97.262206,0.273779,authorized_macro_cycle_proxy,false,true,2026-06-25T05:22:11.730520Z
2023-08-30,OECD_TOTAL,97.262206,0.273779,authorized_macro_cycle_proxy,false,true,2026-06-25T05:22:11.730520Z
2023-08-30,G20,97.262206,0.273779,authorized_macro_cycle_proxy,false,true,2026-06-25T05:22:11.730520Z
2023-08-30,JP,97.262206,0.273779,authorized_macro_cycle_proxy,false,true,2026-06-25T05:22:11.730520Z
2023-08-30,EURO_AREA,97.262206,0.273779,authorized_macro_cycle_proxy,false,true,2026-06-25T05:22:11.730520Z
2023-08-31,CN,97.269064,0.273094,authorized_macro_cycle_proxy,false,true,2026-06-25T05:22:11.730520Z
2023-08-31,US,97.269064,0.273094,authorized_macro_cycle_proxy,false,true,2026-06-25T05:22:11.730520Z
2023-08-31,OECD_TOTAL,97.269064,0.273094,authorized_macro_cycle_proxy,false,true,2026-06-25T05:22:11.730520Z
2023-08-31,G20,97.269064,0.273094,authorized_macro_cycle_proxy,false,true,2026-06-25T05:22:11.730520Z
2023-08-31,JP,97.269064,0.273094,authorized_macro_cycle_proxy,false,true,2026-06-25T05:22:11.730520Z
2023-08-31,EURO_AREA,97.269064,0.273094,authorized_macro_cycle_proxy,false,true,2026-06-25T05:22:11.730520Z
2023-09-01,CN,97.179998,0.282,authorized_macro_cycle_proxy,false,true,2026-06-25T05:22:11.730520Z
2023-09-01,US,97.179998,0.282,authorized_macro_cycle_proxy,false,true,2026-06-25T05:22:11.730520Z
2023-09-01,OECD_TOTAL,97.179998,0.282,authorized_macro_cycle_proxy,false,true,2026-06-25T05:22:11.730520Z
2023-09-01,G20,97.179998,0.282,authorized_macro_cycle_proxy,false,true,2026-06-25T05:22:11.730520Z
2023-09-01,JP,97.179998,0.282,authorized_macro_cycle_proxy,false,true,2026-06-25T05:22:11.730520Z
2023-09-01,EURO_AREA,97.179998,0.282,authorized_macro_cycle_proxy,false,true,2026-06-25T05:22:11.730520Z
2023-09-04,CN,97.209029,0.279097,authorized_macro_cycle_proxy,false,true,2026-06-25T05:22:11.730520Z
2023-09-04,US,97.209029,0.279097,authorized_macro_cycle_proxy,false,true,2026-06-25T05:22:11.730520Z
2023-09-04,OECD_TOTAL,97.209029,0.279097,authorized_macro_cycle_proxy,false,true,2026-06-25T05:22:11.730520Z
2023-09-04,G20,97.209029,0.279097,authorized_macro_cycle_proxy,false,true,2026-06-25T05:22:11.730520Z
2023-09-04,JP,97.209029,0.279097,authorized_macro_cycle_proxy,false,true,2026-06-25T05:22:11.730520Z
2023-09-04,EURO_AREA,97.209029,0.279097,authorized_macro_cycle_proxy,false,true,2026-06-25T05:22:11.730520Z
2023-09-05,CN,97.098291,0.290171,authorized_macro_cycle_proxy,false,true,2026-06-25T05:22:11.730520Z
2023-09-05,US,97.098291,0.290171,authorized_macro_cycle_proxy,false,true,2026-06-25T05:22:11.730520Z
2023-09-05,OECD_TOTAL,97.098291,0.290171,authorized_macro_cycle_proxy,false,true,2026-06-25T05:22:11.730520Z
2023-09-05,G20,97.098291,0.290171,authorized_macro_cycle_proxy,false,true,2026-06-25T05:22:11.730520Z
2023-09-05,JP,97.098291,0.290171,authorized_macro_cycle_proxy,false,true,2026-06-25T05:22:11.730520Z
2023-09-05,EURO_AREA,97.098291,0.290171,authorized_macro_cycle_proxy,false,true,2026-06-25T05:22:11.730520Z
2023-09-06,CN,97.055359,0.294464,authorized_macro_cycle_proxy,false,true,2026-06-25T05:22:11.730520Z
2023-09-06,US,97.055359,0.294464,authorized_macro_cycle_proxy,false,true,2026-06-25T05:22:11.730520Z
2023-09-06,OECD_TOTAL,97.055359,0.294464,authorized_macro_cycle_proxy,false,true,2026-06-25T05:22:11.730520Z
2023-09-06,G20,97.055359,0.294464,authorized_macro_cycle_proxy,false,true,2026-06-25T05:22:11.730520Z
2023-09-06,JP,97.055359,0.294464,authorized_macro_cycle_proxy,false,true,2026-06-25T05:22:11.730520Z
2023-09-06,EURO_AREA,97.055359,0.294464,authorized_macro_cycle_proxy,false,true,2026-06-25T05:22:11.730520Z
2023-09-07,CN,97.022304,0.29777,authorized_macro_cycle_proxy,false,true,2026-06-25T05:22:11.730520Z
2023-09-07,US,97.022304,0.29777,authorized_macro_cycle_proxy,false,true,2026-06-25T05:22:11.730520Z
2023-09-07,OECD_TOTAL,97.022304,0.29777,authorized_macro_cycle_proxy,false,true,2026-06-25T05:22:11.730520Z
2023-09-07,G20,97.022304,0.29777,authorized_macro_cycle_proxy,false,true,2026-06-25T05:22:11.730520Z
2023-09-07,JP,97.022304,0.29777,authorized_macro_cycle_proxy,false,true,2026-06-25T05:22:11.730520Z
2023-09-07,EURO_AREA,97.022304,0.29777,authorized_macro_cycle_proxy,false,true,2026-06-25T05:22:11.730520Z
2023-09-08,CN,96.979934,0.302007,authorized_macro_cycle_proxy,false,true,2026-06-25T05:22:11.730520Z
2023-09-08,US,96.979934,0.302007,authorized_macro_cycle_proxy,false,true,2026-06-25T05:22:11.730520Z
2023-09-08,OECD_TOTAL,96.979934,0.302007,authorized_macro_cycle_proxy,false,true,2026-06-25T05:22:11.730520Z
2023-09-08,G20,96.979934,0.302007,authorized_macro_cycle_proxy,false,true,2026-06-25T05:22:11.730520Z
2023-09-08,JP,96.979934,0.302007,authorized_macro_cycle_proxy,false,true,2026-06-25T05:22:11.730520Z
2023-09-08,EURO_AREA,96.979934,0.302007,authorized_macro_cycle_proxy,false,true,2026-06-25T05:22:11.730520Z
2023-09-11,CN,97.151003,0.2849,authorized_macro_cycle_proxy,false,true,2026-06-25T05:22:11.730520Z
2023-09-11,US,97.151003,0.2849,authorized_macro_cycle_proxy,false,true,2026-06-25T05:22:11.730520Z
2023-09-11,OECD_TOTAL,97.151003,0.2849,authorized_macro_cycle_proxy,false,true,2026-06-25T05:22:11.730520Z
2023-09-11,G20,97.151003,0.2849,authorized_macro_cycle_proxy,false,true,2026-06-25T05:22:11.730520Z
2023-09-11,JP,97.151003,0.2849,authorized_macro_cycle_proxy,false,true,2026-06-25T05:22:11.730520Z
2023-09-11,EURO_AREA,97.151003,0.2849,authorized_macro_cycle_proxy,false,true,2026-06-25T05:22:11.730520Z
2023-09-12,CN,97.150144,0.284986,authorized_macro_cycle_proxy,false,true,2026-06-25T05:22:11.730520Z
2023-09-12,US,97.150144,0.284986,authorized_macro_cycle_proxy,false,true,2026-06-25T05:22:11.730520Z
2023-09-12,OECD_TOTAL,97.150144,0.284986,authorized_macro_cycle_proxy,false,true,2026-06-25T05:22:11.730520Z
2023-09-12,G20,97.150144,0.284986,authorized_macro_cycle_proxy,false,true,2026-06-25T05:22:11.730520Z
2023-09-12,JP,97.150144,0.284986,authorized_macro_cycle_proxy,false,true,2026-06-25T05:22:11.730520Z
2023-09-12,EURO_AREA,97.150144,0.284986,authorized_macro_cycle_proxy,false,true,2026-06-25T05:22:11.730520Z
2023-09-13,CN,97.174799,0.28252,authorized_macro_cycle_proxy,false,true,2026-06-25T05:22:11.730520Z
2023-09-13,US,97.174799,0.28252,authorized_macro_cycle_proxy,false,true,2026-06-25T05:22:11.730520Z
2023-09-13,OECD_TOTAL,97.174799,0.28252,authorized_macro_cycle_proxy,false,true,2026-06-25T05:22:11.730520Z
2023-09-13,G20,97.174799,0.28252,authorized_macro_cycle_proxy,false,true,2026-06-25T05:22:11.730520Z
2023-09-13,JP,97.174799,0.28252,authorized_macro_cycle_proxy,false,true,2026-06-25T05:22:11.730520Z
2023-09-13,EURO_AREA,97.174799,0.28252,authorized_macro_cycle_proxy,false,true,2026-06-25T05:22:11.730520Z
2023-09-14,CN,97.139877,0.286012,authorized_macro_cycle_proxy,false,true,2026-06-25T05:22:11.730520Z
2023-09-14,US,97.139877,0.286012,authorized_macro_cycle_proxy,false,true,2026-06-25T05:22:11.730520Z
2023-09-14,OECD_TOTAL,97.139877,0.286012,authorized_macro_cycle_proxy,false,true,2026-06-25T05:22:11.730520Z
2023-09-14,G20,97.139877,0.286012,authorized_macro_cycle_proxy,false,true,2026-06-25T05:22:11.730520Z
2023-09-14,JP,97.139877,0.286012,authorized_macro_cycle_proxy,false,true,2026-06-25T05:22:11.730520Z
2023-09-14,EURO_AREA,97.139877,0.286012,authorized_macro_cycle_proxy,false,true,2026-06-25T05:22:11.730520Z
2023-09-15,CN,97.066091,0.293391,authorized_macro_cycle_proxy,false,true,2026-06-25T05:22:11.730520Z
2023-09-15,US,97.066091,0.293391,authorized_macro_cycle_proxy,false,true,2026-06-25T05:22:11.730520Z
2023-09-15,OECD_TOTAL,97.066091,0.293391,authorized_macro_cycle_proxy,false,true,2026-06-25T05:22:11.730520Z
2023-09-15,G20,97.066091,0.293391,authorized_macro_cycle_proxy,false,true,2026-06-25T05:22:11.730520Z
2023-09-15,JP,97.066091,0.293391,authorized_macro_cycle_proxy,false,true,2026-06-25T05:22:11.730520Z
2023-09-15,EURO_AREA,97.066091,0.293391,authorized_macro_cycle_proxy,false,true,2026-06-25T05:22:11.730520Z
2023-09-18,CN,97.110738,0.288926,authorized_macro_cycle_proxy,false,true,2026-06-25T05:22:11.730520Z
2023-09-18,US,97.110738,0.288926,authorized_macro_cycle_proxy,false,true,2026-06-25T05:22:11.730520Z
2023-09-18,OECD_TOTAL,97.110738,0.288926,authorized_macro_cycle_proxy,false,true,2026-06-25T05:22:11.730520Z
2023-09-18,G20,97.110738,0.288926,authorized_macro_cycle_proxy,false,true,2026-06-25T05:22:11.730520Z
2023-09-18,JP,97.110738,0.288926,authorized_macro_cycle_proxy,false,true,2026-06-25T05:22:11.730520Z
2023-09-18,EURO_AREA,97.110738,0.288926,authorized_macro_cycle_proxy,false,true,2026-06-25T05:22:11.730520Z
2023-09-19,CN,97.143497,0.28565,authorized_macro_cycle_proxy,false,true,2026-06-25T05:22:11.730520Z
2023-09-19,US,97.143497,0.28565,authorized_macro_cycle_proxy,false,true,2026-06-25T05:22:11.730520Z
2023-09-19,OECD_TOTAL,97.143497,0.28565,authorized_macro_cycle_proxy,false,true,2026-06-25T05:22:11.730520Z
2023-09-19,G20,97.143497,0.28565,authorized_macro_cycle_proxy,false,true,2026-06-25T05:22:11.730520Z
2023-09-19,JP,97.143497,0.28565,authorized_macro_cycle_proxy,false,true,2026-06-25T05:22:11.730520Z
2023-09-19,EURO_AREA,97.143497,0.28565,authorized_macro_cycle_proxy,false,true,2026-06-25T05:22:11.730520Z
2023-09-20,CN,97.111633,0.288837,authorized_macro_cycle_proxy,false,true,2026-06-25T05:22:11.730520Z
2023-09-20,US,97.111633,0.288837,authorized_macro_cycle_proxy,false,true,2026-06-25T05:22:11.730520Z
2023-09-20,OECD_TOTAL,97.111633,0.288837,authorized_macro_cycle_proxy,false,true,2026-06-25T05:22:11.730520Z
2023-09-20,G20,97.111633,0.288837,authorized_macro_cycle_proxy,false,true,2026-06-25T05:22:11.730520Z
2023-09-20,JP,97.111633,0.288837,authorized_macro_cycle_proxy,false,true,2026-06-25T05:22:11.730520Z
2023-09-20,EURO_AREA,97.111633,0.288837,authorized_macro_cycle_proxy,false,true,2026-06-25T05:22:11.730520Z
2023-09-21,CN,96.7319,0.32681,authorized_macro_cycle_proxy,false,true,2026-06-25T05:22:11.730520Z
2023-09-21,US,96.7319,0.32681,authorized_macro_cycle_proxy,false,true,2026-06-25T05:22:11.730520Z
2023-09-21,OECD_TOTAL,96.7319,0.32681,authorized_macro_cycle_proxy,false,true,2026-06-25T05:22:11.730520Z
2023-09-21,G20,96.7319,0.32681,authorized_macro_cycle_proxy,false,true,2026-06-25T05:22:11.730520Z
2023-09-21,JP,96.7319,0.32681,authorized_macro_cycle_proxy,false,true,2026-06-25T05:22:11.730520Z
2023-09-21,EURO_AREA,96.7319,0.32681,authorized_macro_cycle_proxy,false,true,2026-06-25T05:22:11.730520Z
2023-09-22,CN,96.821375,0.317863,authorized_macro_cycle_proxy,false,true,2026-06-25T05:22:11.730520Z
2023-09-22,US,96.821375,0.317863,authorized_macro_cycle_proxy,false,true,2026-06-25T05:22:11.730520Z
2023-09-22,OECD_TOTAL,96.821375,0.317863,authorized_macro_cycle_proxy,false,true,2026-06-25T05:22:11.730520Z
2023-09-22,G20,96.821375,0.317863,authorized_macro_cycle_proxy,false,true,2026-06-25T05:22:11.730520Z
2023-09-22,JP,96.821375,0.317863,authorized_macro_cycle_proxy,false,true,2026-06-25T05:22:11.730520Z
2023-09-22,EURO_AREA,96.821375,0.317863,authorized_macro_cycle_proxy,false,true,2026-06-25T05:22:11.730520Z
2023-09-25,CN,96.795097,0.32049,authorized_macro_cycle_proxy,false,true,2026-06-25T05:22:11.730520Z
2023-09-25,US,96.795097,0.32049,authorized_macro_cycle_proxy,false,true,2026-06-25T05:22:11.730520Z
2023-09-25,OECD_TOTAL,96.795097,0.32049,authorized_macro_cycle_proxy,false,true,2026-06-25T05:22:11.730520Z
2023-09-25,G20,96.795097,0.32049,authorized_macro_cycle_proxy,false,true,2026-06-25T05:22:11.730520Z
2023-09-25,JP,96.795097,0.32049,authorized_macro_cycle_proxy,false,true,2026-06-25T05:22:11.730520Z
2023-09-25,EURO_AREA,96.795097,0.32049,authorized_macro_cycle_proxy,false,true,2026-06-25T05:22:11.730520Z
2023-09-26,CN,96.433185,0.356682,authorized_macro_cycle_proxy,false,true,2026-06-25T05:22:11.730520Z
2023-09-26,US,96.433185,0.356682,authorized_macro_cycle_proxy,false,true,2026-06-25T05:22:11.730520Z
2023-09-26,OECD_TOTAL,96.433185,0.356682,authorized_macro_cycle_proxy,false,true,2026-06-25T05:22:11.730520Z
2023-09-26,G20,96.433185,0.356682,authorized_macro_cycle_proxy,false,true,2026-06-25T05:22:11.730520Z
2023-09-26,JP,96.433185,0.356682,authorized_macro_cycle_proxy,false,true,2026-06-25T05:22:11.730520Z
2023-09-26,EURO_AREA,96.433185,0.356682,authorized_macro_cycle_proxy,false,true,2026-06-25T05:22:11.730520Z
2023-09-27,CN,96.397966,0.360203,authorized_macro_cycle_proxy,false,true,2026-06-25T05:22:11.730520Z
2023-09-27,US,96.397966,0.360203,authorized_macro_cycle_proxy,false,true,2026-06-25T05:22:11.730520Z
2023-09-27,OECD_TOTAL,96.397966,0.360203,authorized_macro_cycle_proxy,false,true,2026-06-25T05:22:11.730520Z
2023-09-27,G20,96.397966,0.360203,authorized_macro_cycle_proxy,false,true,2026-06-25T05:22:11.730520Z
2023-09-27,JP,96.397966,0.360203,authorized_macro_cycle_proxy,false,true,2026-06-25T05:22:11.730520Z
2023-09-27,EURO_AREA,96.397966,0.360203,authorized_macro_cycle_proxy,false,true,2026-06-25T05:22:11.730520Z
2023-09-28,CN,96.576944,0.342306,authorized_macro_cycle_proxy,false,true,2026-06-25T05:22:11.730520Z
2023-09-28,US,96.576944,0.342306,authorized_macro_cycle_proxy,false,true,2026-06-25T05:22:11.730520Z
2023-09-28,OECD_TOTAL,96.576944,0.342306,authorized_macro_cycle_proxy,false,true,2026-06-25T05:22:11.730520Z
2023-09-28,G20,96.576944,0.342306,authorized_macro_cycle_proxy,false,true,2026-06-25T05:22:11.730520Z
2023-09-28,JP,96.576944,0.342306,authorized_macro_cycle_proxy,false,true,2026-06-25T05:22:11.730520Z
2023-09-28,EURO_AREA,96.576944,0.342306,authorized_macro_cycle_proxy,false,true,2026-06-25T05:22:11.730520Z
2023-10-09,CN,96.573958,0.342604,authorized_macro_cycle_proxy,false,true,2026-06-25T05:22:11.730520Z
2023-10-09,US,96.573958,0.342604,authorized_macro_cycle_proxy,false,true,2026-06-25T05:22:11.730520Z
2023-10-09,OECD_TOTAL,96.573958,0.342604,authorized_macro_cycle_proxy,false,true,2026-06-25T05:22:11.730520Z
2023-10-09,G20,96.573958,0.342604,authorized_macro_cycle_proxy,false,true,2026-06-25T05:22:11.730520Z
2023-10-09,JP,96.573958,0.342604,authorized_macro_cycle_proxy,false,true,2026-06-25T05:22:11.730520Z
2023-10-09,EURO_AREA,96.573958,0.342604,authorized_macro_cycle_proxy,false,true,2026-06-25T05:22:11.730520Z
2023-10-10,CN,96.678582,0.332142,authorized_macro_cycle_proxy,false,true,2026-06-25T05:22:11.730520Z
2023-10-10,US,96.678582,0.332142,authorized_macro_cycle_proxy,false,true,2026-06-25T05:22:11.730520Z
2023-10-10,OECD_TOTAL,96.678582,0.332142,authorized_macro_cycle_proxy,false,true,2026-06-25T05:22:11.730520Z
2023-10-10,G20,96.678582,0.332142,authorized_macro_cycle_proxy,false,true,2026-06-25T05:22:11.730520Z
2023-10-10,JP,96.678582,0.332142,authorized_macro_cycle_proxy,false,true,2026-06-25T05:22:11.730520Z
2023-10-10,EURO_AREA,96.678582,0.332142,authorized_macro_cycle_proxy,false,true,2026-06-25T05:22:11.730520Z
2023-10-11,CN,96.836084,0.316392,authorized_macro_cycle_proxy,false,true,2026-06-25T05:22:11.730520Z
2023-10-11,US,96.836084,0.316392,authorized_macro_cycle_proxy,false,true,2026-06-25T05:22:11.730520Z
2023-10-11,OECD_TOTAL,96.836084,0.316392,authorized_macro_cycle_proxy,false,true,2026-06-25T05:22:11.730520Z
2023-10-11,G20,96.836084,0.316392,authorized_macro_cycle_proxy,false,true,2026-06-25T05:22:11.730520Z
2023-10-11,JP,96.836084,0.316392,authorized_macro_cycle_proxy,false,true,2026-06-25T05:22:11.730520Z
2023-10-11,EURO_AREA,96.836084,0.316392,authorized_macro_cycle_proxy,false,true,2026-06-25T05:22:11.730520Z
2023-10-12,CN,96.775673,0.322433,authorized_macro_cycle_proxy,false,true,2026-06-25T05:22:11.730520Z
2023-10-12,US,96.775673,0.322433,authorized_macro_cycle_proxy,false,true,2026-06-25T05:22:11.730520Z
2023-10-12,OECD_TOTAL,96.775673,0.322433,authorized_macro_cycle_proxy,false,true,2026-06-25T05:22:11.730520Z
2023-10-12,G20,96.775673,0.322433,authorized_macro_cycle_proxy,false,true,2026-06-25T05:22:11.730520Z
2023-10-12,JP,96.775673,0.322433,authorized_macro_cycle_proxy,false,true,2026-06-25T05:22:11.730520Z
2023-10-12,EURO_AREA,96.775673,0.322433,authorized_macro_cycle_proxy,false,true,2026-06-25T05:22:11.730520Z
2023-10-13,CN,96.310026,0.368997,authorized_macro_cycle_proxy,false,true,2026-06-25T05:22:11.730520Z
2023-10-13,US,96.310026,0.368997,authorized_macro_cycle_proxy,false,true,2026-06-25T05:22:11.730520Z
2023-10-13,OECD_TOTAL,96.310026,0.368997,authorized_macro_cycle_proxy,false,true,2026-06-25T05:22:11.730520Z
2023-10-13,G20,96.310026,0.368997,authorized_macro_cycle_proxy,false,true,2026-06-25T05:22:11.730520Z
2023-10-13,JP,96.310026,0.368997,authorized_macro_cycle_proxy,false,true,2026-06-25T05:22:11.730520Z
2023-10-13,EURO_AREA,96.310026,0.368997,authorized_macro_cycle_proxy,false,true,2026-06-25T05:22:11.730520Z
2023-10-16,CN,96.593802,0.34062,authorized_macro_cycle_proxy,false,true,2026-06-25T05:22:11.730520Z
2023-10-16,US,96.593802,0.34062,authorized_macro_cycle_proxy,false,true,2026-06-25T05:22:11.730520Z
2023-10-16,OECD_TOTAL,96.593802,0.34062,authorized_macro_cycle_proxy,false,true,2026-06-25T05:22:11.730520Z
2023-10-16,G20,96.593802,0.34062,authorized_macro_cycle_proxy,false,true,2026-06-25T05:22:11.730520Z
2023-10-16,JP,96.593802,0.34062,authorized_macro_cycle_proxy,false,true,2026-06-25T05:22:11.730520Z
2023-10-16,EURO_AREA,96.593802,0.34062,authorized_macro_cycle_proxy,false,true,2026-06-25T05:22:11.730520Z
2023-10-17,CN,96.466358,0.353364,authorized_macro_cycle_proxy,false,true,2026-06-25T05:22:11.730520Z
2023-10-17,US,96.466358,0.353364,authorized_macro_cycle_proxy,false,true,2026-06-25T05:22:11.730520Z
2023-10-17,OECD_TOTAL,96.466358,0.353364,authorized_macro_cycle_proxy,false,true,2026-06-25T05:22:11.730520Z
2023-10-17,G20,96.466358,0.353364,authorized_macro_cycle_proxy,false,true,2026-06-25T05:22:11.730520Z
2023-10-17,JP,96.466358,0.353364,authorized_macro_cycle_proxy,false,true,2026-06-25T05:22:11.730520Z
2023-10-17,EURO_AREA,96.466358,0.353364,authorized_macro_cycle_proxy,false,true,2026-06-25T05:22:11.730520Z
2023-10-18,CN,96.145993,0.385401,authorized_macro_cycle_proxy,false,true,2026-06-25T05:22:11.730520Z
2023-10-18,US,96.145993,0.385401,authorized_macro_cycle_proxy,false,true,2026-06-25T05:22:11.730520Z
2023-10-18,OECD_TOTAL,96.145993,0.385401,authorized_macro_cycle_proxy,false,true,2026-06-25T05:22:11.730520Z
2023-10-18,G20,96.145993,0.385401,authorized_macro_cycle_proxy,false,true,2026-06-25T05:22:11.730520Z
2023-10-18,JP,96.145993,0.385401,authorized_macro_cycle_proxy,false,true,2026-06-25T05:22:11.730520Z
2023-10-18,EURO_AREA,96.145993,0.385401,authorized_macro_cycle_proxy,false,true,2026-06-25T05:22:11.730520Z
2023-10-19,CN,95.694939,0.430506,authorized_macro_cycle_proxy,false,true,2026-06-25T05:22:11.730520Z
2023-10-19,US,95.694939,0.430506,authorized_macro_cycle_proxy,false,true,2026-06-25T05:22:11.730520Z
2023-10-19,OECD_TOTAL,95.694939,0.430506,authorized_macro_cycle_proxy,false,true,2026-06-25T05:22:11.730520Z
2023-10-19,G20,95.694939,0.430506,authorized_macro_cycle_proxy,false,true,2026-06-25T05:22:11.730520Z
2023-10-19,JP,95.694939,0.430506,authorized_macro_cycle_proxy,false,true,2026-06-25T05:22:11.730520Z
2023-10-19,EURO_AREA,95.694939,0.430506,authorized_macro_cycle_proxy,false,true,2026-06-25T05:22:11.730520Z
2023-10-20,CN,95.696288,0.430371,authorized_macro_cycle_proxy,false,true,2026-06-25T05:22:11.730520Z
2023-10-20,US,95.696288,0.430371,authorized_macro_cycle_proxy,false,true,2026-06-25T05:22:11.730520Z
2023-10-20,OECD_TOTAL,95.696288,0.430371,authorized_macro_cycle_proxy,false,true,2026-06-25T05:22:11.730520Z
2023-10-20,G20,95.696288,0.430371,authorized_macro_cycle_proxy,false,true,2026-06-25T05:22:11.730520Z
2023-10-20,JP,95.696288,0.430371,authorized_macro_cycle_proxy,false,true,2026-06-25T05:22:11.730520Z
2023-10-20,EURO_AREA,95.696288,0.430371,authorized_macro_cycle_proxy,false,true,2026-06-25T05:22:11.730520Z
2023-10-23,CN,95.952863,0.404714,authorized_macro_cycle_proxy,false,true,2026-06-25T05:22:11.730520Z
2023-10-23,US,95.952863,0.404714,authorized_macro_cycle_proxy,false,true,2026-06-25T05:22:11.730520Z
2023-10-23,OECD_TOTAL,95.952863,0.404714,authorized_macro_cycle_proxy,false,true,2026-06-25T05:22:11.730520Z
2023-10-23,G20,95.952863,0.404714,authorized_macro_cycle_proxy,false,true,2026-06-25T05:22:11.730520Z
2023-10-23,JP,95.952863,0.404714,authorized_macro_cycle_proxy,false,true,2026-06-25T05:22:11.730520Z
2023-10-23,EURO_AREA,95.952863,0.404714,authorized_macro_cycle_proxy,false,true,2026-06-25T05:22:11.730520Z
2023-10-24,CN,96.235299,0.37647,authorized_macro_cycle_proxy,false,true,2026-06-25T05:22:11.730520Z
2023-10-24,US,96.235299,0.37647,authorized_macro_cycle_proxy,false,true,2026-06-25T05:22:11.730520Z
2023-10-24,OECD_TOTAL,96.235299,0.37647,authorized_macro_cycle_proxy,false,true,2026-06-25T05:22:11.730520Z
2023-10-24,G20,96.235299,0.37647,authorized_macro_cycle_proxy,false,true,2026-06-25T05:22:11.730520Z
2023-10-24,JP,96.235299,0.37647,authorized_macro_cycle_proxy,false,true,2026-06-25T05:22:11.730520Z
2023-10-24,EURO_AREA,96.235299,0.37647,authorized_macro_cycle_proxy,false,true,2026-06-25T05:22:11.730520Z
2023-10-25,CN,95.963702,0.40363,authorized_macro_cycle_proxy,false,true,2026-06-25T05:22:11.730520Z
2023-10-25,US,95.963702,0.40363,authorized_macro_cycle_proxy,false,true,2026-06-25T05:22:11.730520Z
2023-10-25,OECD_TOTAL,95.963702,0.40363,authorized_macro_cycle_proxy,false,true,2026-06-25T05:22:11.730520Z
2023-10-25,G20,95.963702,0.40363,authorized_macro_cycle_proxy,false,true,2026-06-25T05:22:11.730520Z
2023-10-25,JP,95.963702,0.40363,authorized_macro_cycle_proxy,false,true,2026-06-25T05:22:11.730520Z
2023-10-25,EURO_AREA,95.963702,0.40363,authorized_macro_cycle_proxy,false,true,2026-06-25T05:22:11.730520Z
2023-10-26,CN,96.016722,0.398328,authorized_macro_cycle_proxy,false,true,2026-06-25T05:22:11.730520Z
2023-10-26,US,96.016722,0.398328,authorized_macro_cycle_proxy,false,true,2026-06-25T05:22:11.730520Z
2023-10-26,OECD_TOTAL,96.016722,0.398328,authorized_macro_cycle_proxy,false,true,2026-06-25T05:22:11.730520Z
2023-10-26,G20,96.016722,0.398328,authorized_macro_cycle_proxy,false,true,2026-06-25T05:22:11.730520Z
2023-10-26,JP,96.016722,0.398328,authorized_macro_cycle_proxy,false,true,2026-06-25T05:22:11.730520Z
2023-10-26,EURO_AREA,96.016722,0.398328,authorized_macro_cycle_proxy,false,true,2026-06-25T05:22:11.730520Z
2023-10-27,CN,95.959773,0.404023,authorized_macro_cycle_proxy,false,true,2026-06-25T05:22:11.730520Z
2023-10-27,US,95.959773,0.404023,authorized_macro_cycle_proxy,false,true,2026-06-25T05:22:11.730520Z
2023-10-27,OECD_TOTAL,95.959773,0.404023,authorized_macro_cycle_proxy,false,true,2026-06-25T05:22:11.730520Z
2023-10-27,G20,95.959773,0.404023,authorized_macro_cycle_proxy,false,true,2026-06-25T05:22:11.730520Z
2023-10-27,JP,95.959773,0.404023,authorized_macro_cycle_proxy,false,true,2026-06-25T05:22:11.730520Z
2023-10-27,EURO_AREA,95.959773,0.404023,authorized_macro_cycle_proxy,false,true,2026-06-25T05:22:11.730520Z
2023-10-30,CN,96.487403,0.35126,authorized_macro_cycle_proxy,false,true,2026-06-25T05:22:11.730520Z
2023-10-30,US,96.487403,0.35126,authorized_macro_cycle_proxy,false,true,2026-06-25T05:22:11.730520Z
2023-10-30,OECD_TOTAL,96.487403,0.35126,authorized_macro_cycle_proxy,false,true,2026-06-25T05:22:11.730520Z
2023-10-30,G20,96.487403,0.35126,authorized_macro_cycle_proxy,false,true,2026-06-25T05:22:11.730520Z
2023-10-30,JP,96.487403,0.35126,authorized_macro_cycle_proxy,false,true,2026-06-25T05:22:11.730520Z
2023-10-30,EURO_AREA,96.487403,0.35126,authorized_macro_cycle_proxy,false,true,2026-06-25T05:22:11.730520Z
2023-10-31,CN,96.457051,0.354295,authorized_macro_cycle_proxy,false,true,2026-06-25T05:22:11.730520Z
2023-10-31,US,96.457051,0.354295,authorized_macro_cycle_proxy,false,true,2026-06-25T05:22:11.730520Z
2023-10-31,OECD_TOTAL,96.457051,0.354295,authorized_macro_cycle_proxy,false,true,2026-06-25T05:22:11.730520Z
2023-10-31,G20,96.457051,0.354295,authorized_macro_cycle_proxy,false,true,2026-06-25T05:22:11.730520Z
2023-10-31,JP,96.457051,0.354295,authorized_macro_cycle_proxy,false,true,2026-06-25T05:22:11.730520Z
2023-10-31,EURO_AREA,96.457051,0.354295,authorized_macro_cycle_proxy,false,true,2026-06-25T05:22:11.730520Z
2023-11-01,CN,96.712399,0.32876,authorized_macro_cycle_proxy,false,true,2026-06-25T05:22:11.730520Z
2023-11-01,US,96.712399,0.32876,authorized_macro_cycle_proxy,false,true,2026-06-25T05:22:11.730520Z
2023-11-01,OECD_TOTAL,96.712399,0.32876,authorized_macro_cycle_proxy,false,true,2026-06-25T05:22:11.730520Z
2023-11-01,G20,96.712399,0.32876,authorized_macro_cycle_proxy,false,true,2026-06-25T05:22:11.730520Z
2023-11-01,JP,96.712399,0.32876,authorized_macro_cycle_proxy,false,true,2026-06-25T05:22:11.730520Z
2023-11-01,EURO_AREA,96.712399,0.32876,authorized_macro_cycle_proxy,false,true,2026-06-25T05:22:11.730520Z
2023-11-02,CN,96.902926,0.309707,authorized_macro_cycle_proxy,false,true,2026-06-25T05:22:11.730520Z
2023-11-02,US,96.902926,0.309707,authorized_macro_cycle_proxy,false,true,2026-06-25T05:22:11.730520Z
2023-11-02,OECD_TOTAL,96.902926,0.309707,authorized_macro_cycle_proxy,false,true,2026-06-25T05:22:11.730520Z
2023-11-02,G20,96.902926,0.309707,authorized_macro_cycle_proxy,false,true,2026-06-25T05:22:11.730520Z
2023-11-02,JP,96.902926,0.309707,authorized_macro_cycle_proxy,false,true,2026-06-25T05:22:11.730520Z
2023-11-02,EURO_AREA,96.902926,0.309707,authorized_macro_cycle_proxy,false,true,2026-06-25T05:22:11.730520Z
2023-11-03,CN,97.122375,0.287762,authorized_macro_cycle_proxy,false,true,2026-06-25T05:22:11.730520Z
2023-11-03,US,97.122375,0.287762,authorized_macro_cycle_proxy,false,true,2026-06-25T05:22:11.730520Z
2023-11-03,OECD_TOTAL,97.122375,0.287762,authorized_macro_cycle_proxy,false,true,2026-06-25T05:22:11.730520Z
2023-11-03,G20,97.122375,0.287762,authorized_macro_cycle_proxy,false,true,2026-06-25T05:22:11.730520Z
2023-11-03,JP,97.122375,0.287762,authorized_macro_cycle_proxy,false,true,2026-06-25T05:22:11.730520Z
2023-11-03,EURO_AREA,97.122375,0.287762,authorized_macro_cycle_proxy,false,true,2026-06-25T05:22:11.730520Z
2023-11-06,CN,97.155321,0.284468,authorized_macro_cycle_proxy,false,true,2026-06-25T05:22:11.730520Z
2023-11-06,US,97.155321,0.284468,authorized_macro_cycle_proxy,false,true,2026-06-25T05:22:11.730520Z
2023-11-06,OECD_TOTAL,97.155321,0.284468,authorized_macro_cycle_proxy,false,true,2026-06-25T05:22:11.730520Z
2023-11-06,G20,97.155321,0.284468,authorized_macro_cycle_proxy,false,true,2026-06-25T05:22:11.730520Z
2023-11-06,JP,97.155321,0.284468,authorized_macro_cycle_proxy,false,true,2026-06-25T05:22:11.730520Z
2023-11-06,EURO_AREA,97.155321,0.284468,authorized_macro_cycle_proxy,false,true,2026-06-25T05:22:11.730520Z
2023-11-07,CN,97.302191,0.269781,authorized_macro_cycle_proxy,false,true,2026-06-25T05:22:11.730520Z
2023-11-07,US,97.302191,0.269781,authorized_macro_cycle_proxy,false,true,2026-06-25T05:22:11.730520Z
2023-11-07,OECD_TOTAL,97.302191,0.269781,authorized_macro_cycle_proxy,false,true,2026-06-25T05:22:11.730520Z
2023-11-07,G20,97.302191,0.269781,authorized_macro_cycle_proxy,false,true,2026-06-25T05:22:11.730520Z
2023-11-07,JP,97.302191,0.269781,authorized_macro_cycle_proxy,false,true,2026-06-25T05:22:11.730520Z
2023-11-07,EURO_AREA,97.302191,0.269781,authorized_macro_cycle_proxy,false,true,2026-06-25T05:22:11.730520Z
2023-11-08,CN,97.3807,0.26193,authorized_macro_cycle_proxy,false,true,2026-06-25T05:22:11.730520Z
2023-11-08,US,97.3807,0.26193,authorized_macro_cycle_proxy,false,true,2026-06-25T05:22:11.730520Z
2023-11-08,OECD_TOTAL,97.3807,0.26193,authorized_macro_cycle_proxy,false,true,2026-06-25T05:22:11.730520Z
2023-11-08,G20,97.3807,0.26193,authorized_macro_cycle_proxy,false,true,2026-06-25T05:22:11.730520Z
2023-11-08,JP,97.3807,0.26193,authorized_macro_cycle_proxy,false,true,2026-06-25T05:22:11.730520Z
2023-11-08,EURO_AREA,97.3807,0.26193,authorized_macro_cycle_proxy,false,true,2026-06-25T05:22:11.730520Z
2023-11-09,CN,97.265849,0.273415,authorized_macro_cycle_proxy,false,true,2026-06-25T05:22:11.730520Z
2023-11-09,US,97.265849,0.273415,authorized_macro_cycle_proxy,false,true,2026-06-25T05:22:11.730520Z
2023-11-09,OECD_TOTAL,97.265849,0.273415,authorized_macro_cycle_proxy,false,true,2026-06-25T05:22:11.730520Z
2023-11-09,G20,97.265849,0.273415,authorized_macro_cycle_proxy,false,true,2026-06-25T05:22:11.730520Z
2023-11-09,JP,97.265849,0.273415,authorized_macro_cycle_proxy,false,true,2026-06-25T05:22:11.730520Z
2023-11-09,EURO_AREA,97.265849,0.273415,authorized_macro_cycle_proxy,false,true,2026-06-25T05:22:11.730520Z
2023-11-10,CN,97.19934,0.280066,authorized_macro_cycle_proxy,false,true,2026-06-25T05:22:11.730520Z
2023-11-10,US,97.19934,0.280066,authorized_macro_cycle_proxy,false,true,2026-06-25T05:22:11.730520Z
2023-11-10,OECD_TOTAL,97.19934,0.280066,authorized_macro_cycle_proxy,false,true,2026-06-25T05:22:11.730520Z
2023-11-10,G20,97.19934,0.280066,authorized_macro_cycle_proxy,false,true,2026-06-25T05:22:11.730520Z
2023-11-10,JP,97.19934,0.280066,authorized_macro_cycle_proxy,false,true,2026-06-25T05:22:11.730520Z
2023-11-10,EURO_AREA,97.19934,0.280066,authorized_macro_cycle_proxy,false,true,2026-06-25T05:22:11.730520Z
2023-11-13,CN,97.337282,0.266272,authorized_macro_cycle_proxy,false,true,2026-06-25T05:22:11.730520Z
2023-11-13,US,97.337282,0.266272,authorized_macro_cycle_proxy,false,true,2026-06-25T05:22:11.730520Z
2023-11-13,OECD_TOTAL,97.337282,0.266272,authorized_macro_cycle_proxy,false,true,2026-06-25T05:22:11.730520Z
2023-11-13,G20,97.337282,0.266272,authorized_macro_cycle_proxy,false,true,2026-06-25T05:22:11.730520Z
2023-11-13,JP,97.337282,0.266272,authorized_macro_cycle_proxy,false,true,2026-06-25T05:22:11.730520Z
2023-11-13,EURO_AREA,97.337282,0.266272,authorized_macro_cycle_proxy,false,true,2026-06-25T05:22:11.730520Z
2023-11-14,CN,97.346698,0.26533,authorized_macro_cycle_proxy,false,true,2026-06-25T05:22:11.730520Z
2023-11-14,US,97.346698,0.26533,authorized_macro_cycle_proxy,false,true,2026-06-25T05:22:11.730520Z
2023-11-14,OECD_TOTAL,97.346698,0.26533,authorized_macro_cycle_proxy,false,true,2026-06-25T05:22:11.730520Z
2023-11-14,G20,97.346698,0.26533,authorized_macro_cycle_proxy,false,true,2026-06-25T05:22:11.730520Z
2023-11-14,JP,97.346698,0.26533,authorized_macro_cycle_proxy,false,true,2026-06-25T05:22:11.730520Z
2023-11-14,EURO_AREA,97.346698,0.26533,authorized_macro_cycle_proxy,false,true,2026-06-25T05:22:11.730520Z
2023-11-15,CN,97.395623,0.260438,authorized_macro_cycle_proxy,false,true,2026-06-25T05:22:11.730520Z
2023-11-15,US,97.395623,0.260438,authorized_macro_cycle_proxy,false,true,2026-06-25T05:22:11.730520Z
2023-11-15,OECD_TOTAL,97.395623,0.260438,authorized_macro_cycle_proxy,false,true,2026-06-25T05:22:11.730520Z
2023-11-15,G20,97.395623,0.260438,authorized_macro_cycle_proxy,false,true,2026-06-25T05:22:11.730520Z
2023-11-15,JP,97.395623,0.260438,authorized_macro_cycle_proxy,false,true,2026-06-25T05:22:11.730520Z
2023-11-15,EURO_AREA,97.395623,0.260438,authorized_macro_cycle_proxy,false,true,2026-06-25T05:22:11.730520Z
2023-11-16,CN,97.521186,0.247881,authorized_macro_cycle_proxy,false,true,2026-06-25T05:22:11.730520Z
2023-11-16,US,97.521186,0.247881,authorized_macro_cycle_proxy,false,true,2026-06-25T05:22:11.730520Z
2023-11-16,OECD_TOTAL,97.521186,0.247881,authorized_macro_cycle_proxy,false,true,2026-06-25T05:22:11.730520Z
2023-11-16,G20,97.521186,0.247881,authorized_macro_cycle_proxy,false,true,2026-06-25T05:22:11.730520Z
2023-11-16,JP,97.521186,0.247881,authorized_macro_cycle_proxy,false,true,2026-06-25T05:22:11.730520Z
2023-11-16,EURO_AREA,97.521186,0.247881,authorized_macro_cycle_proxy,false,true,2026-06-25T05:22:11.730520Z
2023-11-17,CN,97.51275,0.248725,authorized_macro_cycle_proxy,false,true,2026-06-25T05:22:11.730520Z
2023-11-17,US,97.51275,0.248725,authorized_macro_cycle_proxy,false,true,2026-06-25T05:22:11.730520Z
2023-11-17,OECD_TOTAL,97.51275,0.248725,authorized_macro_cycle_proxy,false,true,2026-06-25T05:22:11.730520Z
2023-11-17,G20,97.51275,0.248725,authorized_macro_cycle_proxy,false,true,2026-06-25T05:22:11.730520Z
2023-11-17,JP,97.51275,0.248725,authorized_macro_cycle_proxy,false,true,2026-06-25T05:22:11.730520Z
2023-11-17,EURO_AREA,97.51275,0.248725,authorized_macro_cycle_proxy,false,true,2026-06-25T05:22:11.730520Z
2023-11-20,CN,97.524732,0.247527,authorized_macro_cycle_proxy,false,true,2026-06-25T05:22:11.730520Z
2023-11-20,US,97.524732,0.247527,authorized_macro_cycle_proxy,false,true,2026-06-25T05:22:11.730520Z
2023-11-20,OECD_TOTAL,97.524732,0.247527,authorized_macro_cycle_proxy,false,true,2026-06-25T05:22:11.730520Z
2023-11-20,G20,97.524732,0.247527,authorized_macro_cycle_proxy,false,true,2026-06-25T05:22:11.730520Z
2023-11-20,JP,97.524732,0.247527,authorized_macro_cycle_proxy,false,true,2026-06-25T05:22:11.730520Z
2023-11-20,EURO_AREA,97.524732,0.247527,authorized_macro_cycle_proxy,false,true,2026-06-25T05:22:11.730520Z
2023-11-21,CN,97.575839,0.242416,authorized_macro_cycle_proxy,false,true,2026-06-25T05:22:11.730520Z
2023-11-21,US,97.575839,0.242416,authorized_macro_cycle_proxy,false,true,2026-06-25T05:22:11.730520Z
2023-11-21,OECD_TOTAL,97.575839,0.242416,authorized_macro_cycle_proxy,false,true,2026-06-25T05:22:11.730520Z
2023-11-21,G20,97.575839,0.242416,authorized_macro_cycle_proxy,false,true,2026-06-25T05:22:11.730520Z
2023-11-21,JP,97.575839,0.242416,authorized_macro_cycle_proxy,false,true,2026-06-25T05:22:11.730520Z
2023-11-21,EURO_AREA,97.575839,0.242416,authorized_macro_cycle_proxy,false,true,2026-06-25T05:22:11.730520Z
2023-11-22,CN,97.691946,0.230805,authorized_macro_cycle_proxy,false,true,2026-06-25T05:22:11.730520Z
2023-11-22,US,97.691946,0.230805,authorized_macro_cycle_proxy,false,true,2026-06-25T05:22:11.730520Z
2023-11-22,OECD_TOTAL,97.691946,0.230805,authorized_macro_cycle_proxy,false,true,2026-06-25T05:22:11.730520Z
2023-11-22,G20,97.691946,0.230805,authorized_macro_cycle_proxy,false,true,2026-06-25T05:22:11.730520Z
2023-11-22,JP,97.691946,0.230805,authorized_macro_cycle_proxy,false,true,2026-06-25T05:22:11.730520Z
2023-11-22,EURO_AREA,97.691946,0.230805,authorized_macro_cycle_proxy,false,true,2026-06-25T05:22:11.730520Z
2023-11-23,CN,97.607821,0.239218,authorized_macro_cycle_proxy,false,true,2026-06-25T05:22:11.730520Z
2023-11-23,US,97.607821,0.239218,authorized_macro_cycle_proxy,false,true,2026-06-25T05:22:11.730520Z
2023-11-23,OECD_TOTAL,97.607821,0.239218,authorized_macro_cycle_proxy,false,true,2026-06-25T05:22:11.730520Z
2023-11-23,G20,97.607821,0.239218,authorized_macro_cycle_proxy,false,true,2026-06-25T05:22:11.730520Z
2023-11-23,JP,97.607821,0.239218,authorized_macro_cycle_proxy,false,true,2026-06-25T05:22:11.730520Z
2023-11-23,EURO_AREA,97.607821,0.239218,authorized_macro_cycle_proxy,false,true,2026-06-25T05:22:11.730520Z
2023-11-24,CN,97.69875,0.230125,authorized_macro_cycle_proxy,false,true,2026-06-25T05:22:11.730520Z
2023-11-24,US,97.69875,0.230125,authorized_macro_cycle_proxy,false,true,2026-06-25T05:22:11.730520Z
2023-11-24,OECD_TOTAL,97.69875,0.230125,authorized_macro_cycle_proxy,false,true,2026-06-25T05:22:11.730520Z
2023-11-24,G20,97.69875,0.230125,authorized_macro_cycle_proxy,false,true,2026-06-25T05:22:11.730520Z
2023-11-24,JP,97.69875,0.230125,authorized_macro_cycle_proxy,false,true,2026-06-25T05:22:11.730520Z
2023-11-24,EURO_AREA,97.69875,0.230125,authorized_macro_cycle_proxy,false,true,2026-06-25T05:22:11.730520Z
2023-11-27,CN,97.695968,0.230403,authorized_macro_cycle_proxy,false,true,2026-06-25T05:22:11.730520Z
2023-11-27,US,97.695968,0.230403,authorized_macro_cycle_proxy,false,true,2026-06-25T05:22:11.730520Z
2023-11-27,OECD_TOTAL,97.695968,0.230403,authorized_macro_cycle_proxy,false,true,2026-06-25T05:22:11.730520Z
2023-11-27,G20,97.695968,0.230403,authorized_macro_cycle_proxy,false,true,2026-06-25T05:22:11.730520Z
2023-11-27,JP,97.695968,0.230403,authorized_macro_cycle_proxy,false,true,2026-06-25T05:22:11.730520Z
2023-11-27,EURO_AREA,97.695968,0.230403,authorized_macro_cycle_proxy,false,true,2026-06-25T05:22:11.730520Z
2023-11-28,CN,97.61055,0.238945,authorized_macro_cycle_proxy,false,true,2026-06-25T05:22:11.730520Z
2023-11-28,US,97.61055,0.238945,authorized_macro_cycle_proxy,false,true,2026-06-25T05:22:11.730520Z
2023-11-28,OECD_TOTAL,97.61055,0.238945,authorized_macro_cycle_proxy,false,true,2026-06-25T05:22:11.730520Z
2023-11-28,G20,97.61055,0.238945,authorized_macro_cycle_proxy,false,true,2026-06-25T05:22:11.730520Z
2023-11-28,JP,97.61055,0.238945,authorized_macro_cycle_proxy,false,true,2026-06-25T05:22:11.730520Z
2023-11-28,EURO_AREA,97.61055,0.238945,authorized_macro_cycle_proxy,false,true,2026-06-25T05:22:11.730520Z
2023-11-29,CN,97.670976,0.232902,authorized_macro_cycle_proxy,false,true,2026-06-25T05:22:11.730520Z
2023-11-29,US,97.670976,0.232902,authorized_macro_cycle_proxy,false,true,2026-06-25T05:22:11.730520Z
2023-11-29,OECD_TOTAL,97.670976,0.232902,authorized_macro_cycle_proxy,false,true,2026-06-25T05:22:11.730520Z
2023-11-29,G20,97.670976,0.232902,authorized_macro_cycle_proxy,false,true,2026-06-25T05:22:11.730520Z
2023-11-29,JP,97.670976,0.232902,authorized_macro_cycle_proxy,false,true,2026-06-25T05:22:11.730520Z
2023-11-29,EURO_AREA,97.670976,0.232902,authorized_macro_cycle_proxy,false,true,2026-06-25T05:22:11.730520Z
2023-11-30,CN,97.664079,0.233592,authorized_macro_cycle_proxy,false,true,2026-06-25T05:22:11.730520Z
2023-11-30,US,97.664079,0.233592,authorized_macro_cycle_proxy,false,true,2026-06-25T05:22:11.730520Z
2023-11-30,OECD_TOTAL,97.664079,0.233592,authorized_macro_cycle_proxy,false,true,2026-06-25T05:22:11.730520Z
2023-11-30,G20,97.664079,0.233592,authorized_macro_cycle_proxy,false,true,2026-06-25T05:22:11.730520Z
2023-11-30,JP,97.664079,0.233592,authorized_macro_cycle_proxy,false,true,2026-06-25T05:22:11.730520Z
2023-11-30,EURO_AREA,97.664079,0.233592,authorized_macro_cycle_proxy,false,true,2026-06-25T05:22:11.730520Z
2023-12-01,CN,97.775964,0.222404,authorized_macro_cycle_proxy,false,true,2026-06-25T05:22:11.730520Z
2023-12-01,US,97.775964,0.222404,authorized_macro_cycle_proxy,false,true,2026-06-25T05:22:11.730520Z
2023-12-01,OECD_TOTAL,97.775964,0.222404,authorized_macro_cycle_proxy,false,true,2026-06-25T05:22:11.730520Z
2023-12-01,G20,97.775964,0.222404,authorized_macro_cycle_proxy,false,true,2026-06-25T05:22:11.730520Z
2023-12-01,JP,97.775964,0.222404,authorized_macro_cycle_proxy,false,true,2026-06-25T05:22:11.730520Z
2023-12-01,EURO_AREA,97.775964,0.222404,authorized_macro_cycle_proxy,false,true,2026-06-25T05:22:11.730520Z
2023-12-04,CN,97.718635,0.228136,authorized_macro_cycle_proxy,false,true,2026-06-25T05:22:11.730520Z
2023-12-04,US,97.718635,0.228136,authorized_macro_cycle_proxy,false,true,2026-06-25T05:22:11.730520Z
2023-12-04,OECD_TOTAL,97.718635,0.228136,authorized_macro_cycle_proxy,false,true,2026-06-25T05:22:11.730520Z
2023-12-04,G20,97.718635,0.228136,authorized_macro_cycle_proxy,false,true,2026-06-25T05:22:11.730520Z
2023-12-04,JP,97.718635,0.228136,authorized_macro_cycle_proxy,false,true,2026-06-25T05:22:11.730520Z
2023-12-04,EURO_AREA,97.718635,0.228136,authorized_macro_cycle_proxy,false,true,2026-06-25T05:22:11.730520Z
2023-12-05,CN,97.561237,0.243876,authorized_macro_cycle_proxy,false,true,2026-06-25T05:22:11.730520Z
2023-12-05,US,97.561237,0.243876,authorized_macro_cycle_proxy,false,true,2026-06-25T05:22:11.730520Z
2023-12-05,OECD_TOTAL,97.561237,0.243876,authorized_macro_cycle_proxy,false,true,2026-06-25T05:22:11.730520Z
2023-12-05,G20,97.561237,0.243876,authorized_macro_cycle_proxy,false,true,2026-06-25T05:22:11.730520Z
2023-12-05,JP,97.561237,0.243876,authorized_macro_cycle_proxy,false,true,2026-06-25T05:22:11.730520Z
2023-12-05,EURO_AREA,97.561237,0.243876,authorized_macro_cycle_proxy,false,true,2026-06-25T05:22:11.730520Z
2023-12-06,CN,97.657803,0.23422,authorized_macro_cycle_proxy,false,true,2026-06-25T05:22:11.730520Z
2023-12-06,US,97.657803,0.23422,authorized_macro_cycle_proxy,false,true,2026-06-25T05:22:11.730520Z
2023-12-06,OECD_TOTAL,97.657803,0.23422,authorized_macro_cycle_proxy,false,true,2026-06-25T05:22:11.730520Z
2023-12-06,G20,97.657803,0.23422,authorized_macro_cycle_proxy,false,true,2026-06-25T05:22:11.730520Z
2023-12-06,JP,97.657803,0.23422,authorized_macro_cycle_proxy,false,true,2026-06-25T05:22:11.730520Z
2023-12-06,EURO_AREA,97.657803,0.23422,authorized_macro_cycle_proxy,false,true,2026-06-25T05:22:11.730520Z
2023-12-07,CN,97.655712,0.234429,authorized_macro_cycle_proxy,false,true,2026-06-25T05:22:11.730520Z
2023-12-07,US,97.655712,0.234429,authorized_macro_cycle_proxy,false,true,2026-06-25T05:22:11.730520Z
2023-12-07,OECD_TOTAL,97.655712,0.234429,authorized_macro_cycle_proxy,false,true,2026-06-25T05:22:11.730520Z
2023-12-07,G20,97.655712,0.234429,authorized_macro_cycle_proxy,false,true,2026-06-25T05:22:11.730520Z
2023-12-07,JP,97.655712,0.234429,authorized_macro_cycle_proxy,false,true,2026-06-25T05:22:11.730520Z
2023-12-07,EURO_AREA,97.655712,0.234429,authorized_macro_cycle_proxy,false,true,2026-06-25T05:22:11.730520Z
2023-12-08,CN,97.560092,0.243991,authorized_macro_cycle_proxy,false,true,2026-06-25T05:22:11.730520Z
2023-12-08,US,97.560092,0.243991,authorized_macro_cycle_proxy,false,true,2026-06-25T05:22:11.730520Z
2023-12-08,OECD_TOTAL,97.560092,0.243991,authorized_macro_cycle_proxy,false,true,2026-06-25T05:22:11.730520Z
2023-12-08,G20,97.560092,0.243991,authorized_macro_cycle_proxy,false,true,2026-06-25T05:22:11.730520Z
2023-12-08,JP,97.560092,0.243991,authorized_macro_cycle_proxy,false,true,2026-06-25T05:22:11.730520Z
2023-12-08,EURO_AREA,97.560092,0.243991,authorized_macro_cycle_proxy,false,true,2026-06-25T05:22:11.730520Z
2023-12-11,CN,97.645092,0.235491,authorized_macro_cycle_proxy,false,true,2026-06-25T05:22:11.730520Z
2023-12-11,US,97.645092,0.235491,authorized_macro_cycle_proxy,false,true,2026-06-25T05:22:11.730520Z
2023-12-11,OECD_TOTAL,97.645092,0.235491,authorized_macro_cycle_proxy,false,true,2026-06-25T05:22:11.730520Z
2023-12-11,G20,97.645092,0.235491,authorized_macro_cycle_proxy,false,true,2026-06-25T05:22:11.730520Z
2023-12-11,JP,97.645092,0.235491,authorized_macro_cycle_proxy,false,true,2026-06-25T05:22:11.730520Z
2023-12-11,EURO_AREA,97.645092,0.235491,authorized_macro_cycle_proxy,false,true,2026-06-25T05:22:11.730520Z
2023-12-12,CN,97.67789,0.232211,authorized_macro_cycle_proxy,false,true,2026-06-25T05:22:11.730520Z
2023-12-12,US,97.67789,0.232211,authorized_macro_cycle_proxy,false,true,2026-06-25T05:22:11.730520Z
2023-12-12,OECD_TOTAL,97.67789,0.232211,authorized_macro_cycle_proxy,false,true,2026-06-25T05:22:11.730520Z
2023-12-12,G20,97.67789,0.232211,authorized_macro_cycle_proxy,false,true,2026-06-25T05:22:11.730520Z
2023-12-12,JP,97.67789,0.232211,authorized_macro_cycle_proxy,false,true,2026-06-25T05:22:11.730520Z
2023-12-12,EURO_AREA,97.67789,0.232211,authorized_macro_cycle_proxy,false,true,2026-06-25T05:22:11.730520Z
2023-12-13,CN,97.668679,0.233132,authorized_macro_cycle_proxy,false,true,2026-06-25T05:22:11.730520Z
2023-12-13,US,97.668679,0.233132,authorized_macro_cycle_proxy,false,true,2026-06-25T05:22:11.730520Z
2023-12-13,OECD_TOTAL,97.668679,0.233132,authorized_macro_cycle_proxy,false,true,2026-06-25T05:22:11.730520Z
2023-12-13,G20,97.668679,0.233132,authorized_macro_cycle_proxy,false,true,2026-06-25T05:22:11.730520Z
2023-12-13,JP,97.668679,0.233132,authorized_macro_cycle_proxy,false,true,2026-06-25T05:22:11.730520Z
2023-12-13,EURO_AREA,97.668679,0.233132,authorized_macro_cycle_proxy,false,true,2026-06-25T05:22:11.730520Z
2023-12-14,CN,97.628761,0.237124,authorized_macro_cycle_proxy,false,true,2026-06-25T05:22:11.730520Z
2023-12-14,US,97.628761,0.237124,authorized_macro_cycle_proxy,false,true,2026-06-25T05:22:11.730520Z
2023-12-14,OECD_TOTAL,97.628761,0.237124,authorized_macro_cycle_proxy,false,true,2026-06-25T05:22:11.730520Z
2023-12-14,G20,97.628761,0.237124,authorized_macro_cycle_proxy,false,true,2026-06-25T05:22:11.730520Z
2023-12-14,JP,97.628761,0.237124,authorized_macro_cycle_proxy,false,true,2026-06-25T05:22:11.730520Z
2023-12-14,EURO_AREA,97.628761,0.237124,authorized_macro_cycle_proxy,false,true,2026-06-25T05:22:11.730520Z
2023-12-15,CN,97.791577,0.220842,authorized_macro_cycle_proxy,false,true,2026-06-25T05:22:11.730520Z
2023-12-15,US,97.791577,0.220842,authorized_macro_cycle_proxy,false,true,2026-06-25T05:22:11.730520Z
2023-12-15,OECD_TOTAL,97.791577,0.220842,authorized_macro_cycle_proxy,false,true,2026-06-25T05:22:11.730520Z
2023-12-15,G20,97.791577,0.220842,authorized_macro_cycle_proxy,false,true,2026-06-25T05:22:11.730520Z
2023-12-15,JP,97.791577,0.220842,authorized_macro_cycle_proxy,false,true,2026-06-25T05:22:11.730520Z
2023-12-15,EURO_AREA,97.791577,0.220842,authorized_macro_cycle_proxy,false,true,2026-06-25T05:22:11.730520Z
2023-12-18,CN,97.741616,0.225838,authorized_macro_cycle_proxy,false,true,2026-06-25T05:22:11.730520Z
2023-12-18,US,97.741616,0.225838,authorized_macro_cycle_proxy,false,true,2026-06-25T05:22:11.730520Z
2023-12-18,OECD_TOTAL,97.741616,0.225838,authorized_macro_cycle_proxy,false,true,2026-06-25T05:22:11.730520Z
2023-12-18,G20,97.741616,0.225838,authorized_macro_cycle_proxy,false,true,2026-06-25T05:22:11.730520Z
2023-12-18,JP,97.741616,0.225838,authorized_macro_cycle_proxy,false,true,2026-06-25T05:22:11.730520Z
2023-12-18,EURO_AREA,97.741616,0.225838,authorized_macro_cycle_proxy,false,true,2026-06-25T05:22:11.730520Z
2023-12-19,CN,97.656145,0.234386,authorized_macro_cycle_proxy,false,true,2026-06-25T05:22:11.730520Z
2023-12-19,US,97.656145,0.234386,authorized_macro_cycle_proxy,false,true,2026-06-25T05:22:11.730520Z
2023-12-19,OECD_TOTAL,97.656145,0.234386,authorized_macro_cycle_proxy,false,true,2026-06-25T05:22:11.730520Z
2023-12-19,G20,97.656145,0.234386,authorized_macro_cycle_proxy,false,true,2026-06-25T05:22:11.730520Z
2023-12-19,JP,97.656145,0.234386,authorized_macro_cycle_proxy,false,true,2026-06-25T05:22:11.730520Z
2023-12-19,EURO_AREA,97.656145,0.234386,authorized_macro_cycle_proxy,false,true,2026-06-25T05:22:11.730520Z
2023-12-20,CN,97.69095,0.230905,authorized_macro_cycle_proxy,false,true,2026-06-25T05:22:11.730520Z
2023-12-20,US,97.69095,0.230905,authorized_macro_cycle_proxy,false,true,2026-06-25T05:22:11.730520Z
2023-12-20,OECD_TOTAL,97.69095,0.230905,authorized_macro_cycle_proxy,false,true,2026-06-25T05:22:11.730520Z
2023-12-20,G20,97.69095,0.230905,authorized_macro_cycle_proxy,false,true,2026-06-25T05:22:11.730520Z
2023-12-20,JP,97.69095,0.230905,authorized_macro_cycle_proxy,false,true,2026-06-25T05:22:11.730520Z
2023-12-20,EURO_AREA,97.69095,0.230905,authorized_macro_cycle_proxy,false,true,2026-06-25T05:22:11.730520Z
2023-12-21,CN,97.691609,0.230839,authorized_macro_cycle_proxy,false,true,2026-06-25T05:22:11.730520Z
2023-12-21,US,97.691609,0.230839,authorized_macro_cycle_proxy,false,true,2026-06-25T05:22:11.730520Z
2023-12-21,OECD_TOTAL,97.691609,0.230839,authorized_macro_cycle_proxy,false,true,2026-06-25T05:22:11.730520Z
2023-12-21,G20,97.691609,0.230839,authorized_macro_cycle_proxy,false,true,2026-06-25T05:22:11.730520Z
2023-12-21,JP,97.691609,0.230839,authorized_macro_cycle_proxy,false,true,2026-06-25T05:22:11.730520Z
2023-12-21,EURO_AREA,97.691609,0.230839,authorized_macro_cycle_proxy,false,true,2026-06-25T05:22:11.730520Z
2023-12-22,CN,97.677412,0.232259,authorized_macro_cycle_proxy,false,true,2026-06-25T05:22:11.730520Z
2023-12-22,US,97.677412,0.232259,authorized_macro_cycle_proxy,false,true,2026-06-25T05:22:11.730520Z
2023-12-22,OECD_TOTAL,97.677412,0.232259,authorized_macro_cycle_proxy,false,true,2026-06-25T05:22:11.730520Z
2023-12-22,G20,97.677412,0.232259,authorized_macro_cycle_proxy,false,true,2026-06-25T05:22:11.730520Z
2023-12-22,JP,97.677412,0.232259,authorized_macro_cycle_proxy,false,true,2026-06-25T05:22:11.730520Z
2023-12-22,EURO_AREA,97.677412,0.232259,authorized_macro_cycle_proxy,false,true,2026-06-25T05:22:11.730520Z
2023-12-25,CN,97.78743,0.221257,authorized_macro_cycle_proxy,false,true,2026-06-25T05:22:11.730520Z
2023-12-25,US,97.78743,0.221257,authorized_macro_cycle_proxy,false,true,2026-06-25T05:22:11.730520Z
2023-12-25,OECD_TOTAL,97.78743,0.221257,authorized_macro_cycle_proxy,false,true,2026-06-25T05:22:11.730520Z
2023-12-25,G20,97.78743,0.221257,authorized_macro_cycle_proxy,false,true,2026-06-25T05:22:11.730520Z
2023-12-25,JP,97.78743,0.221257,authorized_macro_cycle_proxy,false,true,2026-06-25T05:22:11.730520Z
2023-12-25,EURO_AREA,97.78743,0.221257,authorized_macro_cycle_proxy,false,true,2026-06-25T05:22:11.730520Z
2023-12-26,CN,97.689179,0.231082,authorized_macro_cycle_proxy,false,true,2026-06-25T05:22:11.730520Z
2023-12-26,US,97.689179,0.231082,authorized_macro_cycle_proxy,false,true,2026-06-25T05:22:11.730520Z
2023-12-26,OECD_TOTAL,97.689179,0.231082,authorized_macro_cycle_proxy,false,true,2026-06-25T05:22:11.730520Z
2023-12-26,G20,97.689179,0.231082,authorized_macro_cycle_proxy,false,true,2026-06-25T05:22:11.730520Z
2023-12-26,JP,97.689179,0.231082,authorized_macro_cycle_proxy,false,true,2026-06-25T05:22:11.730520Z
2023-12-26,EURO_AREA,97.689179,0.231082,authorized_macro_cycle_proxy,false,true,2026-06-25T05:22:11.730520Z
2023-12-27,CN,97.76717,0.223283,authorized_macro_cycle_proxy,false,true,2026-06-25T05:22:11.730520Z
2023-12-27,US,97.76717,0.223283,authorized_macro_cycle_proxy,false,true,2026-06-25T05:22:11.730520Z
2023-12-27,OECD_TOTAL,97.76717,0.223283,authorized_macro_cycle_proxy,false,true,2026-06-25T05:22:11.730520Z
2023-12-27,G20,97.76717,0.223283,authorized_macro_cycle_proxy,false,true,2026-06-25T05:22:11.730520Z
2023-12-27,JP,97.76717,0.223283,authorized_macro_cycle_proxy,false,true,2026-06-25T05:22:11.730520Z
2023-12-27,EURO_AREA,97.76717,0.223283,authorized_macro_cycle_proxy,false,true,2026-06-25T05:22:11.730520Z
2023-12-28,CN,97.927371,0.207263,authorized_macro_cycle_proxy,false,true,2026-06-25T05:22:11.730520Z
2023-12-28,US,97.927371,0.207263,authorized_macro_cycle_proxy,false,true,2026-06-25T05:22:11.730520Z
2023-12-28,OECD_TOTAL,97.927371,0.207263,authorized_macro_cycle_proxy,false,true,2026-06-25T05:22:11.730520Z
2023-12-28,G20,97.927371,0.207263,authorized_macro_cycle_proxy,false,true,2026-06-25T05:22:11.730520Z
2023-12-28,JP,97.927371,0.207263,authorized_macro_cycle_proxy,false,true,2026-06-25T05:22:11.730520Z
2023-12-28,EURO_AREA,97.927371,0.207263,authorized_macro_cycle_proxy,false,true,2026-06-25T05:22:11.730520Z
2023-12-29,CN,97.974829,0.202517,authorized_macro_cycle_proxy,false,true,2026-06-25T05:22:11.730520Z
2023-12-29,US,97.974829,0.202517,authorized_macro_cycle_proxy,false,true,2026-06-25T05:22:11.730520Z
2023-12-29,OECD_TOTAL,97.974829,0.202517,authorized_macro_cycle_proxy,false,true,2026-06-25T05:22:11.730520Z
2023-12-29,G20,97.974829,0.202517,authorized_macro_cycle_proxy,false,true,2026-06-25T05:22:11.730520Z
2023-12-29,JP,97.974829,0.202517,authorized_macro_cycle_proxy,false,true,2026-06-25T05:22:11.730520Z
2023-12-29,EURO_AREA,97.974829,0.202517,authorized_macro_cycle_proxy,false,true,2026-06-25T05:22:11.730520Z
2024-01-02,CN,97.969101,0.20309,authorized_macro_cycle_proxy,false,true,2026-06-25T05:22:11.730520Z
2024-01-02,US,97.969101,0.20309,authorized_macro_cycle_proxy,false,true,2026-06-25T05:22:11.730520Z
2024-01-02,OECD_TOTAL,97.969101,0.20309,authorized_macro_cycle_proxy,false,true,2026-06-25T05:22:11.730520Z
2024-01-02,G20,97.969101,0.20309,authorized_macro_cycle_proxy,false,true,2026-06-25T05:22:11.730520Z
2024-01-02,JP,97.969101,0.20309,authorized_macro_cycle_proxy,false,true,2026-06-25T05:22:11.730520Z
2024-01-02,EURO_AREA,97.969101,0.20309,authorized_macro_cycle_proxy,false,true,2026-06-25T05:22:11.730520Z
2024-01-03,CN,97.930922,0.206908,authorized_macro_cycle_proxy,false,true,2026-06-25T05:22:11.730520Z
2024-01-03,US,97.930922,0.206908,authorized_macro_cycle_proxy,false,true,2026-06-25T05:22:11.730520Z
2024-01-03,OECD_TOTAL,97.930922,0.206908,authorized_macro_cycle_proxy,false,true,2026-06-25T05:22:11.730520Z
2024-01-03,G20,97.930922,0.206908,authorized_macro_cycle_proxy,false,true,2026-06-25T05:22:11.730520Z
2024-01-03,JP,97.930922,0.206908,authorized_macro_cycle_proxy,false,true,2026-06-25T05:22:11.730520Z
2024-01-03,EURO_AREA,97.930922,0.206908,authorized_macro_cycle_proxy,false,true,2026-06-25T05:22:11.730520Z
2024-01-04,CN,97.932071,0.206793,authorized_macro_cycle_proxy,false,true,2026-06-25T05:22:11.730520Z
2024-01-04,US,97.932071,0.206793,authorized_macro_cycle_proxy,false,true,2026-06-25T05:22:11.730520Z
2024-01-04,OECD_TOTAL,97.932071,0.206793,authorized_macro_cycle_proxy,false,true,2026-06-25T05:22:11.730520Z
2024-01-04,G20,97.932071,0.206793,authorized_macro_cycle_proxy,false,true,2026-06-25T05:22:11.730520Z
2024-01-04,JP,97.932071,0.206793,authorized_macro_cycle_proxy,false,true,2026-06-25T05:22:11.730520Z
2024-01-04,EURO_AREA,97.932071,0.206793,authorized_macro_cycle_proxy,false,true,2026-06-25T05:22:11.730520Z
2024-01-05,CN,97.827265,0.217274,authorized_macro_cycle_proxy,false,true,2026-06-25T05:22:11.730520Z
2024-01-05,US,97.827265,0.217274,authorized_macro_cycle_proxy,false,true,2026-06-25T05:22:11.730520Z
2024-01-05,OECD_TOTAL,97.827265,0.217274,authorized_macro_cycle_proxy,false,true,2026-06-25T05:22:11.730520Z
2024-01-05,G20,97.827265,0.217274,authorized_macro_cycle_proxy,false,true,2026-06-25T05:22:11.730520Z
2024-01-05,JP,97.827265,0.217274,authorized_macro_cycle_proxy,false,true,2026-06-25T05:22:11.730520Z
2024-01-05,EURO_AREA,97.827265,0.217274,authorized_macro_cycle_proxy,false,true,2026-06-25T05:22:11.730520Z
2024-01-08,CN,97.887969,0.211203,authorized_macro_cycle_proxy,false,true,2026-06-25T05:22:11.730520Z
2024-01-08,US,97.887969,0.211203,authorized_macro_cycle_proxy,false,true,2026-06-25T05:22:11.730520Z
2024-01-08,OECD_TOTAL,97.887969,0.211203,authorized_macro_cycle_proxy,false,true,2026-06-25T05:22:11.730520Z
2024-01-08,G20,97.887969,0.211203,authorized_macro_cycle_proxy,false,true,2026-06-25T05:22:11.730520Z
2024-01-08,JP,97.887969,0.211203,authorized_macro_cycle_proxy,false,true,2026-06-25T05:22:11.730520Z
2024-01-08,EURO_AREA,97.887969,0.211203,authorized_macro_cycle_proxy,false,true,2026-06-25T05:22:11.730520Z
2024-01-09,CN,97.849127,0.215087,authorized_macro_cycle_proxy,false,true,2026-06-25T05:22:11.730520Z
2024-01-09,US,97.849127,0.215087,authorized_macro_cycle_proxy,false,true,2026-06-25T05:22:11.730520Z
2024-01-09,OECD_TOTAL,97.849127,0.215087,authorized_macro_cycle_proxy,false,true,2026-06-25T05:22:11.730520Z
2024-01-09,G20,97.849127,0.215087,authorized_macro_cycle_proxy,false,true,2026-06-25T05:22:11.730520Z
2024-01-09,JP,97.849127,0.215087,authorized_macro_cycle_proxy,false,true,2026-06-25T05:22:11.730520Z
2024-01-09,EURO_AREA,97.849127,0.215087,authorized_macro_cycle_proxy,false,true,2026-06-25T05:22:11.730520Z
2024-01-10,CN,97.802063,0.219794,authorized_macro_cycle_proxy,false,true,2026-06-25T05:22:11.730520Z
2024-01-10,US,97.802063,0.219794,authorized_macro_cycle_proxy,false,true,2026-06-25T05:22:11.730520Z
2024-01-10,OECD_TOTAL,97.802063,0.219794,authorized_macro_cycle_proxy,false,true,2026-06-25T05:22:11.730520Z
2024-01-10,G20,97.802063,0.219794,authorized_macro_cycle_proxy,false,true,2026-06-25T05:22:11.730520Z
2024-01-10,JP,97.802063,0.219794,authorized_macro_cycle_proxy,false,true,2026-06-25T05:22:11.730520Z
2024-01-10,EURO_AREA,97.802063,0.219794,authorized_macro_cycle_proxy,false,true,2026-06-25T05:22:11.730520Z
2024-01-11,CN,97.743731,0.225627,authorized_macro_cycle_proxy,false,true,2026-06-25T05:22:11.730520Z
2024-01-11,US,97.743731,0.225627,authorized_macro_cycle_proxy,false,true,2026-06-25T05:22:11.730520Z
2024-01-11,OECD_TOTAL,97.743731,0.225627,authorized_macro_cycle_proxy,false,true,2026-06-25T05:22:11.730520Z
2024-01-11,G20,97.743731,0.225627,authorized_macro_cycle_proxy,false,true,2026-06-25T05:22:11.730520Z
2024-01-11,JP,97.743731,0.225627,authorized_macro_cycle_proxy,false,true,2026-06-25T05:22:11.730520Z
2024-01-11,EURO_AREA,97.743731,0.225627,authorized_macro_cycle_proxy,false,true,2026-06-25T05:22:11.730520Z
2024-01-12,CN,97.885308,0.211469,authorized_macro_cycle_proxy,false,true,2026-06-25T05:22:11.730520Z
2024-01-12,US,97.885308,0.211469,authorized_macro_cycle_proxy,false,true,2026-06-25T05:22:11.730520Z
2024-01-12,OECD_TOTAL,97.885308,0.211469,authorized_macro_cycle_proxy,false,true,2026-06-25T05:22:11.730520Z
2024-01-12,G20,97.885308,0.211469,authorized_macro_cycle_proxy,false,true,2026-06-25T05:22:11.730520Z
2024-01-12,JP,97.885308,0.211469,authorized_macro_cycle_proxy,false,true,2026-06-25T05:22:11.730520Z
2024-01-12,EURO_AREA,97.885308,0.211469,authorized_macro_cycle_proxy,false,true,2026-06-25T05:22:11.730520Z
2024-01-15,CN,97.907165,0.209284,authorized_macro_cycle_proxy,false,true,2026-06-25T05:22:11.730520Z
2024-01-15,US,97.907165,0.209284,authorized_macro_cycle_proxy,false,true,2026-06-25T05:22:11.730520Z
2024-01-15,OECD_TOTAL,97.907165,0.209284,authorized_macro_cycle_proxy,false,true,2026-06-25T05:22:11.730520Z
2024-01-15,G20,97.907165,0.209284,authorized_macro_cycle_proxy,false,true,2026-06-25T05:22:11.730520Z
2024-01-15,JP,97.907165,0.209284,authorized_macro_cycle_proxy,false,true,2026-06-25T05:22:11.730520Z
2024-01-15,EURO_AREA,97.907165,0.209284,authorized_macro_cycle_proxy,false,true,2026-06-25T05:22:11.730520Z
2024-01-16,CN,97.900266,0.209973,authorized_macro_cycle_proxy,false,true,2026-06-25T05:22:11.730520Z
2024-01-16,US,97.900266,0.209973,authorized_macro_cycle_proxy,false,true,2026-06-25T05:22:11.730520Z
2024-01-16,OECD_TOTAL,97.900266,0.209973,authorized_macro_cycle_proxy,false,true,2026-06-25T05:22:11.730520Z
2024-01-16,G20,97.900266,0.209973,authorized_macro_cycle_proxy,false,true,2026-06-25T05:22:11.730520Z
2024-01-16,JP,97.900266,0.209973,authorized_macro_cycle_proxy,false,true,2026-06-25T05:22:11.730520Z
2024-01-16,EURO_AREA,97.900266,0.209973,authorized_macro_cycle_proxy,false,true,2026-06-25T05:22:11.730520Z
2024-01-17,CN,97.77168,0.222832,authorized_macro_cycle_proxy,false,true,2026-06-25T05:22:11.730520Z
2024-01-17,US,97.77168,0.222832,authorized_macro_cycle_proxy,false,true,2026-06-25T05:22:11.730520Z
2024-01-17,OECD_TOTAL,97.77168,0.222832,authorized_macro_cycle_proxy,false,true,2026-06-25T05:22:11.730520Z
2024-01-17,G20,97.77168,0.222832,authorized_macro_cycle_proxy,false,true,2026-06-25T05:22:11.730520Z
2024-01-17,JP,97.77168,0.222832,authorized_macro_cycle_proxy,false,true,2026-06-25T05:22:11.730520Z
2024-01-17,EURO_AREA,97.77168,0.222832,authorized_macro_cycle_proxy,false,true,2026-06-25T05:22:11.730520Z
2024-01-18,CN,97.778109,0.222189,authorized_macro_cycle_proxy,false,true,2026-06-25T05:22:11.730520Z
2024-01-18,US,97.778109,0.222189,authorized_macro_cycle_proxy,false,true,2026-06-25T05:22:11.730520Z
2024-01-18,OECD_TOTAL,97.778109,0.222189,authorized_macro_cycle_proxy,false,true,2026-06-25T05:22:11.730520Z
2024-01-18,G20,97.778109,0.222189,authorized_macro_cycle_proxy,false,true,2026-06-25T05:22:11.730520Z
2024-01-18,JP,97.778109,0.222189,authorized_macro_cycle_proxy,false,true,2026-06-25T05:22:11.730520Z
2024-01-18,EURO_AREA,97.778109,0.222189,authorized_macro_cycle_proxy,false,true,2026-06-25T05:22:11.730520Z
2024-01-19,CN,97.833064,0.216694,authorized_macro_cycle_proxy,false,true,2026-06-25T05:22:11.730520Z
2024-01-19,US,97.833064,0.216694,authorized_macro_cycle_proxy,false,true,2026-06-25T05:22:11.730520Z
2024-01-19,OECD_TOTAL,97.833064,0.216694,authorized_macro_cycle_proxy,false,true,2026-06-25T05:22:11.730520Z
2024-01-19,G20,97.833064,0.216694,authorized_macro_cycle_proxy,false,true,2026-06-25T05:22:11.730520Z
2024-01-19,JP,97.833064,0.216694,authorized_macro_cycle_proxy,false,true,2026-06-25T05:22:11.730520Z
2024-01-19,EURO_AREA,97.833064,0.216694,authorized_macro_cycle_proxy,false,true,2026-06-25T05:22:11.730520Z
2024-01-22,CN,97.717353,0.228265,authorized_macro_cycle_proxy,false,true,2026-06-25T05:22:11.730520Z
2024-01-22,US,97.717353,0.228265,authorized_macro_cycle_proxy,false,true,2026-06-25T05:22:11.730520Z
2024-01-22,OECD_TOTAL,97.717353,0.228265,authorized_macro_cycle_proxy,false,true,2026-06-25T05:22:11.730520Z
2024-01-22,G20,97.717353,0.228265,authorized_macro_cycle_proxy,false,true,2026-06-25T05:22:11.730520Z
2024-01-22,JP,97.717353,0.228265,authorized_macro_cycle_proxy,false,true,2026-06-25T05:22:11.730520Z
2024-01-22,EURO_AREA,97.717353,0.228265,authorized_macro_cycle_proxy,false,true,2026-06-25T05:22:11.730520Z
2024-01-23,CN,97.613207,0.238679,authorized_macro_cycle_proxy,false,true,2026-06-25T05:22:11.730520Z
2024-01-23,US,97.613207,0.238679,authorized_macro_cycle_proxy,false,true,2026-06-25T05:22:11.730520Z
2024-01-23,OECD_TOTAL,97.613207,0.238679,authorized_macro_cycle_proxy,false,true,2026-06-25T05:22:11.730520Z
2024-01-23,G20,97.613207,0.238679,authorized_macro_cycle_proxy,false,true,2026-06-25T05:22:11.730520Z
2024-01-23,JP,97.613207,0.238679,authorized_macro_cycle_proxy,false,true,2026-06-25T05:22:11.730520Z
2024-01-23,EURO_AREA,97.613207,0.238679,authorized_macro_cycle_proxy,false,true,2026-06-25T05:22:11.730520Z
2024-01-24,CN,97.771085,0.222892,authorized_macro_cycle_proxy,false,true,2026-06-25T05:22:11.730520Z
2024-01-24,US,97.771085,0.222892,authorized_macro_cycle_proxy,false,true,2026-06-25T05:22:11.730520Z
2024-01-24,OECD_TOTAL,97.771085,0.222892,authorized_macro_cycle_proxy,false,true,2026-06-25T05:22:11.730520Z
2024-01-24,G20,97.771085,0.222892,authorized_macro_cycle_proxy,false,true,2026-06-25T05:22:11.730520Z
2024-01-24,JP,97.771085,0.222892,authorized_macro_cycle_proxy,false,true,2026-06-25T05:22:11.730520Z
2024-01-24,EURO_AREA,97.771085,0.222892,authorized_macro_cycle_proxy,false,true,2026-06-25T05:22:11.730520Z
2024-01-25,CN,97.8345,0.21655,authorized_macro_cycle_proxy,false,true,2026-06-25T05:22:11.730520Z
2024-01-25,US,97.8345,0.21655,authorized_macro_cycle_proxy,false,true,2026-06-25T05:22:11.730520Z
2024-01-25,OECD_TOTAL,97.8345,0.21655,authorized_macro_cycle_proxy,false,true,2026-06-25T05:22:11.730520Z
2024-01-25,G20,97.8345,0.21655,authorized_macro_cycle_proxy,false,true,2026-06-25T05:22:11.730520Z
2024-01-25,JP,97.8345,0.21655,authorized_macro_cycle_proxy,false,true,2026-06-25T05:22:11.730520Z
2024-01-25,EURO_AREA,97.8345,0.21655,authorized_macro_cycle_proxy,false,true,2026-06-25T05:22:11.730520Z
2024-01-26,CN,97.804271,0.219573,authorized_macro_cycle_proxy,false,true,2026-06-25T05:22:11.730520Z
2024-01-26,US,97.804271,0.219573,authorized_macro_cycle_proxy,false,true,2026-06-25T05:22:11.730520Z
2024-01-26,OECD_TOTAL,97.804271,0.219573,authorized_macro_cycle_proxy,false,true,2026-06-25T05:22:11.730520Z
2024-01-26,G20,97.804271,0.219573,authorized_macro_cycle_proxy,false,true,2026-06-25T05:22:11.730520Z
2024-01-26,JP,97.804271,0.219573,authorized_macro_cycle_proxy,false,true,2026-06-25T05:22:11.730520Z
2024-01-26,EURO_AREA,97.804271,0.219573,authorized_macro_cycle_proxy,false,true,2026-06-25T05:22:11.730520Z
2024-01-29,CN,97.715946,0.228405,authorized_macro_cycle_proxy,false,true,2026-06-25T05:22:11.730520Z
2024-01-29,US,97.715946,0.228405,authorized_macro_cycle_proxy,false,true,2026-06-25T05:22:11.730520Z
2024-01-29,OECD_TOTAL,97.715946,0.228405,authorized_macro_cycle_proxy,false,true,2026-06-25T05:22:11.730520Z
2024-01-29,G20,97.715946,0.228405,authorized_macro_cycle_proxy,false,true,2026-06-25T05:22:11.730520Z
2024-01-29,JP,97.715946,0.228405,authorized_macro_cycle_proxy,false,true,2026-06-25T05:22:11.730520Z
2024-01-29,EURO_AREA,97.715946,0.228405,authorized_macro_cycle_proxy,false,true,2026-06-25T05:22:11.730520Z
2024-01-30,CN,97.613982,0.238602,authorized_macro_cycle_proxy,false,true,2026-06-25T05:22:11.730520Z
2024-01-30,US,97.613982,0.238602,authorized_macro_cycle_proxy,false,true,2026-06-25T05:22:11.730520Z
2024-01-30,OECD_TOTAL,97.613982,0.238602,authorized_macro_cycle_proxy,false,true,2026-06-25T05:22:11.730520Z
2024-01-30,G20,97.613982,0.238602,authorized_macro_cycle_proxy,false,true,2026-06-25T05:22:11.730520Z
2024-01-30,JP,97.613982,0.238602,authorized_macro_cycle_proxy,false,true,2026-06-25T05:22:11.730520Z
2024-01-30,EURO_AREA,97.613982,0.238602,authorized_macro_cycle_proxy,false,true,2026-06-25T05:22:11.730520Z
2024-01-31,CN,97.706996,0.2293,authorized_macro_cycle_proxy,false,true,2026-06-25T05:22:11.730520Z
2024-01-31,US,97.706996,0.2293,authorized_macro_cycle_proxy,false,true,2026-06-25T05:22:11.730520Z
2024-01-31,OECD_TOTAL,97.706996,0.2293,authorized_macro_cycle_proxy,false,true,2026-06-25T05:22:11.730520Z
2024-01-31,G20,97.706996,0.2293,authorized_macro_cycle_proxy,false,true,2026-06-25T05:22:11.730520Z
2024-01-31,JP,97.706996,0.2293,authorized_macro_cycle_proxy,false,true,2026-06-25T05:22:11.730520Z
2024-01-31,EURO_AREA,97.706996,0.2293,authorized_macro_cycle_proxy,false,true,2026-06-25T05:22:11.730520Z
2024-02-01,CN,97.807571,0.219243,authorized_macro_cycle_proxy,false,true,2026-06-25T05:22:11.730520Z
2024-02-01,US,97.807571,0.219243,authorized_macro_cycle_proxy,false,true,2026-06-25T05:22:11.730520Z
2024-02-01,OECD_TOTAL,97.807571,0.219243,authorized_macro_cycle_proxy,false,true,2026-06-25T05:22:11.730520Z
2024-02-01,G20,97.807571,0.219243,authorized_macro_cycle_proxy,false,true,2026-06-25T05:22:11.730520Z
2024-02-01,JP,97.807571,0.219243,authorized_macro_cycle_proxy,false,true,2026-06-25T05:22:11.730520Z
2024-02-01,EURO_AREA,97.807571,0.219243,authorized_macro_cycle_proxy,false,true,2026-06-25T05:22:11.730520Z
2024-02-02,CN,97.759641,0.224036,authorized_macro_cycle_proxy,false,true,2026-06-25T05:22:11.730520Z
2024-02-02,US,97.759641,0.224036,authorized_macro_cycle_proxy,false,true,2026-06-25T05:22:11.730520Z
2024-02-02,OECD_TOTAL,97.759641,0.224036,authorized_macro_cycle_proxy,false,true,2026-06-25T05:22:11.730520Z
2024-02-02,G20,97.759641,0.224036,authorized_macro_cycle_proxy,false,true,2026-06-25T05:22:11.730520Z
2024-02-02,JP,97.759641,0.224036,authorized_macro_cycle_proxy,false,true,2026-06-25T05:22:11.730520Z
2024-02-02,EURO_AREA,97.759641,0.224036,authorized_macro_cycle_proxy,false,true,2026-06-25T05:22:11.730520Z
2024-02-05,CN,97.704441,0.229556,authorized_macro_cycle_proxy,false,true,2026-06-25T05:22:11.730520Z
2024-02-05,US,97.704441,0.229556,authorized_macro_cycle_proxy,false,true,2026-06-25T05:22:11.730520Z
2024-02-05,OECD_TOTAL,97.704441,0.229556,authorized_macro_cycle_proxy,false,true,2026-06-25T05:22:11.730520Z
2024-02-05,G20,97.704441,0.229556,authorized_macro_cycle_proxy,false,true,2026-06-25T05:22:11.730520Z
2024-02-05,JP,97.704441,0.229556,authorized_macro_cycle_proxy,false,true,2026-06-25T05:22:11.730520Z
2024-02-05,EURO_AREA,97.704441,0.229556,authorized_macro_cycle_proxy,false,true,2026-06-25T05:22:11.730520Z
2024-02-06,CN,97.909161,0.209084,authorized_macro_cycle_proxy,false,true,2026-06-25T05:22:11.730520Z
2024-02-06,US,97.909161,0.209084,authorized_macro_cycle_proxy,false,true,2026-06-25T05:22:11.730520Z
2024-02-06,OECD_TOTAL,97.909161,0.209084,authorized_macro_cycle_proxy,false,true,2026-06-25T05:22:11.730520Z
2024-02-06,G20,97.909161,0.209084,authorized_macro_cycle_proxy,false,true,2026-06-25T05:22:11.730520Z
2024-02-06,JP,97.909161,0.209084,authorized_macro_cycle_proxy,false,true,2026-06-25T05:22:11.730520Z
2024-02-06,EURO_AREA,97.909161,0.209084,authorized_macro_cycle_proxy,false,true,2026-06-25T05:22:11.730520Z
2024-02-07,CN,97.897875,0.210213,authorized_macro_cycle_proxy,false,true,2026-06-25T05:22:11.730520Z
2024-02-07,US,97.897875,0.210213,authorized_macro_cycle_proxy,false,true,2026-06-25T05:22:11.730520Z
2024-02-07,OECD_TOTAL,97.897875,0.210213,authorized_macro_cycle_proxy,false,true,2026-06-25T05:22:11.730520Z
2024-02-07,G20,97.897875,0.210213,authorized_macro_cycle_proxy,false,true,2026-06-25T05:22:11.730520Z
2024-02-07,JP,97.897875,0.210213,authorized_macro_cycle_proxy,false,true,2026-06-25T05:22:11.730520Z
2024-02-07,EURO_AREA,97.897875,0.210213,authorized_macro_cycle_proxy,false,true,2026-06-25T05:22:11.730520Z
2024-02-08,CN,97.816054,0.218395,authorized_macro_cycle_proxy,false,true,2026-06-25T05:22:11.730520Z
2024-02-08,US,97.816054,0.218395,authorized_macro_cycle_proxy,false,true,2026-06-25T05:22:11.730520Z
2024-02-08,OECD_TOTAL,97.816054,0.218395,authorized_macro_cycle_proxy,false,true,2026-06-25T05:22:11.730520Z
2024-02-08,G20,97.816054,0.218395,authorized_macro_cycle_proxy,false,true,2026-06-25T05:22:11.730520Z
2024-02-08,JP,97.816054,0.218395,authorized_macro_cycle_proxy,false,true,2026-06-25T05:22:11.730520Z
2024-02-08,EURO_AREA,97.816054,0.218395,authorized_macro_cycle_proxy,false,true,2026-06-25T05:22:11.730520Z
2024-02-19,CN,97.668036,0.233196,authorized_macro_cycle_proxy,false,true,2026-06-25T05:22:11.730520Z
2024-02-19,US,97.668036,0.233196,authorized_macro_cycle_proxy,false,true,2026-06-25T05:22:11.730520Z
2024-02-19,OECD_TOTAL,97.668036,0.233196,authorized_macro_cycle_proxy,false,true,2026-06-25T05:22:11.730520Z
2024-02-19,G20,97.668036,0.233196,authorized_macro_cycle_proxy,false,true,2026-06-25T05:22:11.730520Z
2024-02-19,JP,97.668036,0.233196,authorized_macro_cycle_proxy,false,true,2026-06-25T05:22:11.730520Z
2024-02-19,EURO_AREA,97.668036,0.233196,authorized_macro_cycle_proxy,false,true,2026-06-25T05:22:11.730520Z
2024-02-20,CN,97.542629,0.245737,authorized_macro_cycle_proxy,false,true,2026-06-25T05:22:11.730520Z
2024-02-20,US,97.542629,0.245737,authorized_macro_cycle_proxy,false,true,2026-06-25T05:22:11.730520Z
2024-02-20,OECD_TOTAL,97.542629,0.245737,authorized_macro_cycle_proxy,false,true,2026-06-25T05:22:11.730520Z
2024-02-20,G20,97.542629,0.245737,authorized_macro_cycle_proxy,false,true,2026-06-25T05:22:11.730520Z
2024-02-20,JP,97.542629,0.245737,authorized_macro_cycle_proxy,false,true,2026-06-25T05:22:11.730520Z
2024-02-20,EURO_AREA,97.542629,0.245737,authorized_macro_cycle_proxy,false,true,2026-06-25T05:22:11.730520Z
2024-02-21,CN,97.543989,0.245601,authorized_macro_cycle_proxy,false,true,2026-06-25T05:22:11.730520Z
2024-02-21,US,97.543989,0.245601,authorized_macro_cycle_proxy,false,true,2026-06-25T05:22:11.730520Z
2024-02-21,OECD_TOTAL,97.543989,0.245601,authorized_macro_cycle_proxy,false,true,2026-06-25T05:22:11.730520Z
2024-02-21,G20,97.543989,0.245601,authorized_macro_cycle_proxy,false,true,2026-06-25T05:22:11.730520Z
2024-02-21,JP,97.543989,0.245601,authorized_macro_cycle_proxy,false,true,2026-06-25T05:22:11.730520Z
2024-02-21,EURO_AREA,97.543989,0.245601,authorized_macro_cycle_proxy,false,true,2026-06-25T05:22:11.730520Z
2024-02-22,CN,97.577589,0.242241,authorized_macro_cycle_proxy,false,true,2026-06-25T05:22:11.730520Z
2024-02-22,US,97.577589,0.242241,authorized_macro_cycle_proxy,false,true,2026-06-25T05:22:11.730520Z
2024-02-22,OECD_TOTAL,97.577589,0.242241,authorized_macro_cycle_proxy,false,true,2026-06-25T05:22:11.730520Z
2024-02-22,G20,97.577589,0.242241,authorized_macro_cycle_proxy,false,true,2026-06-25T05:22:11.730520Z
2024-02-22,JP,97.577589,0.242241,authorized_macro_cycle_proxy,false,true,2026-06-25T05:22:11.730520Z
2024-02-22,EURO_AREA,97.577589,0.242241,authorized_macro_cycle_proxy,false,true,2026-06-25T05:22:11.730520Z
2024-02-23,CN,97.650018,0.234998,authorized_macro_cycle_proxy,false,true,2026-06-25T05:22:11.730520Z
2024-02-23,US,97.650018,0.234998,authorized_macro_cycle_proxy,false,true,2026-06-25T05:22:11.730520Z
2024-02-23,OECD_TOTAL,97.650018,0.234998,authorized_macro_cycle_proxy,false,true,2026-06-25T05:22:11.730520Z
2024-02-23,G20,97.650018,0.234998,authorized_macro_cycle_proxy,false,true,2026-06-25T05:22:11.730520Z
2024-02-23,JP,97.650018,0.234998,authorized_macro_cycle_proxy,false,true,2026-06-25T05:22:11.730520Z
2024-02-23,EURO_AREA,97.650018,0.234998,authorized_macro_cycle_proxy,false,true,2026-06-25T05:22:11.730520Z
2024-02-26,CN,97.605786,0.239421,authorized_macro_cycle_proxy,false,true,2026-06-25T05:22:11.730520Z
2024-02-26,US,97.605786,0.239421,authorized_macro_cycle_proxy,false,true,2026-06-25T05:22:11.730520Z
2024-02-26,OECD_TOTAL,97.605786,0.239421,authorized_macro_cycle_proxy,false,true,2026-06-25T05:22:11.730520Z
2024-02-26,G20,97.605786,0.239421,authorized_macro_cycle_proxy,false,true,2026-06-25T05:22:11.730520Z
2024-02-26,JP,97.605786,0.239421,authorized_macro_cycle_proxy,false,true,2026-06-25T05:22:11.730520Z
2024-02-26,EURO_AREA,97.605786,0.239421,authorized_macro_cycle_proxy,false,true,2026-06-25T05:22:11.730520Z
2024-02-27,CN,97.567768,0.243223,authorized_macro_cycle_proxy,false,true,2026-06-25T05:22:11.730520Z
2024-02-27,US,97.567768,0.243223,authorized_macro_cycle_proxy,false,true,2026-06-25T05:22:11.730520Z
2024-02-27,OECD_TOTAL,97.567768,0.243223,authorized_macro_cycle_proxy,false,true,2026-06-25T05:22:11.730520Z
2024-02-27,G20,97.567768,0.243223,authorized_macro_cycle_proxy,false,true,2026-06-25T05:22:11.730520Z
2024-02-27,JP,97.567768,0.243223,authorized_macro_cycle_proxy,false,true,2026-06-25T05:22:11.730520Z
2024-02-27,EURO_AREA,97.567768,0.243223,authorized_macro_cycle_proxy,false,true,2026-06-25T05:22:11.730520Z
2024-02-28,CN,97.593964,0.240604,authorized_macro_cycle_proxy,false,true,2026-06-25T05:22:11.730520Z
2024-02-28,US,97.593964,0.240604,authorized_macro_cycle_proxy,false,true,2026-06-25T05:22:11.730520Z
2024-02-28,OECD_TOTAL,97.593964,0.240604,authorized_macro_cycle_proxy,false,true,2026-06-25T05:22:11.730520Z
2024-02-28,G20,97.593964,0.240604,authorized_macro_cycle_proxy,false,true,2026-06-25T05:22:11.730520Z
2024-02-28,JP,97.593964,0.240604,authorized_macro_cycle_proxy,false,true,2026-06-25T05:22:11.730520Z
2024-02-28,EURO_AREA,97.593964,0.240604,authorized_macro_cycle_proxy,false,true,2026-06-25T05:22:11.730520Z
2024-02-29,CN,97.612714,0.238729,authorized_macro_cycle_proxy,false,true,2026-06-25T05:22:11.730520Z
2024-02-29,US,97.612714,0.238729,authorized_macro_cycle_proxy,false,true,2026-06-25T05:22:11.730520Z
2024-02-29,OECD_TOTAL,97.612714,0.238729,authorized_macro_cycle_proxy,false,true,2026-06-25T05:22:11.730520Z
2024-02-29,G20,97.612714,0.238729,authorized_macro_cycle_proxy,false,true,2026-06-25T05:22:11.730520Z
2024-02-29,JP,97.612714,0.238729,authorized_macro_cycle_proxy,false,true,2026-06-25T05:22:11.730520Z
2024-02-29,EURO_AREA,97.612714,0.238729,authorized_macro_cycle_proxy,false,true,2026-06-25T05:22:11.730520Z
2024-03-01,CN,97.623071,0.237693,authorized_macro_cycle_proxy,false,true,2026-06-25T05:22:11.730520Z
2024-03-01,US,97.623071,0.237693,authorized_macro_cycle_proxy,false,true,2026-06-25T05:22:11.730520Z
2024-03-01,OECD_TOTAL,97.623071,0.237693,authorized_macro_cycle_proxy,false,true,2026-06-25T05:22:11.730520Z
2024-03-01,G20,97.623071,0.237693,authorized_macro_cycle_proxy,false,true,2026-06-25T05:22:11.730520Z
2024-03-01,JP,97.623071,0.237693,authorized_macro_cycle_proxy,false,true,2026-06-25T05:22:11.730520Z
2024-03-01,EURO_AREA,97.623071,0.237693,authorized_macro_cycle_proxy,false,true,2026-06-25T05:22:11.730520Z
2024-03-04,CN,97.619179,0.238082,authorized_macro_cycle_proxy,false,true,2026-06-25T05:22:11.730520Z
2024-03-04,US,97.619179,0.238082,authorized_macro_cycle_proxy,false,true,2026-06-25T05:22:11.730520Z
2024-03-04,OECD_TOTAL,97.619179,0.238082,authorized_macro_cycle_proxy,false,true,2026-06-25T05:22:11.730520Z
2024-03-04,G20,97.619179,0.238082,authorized_macro_cycle_proxy,false,true,2026-06-25T05:22:11.730520Z
2024-03-04,JP,97.619179,0.238082,authorized_macro_cycle_proxy,false,true,2026-06-25T05:22:11.730520Z
2024-03-04,EURO_AREA,97.619179,0.238082,authorized_macro_cycle_proxy,false,true,2026-06-25T05:22:11.730520Z
2024-03-05,CN,97.668946,0.233105,authorized_macro_cycle_proxy,false,true,2026-06-25T05:22:11.730520Z
2024-03-05,US,97.668946,0.233105,authorized_macro_cycle_proxy,false,true,2026-06-25T05:22:11.730520Z
2024-03-05,OECD_TOTAL,97.668946,0.233105,authorized_macro_cycle_proxy,false,true,2026-06-25T05:22:11.730520Z
2024-03-05,G20,97.668946,0.233105,authorized_macro_cycle_proxy,false,true,2026-06-25T05:22:11.730520Z
2024-03-05,JP,97.668946,0.233105,authorized_macro_cycle_proxy,false,true,2026-06-25T05:22:11.730520Z
2024-03-05,EURO_AREA,97.668946,0.233105,authorized_macro_cycle_proxy,false,true,2026-06-25T05:22:11.730520Z
2024-03-06,CN,97.668071,0.233193,authorized_macro_cycle_proxy,false,true,2026-06-25T05:22:11.730520Z
2024-03-06,US,97.668071,0.233193,authorized_macro_cycle_proxy,false,true,2026-06-25T05:22:11.730520Z
2024-03-06,OECD_TOTAL,97.668071,0.233193,authorized_macro_cycle_proxy,false,true,2026-06-25T05:22:11.730520Z
2024-03-06,G20,97.668071,0.233193,authorized_macro_cycle_proxy,false,true,2026-06-25T05:22:11.730520Z
2024-03-06,JP,97.668071,0.233193,authorized_macro_cycle_proxy,false,true,2026-06-25T05:22:11.730520Z
2024-03-06,EURO_AREA,97.668071,0.233193,authorized_macro_cycle_proxy,false,true,2026-06-25T05:22:11.730520Z
2024-03-07,CN,97.678482,0.232152,authorized_macro_cycle_proxy,false,true,2026-06-25T05:22:11.730520Z
2024-03-07,US,97.678482,0.232152,authorized_macro_cycle_proxy,false,true,2026-06-25T05:22:11.730520Z
2024-03-07,OECD_TOTAL,97.678482,0.232152,authorized_macro_cycle_proxy,false,true,2026-06-25T05:22:11.730520Z
2024-03-07,G20,97.678482,0.232152,authorized_macro_cycle_proxy,false,true,2026-06-25T05:22:11.730520Z
2024-03-07,JP,97.678482,0.232152,authorized_macro_cycle_proxy,false,true,2026-06-25T05:22:11.730520Z
2024-03-07,EURO_AREA,97.678482,0.232152,authorized_macro_cycle_proxy,false,true,2026-06-25T05:22:11.730520Z
2024-03-08,CN,97.704196,0.22958,authorized_macro_cycle_proxy,false,true,2026-06-25T05:22:11.730520Z
2024-03-08,US,97.704196,0.22958,authorized_macro_cycle_proxy,false,true,2026-06-25T05:22:11.730520Z
2024-03-08,OECD_TOTAL,97.704196,0.22958,authorized_macro_cycle_proxy,false,true,2026-06-25T05:22:11.730520Z
2024-03-08,G20,97.704196,0.22958,authorized_macro_cycle_proxy,false,true,2026-06-25T05:22:11.730520Z
2024-03-08,JP,97.704196,0.22958,authorized_macro_cycle_proxy,false,true,2026-06-25T05:22:11.730520Z
2024-03-08,EURO_AREA,97.704196,0.22958,authorized_macro_cycle_proxy,false,true,2026-06-25T05:22:11.730520Z
2024-03-11,CN,97.676485,0.232351,authorized_macro_cycle_proxy,false,true,2026-06-25T05:22:11.730520Z
2024-03-11,US,97.676485,0.232351,authorized_macro_cycle_proxy,false,true,2026-06-25T05:22:11.730520Z
2024-03-11,OECD_TOTAL,97.676485,0.232351,authorized_macro_cycle_proxy,false,true,2026-06-25T05:22:11.730520Z
2024-03-11,G20,97.676485,0.232351,authorized_macro_cycle_proxy,false,true,2026-06-25T05:22:11.730520Z
2024-03-11,JP,97.676485,0.232351,authorized_macro_cycle_proxy,false,true,2026-06-25T05:22:11.730520Z
2024-03-11,EURO_AREA,97.676485,0.232351,authorized_macro_cycle_proxy,false,true,2026-06-25T05:22:11.730520Z
2024-03-12,CN,97.691464,0.230854,authorized_macro_cycle_proxy,false,true,2026-06-25T05:22:11.730520Z
2024-03-12,US,97.691464,0.230854,authorized_macro_cycle_proxy,false,true,2026-06-25T05:22:11.730520Z
2024-03-12,OECD_TOTAL,97.691464,0.230854,authorized_macro_cycle_proxy,false,true,2026-06-25T05:22:11.730520Z
2024-03-12,G20,97.691464,0.230854,authorized_macro_cycle_proxy,false,true,2026-06-25T05:22:11.730520Z
2024-03-12,JP,97.691464,0.230854,authorized_macro_cycle_proxy,false,true,2026-06-25T05:22:11.730520Z
2024-03-12,EURO_AREA,97.691464,0.230854,authorized_macro_cycle_proxy,false,true,2026-06-25T05:22:11.730520Z
2024-03-13,CN,97.630178,0.236982,authorized_macro_cycle_proxy,false,true,2026-06-25T05:22:11.730520Z
2024-03-13,US,97.630178,0.236982,authorized_macro_cycle_proxy,false,true,2026-06-25T05:22:11.730520Z
2024-03-13,OECD_TOTAL,97.630178,0.236982,authorized_macro_cycle_proxy,false,true,2026-06-25T05:22:11.730520Z
2024-03-13,G20,97.630178,0.236982,authorized_macro_cycle_proxy,false,true,2026-06-25T05:22:11.730520Z
2024-03-13,JP,97.630178,0.236982,authorized_macro_cycle_proxy,false,true,2026-06-25T05:22:11.730520Z
2024-03-13,EURO_AREA,97.630178,0.236982,authorized_macro_cycle_proxy,false,true,2026-06-25T05:22:11.730520Z
2024-03-14,CN,97.537178,0.246282,authorized_macro_cycle_proxy,false,true,2026-06-25T05:22:11.730520Z
2024-03-14,US,97.537178,0.246282,authorized_macro_cycle_proxy,false,true,2026-06-25T05:22:11.730520Z
2024-03-14,OECD_TOTAL,97.537178,0.246282,authorized_macro_cycle_proxy,false,true,2026-06-25T05:22:11.730520Z
2024-03-14,G20,97.537178,0.246282,authorized_macro_cycle_proxy,false,true,2026-06-25T05:22:11.730520Z
2024-03-14,JP,97.537178,0.246282,authorized_macro_cycle_proxy,false,true,2026-06-25T05:22:11.730520Z
2024-03-14,EURO_AREA,97.537178,0.246282,authorized_macro_cycle_proxy,false,true,2026-06-25T05:22:11.730520Z
2024-03-15,CN,97.531893,0.246811,authorized_macro_cycle_proxy,false,true,2026-06-25T05:22:11.730520Z
2024-03-15,US,97.531893,0.246811,authorized_macro_cycle_proxy,false,true,2026-06-25T05:22:11.730520Z
2024-03-15,OECD_TOTAL,97.531893,0.246811,authorized_macro_cycle_proxy,false,true,2026-06-25T05:22:11.730520Z
2024-03-15,G20,97.531893,0.246811,authorized_macro_cycle_proxy,false,true,2026-06-25T05:22:11.730520Z
2024-03-15,JP,97.531893,0.246811,authorized_macro_cycle_proxy,false,true,2026-06-25T05:22:11.730520Z
2024-03-15,EURO_AREA,97.531893,0.246811,authorized_macro_cycle_proxy,false,true,2026-06-25T05:22:11.730520Z
2024-03-18,CN,97.474393,0.252561,authorized_macro_cycle_proxy,false,true,2026-06-25T05:22:11.730520Z
2024-03-18,US,97.474393,0.252561,authorized_macro_cycle_proxy,false,true,2026-06-25T05:22:11.730520Z
2024-03-18,OECD_TOTAL,97.474393,0.252561,authorized_macro_cycle_proxy,false,true,2026-06-25T05:22:11.730520Z
2024-03-18,G20,97.474393,0.252561,authorized_macro_cycle_proxy,false,true,2026-06-25T05:22:11.730520Z
2024-03-18,JP,97.474393,0.252561,authorized_macro_cycle_proxy,false,true,2026-06-25T05:22:11.730520Z
2024-03-18,EURO_AREA,97.474393,0.252561,authorized_macro_cycle_proxy,false,true,2026-06-25T05:22:11.730520Z
2024-03-19,CN,97.477072,0.252293,authorized_macro_cycle_proxy,false,true,2026-06-25T05:22:11.730520Z
2024-03-19,US,97.477072,0.252293,authorized_macro_cycle_proxy,false,true,2026-06-25T05:22:11.730520Z
2024-03-19,OECD_TOTAL,97.477072,0.252293,authorized_macro_cycle_proxy,false,true,2026-06-25T05:22:11.730520Z
2024-03-19,G20,97.477072,0.252293,authorized_macro_cycle_proxy,false,true,2026-06-25T05:22:11.730520Z
2024-03-19,JP,97.477072,0.252293,authorized_macro_cycle_proxy,false,true,2026-06-25T05:22:11.730520Z
2024-03-19,EURO_AREA,97.477072,0.252293,authorized_macro_cycle_proxy,false,true,2026-06-25T05:22:11.730520Z
2024-03-20,CN,97.526429,0.247357,authorized_macro_cycle_proxy,false,true,2026-06-25T05:22:11.730520Z
2024-03-20,US,97.526429,0.247357,authorized_macro_cycle_proxy,false,true,2026-06-25T05:22:11.730520Z
2024-03-20,OECD_TOTAL,97.526429,0.247357,authorized_macro_cycle_proxy,false,true,2026-06-25T05:22:11.730520Z
2024-03-20,G20,97.526429,0.247357,authorized_macro_cycle_proxy,false,true,2026-06-25T05:22:11.730520Z
2024-03-20,JP,97.526429,0.247357,authorized_macro_cycle_proxy,false,true,2026-06-25T05:22:11.730520Z
2024-03-20,EURO_AREA,97.526429,0.247357,authorized_macro_cycle_proxy,false,true,2026-06-25T05:22:11.730520Z
2024-03-21,CN,97.541,0.2459,authorized_macro_cycle_proxy,false,true,2026-06-25T05:22:11.730520Z
2024-03-21,US,97.541,0.2459,authorized_macro_cycle_proxy,false,true,2026-06-25T05:22:11.730520Z
2024-03-21,OECD_TOTAL,97.541,0.2459,authorized_macro_cycle_proxy,false,true,2026-06-25T05:22:11.730520Z
2024-03-21,G20,97.541,0.2459,authorized_macro_cycle_proxy,false,true,2026-06-25T05:22:11.730520Z
2024-03-21,JP,97.541,0.2459,authorized_macro_cycle_proxy,false,true,2026-06-25T05:22:11.730520Z
2024-03-21,EURO_AREA,97.541,0.2459,authorized_macro_cycle_proxy,false,true,2026-06-25T05:22:11.730520Z
2024-03-22,CN,97.576178,0.242382,authorized_macro_cycle_proxy,false,true,2026-06-25T05:22:11.730520Z
2024-03-22,US,97.576178,0.242382,authorized_macro_cycle_proxy,false,true,2026-06-25T05:22:11.730520Z
2024-03-22,OECD_TOTAL,97.576178,0.242382,authorized_macro_cycle_proxy,false,true,2026-06-25T05:22:11.730520Z
2024-03-22,G20,97.576178,0.242382,authorized_macro_cycle_proxy,false,true,2026-06-25T05:22:11.730520Z
2024-03-22,JP,97.576178,0.242382,authorized_macro_cycle_proxy,false,true,2026-06-25T05:22:11.730520Z
2024-03-22,EURO_AREA,97.576178,0.242382,authorized_macro_cycle_proxy,false,true,2026-06-25T05:22:11.730520Z
2024-03-25,CN,97.493018,0.250698,authorized_macro_cycle_proxy,false,true,2026-06-25T05:22:11.730520Z
2024-03-25,US,97.493018,0.250698,authorized_macro_cycle_proxy,false,true,2026-06-25T05:22:11.730520Z
2024-03-25,OECD_TOTAL,97.493018,0.250698,authorized_macro_cycle_proxy,false,true,2026-06-25T05:22:11.730520Z
2024-03-25,G20,97.493018,0.250698,authorized_macro_cycle_proxy,false,true,2026-06-25T05:22:11.730520Z
2024-03-25,JP,97.493018,0.250698,authorized_macro_cycle_proxy,false,true,2026-06-25T05:22:11.730520Z
2024-03-25,EURO_AREA,97.493018,0.250698,authorized_macro_cycle_proxy,false,true,2026-06-25T05:22:11.730520Z
2024-03-26,CN,97.534214,0.246579,authorized_macro_cycle_proxy,false,true,2026-06-25T05:22:11.730520Z
2024-03-26,US,97.534214,0.246579,authorized_macro_cycle_proxy,false,true,2026-06-25T05:22:11.730520Z
2024-03-26,OECD_TOTAL,97.534214,0.246579,authorized_macro_cycle_proxy,false,true,2026-06-25T05:22:11.730520Z
2024-03-26,G20,97.534214,0.246579,authorized_macro_cycle_proxy,false,true,2026-06-25T05:22:11.730520Z
2024-03-26,JP,97.534214,0.246579,authorized_macro_cycle_proxy,false,true,2026-06-25T05:22:11.730520Z
2024-03-26,EURO_AREA,97.534214,0.246579,authorized_macro_cycle_proxy,false,true,2026-06-25T05:22:11.730520Z
2024-03-27,CN,97.547375,0.245263,authorized_macro_cycle_proxy,false,true,2026-06-25T05:22:11.730520Z
2024-03-27,US,97.547375,0.245263,authorized_macro_cycle_proxy,false,true,2026-06-25T05:22:11.730520Z
2024-03-27,OECD_TOTAL,97.547375,0.245263,authorized_macro_cycle_proxy,false,true,2026-06-25T05:22:11.730520Z
2024-03-27,G20,97.547375,0.245263,authorized_macro_cycle_proxy,false,true,2026-06-25T05:22:11.730520Z
2024-03-27,JP,97.547375,0.245263,authorized_macro_cycle_proxy,false,true,2026-06-25T05:22:11.730520Z
2024-03-27,EURO_AREA,97.547375,0.245263,authorized_macro_cycle_proxy,false,true,2026-06-25T05:22:11.730520Z
2024-03-28,CN,97.49325,0.250675,authorized_macro_cycle_proxy,false,true,2026-06-25T05:22:11.730520Z
2024-03-28,US,97.49325,0.250675,authorized_macro_cycle_proxy,false,true,2026-06-25T05:22:11.730520Z
2024-03-28,OECD_TOTAL,97.49325,0.250675,authorized_macro_cycle_proxy,false,true,2026-06-25T05:22:11.730520Z
2024-03-28,G20,97.49325,0.250675,authorized_macro_cycle_proxy,false,true,2026-06-25T05:22:11.730520Z
2024-03-28,JP,97.49325,0.250675,authorized_macro_cycle_proxy,false,true,2026-06-25T05:22:11.730520Z
2024-03-28,EURO_AREA,97.49325,0.250675,authorized_macro_cycle_proxy,false,true,2026-06-25T05:22:11.730520Z
2024-03-29,CN,97.492375,0.250762,authorized_macro_cycle_proxy,false,true,2026-06-25T05:22:11.730520Z
2024-03-29,US,97.492375,0.250762,authorized_macro_cycle_proxy,false,true,2026-06-25T05:22:11.730520Z
2024-03-29,OECD_TOTAL,97.492375,0.250762,authorized_macro_cycle_proxy,false,true,2026-06-25T05:22:11.730520Z
2024-03-29,G20,97.492375,0.250762,authorized_macro_cycle_proxy,false,true,2026-06-25T05:22:11.730520Z
2024-03-29,JP,97.492375,0.250762,authorized_macro_cycle_proxy,false,true,2026-06-25T05:22:11.730520Z
2024-03-29,EURO_AREA,97.492375,0.250762,authorized_macro_cycle_proxy,false,true,2026-06-25T05:22:11.730520Z
2024-04-01,CN,97.415303,0.25847,authorized_macro_cycle_proxy,false,true,2026-06-25T05:22:11.730520Z
2024-04-01,US,97.415303,0.25847,authorized_macro_cycle_proxy,false,true,2026-06-25T05:22:11.730520Z
2024-04-01,OECD_TOTAL,97.415303,0.25847,authorized_macro_cycle_proxy,false,true,2026-06-25T05:22:11.730520Z
2024-04-01,G20,97.415303,0.25847,authorized_macro_cycle_proxy,false,true,2026-06-25T05:22:11.730520Z
2024-04-01,JP,97.415303,0.25847,authorized_macro_cycle_proxy,false,true,2026-06-25T05:22:11.730520Z
2024-04-01,EURO_AREA,97.415303,0.25847,authorized_macro_cycle_proxy,false,true,2026-06-25T05:22:11.730520Z
2024-04-02,CN,97.363072,0.263693,authorized_macro_cycle_proxy,false,true,2026-06-25T05:22:11.730520Z
2024-04-02,US,97.363072,0.263693,authorized_macro_cycle_proxy,false,true,2026-06-25T05:22:11.730520Z
2024-04-02,OECD_TOTAL,97.363072,0.263693,authorized_macro_cycle_proxy,false,true,2026-06-25T05:22:11.730520Z
2024-04-02,G20,97.363072,0.263693,authorized_macro_cycle_proxy,false,true,2026-06-25T05:22:11.730520Z
2024-04-02,JP,97.363072,0.263693,authorized_macro_cycle_proxy,false,true,2026-06-25T05:22:11.730520Z
2024-04-02,EURO_AREA,97.363072,0.263693,authorized_macro_cycle_proxy,false,true,2026-06-25T05:22:11.730520Z
2024-04-03,CN,97.359572,0.264043,authorized_macro_cycle_proxy,false,true,2026-06-25T05:22:11.730520Z
2024-04-03,US,97.359572,0.264043,authorized_macro_cycle_proxy,false,true,2026-06-25T05:22:11.730520Z
2024-04-03,OECD_TOTAL,97.359572,0.264043,authorized_macro_cycle_proxy,false,true,2026-06-25T05:22:11.730520Z
2024-04-03,G20,97.359572,0.264043,authorized_macro_cycle_proxy,false,true,2026-06-25T05:22:11.730520Z
2024-04-03,JP,97.359572,0.264043,authorized_macro_cycle_proxy,false,true,2026-06-25T05:22:11.730520Z
2024-04-03,EURO_AREA,97.359572,0.264043,authorized_macro_cycle_proxy,false,true,2026-06-25T05:22:11.730520Z
2024-04-08,CN,97.264365,0.273563,authorized_macro_cycle_proxy,false,true,2026-06-25T05:22:11.730520Z
2024-04-08,US,97.264365,0.273563,authorized_macro_cycle_proxy,false,true,2026-06-25T05:22:11.730520Z
2024-04-08,OECD_TOTAL,97.264365,0.273563,authorized_macro_cycle_proxy,false,true,2026-06-25T05:22:11.730520Z
2024-04-08,G20,97.264365,0.273563,authorized_macro_cycle_proxy,false,true,2026-06-25T05:22:11.730520Z
2024-04-08,JP,97.264365,0.273563,authorized_macro_cycle_proxy,false,true,2026-06-25T05:22:11.730520Z
2024-04-08,EURO_AREA,97.264365,0.273563,authorized_macro_cycle_proxy,false,true,2026-06-25T05:22:11.730520Z
2024-04-09,CN,97.362982,0.263702,authorized_macro_cycle_proxy,false,true,2026-06-25T05:22:11.730520Z
2024-04-09,US,97.362982,0.263702,authorized_macro_cycle_proxy,false,true,2026-06-25T05:22:11.730520Z
2024-04-09,OECD_TOTAL,97.362982,0.263702,authorized_macro_cycle_proxy,false,true,2026-06-25T05:22:11.730520Z
2024-04-09,G20,97.362982,0.263702,authorized_macro_cycle_proxy,false,true,2026-06-25T05:22:11.730520Z
2024-04-09,JP,97.362982,0.263702,authorized_macro_cycle_proxy,false,true,2026-06-25T05:22:11.730520Z
2024-04-09,EURO_AREA,97.362982,0.263702,authorized_macro_cycle_proxy,false,true,2026-06-25T05:22:11.730520Z
2024-04-10,CN,97.080951,0.291905,authorized_macro_cycle_proxy,false,true,2026-06-25T05:22:11.730520Z
2024-04-10,US,97.080951,0.291905,authorized_macro_cycle_proxy,false,true,2026-06-25T05:22:11.730520Z
2024-04-10,OECD_TOTAL,97.080951,0.291905,authorized_macro_cycle_proxy,false,true,2026-06-25T05:22:11.730520Z
2024-04-10,G20,97.080951,0.291905,authorized_macro_cycle_proxy,false,true,2026-06-25T05:22:11.730520Z
2024-04-10,JP,97.080951,0.291905,authorized_macro_cycle_proxy,false,true,2026-06-25T05:22:11.730520Z
2024-04-10,EURO_AREA,97.080951,0.291905,authorized_macro_cycle_proxy,false,true,2026-06-25T05:22:11.730520Z
2024-04-11,CN,97.149389,0.285061,authorized_macro_cycle_proxy,false,true,2026-06-25T05:22:11.730520Z
2024-04-11,US,97.149389,0.285061,authorized_macro_cycle_proxy,false,true,2026-06-25T05:22:11.730520Z
2024-04-11,OECD_TOTAL,97.149389,0.285061,authorized_macro_cycle_proxy,false,true,2026-06-25T05:22:11.730520Z
2024-04-11,G20,97.149389,0.285061,authorized_macro_cycle_proxy,false,true,2026-06-25T05:22:11.730520Z
2024-04-11,JP,97.149389,0.285061,authorized_macro_cycle_proxy,false,true,2026-06-25T05:22:11.730520Z
2024-04-11,EURO_AREA,97.149389,0.285061,authorized_macro_cycle_proxy,false,true,2026-06-25T05:22:11.730520Z
2024-04-12,CN,96.805199,0.31948,authorized_macro_cycle_proxy,false,true,2026-06-25T05:22:11.730520Z
2024-04-12,US,96.805199,0.31948,authorized_macro_cycle_proxy,false,true,2026-06-25T05:22:11.730520Z
2024-04-12,OECD_TOTAL,96.805199,0.31948,authorized_macro_cycle_proxy,false,true,2026-06-25T05:22:11.730520Z
2024-04-12,G20,96.805199,0.31948,authorized_macro_cycle_proxy,false,true,2026-06-25T05:22:11.730520Z
2024-04-12,JP,96.805199,0.31948,authorized_macro_cycle_proxy,false,true,2026-06-25T05:22:11.730520Z
2024-04-12,EURO_AREA,96.805199,0.31948,authorized_macro_cycle_proxy,false,true,2026-06-25T05:22:11.730520Z
2024-04-15,CN,96.598725,0.340128,authorized_macro_cycle_proxy,false,true,2026-06-25T05:22:11.730520Z
2024-04-15,US,96.598725,0.340128,authorized_macro_cycle_proxy,false,true,2026-06-25T05:22:11.730520Z
2024-04-15,OECD_TOTAL,96.598725,0.340128,authorized_macro_cycle_proxy,false,true,2026-06-25T05:22:11.730520Z
2024-04-15,G20,96.598725,0.340128,authorized_macro_cycle_proxy,false,true,2026-06-25T05:22:11.730520Z
2024-04-15,JP,96.598725,0.340128,authorized_macro_cycle_proxy,false,true,2026-06-25T05:22:11.730520Z
2024-04-15,EURO_AREA,96.598725,0.340128,authorized_macro_cycle_proxy,false,true,2026-06-25T05:22:11.730520Z
2024-04-16,CN,96.666257,0.333374,authorized_macro_cycle_proxy,false,true,2026-06-25T05:22:11.730520Z
2024-04-16,US,96.666257,0.333374,authorized_macro_cycle_proxy,false,true,2026-06-25T05:22:11.730520Z
2024-04-16,OECD_TOTAL,96.666257,0.333374,authorized_macro_cycle_proxy,false,true,2026-06-25T05:22:11.730520Z
2024-04-16,G20,96.666257,0.333374,authorized_macro_cycle_proxy,false,true,2026-06-25T05:22:11.730520Z
2024-04-16,JP,96.666257,0.333374,authorized_macro_cycle_proxy,false,true,2026-06-25T05:22:11.730520Z
2024-04-16,EURO_AREA,96.666257,0.333374,authorized_macro_cycle_proxy,false,true,2026-06-25T05:22:11.730520Z
2024-04-17,CN,96.84435,0.315565,authorized_macro_cycle_proxy,false,true,2026-06-25T05:22:11.730520Z
2024-04-17,US,96.84435,0.315565,authorized_macro_cycle_proxy,false,true,2026-06-25T05:22:11.730520Z
2024-04-17,OECD_TOTAL,96.84435,0.315565,authorized_macro_cycle_proxy,false,true,2026-06-25T05:22:11.730520Z
2024-04-17,G20,96.84435,0.315565,authorized_macro_cycle_proxy,false,true,2026-06-25T05:22:11.730520Z
2024-04-17,JP,96.84435,0.315565,authorized_macro_cycle_proxy,false,true,2026-06-25T05:22:11.730520Z
2024-04-17,EURO_AREA,96.84435,0.315565,authorized_macro_cycle_proxy,false,true,2026-06-25T05:22:11.730520Z
2024-04-18,CN,96.806432,0.319357,authorized_macro_cycle_proxy,false,true,2026-06-25T05:22:11.730520Z
2024-04-18,US,96.806432,0.319357,authorized_macro_cycle_proxy,false,true,2026-06-25T05:22:11.730520Z
2024-04-18,OECD_TOTAL,96.806432,0.319357,authorized_macro_cycle_proxy,false,true,2026-06-25T05:22:11.730520Z
2024-04-18,G20,96.806432,0.319357,authorized_macro_cycle_proxy,false,true,2026-06-25T05:22:11.730520Z
2024-04-18,JP,96.806432,0.319357,authorized_macro_cycle_proxy,false,true,2026-06-25T05:22:11.730520Z
2024-04-18,EURO_AREA,96.806432,0.319357,authorized_macro_cycle_proxy,false,true,2026-06-25T05:22:11.730520Z
2024-04-19,CN,96.711124,0.328888,authorized_macro_cycle_proxy,false,true,2026-06-25T05:22:11.730520Z
2024-04-19,US,96.711124,0.328888,authorized_macro_cycle_proxy,false,true,2026-06-25T05:22:11.730520Z
2024-04-19,OECD_TOTAL,96.711124,0.328888,authorized_macro_cycle_proxy,false,true,2026-06-25T05:22:11.730520Z
2024-04-19,G20,96.711124,0.328888,authorized_macro_cycle_proxy,false,true,2026-06-25T05:22:11.730520Z
2024-04-19,JP,96.711124,0.328888,authorized_macro_cycle_proxy,false,true,2026-06-25T05:22:11.730520Z
2024-04-19,EURO_AREA,96.711124,0.328888,authorized_macro_cycle_proxy,false,true,2026-06-25T05:22:11.730520Z
2024-04-22,CN,96.930755,0.306925,authorized_macro_cycle_proxy,false,true,2026-06-25T05:22:11.730520Z
2024-04-22,US,96.930755,0.306925,authorized_macro_cycle_proxy,false,true,2026-06-25T05:22:11.730520Z
2024-04-22,OECD_TOTAL,96.930755,0.306925,authorized_macro_cycle_proxy,false,true,2026-06-25T05:22:11.730520Z
2024-04-22,G20,96.930755,0.306925,authorized_macro_cycle_proxy,false,true,2026-06-25T05:22:11.730520Z
2024-04-22,JP,96.930755,0.306925,authorized_macro_cycle_proxy,false,true,2026-06-25T05:22:11.730520Z
2024-04-22,EURO_AREA,96.930755,0.306925,authorized_macro_cycle_proxy,false,true,2026-06-25T05:22:11.730520Z
2024-04-23,CN,97.079121,0.292088,authorized_macro_cycle_proxy,false,true,2026-06-25T05:22:11.730520Z
2024-04-23,US,97.079121,0.292088,authorized_macro_cycle_proxy,false,true,2026-06-25T05:22:11.730520Z
2024-04-23,OECD_TOTAL,97.079121,0.292088,authorized_macro_cycle_proxy,false,true,2026-06-25T05:22:11.730520Z
2024-04-23,G20,97.079121,0.292088,authorized_macro_cycle_proxy,false,true,2026-06-25T05:22:11.730520Z
2024-04-23,JP,97.079121,0.292088,authorized_macro_cycle_proxy,false,true,2026-06-25T05:22:11.730520Z
2024-04-23,EURO_AREA,97.079121,0.292088,authorized_macro_cycle_proxy,false,true,2026-06-25T05:22:11.730520Z
2024-04-24,CN,97.089486,0.291051,authorized_macro_cycle_proxy,false,true,2026-06-25T05:22:11.730520Z
2024-04-24,US,97.089486,0.291051,authorized_macro_cycle_proxy,false,true,2026-06-25T05:22:11.730520Z
2024-04-24,OECD_TOTAL,97.089486,0.291051,authorized_macro_cycle_proxy,false,true,2026-06-25T05:22:11.730520Z
2024-04-24,G20,97.089486,0.291051,authorized_macro_cycle_proxy,false,true,2026-06-25T05:22:11.730520Z
2024-04-24,JP,97.089486,0.291051,authorized_macro_cycle_proxy,false,true,2026-06-25T05:22:11.730520Z
2024-04-24,EURO_AREA,97.089486,0.291051,authorized_macro_cycle_proxy,false,true,2026-06-25T05:22:11.730520Z
2024-04-25,CN,97.166879,0.283312,authorized_macro_cycle_proxy,false,true,2026-06-25T05:22:11.730520Z
2024-04-25,US,97.166879,0.283312,authorized_macro_cycle_proxy,false,true,2026-06-25T05:22:11.730520Z
2024-04-25,OECD_TOTAL,97.166879,0.283312,authorized_macro_cycle_proxy,false,true,2026-06-25T05:22:11.730520Z
2024-04-25,G20,97.166879,0.283312,authorized_macro_cycle_proxy,false,true,2026-06-25T05:22:11.730520Z
2024-04-25,JP,97.166879,0.283312,authorized_macro_cycle_proxy,false,true,2026-06-25T05:22:11.730520Z
2024-04-25,EURO_AREA,97.166879,0.283312,authorized_macro_cycle_proxy,false,true,2026-06-25T05:22:11.730520Z
2024-04-26,CN,97.226979,0.277302,authorized_macro_cycle_proxy,false,true,2026-06-25T05:22:11.730520Z
2024-04-26,US,97.226979,0.277302,authorized_macro_cycle_proxy,false,true,2026-06-25T05:22:11.730520Z
2024-04-26,OECD_TOTAL,97.226979,0.277302,authorized_macro_cycle_proxy,false,true,2026-06-25T05:22:11.730520Z
2024-04-26,G20,97.226979,0.277302,authorized_macro_cycle_proxy,false,true,2026-06-25T05:22:11.730520Z
2024-04-26,JP,97.226979,0.277302,authorized_macro_cycle_proxy,false,true,2026-06-25T05:22:11.730520Z
2024-04-26,EURO_AREA,97.226979,0.277302,authorized_macro_cycle_proxy,false,true,2026-06-25T05:22:11.730520Z
2024-04-29,CN,97.285947,0.271405,authorized_macro_cycle_proxy,false,true,2026-06-25T05:22:11.730520Z
2024-04-29,US,97.285947,0.271405,authorized_macro_cycle_proxy,false,true,2026-06-25T05:22:11.730520Z
2024-04-29,OECD_TOTAL,97.285947,0.271405,authorized_macro_cycle_proxy,false,true,2026-06-25T05:22:11.730520Z
2024-04-29,G20,97.285947,0.271405,authorized_macro_cycle_proxy,false,true,2026-06-25T05:22:11.730520Z
2024-04-29,JP,97.285947,0.271405,authorized_macro_cycle_proxy,false,true,2026-06-25T05:22:11.730520Z
2024-04-29,EURO_AREA,97.285947,0.271405,authorized_macro_cycle_proxy,false,true,2026-06-25T05:22:11.730520Z
2024-04-30,CN,97.170197,0.28298,authorized_macro_cycle_proxy,false,true,2026-06-25T05:22:11.730520Z
2024-04-30,US,97.170197,0.28298,authorized_macro_cycle_proxy,false,true,2026-06-25T05:22:11.730520Z
2024-04-30,OECD_TOTAL,97.170197,0.28298,authorized_macro_cycle_proxy,false,true,2026-06-25T05:22:11.730520Z
2024-04-30,G20,97.170197,0.28298,authorized_macro_cycle_proxy,false,true,2026-06-25T05:22:11.730520Z
2024-04-30,JP,97.170197,0.28298,authorized_macro_cycle_proxy,false,true,2026-06-25T05:22:11.730520Z
2024-04-30,EURO_AREA,97.170197,0.28298,authorized_macro_cycle_proxy,false,true,2026-06-25T05:22:11.730520Z
2024-05-06,CN,97.4745,0.25255,authorized_macro_cycle_proxy,false,true,2026-06-25T05:22:11.730520Z
2024-05-06,US,97.4745,0.25255,authorized_macro_cycle_proxy,false,true,2026-06-25T05:22:11.730520Z
2024-05-06,OECD_TOTAL,97.4745,0.25255,authorized_macro_cycle_proxy,false,true,2026-06-25T05:22:11.730520Z
2024-05-06,G20,97.4745,0.25255,authorized_macro_cycle_proxy,false,true,2026-06-25T05:22:11.730520Z
2024-05-06,JP,97.4745,0.25255,authorized_macro_cycle_proxy,false,true,2026-06-25T05:22:11.730520Z
2024-05-06,EURO_AREA,97.4745,0.25255,authorized_macro_cycle_proxy,false,true,2026-06-25T05:22:11.730520Z
2024-05-07,CN,97.476643,0.252336,authorized_macro_cycle_proxy,false,true,2026-06-25T05:22:11.730520Z
2024-05-07,US,97.476643,0.252336,authorized_macro_cycle_proxy,false,true,2026-06-25T05:22:11.730520Z
2024-05-07,OECD_TOTAL,97.476643,0.252336,authorized_macro_cycle_proxy,false,true,2026-06-25T05:22:11.730520Z
2024-05-07,G20,97.476643,0.252336,authorized_macro_cycle_proxy,false,true,2026-06-25T05:22:11.730520Z
2024-05-07,JP,97.476643,0.252336,authorized_macro_cycle_proxy,false,true,2026-06-25T05:22:11.730520Z
2024-05-07,EURO_AREA,97.476643,0.252336,authorized_macro_cycle_proxy,false,true,2026-06-25T05:22:11.730520Z
2024-05-08,CN,97.442321,0.255768,authorized_macro_cycle_proxy,false,true,2026-06-25T05:22:11.730520Z
2024-05-08,US,97.442321,0.255768,authorized_macro_cycle_proxy,false,true,2026-06-25T05:22:11.730520Z
2024-05-08,OECD_TOTAL,97.442321,0.255768,authorized_macro_cycle_proxy,false,true,2026-06-25T05:22:11.730520Z
2024-05-08,G20,97.442321,0.255768,authorized_macro_cycle_proxy,false,true,2026-06-25T05:22:11.730520Z
2024-05-08,JP,97.442321,0.255768,authorized_macro_cycle_proxy,false,true,2026-06-25T05:22:11.730520Z
2024-05-08,EURO_AREA,97.442321,0.255768,authorized_macro_cycle_proxy,false,true,2026-06-25T05:22:11.730520Z
2024-05-09,CN,97.464411,0.253559,authorized_macro_cycle_proxy,false,true,2026-06-25T05:22:11.730520Z
2024-05-09,US,97.464411,0.253559,authorized_macro_cycle_proxy,false,true,2026-06-25T05:22:11.730520Z
2024-05-09,OECD_TOTAL,97.464411,0.253559,authorized_macro_cycle_proxy,false,true,2026-06-25T05:22:11.730520Z
2024-05-09,G20,97.464411,0.253559,authorized_macro_cycle_proxy,false,true,2026-06-25T05:22:11.730520Z
2024-05-09,JP,97.464411,0.253559,authorized_macro_cycle_proxy,false,true,2026-06-25T05:22:11.730520Z
2024-05-09,EURO_AREA,97.464411,0.253559,authorized_macro_cycle_proxy,false,true,2026-06-25T05:22:11.730520Z
2024-05-10,CN,97.458339,0.254166,authorized_macro_cycle_proxy,false,true,2026-06-25T05:22:11.730520Z
2024-05-10,US,97.458339,0.254166,authorized_macro_cycle_proxy,false,true,2026-06-25T05:22:11.730520Z
2024-05-10,OECD_TOTAL,97.458339,0.254166,authorized_macro_cycle_proxy,false,true,2026-06-25T05:22:11.730520Z
2024-05-10,G20,97.458339,0.254166,authorized_macro_cycle_proxy,false,true,2026-06-25T05:22:11.730520Z
2024-05-10,JP,97.458339,0.254166,authorized_macro_cycle_proxy,false,true,2026-06-25T05:22:11.730520Z
2024-05-10,EURO_AREA,97.458339,0.254166,authorized_macro_cycle_proxy,false,true,2026-06-25T05:22:11.730520Z
2024-05-13,CN,97.434411,0.256559,authorized_macro_cycle_proxy,false,true,2026-06-25T05:22:11.730520Z
2024-05-13,US,97.434411,0.256559,authorized_macro_cycle_proxy,false,true,2026-06-25T05:22:11.730520Z
2024-05-13,OECD_TOTAL,97.434411,0.256559,authorized_macro_cycle_proxy,false,true,2026-06-25T05:22:11.730520Z
2024-05-13,G20,97.434411,0.256559,authorized_macro_cycle_proxy,false,true,2026-06-25T05:22:11.730520Z
2024-05-13,JP,97.434411,0.256559,authorized_macro_cycle_proxy,false,true,2026-06-25T05:22:11.730520Z
2024-05-13,EURO_AREA,97.434411,0.256559,authorized_macro_cycle_proxy,false,true,2026-06-25T05:22:11.730520Z
2024-05-14,CN,97.475982,0.252402,authorized_macro_cycle_proxy,false,true,2026-06-25T05:22:11.730520Z
2024-05-14,US,97.475982,0.252402,authorized_macro_cycle_proxy,false,true,2026-06-25T05:22:11.730520Z
2024-05-14,OECD_TOTAL,97.475982,0.252402,authorized_macro_cycle_proxy,false,true,2026-06-25T05:22:11.730520Z
2024-05-14,G20,97.475982,0.252402,authorized_macro_cycle_proxy,false,true,2026-06-25T05:22:11.730520Z
2024-05-14,JP,97.475982,0.252402,authorized_macro_cycle_proxy,false,true,2026-06-25T05:22:11.730520Z
2024-05-14,EURO_AREA,97.475982,0.252402,authorized_macro_cycle_proxy,false,true,2026-06-25T05:22:11.730520Z
2024-05-15,CN,97.525661,0.247434,authorized_macro_cycle_proxy,false,true,2026-06-25T05:22:11.730520Z
2024-05-15,US,97.525661,0.247434,authorized_macro_cycle_proxy,false,true,2026-06-25T05:22:11.730520Z
2024-05-15,OECD_TOTAL,97.525661,0.247434,authorized_macro_cycle_proxy,false,true,2026-06-25T05:22:11.730520Z
2024-05-15,G20,97.525661,0.247434,authorized_macro_cycle_proxy,false,true,2026-06-25T05:22:11.730520Z
2024-05-15,JP,97.525661,0.247434,authorized_macro_cycle_proxy,false,true,2026-06-25T05:22:11.730520Z
2024-05-15,EURO_AREA,97.525661,0.247434,authorized_macro_cycle_proxy,false,true,2026-06-25T05:22:11.730520Z
2024-05-16,CN,97.503179,0.249682,authorized_macro_cycle_proxy,false,true,2026-06-25T05:22:11.730520Z
2024-05-16,US,97.503179,0.249682,authorized_macro_cycle_proxy,false,true,2026-06-25T05:22:11.730520Z
2024-05-16,OECD_TOTAL,97.503179,0.249682,authorized_macro_cycle_proxy,false,true,2026-06-25T05:22:11.730520Z
2024-05-16,G20,97.503179,0.249682,authorized_macro_cycle_proxy,false,true,2026-06-25T05:22:11.730520Z
2024-05-16,JP,97.503179,0.249682,authorized_macro_cycle_proxy,false,true,2026-06-25T05:22:11.730520Z
2024-05-16,EURO_AREA,97.503179,0.249682,authorized_macro_cycle_proxy,false,true,2026-06-25T05:22:11.730520Z
2024-05-17,CN,97.463893,0.253611,authorized_macro_cycle_proxy,false,true,2026-06-25T05:22:11.730520Z
2024-05-17,US,97.463893,0.253611,authorized_macro_cycle_proxy,false,true,2026-06-25T05:22:11.730520Z
2024-05-17,OECD_TOTAL,97.463893,0.253611,authorized_macro_cycle_proxy,false,true,2026-06-25T05:22:11.730520Z
2024-05-17,G20,97.463893,0.253611,authorized_macro_cycle_proxy,false,true,2026-06-25T05:22:11.730520Z
2024-05-17,JP,97.463893,0.253611,authorized_macro_cycle_proxy,false,true,2026-06-25T05:22:11.730520Z
2024-05-17,EURO_AREA,97.463893,0.253611,authorized_macro_cycle_proxy,false,true,2026-06-25T05:22:11.730520Z
2024-05-20,CN,97.442589,0.255741,authorized_macro_cycle_proxy,false,true,2026-06-25T05:22:11.730520Z
2024-05-20,US,97.442589,0.255741,authorized_macro_cycle_proxy,false,true,2026-06-25T05:22:11.730520Z
2024-05-20,OECD_TOTAL,97.442589,0.255741,authorized_macro_cycle_proxy,false,true,2026-06-25T05:22:11.730520Z
2024-05-20,G20,97.442589,0.255741,authorized_macro_cycle_proxy,false,true,2026-06-25T05:22:11.730520Z
2024-05-20,JP,97.442589,0.255741,authorized_macro_cycle_proxy,false,true,2026-06-25T05:22:11.730520Z
2024-05-20,EURO_AREA,97.442589,0.255741,authorized_macro_cycle_proxy,false,true,2026-06-25T05:22:11.730520Z
2024-05-21,CN,97.458286,0.254171,authorized_macro_cycle_proxy,false,true,2026-06-25T05:22:11.730520Z
2024-05-21,US,97.458286,0.254171,authorized_macro_cycle_proxy,false,true,2026-06-25T05:22:11.730520Z
2024-05-21,OECD_TOTAL,97.458286,0.254171,authorized_macro_cycle_proxy,false,true,2026-06-25T05:22:11.730520Z
2024-05-21,G20,97.458286,0.254171,authorized_macro_cycle_proxy,false,true,2026-06-25T05:22:11.730520Z
2024-05-21,JP,97.458286,0.254171,authorized_macro_cycle_proxy,false,true,2026-06-25T05:22:11.730520Z
2024-05-21,EURO_AREA,97.458286,0.254171,authorized_macro_cycle_proxy,false,true,2026-06-25T05:22:11.730520Z
2024-05-22,CN,97.481125,0.251888,authorized_macro_cycle_proxy,false,true,2026-06-25T05:22:11.730520Z
2024-05-22,US,97.481125,0.251888,authorized_macro_cycle_proxy,false,true,2026-06-25T05:22:11.730520Z
2024-05-22,OECD_TOTAL,97.481125,0.251888,authorized_macro_cycle_proxy,false,true,2026-06-25T05:22:11.730520Z
2024-05-22,G20,97.481125,0.251888,authorized_macro_cycle_proxy,false,true,2026-06-25T05:22:11.730520Z
2024-05-22,JP,97.481125,0.251888,authorized_macro_cycle_proxy,false,true,2026-06-25T05:22:11.730520Z
2024-05-22,EURO_AREA,97.481125,0.251888,authorized_macro_cycle_proxy,false,true,2026-06-25T05:22:11.730520Z
2024-05-23,CN,97.474125,0.252587,authorized_macro_cycle_proxy,false,true,2026-06-25T05:22:11.730520Z
2024-05-23,US,97.474125,0.252587,authorized_macro_cycle_proxy,false,true,2026-06-25T05:22:11.730520Z
2024-05-23,OECD_TOTAL,97.474125,0.252587,authorized_macro_cycle_proxy,false,true,2026-06-25T05:22:11.730520Z
2024-05-23,G20,97.474125,0.252587,authorized_macro_cycle_proxy,false,true,2026-06-25T05:22:11.730520Z
2024-05-23,JP,97.474125,0.252587,authorized_macro_cycle_proxy,false,true,2026-06-25T05:22:11.730520Z
2024-05-23,EURO_AREA,97.474125,0.252587,authorized_macro_cycle_proxy,false,true,2026-06-25T05:22:11.730520Z
2024-05-24,CN,97.459911,0.254009,authorized_macro_cycle_proxy,false,true,2026-06-25T05:22:11.730520Z
2024-05-24,US,97.459911,0.254009,authorized_macro_cycle_proxy,false,true,2026-06-25T05:22:11.730520Z
2024-05-24,OECD_TOTAL,97.459911,0.254009,authorized_macro_cycle_proxy,false,true,2026-06-25T05:22:11.730520Z
2024-05-24,G20,97.459911,0.254009,authorized_macro_cycle_proxy,false,true,2026-06-25T05:22:11.730520Z
2024-05-24,JP,97.459911,0.254009,authorized_macro_cycle_proxy,false,true,2026-06-25T05:22:11.730520Z
2024-05-24,EURO_AREA,97.459911,0.254009,authorized_macro_cycle_proxy,false,true,2026-06-25T05:22:11.730520Z
2024-05-27,CN,97.459911,0.254009,authorized_macro_cycle_proxy,false,true,2026-06-25T05:22:11.730520Z
2024-05-27,US,97.459911,0.254009,authorized_macro_cycle_proxy,false,true,2026-06-25T05:22:11.730520Z
2024-05-27,OECD_TOTAL,97.459911,0.254009,authorized_macro_cycle_proxy,false,true,2026-06-25T05:22:11.730520Z
2024-05-27,G20,97.459911,0.254009,authorized_macro_cycle_proxy,false,true,2026-06-25T05:22:11.730520Z
2024-05-27,JP,97.459911,0.254009,authorized_macro_cycle_proxy,false,true,2026-06-25T05:22:11.730520Z
2024-05-27,EURO_AREA,97.459911,0.254009,authorized_macro_cycle_proxy,false,true,2026-06-25T05:22:11.730520Z
2024-05-28,CN,97.372822,0.262718,authorized_macro_cycle_proxy,false,true,2026-06-25T05:22:11.730520Z
2024-05-28,US,97.372822,0.262718,authorized_macro_cycle_proxy,false,true,2026-06-25T05:22:11.730520Z
2024-05-28,OECD_TOTAL,97.372822,0.262718,authorized_macro_cycle_proxy,false,true,2026-06-25T05:22:11.730520Z
2024-05-28,G20,97.372822,0.262718,authorized_macro_cycle_proxy,false,true,2026-06-25T05:22:11.730520Z
2024-05-28,JP,97.372822,0.262718,authorized_macro_cycle_proxy,false,true,2026-06-25T05:22:11.730520Z
2024-05-28,EURO_AREA,97.372822,0.262718,authorized_macro_cycle_proxy,false,true,2026-06-25T05:22:11.730520Z
2024-05-29,CN,97.339178,0.266082,authorized_macro_cycle_proxy,false,true,2026-06-25T05:22:11.730520Z
2024-05-29,US,97.339178,0.266082,authorized_macro_cycle_proxy,false,true,2026-06-25T05:22:11.730520Z
2024-05-29,OECD_TOTAL,97.339178,0.266082,authorized_macro_cycle_proxy,false,true,2026-06-25T05:22:11.730520Z
2024-05-29,G20,97.339178,0.266082,authorized_macro_cycle_proxy,false,true,2026-06-25T05:22:11.730520Z
2024-05-29,JP,97.339178,0.266082,authorized_macro_cycle_proxy,false,true,2026-06-25T05:22:11.730520Z
2024-05-29,EURO_AREA,97.339178,0.266082,authorized_macro_cycle_proxy,false,true,2026-06-25T05:22:11.730520Z
2024-05-30,CN,97.422339,0.257766,authorized_macro_cycle_proxy,false,true,2026-06-25T05:22:11.730520Z
2024-05-30,US,97.422339,0.257766,authorized_macro_cycle_proxy,false,true,2026-06-25T05:22:11.730520Z
2024-05-30,OECD_TOTAL,97.422339,0.257766,authorized_macro_cycle_proxy,false,true,2026-06-25T05:22:11.730520Z
2024-05-30,G20,97.422339,0.257766,authorized_macro_cycle_proxy,false,true,2026-06-25T05:22:11.730520Z
2024-05-30,JP,97.422339,0.257766,authorized_macro_cycle_proxy,false,true,2026-06-25T05:22:11.730520Z
2024-05-30,EURO_AREA,97.422339,0.257766,authorized_macro_cycle_proxy,false,true,2026-06-25T05:22:11.730520Z
2024-05-31,CN,97.407429,0.259257,authorized_macro_cycle_proxy,false,true,2026-06-25T05:22:11.730520Z
2024-05-31,US,97.407429,0.259257,authorized_macro_cycle_proxy,false,true,2026-06-25T05:22:11.730520Z
2024-05-31,OECD_TOTAL,97.407429,0.259257,authorized_macro_cycle_proxy,false,true,2026-06-25T05:22:11.730520Z
2024-05-31,G20,97.407429,0.259257,authorized_macro_cycle_proxy,false,true,2026-06-25T05:22:11.730520Z
2024-05-31,JP,97.407429,0.259257,authorized_macro_cycle_proxy,false,true,2026-06-25T05:22:11.730520Z
2024-05-31,EURO_AREA,97.407429,0.259257,authorized_macro_cycle_proxy,false,true,2026-06-25T05:22:11.730520Z
2024-06-03,CN,97.54726,0.245274,authorized_macro_cycle_proxy,false,true,2026-06-25T05:22:11.730520Z
2024-06-03,US,97.54726,0.245274,authorized_macro_cycle_proxy,false,true,2026-06-25T05:22:11.730520Z
2024-06-03,OECD_TOTAL,97.54726,0.245274,authorized_macro_cycle_proxy,false,true,2026-06-25T05:22:11.730520Z
2024-06-03,G20,97.54726,0.245274,authorized_macro_cycle_proxy,false,true,2026-06-25T05:22:11.730520Z
2024-06-03,JP,97.54726,0.245274,authorized_macro_cycle_proxy,false,true,2026-06-25T05:22:11.730520Z
2024-06-03,EURO_AREA,97.54726,0.245274,authorized_macro_cycle_proxy,false,true,2026-06-25T05:22:11.730520Z
2024-06-04,CN,97.568644,0.243136,authorized_macro_cycle_proxy,false,true,2026-06-25T05:22:11.730520Z
2024-06-04,US,97.568644,0.243136,authorized_macro_cycle_proxy,false,true,2026-06-25T05:22:11.730520Z
2024-06-04,OECD_TOTAL,97.568644,0.243136,authorized_macro_cycle_proxy,false,true,2026-06-25T05:22:11.730520Z
2024-06-04,G20,97.568644,0.243136,authorized_macro_cycle_proxy,false,true,2026-06-25T05:22:11.730520Z
2024-06-04,JP,97.568644,0.243136,authorized_macro_cycle_proxy,false,true,2026-06-25T05:22:11.730520Z
2024-06-04,EURO_AREA,97.568644,0.243136,authorized_macro_cycle_proxy,false,true,2026-06-25T05:22:11.730520Z
2024-06-05,CN,97.541645,0.245836,authorized_macro_cycle_proxy,false,true,2026-06-25T05:22:11.730520Z
2024-06-05,US,97.541645,0.245836,authorized_macro_cycle_proxy,false,true,2026-06-25T05:22:11.730520Z
2024-06-05,OECD_TOTAL,97.541645,0.245836,authorized_macro_cycle_proxy,false,true,2026-06-25T05:22:11.730520Z
2024-06-05,G20,97.541645,0.245836,authorized_macro_cycle_proxy,false,true,2026-06-25T05:22:11.730520Z
2024-06-05,JP,97.541645,0.245836,authorized_macro_cycle_proxy,false,true,2026-06-25T05:22:11.730520Z
2024-06-05,EURO_AREA,97.541645,0.245836,authorized_macro_cycle_proxy,false,true,2026-06-25T05:22:11.730520Z
2024-06-06,CN,97.549093,0.245091,authorized_macro_cycle_proxy,false,true,2026-06-25T05:22:11.730520Z
2024-06-06,US,97.549093,0.245091,authorized_macro_cycle_proxy,false,true,2026-06-25T05:22:11.730520Z
2024-06-06,OECD_TOTAL,97.549093,0.245091,authorized_macro_cycle_proxy,false,true,2026-06-25T05:22:11.730520Z
2024-06-06,G20,97.549093,0.245091,authorized_macro_cycle_proxy,false,true,2026-06-25T05:22:11.730520Z
2024-06-06,JP,97.549093,0.245091,authorized_macro_cycle_proxy,false,true,2026-06-25T05:22:11.730520Z
2024-06-06,EURO_AREA,97.549093,0.245091,authorized_macro_cycle_proxy,false,true,2026-06-25T05:22:11.730520Z
2024-06-07,CN,97.411019,0.258898,authorized_macro_cycle_proxy,false,true,2026-06-25T05:22:11.730520Z
2024-06-07,US,97.411019,0.258898,authorized_macro_cycle_proxy,false,true,2026-06-25T05:22:11.730520Z
2024-06-07,OECD_TOTAL,97.411019,0.258898,authorized_macro_cycle_proxy,false,true,2026-06-25T05:22:11.730520Z
2024-06-07,G20,97.411019,0.258898,authorized_macro_cycle_proxy,false,true,2026-06-25T05:22:11.730520Z
2024-06-07,JP,97.411019,0.258898,authorized_macro_cycle_proxy,false,true,2026-06-25T05:22:11.730520Z
2024-06-07,EURO_AREA,97.411019,0.258898,authorized_macro_cycle_proxy,false,true,2026-06-25T05:22:11.730520Z
2024-06-11,CN,97.329592,0.267041,authorized_macro_cycle_proxy,false,true,2026-06-25T05:22:11.730520Z
2024-06-11,US,97.329592,0.267041,authorized_macro_cycle_proxy,false,true,2026-06-25T05:22:11.730520Z
2024-06-11,OECD_TOTAL,97.329592,0.267041,authorized_macro_cycle_proxy,false,true,2026-06-25T05:22:11.730520Z
2024-06-11,G20,97.329592,0.267041,authorized_macro_cycle_proxy,false,true,2026-06-25T05:22:11.730520Z
2024-06-11,JP,97.329592,0.267041,authorized_macro_cycle_proxy,false,true,2026-06-25T05:22:11.730520Z
2024-06-11,EURO_AREA,97.329592,0.267041,authorized_macro_cycle_proxy,false,true,2026-06-25T05:22:11.730520Z
2024-06-12,CN,97.385394,0.261461,authorized_macro_cycle_proxy,false,true,2026-06-25T05:22:11.730520Z
2024-06-12,US,97.385394,0.261461,authorized_macro_cycle_proxy,false,true,2026-06-25T05:22:11.730520Z
2024-06-12,OECD_TOTAL,97.385394,0.261461,authorized_macro_cycle_proxy,false,true,2026-06-25T05:22:11.730520Z
2024-06-12,G20,97.385394,0.261461,authorized_macro_cycle_proxy,false,true,2026-06-25T05:22:11.730520Z
2024-06-12,JP,97.385394,0.261461,authorized_macro_cycle_proxy,false,true,2026-06-25T05:22:11.730520Z
2024-06-12,EURO_AREA,97.385394,0.261461,authorized_macro_cycle_proxy,false,true,2026-06-25T05:22:11.730520Z
2024-06-13,CN,97.381403,0.26186,authorized_macro_cycle_proxy,false,true,2026-06-25T05:22:11.730520Z
2024-06-13,US,97.381403,0.26186,authorized_macro_cycle_proxy,false,true,2026-06-25T05:22:11.730520Z
2024-06-13,OECD_TOTAL,97.381403,0.26186,authorized_macro_cycle_proxy,false,true,2026-06-25T05:22:11.730520Z
2024-06-13,G20,97.381403,0.26186,authorized_macro_cycle_proxy,false,true,2026-06-25T05:22:11.730520Z
2024-06-13,JP,97.381403,0.26186,authorized_macro_cycle_proxy,false,true,2026-06-25T05:22:11.730520Z
2024-06-13,EURO_AREA,97.381403,0.26186,authorized_macro_cycle_proxy,false,true,2026-06-25T05:22:11.730520Z
2024-06-14,CN,97.45374,0.254626,authorized_macro_cycle_proxy,false,true,2026-06-25T05:22:11.730520Z
2024-06-14,US,97.45374,0.254626,authorized_macro_cycle_proxy,false,true,2026-06-25T05:22:11.730520Z
2024-06-14,OECD_TOTAL,97.45374,0.254626,authorized_macro_cycle_proxy,false,true,2026-06-25T05:22:11.730520Z
2024-06-14,G20,97.45374,0.254626,authorized_macro_cycle_proxy,false,true,2026-06-25T05:22:11.730520Z
2024-06-14,JP,97.45374,0.254626,authorized_macro_cycle_proxy,false,true,2026-06-25T05:22:11.730520Z
2024-06-14,EURO_AREA,97.45374,0.254626,authorized_macro_cycle_proxy,false,true,2026-06-25T05:22:11.730520Z
2024-06-17,CN,97.35235,0.264765,authorized_macro_cycle_proxy,false,true,2026-06-25T05:22:11.730520Z
2024-06-17,US,97.35235,0.264765,authorized_macro_cycle_proxy,false,true,2026-06-25T05:22:11.730520Z
2024-06-17,OECD_TOTAL,97.35235,0.264765,authorized_macro_cycle_proxy,false,true,2026-06-25T05:22:11.730520Z
2024-06-17,G20,97.35235,0.264765,authorized_macro_cycle_proxy,false,true,2026-06-25T05:22:11.730520Z
2024-06-17,JP,97.35235,0.264765,authorized_macro_cycle_proxy,false,true,2026-06-25T05:22:11.730520Z
2024-06-17,EURO_AREA,97.35235,0.264765,authorized_macro_cycle_proxy,false,true,2026-06-25T05:22:11.730520Z
2024-06-18,CN,97.326444,0.267356,authorized_macro_cycle_proxy,false,true,2026-06-25T05:22:11.730520Z
2024-06-18,US,97.326444,0.267356,authorized_macro_cycle_proxy,false,true,2026-06-25T05:22:11.730520Z
2024-06-18,OECD_TOTAL,97.326444,0.267356,authorized_macro_cycle_proxy,false,true,2026-06-25T05:22:11.730520Z
2024-06-18,G20,97.326444,0.267356,authorized_macro_cycle_proxy,false,true,2026-06-25T05:22:11.730520Z
2024-06-18,JP,97.326444,0.267356,authorized_macro_cycle_proxy,false,true,2026-06-25T05:22:11.730520Z
2024-06-18,EURO_AREA,97.326444,0.267356,authorized_macro_cycle_proxy,false,true,2026-06-25T05:22:11.730520Z
2024-06-19,CN,97.286145,0.271385,authorized_macro_cycle_proxy,false,true,2026-06-25T05:22:11.730520Z
2024-06-19,US,97.286145,0.271385,authorized_macro_cycle_proxy,false,true,2026-06-25T05:22:11.730520Z
2024-06-19,OECD_TOTAL,97.286145,0.271385,authorized_macro_cycle_proxy,false,true,2026-06-25T05:22:11.730520Z
2024-06-19,G20,97.286145,0.271385,authorized_macro_cycle_proxy,false,true,2026-06-25T05:22:11.730520Z
2024-06-19,JP,97.286145,0.271385,authorized_macro_cycle_proxy,false,true,2026-06-25T05:22:11.730520Z
2024-06-19,EURO_AREA,97.286145,0.271385,authorized_macro_cycle_proxy,false,true,2026-06-25T05:22:11.730520Z
2024-06-20,CN,97.237431,0.276257,authorized_macro_cycle_proxy,false,true,2026-06-25T05:22:11.730520Z
2024-06-20,US,97.237431,0.276257,authorized_macro_cycle_proxy,false,true,2026-06-25T05:22:11.730520Z
2024-06-20,OECD_TOTAL,97.237431,0.276257,authorized_macro_cycle_proxy,false,true,2026-06-25T05:22:11.730520Z
2024-06-20,G20,97.237431,0.276257,authorized_macro_cycle_proxy,false,true,2026-06-25T05:22:11.730520Z
2024-06-20,JP,97.237431,0.276257,authorized_macro_cycle_proxy,false,true,2026-06-25T05:22:11.730520Z
2024-06-20,EURO_AREA,97.237431,0.276257,authorized_macro_cycle_proxy,false,true,2026-06-25T05:22:11.730520Z
2024-06-21,CN,97.247784,0.275222,authorized_macro_cycle_proxy,false,true,2026-06-25T05:22:11.730520Z
2024-06-21,US,97.247784,0.275222,authorized_macro_cycle_proxy,false,true,2026-06-25T05:22:11.730520Z
2024-06-21,OECD_TOTAL,97.247784,0.275222,authorized_macro_cycle_proxy,false,true,2026-06-25T05:22:11.730520Z
2024-06-21,G20,97.247784,0.275222,authorized_macro_cycle_proxy,false,true,2026-06-25T05:22:11.730520Z
2024-06-21,JP,97.247784,0.275222,authorized_macro_cycle_proxy,false,true,2026-06-25T05:22:11.730520Z
2024-06-21,EURO_AREA,97.247784,0.275222,authorized_macro_cycle_proxy,false,true,2026-06-25T05:22:11.730520Z
2024-06-24,CN,97.261517,0.273848,authorized_macro_cycle_proxy,false,true,2026-06-25T05:22:11.730520Z
2024-06-24,US,97.261517,0.273848,authorized_macro_cycle_proxy,false,true,2026-06-25T05:22:11.730520Z
2024-06-24,OECD_TOTAL,97.261517,0.273848,authorized_macro_cycle_proxy,false,true,2026-06-25T05:22:11.730520Z
2024-06-24,G20,97.261517,0.273848,authorized_macro_cycle_proxy,false,true,2026-06-25T05:22:11.730520Z
2024-06-24,JP,97.261517,0.273848,authorized_macro_cycle_proxy,false,true,2026-06-25T05:22:11.730520Z
2024-06-24,EURO_AREA,97.261517,0.273848,authorized_macro_cycle_proxy,false,true,2026-06-25T05:22:11.730520Z
2024-06-25,CN,97.303491,0.269651,authorized_macro_cycle_proxy,false,true,2026-06-25T05:22:11.730520Z
2024-06-25,US,97.303491,0.269651,authorized_macro_cycle_proxy,false,true,2026-06-25T05:22:11.730520Z
2024-06-25,OECD_TOTAL,97.303491,0.269651,authorized_macro_cycle_proxy,false,true,2026-06-25T05:22:11.730520Z
2024-06-25,G20,97.303491,0.269651,authorized_macro_cycle_proxy,false,true,2026-06-25T05:22:11.730520Z
2024-06-25,JP,97.303491,0.269651,authorized_macro_cycle_proxy,false,true,2026-06-25T05:22:11.730520Z
2024-06-25,EURO_AREA,97.303491,0.269651,authorized_macro_cycle_proxy,false,true,2026-06-25T05:22:11.730520Z
2024-06-26,CN,97.247364,0.275264,authorized_macro_cycle_proxy,false,true,2026-06-25T05:22:11.730520Z
2024-06-26,US,97.247364,0.275264,authorized_macro_cycle_proxy,false,true,2026-06-25T05:22:11.730520Z
2024-06-26,OECD_TOTAL,97.247364,0.275264,authorized_macro_cycle_proxy,false,true,2026-06-25T05:22:11.730520Z
2024-06-26,G20,97.247364,0.275264,authorized_macro_cycle_proxy,false,true,2026-06-25T05:22:11.730520Z
2024-06-26,JP,97.247364,0.275264,authorized_macro_cycle_proxy,false,true,2026-06-25T05:22:11.730520Z
2024-06-26,EURO_AREA,97.247364,0.275264,authorized_macro_cycle_proxy,false,true,2026-06-25T05:22:11.730520Z
2024-06-27,CN,97.237823,0.276218,authorized_macro_cycle_proxy,false,true,2026-06-25T05:22:11.730520Z
2024-06-27,US,97.237823,0.276218,authorized_macro_cycle_proxy,false,true,2026-06-25T05:22:11.730520Z
2024-06-27,OECD_TOTAL,97.237823,0.276218,authorized_macro_cycle_proxy,false,true,2026-06-25T05:22:11.730520Z
2024-06-27,G20,97.237823,0.276218,authorized_macro_cycle_proxy,false,true,2026-06-25T05:22:11.730520Z
2024-06-27,JP,97.237823,0.276218,authorized_macro_cycle_proxy,false,true,2026-06-25T05:22:11.730520Z
2024-06-27,EURO_AREA,97.237823,0.276218,authorized_macro_cycle_proxy,false,true,2026-06-25T05:22:11.730520Z
2024-06-28,CN,97.218814,0.278119,authorized_macro_cycle_proxy,false,true,2026-06-25T05:22:11.730520Z
2024-06-28,US,97.218814,0.278119,authorized_macro_cycle_proxy,false,true,2026-06-25T05:22:11.730520Z
2024-06-28,OECD_TOTAL,97.218814,0.278119,authorized_macro_cycle_proxy,false,true,2026-06-25T05:22:11.730520Z
2024-06-28,G20,97.218814,0.278119,authorized_macro_cycle_proxy,false,true,2026-06-25T05:22:11.730520Z
2024-06-28,JP,97.218814,0.278119,authorized_macro_cycle_proxy,false,true,2026-06-25T05:22:11.730520Z
2024-06-28,EURO_AREA,97.218814,0.278119,authorized_macro_cycle_proxy,false,true,2026-06-25T05:22:11.730520Z
2024-07-01,CN,97.155482,0.284452,authorized_macro_cycle_proxy,false,true,2026-06-25T05:22:11.730520Z
2024-07-01,US,97.155482,0.284452,authorized_macro_cycle_proxy,false,true,2026-06-25T05:22:11.730520Z
2024-07-01,OECD_TOTAL,97.155482,0.284452,authorized_macro_cycle_proxy,false,true,2026-06-25T05:22:11.730520Z
2024-07-01,G20,97.155482,0.284452,authorized_macro_cycle_proxy,false,true,2026-06-25T05:22:11.730520Z
2024-07-01,JP,97.155482,0.284452,authorized_macro_cycle_proxy,false,true,2026-06-25T05:22:11.730520Z
2024-07-01,EURO_AREA,97.155482,0.284452,authorized_macro_cycle_proxy,false,true,2026-06-25T05:22:11.730520Z
2024-07-02,CN,97.195544,0.280446,authorized_macro_cycle_proxy,false,true,2026-06-25T05:22:11.730520Z
2024-07-02,US,97.195544,0.280446,authorized_macro_cycle_proxy,false,true,2026-06-25T05:22:11.730520Z
2024-07-02,OECD_TOTAL,97.195544,0.280446,authorized_macro_cycle_proxy,false,true,2026-06-25T05:22:11.730520Z
2024-07-02,G20,97.195544,0.280446,authorized_macro_cycle_proxy,false,true,2026-06-25T05:22:11.730520Z
2024-07-02,JP,97.195544,0.280446,authorized_macro_cycle_proxy,false,true,2026-06-25T05:22:11.730520Z
2024-07-02,EURO_AREA,97.195544,0.280446,authorized_macro_cycle_proxy,false,true,2026-06-25T05:22:11.730520Z
2024-07-03,CN,97.19287,0.280713,authorized_macro_cycle_proxy,false,true,2026-06-25T05:22:11.730520Z
2024-07-03,US,97.19287,0.280713,authorized_macro_cycle_proxy,false,true,2026-06-25T05:22:11.730520Z
2024-07-03,OECD_TOTAL,97.19287,0.280713,authorized_macro_cycle_proxy,false,true,2026-06-25T05:22:11.730520Z
2024-07-03,G20,97.19287,0.280713,authorized_macro_cycle_proxy,false,true,2026-06-25T05:22:11.730520Z
2024-07-03,JP,97.19287,0.280713,authorized_macro_cycle_proxy,false,true,2026-06-25T05:22:11.730520Z
2024-07-03,EURO_AREA,97.19287,0.280713,authorized_macro_cycle_proxy,false,true,2026-06-25T05:22:11.730520Z
2024-07-04,CN,97.142131,0.285787,authorized_macro_cycle_proxy,false,true,2026-06-25T05:22:11.730520Z
2024-07-04,US,97.142131,0.285787,authorized_macro_cycle_proxy,false,true,2026-06-25T05:22:11.730520Z
2024-07-04,OECD_TOTAL,97.142131,0.285787,authorized_macro_cycle_proxy,false,true,2026-06-25T05:22:11.730520Z
2024-07-04,G20,97.142131,0.285787,authorized_macro_cycle_proxy,false,true,2026-06-25T05:22:11.730520Z
2024-07-04,JP,97.142131,0.285787,authorized_macro_cycle_proxy,false,true,2026-06-25T05:22:11.730520Z
2024-07-04,EURO_AREA,97.142131,0.285787,authorized_macro_cycle_proxy,false,true,2026-06-25T05:22:11.730520Z
2024-07-05,CN,97.205505,0.279449,authorized_macro_cycle_proxy,false,true,2026-06-25T05:22:11.730520Z
2024-07-05,US,97.205505,0.279449,authorized_macro_cycle_proxy,false,true,2026-06-25T05:22:11.730520Z
2024-07-05,OECD_TOTAL,97.205505,0.279449,authorized_macro_cycle_proxy,false,true,2026-06-25T05:22:11.730520Z
2024-07-05,G20,97.205505,0.279449,authorized_macro_cycle_proxy,false,true,2026-06-25T05:22:11.730520Z
2024-07-05,JP,97.205505,0.279449,authorized_macro_cycle_proxy,false,true,2026-06-25T05:22:11.730520Z
2024-07-05,EURO_AREA,97.205505,0.279449,authorized_macro_cycle_proxy,false,true,2026-06-25T05:22:11.730520Z
2024-07-08,CN,97.189499,0.28105,authorized_macro_cycle_proxy,false,true,2026-06-25T05:22:11.730520Z
2024-07-08,US,97.189499,0.28105,authorized_macro_cycle_proxy,false,true,2026-06-25T05:22:11.730520Z
2024-07-08,OECD_TOTAL,97.189499,0.28105,authorized_macro_cycle_proxy,false,true,2026-06-25T05:22:11.730520Z
2024-07-08,G20,97.189499,0.28105,authorized_macro_cycle_proxy,false,true,2026-06-25T05:22:11.730520Z
2024-07-08,JP,97.189499,0.28105,authorized_macro_cycle_proxy,false,true,2026-06-25T05:22:11.730520Z
2024-07-08,EURO_AREA,97.189499,0.28105,authorized_macro_cycle_proxy,false,true,2026-06-25T05:22:11.730520Z
2024-07-09,CN,97.257498,0.27425,authorized_macro_cycle_proxy,false,true,2026-06-25T05:22:11.730520Z
2024-07-09,US,97.257498,0.27425,authorized_macro_cycle_proxy,false,true,2026-06-25T05:22:11.730520Z
2024-07-09,OECD_TOTAL,97.257498,0.27425,authorized_macro_cycle_proxy,false,true,2026-06-25T05:22:11.730520Z
2024-07-09,G20,97.257498,0.27425,authorized_macro_cycle_proxy,false,true,2026-06-25T05:22:11.730520Z
2024-07-09,JP,97.257498,0.27425,authorized_macro_cycle_proxy,false,true,2026-06-25T05:22:11.730520Z
2024-07-09,EURO_AREA,97.257498,0.27425,authorized_macro_cycle_proxy,false,true,2026-06-25T05:22:11.730520Z
2024-07-10,CN,97.273621,0.272638,authorized_macro_cycle_proxy,false,true,2026-06-25T05:22:11.730520Z
2024-07-10,US,97.273621,0.272638,authorized_macro_cycle_proxy,false,true,2026-06-25T05:22:11.730520Z
2024-07-10,OECD_TOTAL,97.273621,0.272638,authorized_macro_cycle_proxy,false,true,2026-06-25T05:22:11.730520Z
2024-07-10,G20,97.273621,0.272638,authorized_macro_cycle_proxy,false,true,2026-06-25T05:22:11.730520Z
2024-07-10,JP,97.273621,0.272638,authorized_macro_cycle_proxy,false,true,2026-06-25T05:22:11.730520Z
2024-07-10,EURO_AREA,97.273621,0.272638,authorized_macro_cycle_proxy,false,true,2026-06-25T05:22:11.730520Z
2024-07-11,CN,97.378851,0.262115,authorized_macro_cycle_proxy,false,true,2026-06-25T05:22:11.730520Z
2024-07-11,US,97.378851,0.262115,authorized_macro_cycle_proxy,false,true,2026-06-25T05:22:11.730520Z
2024-07-11,OECD_TOTAL,97.378851,0.262115,authorized_macro_cycle_proxy,false,true,2026-06-25T05:22:11.730520Z
2024-07-11,G20,97.378851,0.262115,authorized_macro_cycle_proxy,false,true,2026-06-25T05:22:11.730520Z
2024-07-11,JP,97.378851,0.262115,authorized_macro_cycle_proxy,false,true,2026-06-25T05:22:11.730520Z
2024-07-11,EURO_AREA,97.378851,0.262115,authorized_macro_cycle_proxy,false,true,2026-06-25T05:22:11.730520Z
2024-07-12,CN,97.417502,0.25825,authorized_macro_cycle_proxy,false,true,2026-06-25T05:22:11.730520Z
2024-07-12,US,97.417502,0.25825,authorized_macro_cycle_proxy,false,true,2026-06-25T05:22:11.730520Z
2024-07-12,OECD_TOTAL,97.417502,0.25825,authorized_macro_cycle_proxy,false,true,2026-06-25T05:22:11.730520Z
2024-07-12,G20,97.417502,0.25825,authorized_macro_cycle_proxy,false,true,2026-06-25T05:22:11.730520Z
2024-07-12,JP,97.417502,0.25825,authorized_macro_cycle_proxy,false,true,2026-06-25T05:22:11.730520Z
2024-07-12,EURO_AREA,97.417502,0.25825,authorized_macro_cycle_proxy,false,true,2026-06-25T05:22:11.730520Z
2024-07-15,CN,97.384427,0.261557,authorized_macro_cycle_proxy,false,true,2026-06-25T05:22:11.730520Z
2024-07-15,US,97.384427,0.261557,authorized_macro_cycle_proxy,false,true,2026-06-25T05:22:11.730520Z
2024-07-15,OECD_TOTAL,97.384427,0.261557,authorized_macro_cycle_proxy,false,true,2026-06-25T05:22:11.730520Z
2024-07-15,G20,97.384427,0.261557,authorized_macro_cycle_proxy,false,true,2026-06-25T05:22:11.730520Z
2024-07-15,JP,97.384427,0.261557,authorized_macro_cycle_proxy,false,true,2026-06-25T05:22:11.730520Z
2024-07-15,EURO_AREA,97.384427,0.261557,authorized_macro_cycle_proxy,false,true,2026-06-25T05:22:11.730520Z
2024-07-16,CN,97.472638,0.252736,authorized_macro_cycle_proxy,false,true,2026-06-25T05:22:11.730520Z
2024-07-16,US,97.472638,0.252736,authorized_macro_cycle_proxy,false,true,2026-06-25T05:22:11.730520Z
2024-07-16,OECD_TOTAL,97.472638,0.252736,authorized_macro_cycle_proxy,false,true,2026-06-25T05:22:11.730520Z
2024-07-16,G20,97.472638,0.252736,authorized_macro_cycle_proxy,false,true,2026-06-25T05:22:11.730520Z
2024-07-16,JP,97.472638,0.252736,authorized_macro_cycle_proxy,false,true,2026-06-25T05:22:11.730520Z
2024-07-16,EURO_AREA,97.472638,0.252736,authorized_macro_cycle_proxy,false,true,2026-06-25T05:22:11.730520Z
2024-07-17,CN,97.432251,0.256775,authorized_macro_cycle_proxy,false,true,2026-06-25T05:22:11.730520Z
2024-07-17,US,97.432251,0.256775,authorized_macro_cycle_proxy,false,true,2026-06-25T05:22:11.730520Z
2024-07-17,OECD_TOTAL,97.432251,0.256775,authorized_macro_cycle_proxy,false,true,2026-06-25T05:22:11.730520Z
2024-07-17,G20,97.432251,0.256775,authorized_macro_cycle_proxy,false,true,2026-06-25T05:22:11.730520Z
2024-07-17,JP,97.432251,0.256775,authorized_macro_cycle_proxy,false,true,2026-06-25T05:22:11.730520Z
2024-07-17,EURO_AREA,97.432251,0.256775,authorized_macro_cycle_proxy,false,true,2026-06-25T05:22:11.730520Z
2024-07-18,CN,97.327702,0.26723,authorized_macro_cycle_proxy,false,true,2026-06-25T05:22:11.730520Z
2024-07-18,US,97.327702,0.26723,authorized_macro_cycle_proxy,false,true,2026-06-25T05:22:11.730520Z
2024-07-18,OECD_TOTAL,97.327702,0.26723,authorized_macro_cycle_proxy,false,true,2026-06-25T05:22:11.730520Z
2024-07-18,G20,97.327702,0.26723,authorized_macro_cycle_proxy,false,true,2026-06-25T05:22:11.730520Z
2024-07-18,JP,97.327702,0.26723,authorized_macro_cycle_proxy,false,true,2026-06-25T05:22:11.730520Z
2024-07-18,EURO_AREA,97.327702,0.26723,authorized_macro_cycle_proxy,false,true,2026-06-25T05:22:11.730520Z
2024-07-19,CN,97.287718,0.271228,authorized_macro_cycle_proxy,false,true,2026-06-25T05:22:11.730520Z
2024-07-19,US,97.287718,0.271228,authorized_macro_cycle_proxy,false,true,2026-06-25T05:22:11.730520Z
2024-07-19,OECD_TOTAL,97.287718,0.271228,authorized_macro_cycle_proxy,false,true,2026-06-25T05:22:11.730520Z
2024-07-19,G20,97.287718,0.271228,authorized_macro_cycle_proxy,false,true,2026-06-25T05:22:11.730520Z
2024-07-19,JP,97.287718,0.271228,authorized_macro_cycle_proxy,false,true,2026-06-25T05:22:11.730520Z
2024-07-19,EURO_AREA,97.287718,0.271228,authorized_macro_cycle_proxy,false,true,2026-06-25T05:22:11.730520Z
2024-07-22,CN,97.480268,0.251973,authorized_macro_cycle_proxy,false,true,2026-06-25T05:22:11.730520Z
2024-07-22,US,97.480268,0.251973,authorized_macro_cycle_proxy,false,true,2026-06-25T05:22:11.730520Z
2024-07-22,OECD_TOTAL,97.480268,0.251973,authorized_macro_cycle_proxy,false,true,2026-06-25T05:22:11.730520Z
2024-07-22,G20,97.480268,0.251973,authorized_macro_cycle_proxy,false,true,2026-06-25T05:22:11.730520Z
2024-07-22,JP,97.480268,0.251973,authorized_macro_cycle_proxy,false,true,2026-06-25T05:22:11.730520Z
2024-07-22,EURO_AREA,97.480268,0.251973,authorized_macro_cycle_proxy,false,true,2026-06-25T05:22:11.730520Z
2024-07-23,CN,97.501398,0.24986,authorized_macro_cycle_proxy,false,true,2026-06-25T05:22:11.730520Z
2024-07-23,US,97.501398,0.24986,authorized_macro_cycle_proxy,false,true,2026-06-25T05:22:11.730520Z
2024-07-23,OECD_TOTAL,97.501398,0.24986,authorized_macro_cycle_proxy,false,true,2026-06-25T05:22:11.730520Z
2024-07-23,G20,97.501398,0.24986,authorized_macro_cycle_proxy,false,true,2026-06-25T05:22:11.730520Z
2024-07-23,JP,97.501398,0.24986,authorized_macro_cycle_proxy,false,true,2026-06-25T05:22:11.730520Z
2024-07-23,EURO_AREA,97.501398,0.24986,authorized_macro_cycle_proxy,false,true,2026-06-25T05:22:11.730520Z
2024-07-24,CN,97.051268,0.294873,authorized_macro_cycle_proxy,false,true,2026-06-25T05:22:11.730520Z
2024-07-24,US,97.051268,0.294873,authorized_macro_cycle_proxy,false,true,2026-06-25T05:22:11.730520Z
2024-07-24,OECD_TOTAL,97.051268,0.294873,authorized_macro_cycle_proxy,false,true,2026-06-25T05:22:11.730520Z
2024-07-24,G20,97.051268,0.294873,authorized_macro_cycle_proxy,false,true,2026-06-25T05:22:11.730520Z
2024-07-24,JP,97.051268,0.294873,authorized_macro_cycle_proxy,false,true,2026-06-25T05:22:11.730520Z
2024-07-24,EURO_AREA,97.051268,0.294873,authorized_macro_cycle_proxy,false,true,2026-06-25T05:22:11.730520Z
2024-07-25,CN,96.97854,0.302146,authorized_macro_cycle_proxy,false,true,2026-06-25T05:22:11.730520Z
2024-07-25,US,96.97854,0.302146,authorized_macro_cycle_proxy,false,true,2026-06-25T05:22:11.730520Z
2024-07-25,OECD_TOTAL,96.97854,0.302146,authorized_macro_cycle_proxy,false,true,2026-06-25T05:22:11.730520Z
2024-07-25,G20,96.97854,0.302146,authorized_macro_cycle_proxy,false,true,2026-06-25T05:22:11.730520Z
2024-07-25,JP,96.97854,0.302146,authorized_macro_cycle_proxy,false,true,2026-06-25T05:22:11.730520Z
2024-07-25,EURO_AREA,96.97854,0.302146,authorized_macro_cycle_proxy,false,true,2026-06-25T05:22:11.730520Z
2024-07-26,CN,97.366656,0.263334,authorized_macro_cycle_proxy,false,true,2026-06-25T05:22:11.730520Z
2024-07-26,US,97.366656,0.263334,authorized_macro_cycle_proxy,false,true,2026-06-25T05:22:11.730520Z
2024-07-26,OECD_TOTAL,97.366656,0.263334,authorized_macro_cycle_proxy,false,true,2026-06-25T05:22:11.730520Z
2024-07-26,G20,97.366656,0.263334,authorized_macro_cycle_proxy,false,true,2026-06-25T05:22:11.730520Z
2024-07-26,JP,97.366656,0.263334,authorized_macro_cycle_proxy,false,true,2026-06-25T05:22:11.730520Z
2024-07-26,EURO_AREA,97.366656,0.263334,authorized_macro_cycle_proxy,false,true,2026-06-25T05:22:11.730520Z
2024-07-29,CN,97.308147,0.269185,authorized_macro_cycle_proxy,false,true,2026-06-25T05:22:11.730520Z
2024-07-29,US,97.308147,0.269185,authorized_macro_cycle_proxy,false,true,2026-06-25T05:22:11.730520Z
2024-07-29,OECD_TOTAL,97.308147,0.269185,authorized_macro_cycle_proxy,false,true,2026-06-25T05:22:11.730520Z
2024-07-29,G20,97.308147,0.269185,authorized_macro_cycle_proxy,false,true,2026-06-25T05:22:11.730520Z
2024-07-29,JP,97.308147,0.269185,authorized_macro_cycle_proxy,false,true,2026-06-25T05:22:11.730520Z
2024-07-29,EURO_AREA,97.308147,0.269185,authorized_macro_cycle_proxy,false,true,2026-06-25T05:22:11.730520Z
2024-07-30,CN,97.157119,0.284288,authorized_macro_cycle_proxy,false,true,2026-06-25T05:22:11.730520Z
2024-07-30,US,97.157119,0.284288,authorized_macro_cycle_proxy,false,true,2026-06-25T05:22:11.730520Z
2024-07-30,OECD_TOTAL,97.157119,0.284288,authorized_macro_cycle_proxy,false,true,2026-06-25T05:22:11.730520Z
2024-07-30,G20,97.157119,0.284288,authorized_macro_cycle_proxy,false,true,2026-06-25T05:22:11.730520Z
2024-07-30,JP,97.157119,0.284288,authorized_macro_cycle_proxy,false,true,2026-06-25T05:22:11.730520Z
2024-07-30,EURO_AREA,97.157119,0.284288,authorized_macro_cycle_proxy,false,true,2026-06-25T05:22:11.730520Z
2024-07-31,CN,97.436305,0.256369,authorized_macro_cycle_proxy,false,true,2026-06-25T05:22:11.730520Z
2024-07-31,US,97.436305,0.256369,authorized_macro_cycle_proxy,false,true,2026-06-25T05:22:11.730520Z
2024-07-31,OECD_TOTAL,97.436305,0.256369,authorized_macro_cycle_proxy,false,true,2026-06-25T05:22:11.730520Z
2024-07-31,G20,97.436305,0.256369,authorized_macro_cycle_proxy,false,true,2026-06-25T05:22:11.730520Z
2024-07-31,JP,97.436305,0.256369,authorized_macro_cycle_proxy,false,true,2026-06-25T05:22:11.730520Z
2024-07-31,EURO_AREA,97.436305,0.256369,authorized_macro_cycle_proxy,false,true,2026-06-25T05:22:11.730520Z
2024-08-01,CN,97.174049,0.282595,authorized_macro_cycle_proxy,false,true,2026-06-25T05:22:11.730520Z
2024-08-01,US,97.174049,0.282595,authorized_macro_cycle_proxy,false,true,2026-06-25T05:22:11.730520Z
2024-08-01,OECD_TOTAL,97.174049,0.282595,authorized_macro_cycle_proxy,false,true,2026-06-25T05:22:11.730520Z
2024-08-01,G20,97.174049,0.282595,authorized_macro_cycle_proxy,false,true,2026-06-25T05:22:11.730520Z
2024-08-01,JP,97.174049,0.282595,authorized_macro_cycle_proxy,false,true,2026-06-25T05:22:11.730520Z
2024-08-01,EURO_AREA,97.174049,0.282595,authorized_macro_cycle_proxy,false,true,2026-06-25T05:22:11.730520Z
2024-08-02,CN,96.630975,0.336903,authorized_macro_cycle_proxy,false,true,2026-06-25T05:22:11.730520Z
2024-08-02,US,96.630975,0.336903,authorized_macro_cycle_proxy,false,true,2026-06-25T05:22:11.730520Z
2024-08-02,OECD_TOTAL,96.630975,0.336903,authorized_macro_cycle_proxy,false,true,2026-06-25T05:22:11.730520Z
2024-08-02,G20,96.630975,0.336903,authorized_macro_cycle_proxy,false,true,2026-06-25T05:22:11.730520Z
2024-08-02,JP,96.630975,0.336903,authorized_macro_cycle_proxy,false,true,2026-06-25T05:22:11.730520Z
2024-08-02,EURO_AREA,96.630975,0.336903,authorized_macro_cycle_proxy,false,true,2026-06-25T05:22:11.730520Z
2024-08-05,CN,94.640089,0.535991,authorized_macro_cycle_proxy,false,true,2026-06-25T05:22:11.730520Z
2024-08-05,US,94.640089,0.535991,authorized_macro_cycle_proxy,false,true,2026-06-25T05:22:11.730520Z
2024-08-05,OECD_TOTAL,94.640089,0.535991,authorized_macro_cycle_proxy,false,true,2026-06-25T05:22:11.730520Z
2024-08-05,G20,94.640089,0.535991,authorized_macro_cycle_proxy,false,true,2026-06-25T05:22:11.730520Z
2024-08-05,JP,94.640089,0.535991,authorized_macro_cycle_proxy,false,true,2026-06-25T05:22:11.730520Z
2024-08-05,EURO_AREA,94.640089,0.535991,authorized_macro_cycle_proxy,false,true,2026-06-25T05:22:11.730520Z
2024-08-06,CN,96.095611,0.390439,authorized_macro_cycle_proxy,false,true,2026-06-25T05:22:11.730520Z
2024-08-06,US,96.095611,0.390439,authorized_macro_cycle_proxy,false,true,2026-06-25T05:22:11.730520Z
2024-08-06,OECD_TOTAL,96.095611,0.390439,authorized_macro_cycle_proxy,false,true,2026-06-25T05:22:11.730520Z
2024-08-06,G20,96.095611,0.390439,authorized_macro_cycle_proxy,false,true,2026-06-25T05:22:11.730520Z
2024-08-06,JP,96.095611,0.390439,authorized_macro_cycle_proxy,false,true,2026-06-25T05:22:11.730520Z
2024-08-06,EURO_AREA,96.095611,0.390439,authorized_macro_cycle_proxy,false,true,2026-06-25T05:22:11.730520Z
2024-08-07,CN,95.911644,0.408836,authorized_macro_cycle_proxy,false,true,2026-06-25T05:22:11.730520Z
2024-08-07,US,95.911644,0.408836,authorized_macro_cycle_proxy,false,true,2026-06-25T05:22:11.730520Z
2024-08-07,OECD_TOTAL,95.911644,0.408836,authorized_macro_cycle_proxy,false,true,2026-06-25T05:22:11.730520Z
2024-08-07,G20,95.911644,0.408836,authorized_macro_cycle_proxy,false,true,2026-06-25T05:22:11.730520Z
2024-08-07,JP,95.911644,0.408836,authorized_macro_cycle_proxy,false,true,2026-06-25T05:22:11.730520Z
2024-08-07,EURO_AREA,95.911644,0.408836,authorized_macro_cycle_proxy,false,true,2026-06-25T05:22:11.730520Z
2024-08-08,CN,96.468945,0.353105,authorized_macro_cycle_proxy,false,true,2026-06-25T05:22:11.730520Z
2024-08-08,US,96.468945,0.353105,authorized_macro_cycle_proxy,false,true,2026-06-25T05:22:11.730520Z
2024-08-08,OECD_TOTAL,96.468945,0.353105,authorized_macro_cycle_proxy,false,true,2026-06-25T05:22:11.730520Z
2024-08-08,G20,96.468945,0.353105,authorized_macro_cycle_proxy,false,true,2026-06-25T05:22:11.730520Z
2024-08-08,JP,96.468945,0.353105,authorized_macro_cycle_proxy,false,true,2026-06-25T05:22:11.730520Z
2024-08-08,EURO_AREA,96.468945,0.353105,authorized_macro_cycle_proxy,false,true,2026-06-25T05:22:11.730520Z
2024-08-09,CN,96.897056,0.310294,authorized_macro_cycle_proxy,false,true,2026-06-25T05:22:11.730520Z
2024-08-09,US,96.897056,0.310294,authorized_macro_cycle_proxy,false,true,2026-06-25T05:22:11.730520Z
2024-08-09,OECD_TOTAL,96.897056,0.310294,authorized_macro_cycle_proxy,false,true,2026-06-25T05:22:11.730520Z
2024-08-09,G20,96.897056,0.310294,authorized_macro_cycle_proxy,false,true,2026-06-25T05:22:11.730520Z
2024-08-09,JP,96.897056,0.310294,authorized_macro_cycle_proxy,false,true,2026-06-25T05:22:11.730520Z
2024-08-09,EURO_AREA,96.897056,0.310294,authorized_macro_cycle_proxy,false,true,2026-06-25T05:22:11.730520Z
2024-08-12,CN,96.783837,0.321616,authorized_macro_cycle_proxy,false,true,2026-06-25T05:22:11.730520Z
2024-08-12,US,96.783837,0.321616,authorized_macro_cycle_proxy,false,true,2026-06-25T05:22:11.730520Z
2024-08-12,OECD_TOTAL,96.783837,0.321616,authorized_macro_cycle_proxy,false,true,2026-06-25T05:22:11.730520Z
2024-08-12,G20,96.783837,0.321616,authorized_macro_cycle_proxy,false,true,2026-06-25T05:22:11.730520Z
2024-08-12,JP,96.783837,0.321616,authorized_macro_cycle_proxy,false,true,2026-06-25T05:22:11.730520Z
2024-08-12,EURO_AREA,96.783837,0.321616,authorized_macro_cycle_proxy,false,true,2026-06-25T05:22:11.730520Z
2024-08-13,CN,97.244223,0.275578,authorized_macro_cycle_proxy,false,true,2026-06-25T05:22:11.730520Z
2024-08-13,US,97.244223,0.275578,authorized_macro_cycle_proxy,false,true,2026-06-25T05:22:11.730520Z
2024-08-13,OECD_TOTAL,97.244223,0.275578,authorized_macro_cycle_proxy,false,true,2026-06-25T05:22:11.730520Z
2024-08-13,G20,97.244223,0.275578,authorized_macro_cycle_proxy,false,true,2026-06-25T05:22:11.730520Z
2024-08-13,JP,97.244223,0.275578,authorized_macro_cycle_proxy,false,true,2026-06-25T05:22:11.730520Z
2024-08-13,EURO_AREA,97.244223,0.275578,authorized_macro_cycle_proxy,false,true,2026-06-25T05:22:11.730520Z
2024-08-14,CN,97.519747,0.248025,authorized_macro_cycle_proxy,false,true,2026-06-25T05:22:11.730520Z
2024-08-14,US,97.519747,0.248025,authorized_macro_cycle_proxy,false,true,2026-06-25T05:22:11.730520Z
2024-08-14,OECD_TOTAL,97.519747,0.248025,authorized_macro_cycle_proxy,false,true,2026-06-25T05:22:11.730520Z
2024-08-14,G20,97.519747,0.248025,authorized_macro_cycle_proxy,false,true,2026-06-25T05:22:11.730520Z
2024-08-14,JP,97.519747,0.248025,authorized_macro_cycle_proxy,false,true,2026-06-25T05:22:11.730520Z
2024-08-14,EURO_AREA,97.519747,0.248025,authorized_macro_cycle_proxy,false,true,2026-06-25T05:22:11.730520Z
2024-08-15,CN,97.568761,0.243124,authorized_macro_cycle_proxy,false,true,2026-06-25T05:22:11.730520Z
2024-08-15,US,97.568761,0.243124,authorized_macro_cycle_proxy,false,true,2026-06-25T05:22:11.730520Z
2024-08-15,OECD_TOTAL,97.568761,0.243124,authorized_macro_cycle_proxy,false,true,2026-06-25T05:22:11.730520Z
2024-08-15,G20,97.568761,0.243124,authorized_macro_cycle_proxy,false,true,2026-06-25T05:22:11.730520Z
2024-08-15,JP,97.568761,0.243124,authorized_macro_cycle_proxy,false,true,2026-06-25T05:22:11.730520Z
2024-08-15,EURO_AREA,97.568761,0.243124,authorized_macro_cycle_proxy,false,true,2026-06-25T05:22:11.730520Z
2024-08-16,CN,97.631418,0.236858,authorized_macro_cycle_proxy,false,true,2026-06-25T05:22:11.730520Z
2024-08-16,US,97.631418,0.236858,authorized_macro_cycle_proxy,false,true,2026-06-25T05:22:11.730520Z
2024-08-16,OECD_TOTAL,97.631418,0.236858,authorized_macro_cycle_proxy,false,true,2026-06-25T05:22:11.730520Z
2024-08-16,G20,97.631418,0.236858,authorized_macro_cycle_proxy,false,true,2026-06-25T05:22:11.730520Z
2024-08-16,JP,97.631418,0.236858,authorized_macro_cycle_proxy,false,true,2026-06-25T05:22:11.730520Z
2024-08-16,EURO_AREA,97.631418,0.236858,authorized_macro_cycle_proxy,false,true,2026-06-25T05:22:11.730520Z
2024-08-19,CN,97.726463,0.227354,authorized_macro_cycle_proxy,false,true,2026-06-25T05:22:11.730520Z
2024-08-19,US,97.726463,0.227354,authorized_macro_cycle_proxy,false,true,2026-06-25T05:22:11.730520Z
2024-08-19,OECD_TOTAL,97.726463,0.227354,authorized_macro_cycle_proxy,false,true,2026-06-25T05:22:11.730520Z
2024-08-19,G20,97.726463,0.227354,authorized_macro_cycle_proxy,false,true,2026-06-25T05:22:11.730520Z
2024-08-19,JP,97.726463,0.227354,authorized_macro_cycle_proxy,false,true,2026-06-25T05:22:11.730520Z
2024-08-19,EURO_AREA,97.726463,0.227354,authorized_macro_cycle_proxy,false,true,2026-06-25T05:22:11.730520Z
2024-08-20,CN,97.643654,0.235635,authorized_macro_cycle_proxy,false,true,2026-06-25T05:22:11.730520Z
2024-08-20,US,97.643654,0.235635,authorized_macro_cycle_proxy,false,true,2026-06-25T05:22:11.730520Z
2024-08-20,OECD_TOTAL,97.643654,0.235635,authorized_macro_cycle_proxy,false,true,2026-06-25T05:22:11.730520Z
2024-08-20,G20,97.643654,0.235635,authorized_macro_cycle_proxy,false,true,2026-06-25T05:22:11.730520Z
2024-08-20,JP,97.643654,0.235635,authorized_macro_cycle_proxy,false,true,2026-06-25T05:22:11.730520Z
2024-08-20,EURO_AREA,97.643654,0.235635,authorized_macro_cycle_proxy,false,true,2026-06-25T05:22:11.730520Z
2024-08-21,CN,97.733127,0.226687,authorized_macro_cycle_proxy,false,true,2026-06-25T05:22:11.730520Z
2024-08-21,US,97.733127,0.226687,authorized_macro_cycle_proxy,false,true,2026-06-25T05:22:11.730520Z
2024-08-21,OECD_TOTAL,97.733127,0.226687,authorized_macro_cycle_proxy,false,true,2026-06-25T05:22:11.730520Z
2024-08-21,G20,97.733127,0.226687,authorized_macro_cycle_proxy,false,true,2026-06-25T05:22:11.730520Z
2024-08-21,JP,97.733127,0.226687,authorized_macro_cycle_proxy,false,true,2026-06-25T05:22:11.730520Z
2024-08-21,EURO_AREA,97.733127,0.226687,authorized_macro_cycle_proxy,false,true,2026-06-25T05:22:11.730520Z
2024-08-22,CN,97.489443,0.251056,authorized_macro_cycle_proxy,false,true,2026-06-25T05:22:11.730520Z
2024-08-22,US,97.489443,0.251056,authorized_macro_cycle_proxy,false,true,2026-06-25T05:22:11.730520Z
2024-08-22,OECD_TOTAL,97.489443,0.251056,authorized_macro_cycle_proxy,false,true,2026-06-25T05:22:11.730520Z
2024-08-22,G20,97.489443,0.251056,authorized_macro_cycle_proxy,false,true,2026-06-25T05:22:11.730520Z
2024-08-22,JP,97.489443,0.251056,authorized_macro_cycle_proxy,false,true,2026-06-25T05:22:11.730520Z
2024-08-22,EURO_AREA,97.489443,0.251056,authorized_macro_cycle_proxy,false,true,2026-06-25T05:22:11.730520Z
2024-08-23,CN,97.757394,0.224261,authorized_macro_cycle_proxy,false,true,2026-06-25T05:22:11.730520Z
2024-08-23,US,97.757394,0.224261,authorized_macro_cycle_proxy,false,true,2026-06-25T05:22:11.730520Z
2024-08-23,OECD_TOTAL,97.757394,0.224261,authorized_macro_cycle_proxy,false,true,2026-06-25T05:22:11.730520Z
2024-08-23,G20,97.757394,0.224261,authorized_macro_cycle_proxy,false,true,2026-06-25T05:22:11.730520Z
2024-08-23,JP,97.757394,0.224261,authorized_macro_cycle_proxy,false,true,2026-06-25T05:22:11.730520Z
2024-08-23,EURO_AREA,97.757394,0.224261,authorized_macro_cycle_proxy,false,true,2026-06-25T05:22:11.730520Z
2024-08-26,CN,97.671803,0.23282,authorized_macro_cycle_proxy,false,true,2026-06-25T05:22:11.730520Z
2024-08-26,US,97.671803,0.23282,authorized_macro_cycle_proxy,false,true,2026-06-25T05:22:11.730520Z
2024-08-26,OECD_TOTAL,97.671803,0.23282,authorized_macro_cycle_proxy,false,true,2026-06-25T05:22:11.730520Z
2024-08-26,G20,97.671803,0.23282,authorized_macro_cycle_proxy,false,true,2026-06-25T05:22:11.730520Z
2024-08-26,JP,97.671803,0.23282,authorized_macro_cycle_proxy,false,true,2026-06-25T05:22:11.730520Z
2024-08-26,EURO_AREA,97.671803,0.23282,authorized_macro_cycle_proxy,false,true,2026-06-25T05:22:11.730520Z
2024-08-27,CN,97.798288,0.220171,authorized_macro_cycle_proxy,false,true,2026-06-25T05:22:11.730520Z
2024-08-27,US,97.798288,0.220171,authorized_macro_cycle_proxy,false,true,2026-06-25T05:22:11.730520Z
2024-08-27,OECD_TOTAL,97.798288,0.220171,authorized_macro_cycle_proxy,false,true,2026-06-25T05:22:11.730520Z
2024-08-27,G20,97.798288,0.220171,authorized_macro_cycle_proxy,false,true,2026-06-25T05:22:11.730520Z
2024-08-27,JP,97.798288,0.220171,authorized_macro_cycle_proxy,false,true,2026-06-25T05:22:11.730520Z
2024-08-27,EURO_AREA,97.798288,0.220171,authorized_macro_cycle_proxy,false,true,2026-06-25T05:22:11.730520Z
2024-08-28,CN,97.581891,0.241811,authorized_macro_cycle_proxy,false,true,2026-06-25T05:22:11.730520Z
2024-08-28,US,97.581891,0.241811,authorized_macro_cycle_proxy,false,true,2026-06-25T05:22:11.730520Z
2024-08-28,OECD_TOTAL,97.581891,0.241811,authorized_macro_cycle_proxy,false,true,2026-06-25T05:22:11.730520Z
2024-08-28,G20,97.581891,0.241811,authorized_macro_cycle_proxy,false,true,2026-06-25T05:22:11.730520Z
2024-08-28,JP,97.581891,0.241811,authorized_macro_cycle_proxy,false,true,2026-06-25T05:22:11.730520Z
2024-08-28,EURO_AREA,97.581891,0.241811,authorized_macro_cycle_proxy,false,true,2026-06-25T05:22:11.730520Z
2024-08-29,CN,97.675268,0.232473,authorized_macro_cycle_proxy,false,true,2026-06-25T05:22:11.730520Z
2024-08-29,US,97.675268,0.232473,authorized_macro_cycle_proxy,false,true,2026-06-25T05:22:11.730520Z
2024-08-29,OECD_TOTAL,97.675268,0.232473,authorized_macro_cycle_proxy,false,true,2026-06-25T05:22:11.730520Z
2024-08-29,G20,97.675268,0.232473,authorized_macro_cycle_proxy,false,true,2026-06-25T05:22:11.730520Z
2024-08-29,JP,97.675268,0.232473,authorized_macro_cycle_proxy,false,true,2026-06-25T05:22:11.730520Z
2024-08-29,EURO_AREA,97.675268,0.232473,authorized_macro_cycle_proxy,false,true,2026-06-25T05:22:11.730520Z
2024-08-30,CN,97.881003,0.2119,authorized_macro_cycle_proxy,false,true,2026-06-25T05:22:11.730520Z
2024-08-30,US,97.881003,0.2119,authorized_macro_cycle_proxy,false,true,2026-06-25T05:22:11.730520Z
2024-08-30,OECD_TOTAL,97.881003,0.2119,authorized_macro_cycle_proxy,false,true,2026-06-25T05:22:11.730520Z
2024-08-30,G20,97.881003,0.2119,authorized_macro_cycle_proxy,false,true,2026-06-25T05:22:11.730520Z
2024-08-30,JP,97.881003,0.2119,authorized_macro_cycle_proxy,false,true,2026-06-25T05:22:11.730520Z
2024-08-30,EURO_AREA,97.881003,0.2119,authorized_macro_cycle_proxy,false,true,2026-06-25T05:22:11.730520Z
2024-09-02,CN,97.747661,0.225234,authorized_macro_cycle_proxy,false,true,2026-06-25T05:22:11.730520Z
2024-09-02,US,97.747661,0.225234,authorized_macro_cycle_proxy,false,true,2026-06-25T05:22:11.730520Z
2024-09-02,OECD_TOTAL,97.747661,0.225234,authorized_macro_cycle_proxy,false,true,2026-06-25T05:22:11.730520Z
2024-09-02,G20,97.747661,0.225234,authorized_macro_cycle_proxy,false,true,2026-06-25T05:22:11.730520Z
2024-09-02,JP,97.747661,0.225234,authorized_macro_cycle_proxy,false,true,2026-06-25T05:22:11.730520Z
2024-09-02,EURO_AREA,97.747661,0.225234,authorized_macro_cycle_proxy,false,true,2026-06-25T05:22:11.730520Z
2024-09-03,CN,97.186059,0.281394,authorized_macro_cycle_proxy,false,true,2026-06-25T05:22:11.730520Z
2024-09-03,US,97.186059,0.281394,authorized_macro_cycle_proxy,false,true,2026-06-25T05:22:11.730520Z
2024-09-03,OECD_TOTAL,97.186059,0.281394,authorized_macro_cycle_proxy,false,true,2026-06-25T05:22:11.730520Z
2024-09-03,G20,97.186059,0.281394,authorized_macro_cycle_proxy,false,true,2026-06-25T05:22:11.730520Z
2024-09-03,JP,97.186059,0.281394,authorized_macro_cycle_proxy,false,true,2026-06-25T05:22:11.730520Z
2024-09-03,EURO_AREA,97.186059,0.281394,authorized_macro_cycle_proxy,false,true,2026-06-25T05:22:11.730520Z
2024-09-04,CN,97.146929,0.285307,authorized_macro_cycle_proxy,false,true,2026-06-25T05:22:11.730520Z
2024-09-04,US,97.146929,0.285307,authorized_macro_cycle_proxy,false,true,2026-06-25T05:22:11.730520Z
2024-09-04,OECD_TOTAL,97.146929,0.285307,authorized_macro_cycle_proxy,false,true,2026-06-25T05:22:11.730520Z
2024-09-04,G20,97.146929,0.285307,authorized_macro_cycle_proxy,false,true,2026-06-25T05:22:11.730520Z
2024-09-04,JP,97.146929,0.285307,authorized_macro_cycle_proxy,false,true,2026-06-25T05:22:11.730520Z
2024-09-04,EURO_AREA,97.146929,0.285307,authorized_macro_cycle_proxy,false,true,2026-06-25T05:22:11.730520Z
2024-09-05,CN,97.400544,0.259946,authorized_macro_cycle_proxy,false,true,2026-06-25T05:22:11.730520Z
2024-09-05,US,97.400544,0.259946,authorized_macro_cycle_proxy,false,true,2026-06-25T05:22:11.730520Z
2024-09-05,OECD_TOTAL,97.400544,0.259946,authorized_macro_cycle_proxy,false,true,2026-06-25T05:22:11.730520Z
2024-09-05,G20,97.400544,0.259946,authorized_macro_cycle_proxy,false,true,2026-06-25T05:22:11.730520Z
2024-09-05,JP,97.400544,0.259946,authorized_macro_cycle_proxy,false,true,2026-06-25T05:22:11.730520Z
2024-09-05,EURO_AREA,97.400544,0.259946,authorized_macro_cycle_proxy,false,true,2026-06-25T05:22:11.730520Z
2024-09-06,CN,97.058104,0.29419,authorized_macro_cycle_proxy,false,true,2026-06-25T05:22:11.730520Z
2024-09-06,US,97.058104,0.29419,authorized_macro_cycle_proxy,false,true,2026-06-25T05:22:11.730520Z
2024-09-06,OECD_TOTAL,97.058104,0.29419,authorized_macro_cycle_proxy,false,true,2026-06-25T05:22:11.730520Z
2024-09-06,G20,97.058104,0.29419,authorized_macro_cycle_proxy,false,true,2026-06-25T05:22:11.730520Z
2024-09-06,JP,97.058104,0.29419,authorized_macro_cycle_proxy,false,true,2026-06-25T05:22:11.730520Z
2024-09-06,EURO_AREA,97.058104,0.29419,authorized_macro_cycle_proxy,false,true,2026-06-25T05:22:11.730520Z
2024-09-09,CN,97.387544,0.261246,authorized_macro_cycle_proxy,false,true,2026-06-25T05:22:11.730520Z
2024-09-09,US,97.387544,0.261246,authorized_macro_cycle_proxy,false,true,2026-06-25T05:22:11.730520Z
2024-09-09,OECD_TOTAL,97.387544,0.261246,authorized_macro_cycle_proxy,false,true,2026-06-25T05:22:11.730520Z
2024-09-09,G20,97.387544,0.261246,authorized_macro_cycle_proxy,false,true,2026-06-25T05:22:11.730520Z
2024-09-09,JP,97.387544,0.261246,authorized_macro_cycle_proxy,false,true,2026-06-25T05:22:11.730520Z
2024-09-09,EURO_AREA,97.387544,0.261246,authorized_macro_cycle_proxy,false,true,2026-06-25T05:22:11.730520Z
2024-09-10,CN,97.530556,0.246944,authorized_macro_cycle_proxy,false,true,2026-06-25T05:22:11.730520Z
2024-09-10,US,97.530556,0.246944,authorized_macro_cycle_proxy,false,true,2026-06-25T05:22:11.730520Z
2024-09-10,OECD_TOTAL,97.530556,0.246944,authorized_macro_cycle_proxy,false,true,2026-06-25T05:22:11.730520Z
2024-09-10,G20,97.530556,0.246944,authorized_macro_cycle_proxy,false,true,2026-06-25T05:22:11.730520Z
2024-09-10,JP,97.530556,0.246944,authorized_macro_cycle_proxy,false,true,2026-06-25T05:22:11.730520Z
2024-09-10,EURO_AREA,97.530556,0.246944,authorized_macro_cycle_proxy,false,true,2026-06-25T05:22:11.730520Z
2024-09-11,CN,97.665545,0.233446,authorized_macro_cycle_proxy,false,true,2026-06-25T05:22:11.730520Z
2024-09-11,US,97.665545,0.233446,authorized_macro_cycle_proxy,false,true,2026-06-25T05:22:11.730520Z
2024-09-11,OECD_TOTAL,97.665545,0.233446,authorized_macro_cycle_proxy,false,true,2026-06-25T05:22:11.730520Z
2024-09-11,G20,97.665545,0.233446,authorized_macro_cycle_proxy,false,true,2026-06-25T05:22:11.730520Z
2024-09-11,JP,97.665545,0.233446,authorized_macro_cycle_proxy,false,true,2026-06-25T05:22:11.730520Z
2024-09-11,EURO_AREA,97.665545,0.233446,authorized_macro_cycle_proxy,false,true,2026-06-25T05:22:11.730520Z
2024-09-12,CN,97.721252,0.227875,authorized_macro_cycle_proxy,false,true,2026-06-25T05:22:11.730520Z
2024-09-12,US,97.721252,0.227875,authorized_macro_cycle_proxy,false,true,2026-06-25T05:22:11.730520Z
2024-09-12,OECD_TOTAL,97.721252,0.227875,authorized_macro_cycle_proxy,false,true,2026-06-25T05:22:11.730520Z
2024-09-12,G20,97.721252,0.227875,authorized_macro_cycle_proxy,false,true,2026-06-25T05:22:11.730520Z
2024-09-12,JP,97.721252,0.227875,authorized_macro_cycle_proxy,false,true,2026-06-25T05:22:11.730520Z
2024-09-12,EURO_AREA,97.721252,0.227875,authorized_macro_cycle_proxy,false,true,2026-06-25T05:22:11.730520Z
2024-09-13,CN,97.754484,0.224552,authorized_macro_cycle_proxy,false,true,2026-06-25T05:22:11.730520Z
2024-09-13,US,97.754484,0.224552,authorized_macro_cycle_proxy,false,true,2026-06-25T05:22:11.730520Z
2024-09-13,OECD_TOTAL,97.754484,0.224552,authorized_macro_cycle_proxy,false,true,2026-06-25T05:22:11.730520Z
2024-09-13,G20,97.754484,0.224552,authorized_macro_cycle_proxy,false,true,2026-06-25T05:22:11.730520Z
2024-09-13,JP,97.754484,0.224552,authorized_macro_cycle_proxy,false,true,2026-06-25T05:22:11.730520Z
2024-09-13,EURO_AREA,97.754484,0.224552,authorized_macro_cycle_proxy,false,true,2026-06-25T05:22:11.730520Z
2024-09-18,CN,97.510394,0.248961,authorized_macro_cycle_proxy,false,true,2026-06-25T05:22:11.730520Z
2024-09-18,US,97.510394,0.248961,authorized_macro_cycle_proxy,false,true,2026-06-25T05:22:11.730520Z
2024-09-18,OECD_TOTAL,97.510394,0.248961,authorized_macro_cycle_proxy,false,true,2026-06-25T05:22:11.730520Z
2024-09-18,G20,97.510394,0.248961,authorized_macro_cycle_proxy,false,true,2026-06-25T05:22:11.730520Z
2024-09-18,JP,97.510394,0.248961,authorized_macro_cycle_proxy,false,true,2026-06-25T05:22:11.730520Z
2024-09-18,EURO_AREA,97.510394,0.248961,authorized_macro_cycle_proxy,false,true,2026-06-25T05:22:11.730520Z
2024-09-19,CN,97.763253,0.223675,authorized_macro_cycle_proxy,false,true,2026-06-25T05:22:11.730520Z
2024-09-19,US,97.763253,0.223675,authorized_macro_cycle_proxy,false,true,2026-06-25T05:22:11.730520Z
2024-09-19,OECD_TOTAL,97.763253,0.223675,authorized_macro_cycle_proxy,false,true,2026-06-25T05:22:11.730520Z
2024-09-19,G20,97.763253,0.223675,authorized_macro_cycle_proxy,false,true,2026-06-25T05:22:11.730520Z
2024-09-19,JP,97.763253,0.223675,authorized_macro_cycle_proxy,false,true,2026-06-25T05:22:11.730520Z
2024-09-19,EURO_AREA,97.763253,0.223675,authorized_macro_cycle_proxy,false,true,2026-06-25T05:22:11.730520Z
2024-09-20,CN,97.83306,0.216694,authorized_macro_cycle_proxy,false,true,2026-06-25T05:22:11.730520Z
2024-09-20,US,97.83306,0.216694,authorized_macro_cycle_proxy,false,true,2026-06-25T05:22:11.730520Z
2024-09-20,OECD_TOTAL,97.83306,0.216694,authorized_macro_cycle_proxy,false,true,2026-06-25T05:22:11.730520Z
2024-09-20,G20,97.83306,0.216694,authorized_macro_cycle_proxy,false,true,2026-06-25T05:22:11.730520Z
2024-09-20,JP,97.83306,0.216694,authorized_macro_cycle_proxy,false,true,2026-06-25T05:22:11.730520Z
2024-09-20,EURO_AREA,97.83306,0.216694,authorized_macro_cycle_proxy,false,true,2026-06-25T05:22:11.730520Z
2024-09-23,CN,97.947055,0.205294,authorized_macro_cycle_proxy,false,true,2026-06-25T05:22:11.730520Z
2024-09-23,US,97.947055,0.205294,authorized_macro_cycle_proxy,false,true,2026-06-25T05:22:11.730520Z
2024-09-23,OECD_TOTAL,97.947055,0.205294,authorized_macro_cycle_proxy,false,true,2026-06-25T05:22:11.730520Z
2024-09-23,G20,97.947055,0.205294,authorized_macro_cycle_proxy,false,true,2026-06-25T05:22:11.730520Z
2024-09-23,JP,97.947055,0.205294,authorized_macro_cycle_proxy,false,true,2026-06-25T05:22:11.730520Z
2024-09-23,EURO_AREA,97.947055,0.205294,authorized_macro_cycle_proxy,false,true,2026-06-25T05:22:11.730520Z
2024-09-24,CN,98.166936,0.183306,authorized_macro_cycle_proxy,false,true,2026-06-25T05:22:11.730520Z
2024-09-24,US,98.166936,0.183306,authorized_macro_cycle_proxy,false,true,2026-06-25T05:22:11.730520Z
2024-09-24,OECD_TOTAL,98.166936,0.183306,authorized_macro_cycle_proxy,false,true,2026-06-25T05:22:11.730520Z
2024-09-24,G20,98.166936,0.183306,authorized_macro_cycle_proxy,false,true,2026-06-25T05:22:11.730520Z
2024-09-24,JP,98.166936,0.183306,authorized_macro_cycle_proxy,false,true,2026-06-25T05:22:11.730520Z
2024-09-24,EURO_AREA,98.166936,0.183306,authorized_macro_cycle_proxy,false,true,2026-06-25T05:22:11.730520Z
2024-09-25,CN,98.179082,0.182092,authorized_macro_cycle_proxy,false,true,2026-06-25T05:22:11.730520Z
2024-09-25,US,98.179082,0.182092,authorized_macro_cycle_proxy,false,true,2026-06-25T05:22:11.730520Z
2024-09-25,OECD_TOTAL,98.179082,0.182092,authorized_macro_cycle_proxy,false,true,2026-06-25T05:22:11.730520Z
2024-09-25,G20,98.179082,0.182092,authorized_macro_cycle_proxy,false,true,2026-06-25T05:22:11.730520Z
2024-09-25,JP,98.179082,0.182092,authorized_macro_cycle_proxy,false,true,2026-06-25T05:22:11.730520Z
2024-09-25,EURO_AREA,98.179082,0.182092,authorized_macro_cycle_proxy,false,true,2026-06-25T05:22:11.730520Z
2024-09-26,CN,98.252093,0.174791,authorized_macro_cycle_proxy,false,true,2026-06-25T05:22:11.730520Z
2024-09-26,US,98.252093,0.174791,authorized_macro_cycle_proxy,false,true,2026-06-25T05:22:11.730520Z
2024-09-26,OECD_TOTAL,98.252093,0.174791,authorized_macro_cycle_proxy,false,true,2026-06-25T05:22:11.730520Z
2024-09-26,G20,98.252093,0.174791,authorized_macro_cycle_proxy,false,true,2026-06-25T05:22:11.730520Z
2024-09-26,JP,98.252093,0.174791,authorized_macro_cycle_proxy,false,true,2026-06-25T05:22:11.730520Z
2024-09-26,EURO_AREA,98.252093,0.174791,authorized_macro_cycle_proxy,false,true,2026-06-25T05:22:11.730520Z
2024-09-27,CN,98.039564,0.196044,authorized_macro_cycle_proxy,false,true,2026-06-25T05:22:11.730520Z
2024-09-27,US,98.039564,0.196044,authorized_macro_cycle_proxy,false,true,2026-06-25T05:22:11.730520Z
2024-09-27,OECD_TOTAL,98.039564,0.196044,authorized_macro_cycle_proxy,false,true,2026-06-25T05:22:11.730520Z
2024-09-27,G20,98.039564,0.196044,authorized_macro_cycle_proxy,false,true,2026-06-25T05:22:11.730520Z
2024-09-27,JP,98.039564,0.196044,authorized_macro_cycle_proxy,false,true,2026-06-25T05:22:11.730520Z
2024-09-27,EURO_AREA,98.039564,0.196044,authorized_macro_cycle_proxy,false,true,2026-06-25T05:22:11.730520Z
2024-09-30,CN,98.034854,0.196515,authorized_macro_cycle_proxy,false,true,2026-06-25T05:22:11.730520Z
2024-09-30,US,98.034854,0.196515,authorized_macro_cycle_proxy,false,true,2026-06-25T05:22:11.730520Z
2024-09-30,OECD_TOTAL,98.034854,0.196515,authorized_macro_cycle_proxy,false,true,2026-06-25T05:22:11.730520Z
2024-09-30,G20,98.034854,0.196515,authorized_macro_cycle_proxy,false,true,2026-06-25T05:22:11.730520Z
2024-09-30,JP,98.034854,0.196515,authorized_macro_cycle_proxy,false,true,2026-06-25T05:22:11.730520Z
2024-09-30,EURO_AREA,98.034854,0.196515,authorized_macro_cycle_proxy,false,true,2026-06-25T05:22:11.730520Z
2024-10-08,CN,97.096665,0.290334,authorized_macro_cycle_proxy,false,true,2026-06-25T05:22:11.730520Z
2024-10-08,US,97.096665,0.290334,authorized_macro_cycle_proxy,false,true,2026-06-25T05:22:11.730520Z
2024-10-08,OECD_TOTAL,97.096665,0.290334,authorized_macro_cycle_proxy,false,true,2026-06-25T05:22:11.730520Z
2024-10-08,G20,97.096665,0.290334,authorized_macro_cycle_proxy,false,true,2026-06-25T05:22:11.730520Z
2024-10-08,JP,97.096665,0.290334,authorized_macro_cycle_proxy,false,true,2026-06-25T05:22:11.730520Z
2024-10-08,EURO_AREA,97.096665,0.290334,authorized_macro_cycle_proxy,false,true,2026-06-25T05:22:11.730520Z
2024-10-09,CN,97.137261,0.286274,authorized_macro_cycle_proxy,false,true,2026-06-25T05:22:11.730520Z
2024-10-09,US,97.137261,0.286274,authorized_macro_cycle_proxy,false,true,2026-06-25T05:22:11.730520Z
2024-10-09,OECD_TOTAL,97.137261,0.286274,authorized_macro_cycle_proxy,false,true,2026-06-25T05:22:11.730520Z
2024-10-09,G20,97.137261,0.286274,authorized_macro_cycle_proxy,false,true,2026-06-25T05:22:11.730520Z
2024-10-09,JP,97.137261,0.286274,authorized_macro_cycle_proxy,false,true,2026-06-25T05:22:11.730520Z
2024-10-09,EURO_AREA,97.137261,0.286274,authorized_macro_cycle_proxy,false,true,2026-06-25T05:22:11.730520Z
2024-10-10,CN,97.057032,0.294297,authorized_macro_cycle_proxy,false,true,2026-06-25T05:22:11.730520Z
2024-10-10,US,97.057032,0.294297,authorized_macro_cycle_proxy,false,true,2026-06-25T05:22:11.730520Z
2024-10-10,OECD_TOTAL,97.057032,0.294297,authorized_macro_cycle_proxy,false,true,2026-06-25T05:22:11.730520Z
2024-10-10,G20,97.057032,0.294297,authorized_macro_cycle_proxy,false,true,2026-06-25T05:22:11.730520Z
2024-10-10,JP,97.057032,0.294297,authorized_macro_cycle_proxy,false,true,2026-06-25T05:22:11.730520Z
2024-10-10,EURO_AREA,97.057032,0.294297,authorized_macro_cycle_proxy,false,true,2026-06-25T05:22:11.730520Z
2024-10-11,CN,97.140546,0.285945,authorized_macro_cycle_proxy,false,true,2026-06-25T05:22:11.730520Z
2024-10-11,US,97.140546,0.285945,authorized_macro_cycle_proxy,false,true,2026-06-25T05:22:11.730520Z
2024-10-11,OECD_TOTAL,97.140546,0.285945,authorized_macro_cycle_proxy,false,true,2026-06-25T05:22:11.730520Z
2024-10-11,G20,97.140546,0.285945,authorized_macro_cycle_proxy,false,true,2026-06-25T05:22:11.730520Z
2024-10-11,JP,97.140546,0.285945,authorized_macro_cycle_proxy,false,true,2026-06-25T05:22:11.730520Z
2024-10-11,EURO_AREA,97.140546,0.285945,authorized_macro_cycle_proxy,false,true,2026-06-25T05:22:11.730520Z
2024-10-14,CN,97.262643,0.273736,authorized_macro_cycle_proxy,false,true,2026-06-25T05:22:11.730520Z
2024-10-14,US,97.262643,0.273736,authorized_macro_cycle_proxy,false,true,2026-06-25T05:22:11.730520Z
2024-10-14,OECD_TOTAL,97.262643,0.273736,authorized_macro_cycle_proxy,false,true,2026-06-25T05:22:11.730520Z
2024-10-14,G20,97.262643,0.273736,authorized_macro_cycle_proxy,false,true,2026-06-25T05:22:11.730520Z
2024-10-14,JP,97.262643,0.273736,authorized_macro_cycle_proxy,false,true,2026-06-25T05:22:11.730520Z
2024-10-14,EURO_AREA,97.262643,0.273736,authorized_macro_cycle_proxy,false,true,2026-06-25T05:22:11.730520Z
2024-10-15,CN,97.192435,0.280756,authorized_macro_cycle_proxy,false,true,2026-06-25T05:22:11.730520Z
2024-10-15,US,97.192435,0.280756,authorized_macro_cycle_proxy,false,true,2026-06-25T05:22:11.730520Z
2024-10-15,OECD_TOTAL,97.192435,0.280756,authorized_macro_cycle_proxy,false,true,2026-06-25T05:22:11.730520Z
2024-10-15,G20,97.192435,0.280756,authorized_macro_cycle_proxy,false,true,2026-06-25T05:22:11.730520Z
2024-10-15,JP,97.192435,0.280756,authorized_macro_cycle_proxy,false,true,2026-06-25T05:22:11.730520Z
2024-10-15,EURO_AREA,97.192435,0.280756,authorized_macro_cycle_proxy,false,true,2026-06-25T05:22:11.730520Z
2024-10-16,CN,97.355157,0.264484,authorized_macro_cycle_proxy,false,true,2026-06-25T05:22:11.730520Z
2024-10-16,US,97.355157,0.264484,authorized_macro_cycle_proxy,false,true,2026-06-25T05:22:11.730520Z
2024-10-16,OECD_TOTAL,97.355157,0.264484,authorized_macro_cycle_proxy,false,true,2026-06-25T05:22:11.730520Z
2024-10-16,G20,97.355157,0.264484,authorized_macro_cycle_proxy,false,true,2026-06-25T05:22:11.730520Z
2024-10-16,JP,97.355157,0.264484,authorized_macro_cycle_proxy,false,true,2026-06-25T05:22:11.730520Z
2024-10-16,EURO_AREA,97.355157,0.264484,authorized_macro_cycle_proxy,false,true,2026-06-25T05:22:11.730520Z
2024-10-17,CN,97.369207,0.263079,authorized_macro_cycle_proxy,false,true,2026-06-25T05:22:11.730520Z
2024-10-17,US,97.369207,0.263079,authorized_macro_cycle_proxy,false,true,2026-06-25T05:22:11.730520Z
2024-10-17,OECD_TOTAL,97.369207,0.263079,authorized_macro_cycle_proxy,false,true,2026-06-25T05:22:11.730520Z
2024-10-17,G20,97.369207,0.263079,authorized_macro_cycle_proxy,false,true,2026-06-25T05:22:11.730520Z
2024-10-17,JP,97.369207,0.263079,authorized_macro_cycle_proxy,false,true,2026-06-25T05:22:11.730520Z
2024-10-17,EURO_AREA,97.369207,0.263079,authorized_macro_cycle_proxy,false,true,2026-06-25T05:22:11.730520Z
2024-10-18,CN,97.562978,0.243702,authorized_macro_cycle_proxy,false,true,2026-06-25T05:22:11.730520Z
2024-10-18,US,97.562978,0.243702,authorized_macro_cycle_proxy,false,true,2026-06-25T05:22:11.730520Z
2024-10-18,OECD_TOTAL,97.562978,0.243702,authorized_macro_cycle_proxy,false,true,2026-06-25T05:22:11.730520Z
2024-10-18,G20,97.562978,0.243702,authorized_macro_cycle_proxy,false,true,2026-06-25T05:22:11.730520Z
2024-10-18,JP,97.562978,0.243702,authorized_macro_cycle_proxy,false,true,2026-06-25T05:22:11.730520Z
2024-10-18,EURO_AREA,97.562978,0.243702,authorized_macro_cycle_proxy,false,true,2026-06-25T05:22:11.730520Z
2024-10-21,CN,97.438414,0.256159,authorized_macro_cycle_proxy,false,true,2026-06-25T05:22:11.730520Z
2024-10-21,US,97.438414,0.256159,authorized_macro_cycle_proxy,false,true,2026-06-25T05:22:11.730520Z
2024-10-21,OECD_TOTAL,97.438414,0.256159,authorized_macro_cycle_proxy,false,true,2026-06-25T05:22:11.730520Z
2024-10-21,G20,97.438414,0.256159,authorized_macro_cycle_proxy,false,true,2026-06-25T05:22:11.730520Z
2024-10-21,JP,97.438414,0.256159,authorized_macro_cycle_proxy,false,true,2026-06-25T05:22:11.730520Z
2024-10-21,EURO_AREA,97.438414,0.256159,authorized_macro_cycle_proxy,false,true,2026-06-25T05:22:11.730520Z
2024-10-22,CN,97.413804,0.25862,authorized_macro_cycle_proxy,false,true,2026-06-25T05:22:11.730520Z
2024-10-22,US,97.413804,0.25862,authorized_macro_cycle_proxy,false,true,2026-06-25T05:22:11.730520Z
2024-10-22,OECD_TOTAL,97.413804,0.25862,authorized_macro_cycle_proxy,false,true,2026-06-25T05:22:11.730520Z
2024-10-22,G20,97.413804,0.25862,authorized_macro_cycle_proxy,false,true,2026-06-25T05:22:11.730520Z
2024-10-22,JP,97.413804,0.25862,authorized_macro_cycle_proxy,false,true,2026-06-25T05:22:11.730520Z
2024-10-22,EURO_AREA,97.413804,0.25862,authorized_macro_cycle_proxy,false,true,2026-06-25T05:22:11.730520Z
2024-10-23,CN,97.272989,0.272701,authorized_macro_cycle_proxy,false,true,2026-06-25T05:22:11.730520Z
2024-10-23,US,97.272989,0.272701,authorized_macro_cycle_proxy,false,true,2026-06-25T05:22:11.730520Z
2024-10-23,OECD_TOTAL,97.272989,0.272701,authorized_macro_cycle_proxy,false,true,2026-06-25T05:22:11.730520Z
2024-10-23,G20,97.272989,0.272701,authorized_macro_cycle_proxy,false,true,2026-06-25T05:22:11.730520Z
2024-10-23,JP,97.272989,0.272701,authorized_macro_cycle_proxy,false,true,2026-06-25T05:22:11.730520Z
2024-10-23,EURO_AREA,97.272989,0.272701,authorized_macro_cycle_proxy,false,true,2026-06-25T05:22:11.730520Z
2024-10-24,CN,97.337068,0.266293,authorized_macro_cycle_proxy,false,true,2026-06-25T05:22:11.730520Z
2024-10-24,US,97.337068,0.266293,authorized_macro_cycle_proxy,false,true,2026-06-25T05:22:11.730520Z
2024-10-24,OECD_TOTAL,97.337068,0.266293,authorized_macro_cycle_proxy,false,true,2026-06-25T05:22:11.730520Z
2024-10-24,G20,97.337068,0.266293,authorized_macro_cycle_proxy,false,true,2026-06-25T05:22:11.730520Z
2024-10-24,JP,97.337068,0.266293,authorized_macro_cycle_proxy,false,true,2026-06-25T05:22:11.730520Z
2024-10-24,EURO_AREA,97.337068,0.266293,authorized_macro_cycle_proxy,false,true,2026-06-25T05:22:11.730520Z
2024-10-25,CN,97.111996,0.2888,authorized_macro_cycle_proxy,false,true,2026-06-25T05:22:11.730520Z
2024-10-25,US,97.111996,0.2888,authorized_macro_cycle_proxy,false,true,2026-06-25T05:22:11.730520Z
2024-10-25,OECD_TOTAL,97.111996,0.2888,authorized_macro_cycle_proxy,false,true,2026-06-25T05:22:11.730520Z
2024-10-25,G20,97.111996,0.2888,authorized_macro_cycle_proxy,false,true,2026-06-25T05:22:11.730520Z
2024-10-25,JP,97.111996,0.2888,authorized_macro_cycle_proxy,false,true,2026-06-25T05:22:11.730520Z
2024-10-25,EURO_AREA,97.111996,0.2888,authorized_macro_cycle_proxy,false,true,2026-06-25T05:22:11.730520Z
2024-10-28,CN,97.255732,0.274427,authorized_macro_cycle_proxy,false,true,2026-06-25T05:22:11.730520Z
2024-10-28,US,97.255732,0.274427,authorized_macro_cycle_proxy,false,true,2026-06-25T05:22:11.730520Z
2024-10-28,OECD_TOTAL,97.255732,0.274427,authorized_macro_cycle_proxy,false,true,2026-06-25T05:22:11.730520Z
2024-10-28,G20,97.255732,0.274427,authorized_macro_cycle_proxy,false,true,2026-06-25T05:22:11.730520Z
2024-10-28,JP,97.255732,0.274427,authorized_macro_cycle_proxy,false,true,2026-06-25T05:22:11.730520Z
2024-10-28,EURO_AREA,97.255732,0.274427,authorized_macro_cycle_proxy,false,true,2026-06-25T05:22:11.730520Z
2024-10-29,CN,97.316525,0.268348,authorized_macro_cycle_proxy,false,true,2026-06-25T05:22:11.730520Z
2024-10-29,US,97.316525,0.268348,authorized_macro_cycle_proxy,false,true,2026-06-25T05:22:11.730520Z
2024-10-29,OECD_TOTAL,97.316525,0.268348,authorized_macro_cycle_proxy,false,true,2026-06-25T05:22:11.730520Z
2024-10-29,G20,97.316525,0.268348,authorized_macro_cycle_proxy,false,true,2026-06-25T05:22:11.730520Z
2024-10-29,JP,97.316525,0.268348,authorized_macro_cycle_proxy,false,true,2026-06-25T05:22:11.730520Z
2024-10-29,EURO_AREA,97.316525,0.268348,authorized_macro_cycle_proxy,false,true,2026-06-25T05:22:11.730520Z
2024-10-30,CN,97.145875,0.285412,authorized_macro_cycle_proxy,false,true,2026-06-25T05:22:11.730520Z
2024-10-30,US,97.145875,0.285412,authorized_macro_cycle_proxy,false,true,2026-06-25T05:22:11.730520Z
2024-10-30,OECD_TOTAL,97.145875,0.285412,authorized_macro_cycle_proxy,false,true,2026-06-25T05:22:11.730520Z
2024-10-30,G20,97.145875,0.285412,authorized_macro_cycle_proxy,false,true,2026-06-25T05:22:11.730520Z
2024-10-30,JP,97.145875,0.285412,authorized_macro_cycle_proxy,false,true,2026-06-25T05:22:11.730520Z
2024-10-30,EURO_AREA,97.145875,0.285412,authorized_macro_cycle_proxy,false,true,2026-06-25T05:22:11.730520Z
2024-10-31,CN,96.748671,0.325133,authorized_macro_cycle_proxy,false,true,2026-06-25T05:22:11.730520Z
2024-10-31,US,96.748671,0.325133,authorized_macro_cycle_proxy,false,true,2026-06-25T05:22:11.730520Z
2024-10-31,OECD_TOTAL,96.748671,0.325133,authorized_macro_cycle_proxy,false,true,2026-06-25T05:22:11.730520Z
2024-10-31,G20,96.748671,0.325133,authorized_macro_cycle_proxy,false,true,2026-06-25T05:22:11.730520Z
2024-10-31,JP,96.748671,0.325133,authorized_macro_cycle_proxy,false,true,2026-06-25T05:22:11.730520Z
2024-10-31,EURO_AREA,96.748671,0.325133,authorized_macro_cycle_proxy,false,true,2026-06-25T05:22:11.730520Z
2024-11-01,CN,96.879818,0.312018,authorized_macro_cycle_proxy,false,true,2026-06-25T05:22:11.730520Z
2024-11-01,US,96.879818,0.312018,authorized_macro_cycle_proxy,false,true,2026-06-25T05:22:11.730520Z
2024-11-01,OECD_TOTAL,96.879818,0.312018,authorized_macro_cycle_proxy,false,true,2026-06-25T05:22:11.730520Z
2024-11-01,G20,96.879818,0.312018,authorized_macro_cycle_proxy,false,true,2026-06-25T05:22:11.730520Z
2024-11-01,JP,96.879818,0.312018,authorized_macro_cycle_proxy,false,true,2026-06-25T05:22:11.730520Z
2024-11-01,EURO_AREA,96.879818,0.312018,authorized_macro_cycle_proxy,false,true,2026-06-25T05:22:11.730520Z
2024-11-04,CN,96.845389,0.315461,authorized_macro_cycle_proxy,false,true,2026-06-25T05:22:11.730520Z
2024-11-04,US,96.845389,0.315461,authorized_macro_cycle_proxy,false,true,2026-06-25T05:22:11.730520Z
2024-11-04,OECD_TOTAL,96.845389,0.315461,authorized_macro_cycle_proxy,false,true,2026-06-25T05:22:11.730520Z
2024-11-04,G20,96.845389,0.315461,authorized_macro_cycle_proxy,false,true,2026-06-25T05:22:11.730520Z
2024-11-04,JP,96.845389,0.315461,authorized_macro_cycle_proxy,false,true,2026-06-25T05:22:11.730520Z
2024-11-04,EURO_AREA,96.845389,0.315461,authorized_macro_cycle_proxy,false,true,2026-06-25T05:22:11.730520Z
2024-11-05,CN,97.082722,0.291728,authorized_macro_cycle_proxy,false,true,2026-06-25T05:22:11.730520Z
2024-11-05,US,97.082722,0.291728,authorized_macro_cycle_proxy,false,true,2026-06-25T05:22:11.730520Z
2024-11-05,OECD_TOTAL,97.082722,0.291728,authorized_macro_cycle_proxy,false,true,2026-06-25T05:22:11.730520Z
2024-11-05,G20,97.082722,0.291728,authorized_macro_cycle_proxy,false,true,2026-06-25T05:22:11.730520Z
2024-11-05,JP,97.082722,0.291728,authorized_macro_cycle_proxy,false,true,2026-06-25T05:22:11.730520Z
2024-11-05,EURO_AREA,97.082722,0.291728,authorized_macro_cycle_proxy,false,true,2026-06-25T05:22:11.730520Z
2024-11-06,CN,97.360845,0.263915,authorized_macro_cycle_proxy,false,true,2026-06-25T05:22:11.730520Z
2024-11-06,US,97.360845,0.263915,authorized_macro_cycle_proxy,false,true,2026-06-25T05:22:11.730520Z
2024-11-06,OECD_TOTAL,97.360845,0.263915,authorized_macro_cycle_proxy,false,true,2026-06-25T05:22:11.730520Z
2024-11-06,G20,97.360845,0.263915,authorized_macro_cycle_proxy,false,true,2026-06-25T05:22:11.730520Z
2024-11-06,JP,97.360845,0.263915,authorized_macro_cycle_proxy,false,true,2026-06-25T05:22:11.730520Z
2024-11-06,EURO_AREA,97.360845,0.263915,authorized_macro_cycle_proxy,false,true,2026-06-25T05:22:11.730520Z
2024-11-07,CN,97.690518,0.230948,authorized_macro_cycle_proxy,false,true,2026-06-25T05:22:11.730520Z
2024-11-07,US,97.690518,0.230948,authorized_macro_cycle_proxy,false,true,2026-06-25T05:22:11.730520Z
2024-11-07,OECD_TOTAL,97.690518,0.230948,authorized_macro_cycle_proxy,false,true,2026-06-25T05:22:11.730520Z
2024-11-07,G20,97.690518,0.230948,authorized_macro_cycle_proxy,false,true,2026-06-25T05:22:11.730520Z
2024-11-07,JP,97.690518,0.230948,authorized_macro_cycle_proxy,false,true,2026-06-25T05:22:11.730520Z
2024-11-07,EURO_AREA,97.690518,0.230948,authorized_macro_cycle_proxy,false,true,2026-06-25T05:22:11.730520Z
2024-11-08,CN,97.823071,0.217693,authorized_macro_cycle_proxy,false,true,2026-06-25T05:22:11.730520Z
2024-11-08,US,97.823071,0.217693,authorized_macro_cycle_proxy,false,true,2026-06-25T05:22:11.730520Z
2024-11-08,OECD_TOTAL,97.823071,0.217693,authorized_macro_cycle_proxy,false,true,2026-06-25T05:22:11.730520Z
2024-11-08,G20,97.823071,0.217693,authorized_macro_cycle_proxy,false,true,2026-06-25T05:22:11.730520Z
2024-11-08,JP,97.823071,0.217693,authorized_macro_cycle_proxy,false,true,2026-06-25T05:22:11.730520Z
2024-11-08,EURO_AREA,97.823071,0.217693,authorized_macro_cycle_proxy,false,true,2026-06-25T05:22:11.730520Z
2024-11-11,CN,97.825965,0.217404,authorized_macro_cycle_proxy,false,true,2026-06-25T05:22:11.730520Z
2024-11-11,US,97.825965,0.217404,authorized_macro_cycle_proxy,false,true,2026-06-25T05:22:11.730520Z
2024-11-11,OECD_TOTAL,97.825965,0.217404,authorized_macro_cycle_proxy,false,true,2026-06-25T05:22:11.730520Z
2024-11-11,G20,97.825965,0.217404,authorized_macro_cycle_proxy,false,true,2026-06-25T05:22:11.730520Z
2024-11-11,JP,97.825965,0.217404,authorized_macro_cycle_proxy,false,true,2026-06-25T05:22:11.730520Z
2024-11-11,EURO_AREA,97.825965,0.217404,authorized_macro_cycle_proxy,false,true,2026-06-25T05:22:11.730520Z
2024-11-12,CN,97.721125,0.227888,authorized_macro_cycle_proxy,false,true,2026-06-25T05:22:11.730520Z
2024-11-12,US,97.721125,0.227888,authorized_macro_cycle_proxy,false,true,2026-06-25T05:22:11.730520Z
2024-11-12,OECD_TOTAL,97.721125,0.227888,authorized_macro_cycle_proxy,false,true,2026-06-25T05:22:11.730520Z
2024-11-12,G20,97.721125,0.227888,authorized_macro_cycle_proxy,false,true,2026-06-25T05:22:11.730520Z
2024-11-12,JP,97.721125,0.227888,authorized_macro_cycle_proxy,false,true,2026-06-25T05:22:11.730520Z
2024-11-12,EURO_AREA,97.721125,0.227888,authorized_macro_cycle_proxy,false,true,2026-06-25T05:22:11.730520Z
2024-11-13,CN,97.679357,0.232064,authorized_macro_cycle_proxy,false,true,2026-06-25T05:22:11.730520Z
2024-11-13,US,97.679357,0.232064,authorized_macro_cycle_proxy,false,true,2026-06-25T05:22:11.730520Z
2024-11-13,OECD_TOTAL,97.679357,0.232064,authorized_macro_cycle_proxy,false,true,2026-06-25T05:22:11.730520Z
2024-11-13,G20,97.679357,0.232064,authorized_macro_cycle_proxy,false,true,2026-06-25T05:22:11.730520Z
2024-11-13,JP,97.679357,0.232064,authorized_macro_cycle_proxy,false,true,2026-06-25T05:22:11.730520Z
2024-11-13,EURO_AREA,97.679357,0.232064,authorized_macro_cycle_proxy,false,true,2026-06-25T05:22:11.730520Z
2024-11-14,CN,97.700197,0.22998,authorized_macro_cycle_proxy,false,true,2026-06-25T05:22:11.730520Z
2024-11-14,US,97.700197,0.22998,authorized_macro_cycle_proxy,false,true,2026-06-25T05:22:11.730520Z
2024-11-14,OECD_TOTAL,97.700197,0.22998,authorized_macro_cycle_proxy,false,true,2026-06-25T05:22:11.730520Z
2024-11-14,G20,97.700197,0.22998,authorized_macro_cycle_proxy,false,true,2026-06-25T05:22:11.730520Z
2024-11-14,JP,97.700197,0.22998,authorized_macro_cycle_proxy,false,true,2026-06-25T05:22:11.730520Z
2024-11-14,EURO_AREA,97.700197,0.22998,authorized_macro_cycle_proxy,false,true,2026-06-25T05:22:11.730520Z
2024-11-15,CN,97.564472,0.243553,authorized_macro_cycle_proxy,false,true,2026-06-25T05:22:11.730520Z
2024-11-15,US,97.564472,0.243553,authorized_macro_cycle_proxy,false,true,2026-06-25T05:22:11.730520Z
2024-11-15,OECD_TOTAL,97.564472,0.243553,authorized_macro_cycle_proxy,false,true,2026-06-25T05:22:11.730520Z
2024-11-15,G20,97.564472,0.243553,authorized_macro_cycle_proxy,false,true,2026-06-25T05:22:11.730520Z
2024-11-15,JP,97.564472,0.243553,authorized_macro_cycle_proxy,false,true,2026-06-25T05:22:11.730520Z
2024-11-15,EURO_AREA,97.564472,0.243553,authorized_macro_cycle_proxy,false,true,2026-06-25T05:22:11.730520Z
2024-11-18,CN,97.601764,0.239824,authorized_macro_cycle_proxy,false,true,2026-06-25T05:22:11.730520Z
2024-11-18,US,97.601764,0.239824,authorized_macro_cycle_proxy,false,true,2026-06-25T05:22:11.730520Z
2024-11-18,OECD_TOTAL,97.601764,0.239824,authorized_macro_cycle_proxy,false,true,2026-06-25T05:22:11.730520Z
2024-11-18,G20,97.601764,0.239824,authorized_macro_cycle_proxy,false,true,2026-06-25T05:22:11.730520Z
2024-11-18,JP,97.601764,0.239824,authorized_macro_cycle_proxy,false,true,2026-06-25T05:22:11.730520Z
2024-11-18,EURO_AREA,97.601764,0.239824,authorized_macro_cycle_proxy,false,true,2026-06-25T05:22:11.730520Z
2024-11-19,CN,97.501035,0.249896,authorized_macro_cycle_proxy,false,true,2026-06-25T05:22:11.730520Z
2024-11-19,US,97.501035,0.249896,authorized_macro_cycle_proxy,false,true,2026-06-25T05:22:11.730520Z
2024-11-19,OECD_TOTAL,97.501035,0.249896,authorized_macro_cycle_proxy,false,true,2026-06-25T05:22:11.730520Z
2024-11-19,G20,97.501035,0.249896,authorized_macro_cycle_proxy,false,true,2026-06-25T05:22:11.730520Z
2024-11-19,JP,97.501035,0.249896,authorized_macro_cycle_proxy,false,true,2026-06-25T05:22:11.730520Z
2024-11-19,EURO_AREA,97.501035,0.249896,authorized_macro_cycle_proxy,false,true,2026-06-25T05:22:11.730520Z
2024-11-20,CN,97.381903,0.26181,authorized_macro_cycle_proxy,false,true,2026-06-25T05:22:11.730520Z
2024-11-20,US,97.381903,0.26181,authorized_macro_cycle_proxy,false,true,2026-06-25T05:22:11.730520Z
2024-11-20,OECD_TOTAL,97.381903,0.26181,authorized_macro_cycle_proxy,false,true,2026-06-25T05:22:11.730520Z
2024-11-20,G20,97.381903,0.26181,authorized_macro_cycle_proxy,false,true,2026-06-25T05:22:11.730520Z
2024-11-20,JP,97.381903,0.26181,authorized_macro_cycle_proxy,false,true,2026-06-25T05:22:11.730520Z
2024-11-20,EURO_AREA,97.381903,0.26181,authorized_macro_cycle_proxy,false,true,2026-06-25T05:22:11.730520Z
2024-11-21,CN,97.375771,0.262423,authorized_macro_cycle_proxy,false,true,2026-06-25T05:22:11.730520Z
2024-11-21,US,97.375771,0.262423,authorized_macro_cycle_proxy,false,true,2026-06-25T05:22:11.730520Z
2024-11-21,OECD_TOTAL,97.375771,0.262423,authorized_macro_cycle_proxy,false,true,2026-06-25T05:22:11.730520Z
2024-11-21,G20,97.375771,0.262423,authorized_macro_cycle_proxy,false,true,2026-06-25T05:22:11.730520Z
2024-11-21,JP,97.375771,0.262423,authorized_macro_cycle_proxy,false,true,2026-06-25T05:22:11.730520Z
2024-11-21,EURO_AREA,97.375771,0.262423,authorized_macro_cycle_proxy,false,true,2026-06-25T05:22:11.730520Z
2024-11-22,CN,97.53111,0.246889,authorized_macro_cycle_proxy,false,true,2026-06-25T05:22:11.730520Z
2024-11-22,US,97.53111,0.246889,authorized_macro_cycle_proxy,false,true,2026-06-25T05:22:11.730520Z
2024-11-22,OECD_TOTAL,97.53111,0.246889,authorized_macro_cycle_proxy,false,true,2026-06-25T05:22:11.730520Z
2024-11-22,G20,97.53111,0.246889,authorized_macro_cycle_proxy,false,true,2026-06-25T05:22:11.730520Z
2024-11-22,JP,97.53111,0.246889,authorized_macro_cycle_proxy,false,true,2026-06-25T05:22:11.730520Z
2024-11-22,EURO_AREA,97.53111,0.246889,authorized_macro_cycle_proxy,false,true,2026-06-25T05:22:11.730520Z
2024-11-25,CN,97.625215,0.237479,authorized_macro_cycle_proxy,false,true,2026-06-25T05:22:11.730520Z
2024-11-25,US,97.625215,0.237479,authorized_macro_cycle_proxy,false,true,2026-06-25T05:22:11.730520Z
2024-11-25,OECD_TOTAL,97.625215,0.237479,authorized_macro_cycle_proxy,false,true,2026-06-25T05:22:11.730520Z
2024-11-25,G20,97.625215,0.237479,authorized_macro_cycle_proxy,false,true,2026-06-25T05:22:11.730520Z
2024-11-25,JP,97.625215,0.237479,authorized_macro_cycle_proxy,false,true,2026-06-25T05:22:11.730520Z
2024-11-25,EURO_AREA,97.625215,0.237479,authorized_macro_cycle_proxy,false,true,2026-06-25T05:22:11.730520Z
2024-11-26,CN,97.595958,0.240404,authorized_macro_cycle_proxy,false,true,2026-06-25T05:22:11.730520Z
2024-11-26,US,97.595958,0.240404,authorized_macro_cycle_proxy,false,true,2026-06-25T05:22:11.730520Z
2024-11-26,OECD_TOTAL,97.595958,0.240404,authorized_macro_cycle_proxy,false,true,2026-06-25T05:22:11.730520Z
2024-11-26,G20,97.595958,0.240404,authorized_macro_cycle_proxy,false,true,2026-06-25T05:22:11.730520Z
2024-11-26,JP,97.595958,0.240404,authorized_macro_cycle_proxy,false,true,2026-06-25T05:22:11.730520Z
2024-11-26,EURO_AREA,97.595958,0.240404,authorized_macro_cycle_proxy,false,true,2026-06-25T05:22:11.730520Z
2024-11-27,CN,97.731952,0.226805,authorized_macro_cycle_proxy,false,true,2026-06-25T05:22:11.730520Z
2024-11-27,US,97.731952,0.226805,authorized_macro_cycle_proxy,false,true,2026-06-25T05:22:11.730520Z
2024-11-27,OECD_TOTAL,97.731952,0.226805,authorized_macro_cycle_proxy,false,true,2026-06-25T05:22:11.730520Z
2024-11-27,G20,97.731952,0.226805,authorized_macro_cycle_proxy,false,true,2026-06-25T05:22:11.730520Z
2024-11-27,JP,97.731952,0.226805,authorized_macro_cycle_proxy,false,true,2026-06-25T05:22:11.730520Z
2024-11-27,EURO_AREA,97.731952,0.226805,authorized_macro_cycle_proxy,false,true,2026-06-25T05:22:11.730520Z
2024-11-28,CN,97.73984,0.226016,authorized_macro_cycle_proxy,false,true,2026-06-25T05:22:11.730520Z
2024-11-28,US,97.73984,0.226016,authorized_macro_cycle_proxy,false,true,2026-06-25T05:22:11.730520Z
2024-11-28,OECD_TOTAL,97.73984,0.226016,authorized_macro_cycle_proxy,false,true,2026-06-25T05:22:11.730520Z
2024-11-28,G20,97.73984,0.226016,authorized_macro_cycle_proxy,false,true,2026-06-25T05:22:11.730520Z
2024-11-28,JP,97.73984,0.226016,authorized_macro_cycle_proxy,false,true,2026-06-25T05:22:11.730520Z
2024-11-28,EURO_AREA,97.73984,0.226016,authorized_macro_cycle_proxy,false,true,2026-06-25T05:22:11.730520Z
2024-11-29,CN,97.810947,0.218905,authorized_macro_cycle_proxy,false,true,2026-06-25T05:22:11.730520Z
2024-11-29,US,97.810947,0.218905,authorized_macro_cycle_proxy,false,true,2026-06-25T05:22:11.730520Z
2024-11-29,OECD_TOTAL,97.810947,0.218905,authorized_macro_cycle_proxy,false,true,2026-06-25T05:22:11.730520Z
2024-11-29,G20,97.810947,0.218905,authorized_macro_cycle_proxy,false,true,2026-06-25T05:22:11.730520Z
2024-11-29,JP,97.810947,0.218905,authorized_macro_cycle_proxy,false,true,2026-06-25T05:22:11.730520Z
2024-11-29,EURO_AREA,97.810947,0.218905,authorized_macro_cycle_proxy,false,true,2026-06-25T05:22:11.730520Z
2024-12-02,CN,97.802554,0.219745,authorized_macro_cycle_proxy,false,true,2026-06-25T05:22:11.730520Z
2024-12-02,US,97.802554,0.219745,authorized_macro_cycle_proxy,false,true,2026-06-25T05:22:11.730520Z
2024-12-02,OECD_TOTAL,97.802554,0.219745,authorized_macro_cycle_proxy,false,true,2026-06-25T05:22:11.730520Z
2024-12-02,G20,97.802554,0.219745,authorized_macro_cycle_proxy,false,true,2026-06-25T05:22:11.730520Z
2024-12-02,JP,97.802554,0.219745,authorized_macro_cycle_proxy,false,true,2026-06-25T05:22:11.730520Z
2024-12-02,EURO_AREA,97.802554,0.219745,authorized_macro_cycle_proxy,false,true,2026-06-25T05:22:11.730520Z
2024-12-03,CN,97.711875,0.228812,authorized_macro_cycle_proxy,false,true,2026-06-25T05:22:11.730520Z
2024-12-03,US,97.711875,0.228812,authorized_macro_cycle_proxy,false,true,2026-06-25T05:22:11.730520Z
2024-12-03,OECD_TOTAL,97.711875,0.228812,authorized_macro_cycle_proxy,false,true,2026-06-25T05:22:11.730520Z
2024-12-03,G20,97.711875,0.228812,authorized_macro_cycle_proxy,false,true,2026-06-25T05:22:11.730520Z
2024-12-03,JP,97.711875,0.228812,authorized_macro_cycle_proxy,false,true,2026-06-25T05:22:11.730520Z
2024-12-03,EURO_AREA,97.711875,0.228812,authorized_macro_cycle_proxy,false,true,2026-06-25T05:22:11.730520Z
2024-12-04,CN,97.620402,0.23796,authorized_macro_cycle_proxy,false,true,2026-06-25T05:22:11.730520Z
2024-12-04,US,97.620402,0.23796,authorized_macro_cycle_proxy,false,true,2026-06-25T05:22:11.730520Z
2024-12-04,OECD_TOTAL,97.620402,0.23796,authorized_macro_cycle_proxy,false,true,2026-06-25T05:22:11.730520Z
2024-12-04,G20,97.620402,0.23796,authorized_macro_cycle_proxy,false,true,2026-06-25T05:22:11.730520Z
2024-12-04,JP,97.620402,0.23796,authorized_macro_cycle_proxy,false,true,2026-06-25T05:22:11.730520Z
2024-12-04,EURO_AREA,97.620402,0.23796,authorized_macro_cycle_proxy,false,true,2026-06-25T05:22:11.730520Z
2024-12-05,CN,97.663564,0.233644,authorized_macro_cycle_proxy,false,true,2026-06-25T05:22:11.730520Z
2024-12-05,US,97.663564,0.233644,authorized_macro_cycle_proxy,false,true,2026-06-25T05:22:11.730520Z
2024-12-05,OECD_TOTAL,97.663564,0.233644,authorized_macro_cycle_proxy,false,true,2026-06-25T05:22:11.730520Z
2024-12-05,G20,97.663564,0.233644,authorized_macro_cycle_proxy,false,true,2026-06-25T05:22:11.730520Z
2024-12-05,JP,97.663564,0.233644,authorized_macro_cycle_proxy,false,true,2026-06-25T05:22:11.730520Z
2024-12-05,EURO_AREA,97.663564,0.233644,authorized_macro_cycle_proxy,false,true,2026-06-25T05:22:11.730520Z
2024-12-06,CN,97.633907,0.236609,authorized_macro_cycle_proxy,false,true,2026-06-25T05:22:11.730520Z
2024-12-06,US,97.633907,0.236609,authorized_macro_cycle_proxy,false,true,2026-06-25T05:22:11.730520Z
2024-12-06,OECD_TOTAL,97.633907,0.236609,authorized_macro_cycle_proxy,false,true,2026-06-25T05:22:11.730520Z
2024-12-06,G20,97.633907,0.236609,authorized_macro_cycle_proxy,false,true,2026-06-25T05:22:11.730520Z
2024-12-06,JP,97.633907,0.236609,authorized_macro_cycle_proxy,false,true,2026-06-25T05:22:11.730520Z
2024-12-06,EURO_AREA,97.633907,0.236609,authorized_macro_cycle_proxy,false,true,2026-06-25T05:22:11.730520Z
2024-12-09,CN,97.608774,0.239123,authorized_macro_cycle_proxy,false,true,2026-06-25T05:22:11.730520Z
2024-12-09,US,97.608774,0.239123,authorized_macro_cycle_proxy,false,true,2026-06-25T05:22:11.730520Z
2024-12-09,OECD_TOTAL,97.608774,0.239123,authorized_macro_cycle_proxy,false,true,2026-06-25T05:22:11.730520Z
2024-12-09,G20,97.608774,0.239123,authorized_macro_cycle_proxy,false,true,2026-06-25T05:22:11.730520Z
2024-12-09,JP,97.608774,0.239123,authorized_macro_cycle_proxy,false,true,2026-06-25T05:22:11.730520Z
2024-12-09,EURO_AREA,97.608774,0.239123,authorized_macro_cycle_proxy,false,true,2026-06-25T05:22:11.730520Z
2024-12-10,CN,97.608466,0.239153,authorized_macro_cycle_proxy,false,true,2026-06-25T05:22:11.730520Z
2024-12-10,US,97.608466,0.239153,authorized_macro_cycle_proxy,false,true,2026-06-25T05:22:11.730520Z
2024-12-10,OECD_TOTAL,97.608466,0.239153,authorized_macro_cycle_proxy,false,true,2026-06-25T05:22:11.730520Z
2024-12-10,G20,97.608466,0.239153,authorized_macro_cycle_proxy,false,true,2026-06-25T05:22:11.730520Z
2024-12-10,JP,97.608466,0.239153,authorized_macro_cycle_proxy,false,true,2026-06-25T05:22:11.730520Z
2024-12-10,EURO_AREA,97.608466,0.239153,authorized_macro_cycle_proxy,false,true,2026-06-25T05:22:11.730520Z
2024-12-11,CN,97.601389,0.239861,authorized_macro_cycle_proxy,false,true,2026-06-25T05:22:11.730520Z
2024-12-11,US,97.601389,0.239861,authorized_macro_cycle_proxy,false,true,2026-06-25T05:22:11.730520Z
2024-12-11,OECD_TOTAL,97.601389,0.239861,authorized_macro_cycle_proxy,false,true,2026-06-25T05:22:11.730520Z
2024-12-11,G20,97.601389,0.239861,authorized_macro_cycle_proxy,false,true,2026-06-25T05:22:11.730520Z
2024-12-11,JP,97.601389,0.239861,authorized_macro_cycle_proxy,false,true,2026-06-25T05:22:11.730520Z
2024-12-11,EURO_AREA,97.601389,0.239861,authorized_macro_cycle_proxy,false,true,2026-06-25T05:22:11.730520Z
2024-12-12,CN,97.581722,0.241828,authorized_macro_cycle_proxy,false,true,2026-06-25T05:22:11.730520Z
2024-12-12,US,97.581722,0.241828,authorized_macro_cycle_proxy,false,true,2026-06-25T05:22:11.730520Z
2024-12-12,OECD_TOTAL,97.581722,0.241828,authorized_macro_cycle_proxy,false,true,2026-06-25T05:22:11.730520Z
2024-12-12,G20,97.581722,0.241828,authorized_macro_cycle_proxy,false,true,2026-06-25T05:22:11.730520Z
2024-12-12,JP,97.581722,0.241828,authorized_macro_cycle_proxy,false,true,2026-06-25T05:22:11.730520Z
2024-12-12,EURO_AREA,97.581722,0.241828,authorized_macro_cycle_proxy,false,true,2026-06-25T05:22:11.730520Z
2024-12-13,CN,97.4805,0.25195,authorized_macro_cycle_proxy,false,true,2026-06-25T05:22:11.730520Z
2024-12-13,US,97.4805,0.25195,authorized_macro_cycle_proxy,false,true,2026-06-25T05:22:11.730520Z
2024-12-13,OECD_TOTAL,97.4805,0.25195,authorized_macro_cycle_proxy,false,true,2026-06-25T05:22:11.730520Z
2024-12-13,G20,97.4805,0.25195,authorized_macro_cycle_proxy,false,true,2026-06-25T05:22:11.730520Z
2024-12-13,JP,97.4805,0.25195,authorized_macro_cycle_proxy,false,true,2026-06-25T05:22:11.730520Z
2024-12-13,EURO_AREA,97.4805,0.25195,authorized_macro_cycle_proxy,false,true,2026-06-25T05:22:11.730520Z
2024-12-16,CN,97.538508,0.246149,authorized_macro_cycle_proxy,false,true,2026-06-25T05:22:11.730520Z
2024-12-16,US,97.538508,0.246149,authorized_macro_cycle_proxy,false,true,2026-06-25T05:22:11.730520Z
2024-12-16,OECD_TOTAL,97.538508,0.246149,authorized_macro_cycle_proxy,false,true,2026-06-25T05:22:11.730520Z
2024-12-16,G20,97.538508,0.246149,authorized_macro_cycle_proxy,false,true,2026-06-25T05:22:11.730520Z
2024-12-16,JP,97.538508,0.246149,authorized_macro_cycle_proxy,false,true,2026-06-25T05:22:11.730520Z
2024-12-16,EURO_AREA,97.538508,0.246149,authorized_macro_cycle_proxy,false,true,2026-06-25T05:22:11.730520Z
2024-12-17,CN,97.459405,0.254059,authorized_macro_cycle_proxy,false,true,2026-06-25T05:22:11.730520Z
2024-12-17,US,97.459405,0.254059,authorized_macro_cycle_proxy,false,true,2026-06-25T05:22:11.730520Z
2024-12-17,OECD_TOTAL,97.459405,0.254059,authorized_macro_cycle_proxy,false,true,2026-06-25T05:22:11.730520Z
2024-12-17,G20,97.459405,0.254059,authorized_macro_cycle_proxy,false,true,2026-06-25T05:22:11.730520Z
2024-12-17,JP,97.459405,0.254059,authorized_macro_cycle_proxy,false,true,2026-06-25T05:22:11.730520Z
2024-12-17,EURO_AREA,97.459405,0.254059,authorized_macro_cycle_proxy,false,true,2026-06-25T05:22:11.730520Z
2024-12-18,CN,95.739132,0.426087,authorized_macro_cycle_proxy,false,true,2026-06-25T05:22:11.730520Z
2024-12-18,US,95.739132,0.426087,authorized_macro_cycle_proxy,false,true,2026-06-25T05:22:11.730520Z
2024-12-18,OECD_TOTAL,95.739132,0.426087,authorized_macro_cycle_proxy,false,true,2026-06-25T05:22:11.730520Z
2024-12-18,G20,95.739132,0.426087,authorized_macro_cycle_proxy,false,true,2026-06-25T05:22:11.730520Z
2024-12-18,JP,95.739132,0.426087,authorized_macro_cycle_proxy,false,true,2026-06-25T05:22:11.730520Z
2024-12-18,EURO_AREA,95.739132,0.426087,authorized_macro_cycle_proxy,false,true,2026-06-25T05:22:11.730520Z
2024-12-19,CN,96.202782,0.379722,authorized_macro_cycle_proxy,false,true,2026-06-25T05:22:11.730520Z
2024-12-19,US,96.202782,0.379722,authorized_macro_cycle_proxy,false,true,2026-06-25T05:22:11.730520Z
2024-12-19,OECD_TOTAL,96.202782,0.379722,authorized_macro_cycle_proxy,false,true,2026-06-25T05:22:11.730520Z
2024-12-19,G20,96.202782,0.379722,authorized_macro_cycle_proxy,false,true,2026-06-25T05:22:11.730520Z
2024-12-19,JP,96.202782,0.379722,authorized_macro_cycle_proxy,false,true,2026-06-25T05:22:11.730520Z
2024-12-19,EURO_AREA,96.202782,0.379722,authorized_macro_cycle_proxy,false,true,2026-06-25T05:22:11.730520Z
2024-12-20,CN,97.001195,0.299881,authorized_macro_cycle_proxy,false,true,2026-06-25T05:22:11.730520Z
2024-12-20,US,97.001195,0.299881,authorized_macro_cycle_proxy,false,true,2026-06-25T05:22:11.730520Z
2024-12-20,OECD_TOTAL,97.001195,0.299881,authorized_macro_cycle_proxy,false,true,2026-06-25T05:22:11.730520Z
2024-12-20,G20,97.001195,0.299881,authorized_macro_cycle_proxy,false,true,2026-06-25T05:22:11.730520Z
2024-12-20,JP,97.001195,0.299881,authorized_macro_cycle_proxy,false,true,2026-06-25T05:22:11.730520Z
2024-12-20,EURO_AREA,97.001195,0.299881,authorized_macro_cycle_proxy,false,true,2026-06-25T05:22:11.730520Z
2024-12-23,CN,97.25905,0.274095,authorized_macro_cycle_proxy,false,true,2026-06-25T05:22:11.730520Z
2024-12-23,US,97.25905,0.274095,authorized_macro_cycle_proxy,false,true,2026-06-25T05:22:11.730520Z
2024-12-23,OECD_TOTAL,97.25905,0.274095,authorized_macro_cycle_proxy,false,true,2026-06-25T05:22:11.730520Z
2024-12-23,G20,97.25905,0.274095,authorized_macro_cycle_proxy,false,true,2026-06-25T05:22:11.730520Z
2024-12-23,JP,97.25905,0.274095,authorized_macro_cycle_proxy,false,true,2026-06-25T05:22:11.730520Z
2024-12-23,EURO_AREA,97.25905,0.274095,authorized_macro_cycle_proxy,false,true,2026-06-25T05:22:11.730520Z
2024-12-24,CN,97.491822,0.250818,authorized_macro_cycle_proxy,false,true,2026-06-25T05:22:11.730520Z
2024-12-24,US,97.491822,0.250818,authorized_macro_cycle_proxy,false,true,2026-06-25T05:22:11.730520Z
2024-12-24,OECD_TOTAL,97.491822,0.250818,authorized_macro_cycle_proxy,false,true,2026-06-25T05:22:11.730520Z
2024-12-24,G20,97.491822,0.250818,authorized_macro_cycle_proxy,false,true,2026-06-25T05:22:11.730520Z
2024-12-24,JP,97.491822,0.250818,authorized_macro_cycle_proxy,false,true,2026-06-25T05:22:11.730520Z
2024-12-24,EURO_AREA,97.491822,0.250818,authorized_macro_cycle_proxy,false,true,2026-06-25T05:22:11.730520Z
2024-12-25,CN,97.494821,0.250518,authorized_macro_cycle_proxy,false,true,2026-06-25T05:22:11.730520Z
2024-12-25,US,97.494821,0.250518,authorized_macro_cycle_proxy,false,true,2026-06-25T05:22:11.730520Z
2024-12-25,OECD_TOTAL,97.494821,0.250518,authorized_macro_cycle_proxy,false,true,2026-06-25T05:22:11.730520Z
2024-12-25,G20,97.494821,0.250518,authorized_macro_cycle_proxy,false,true,2026-06-25T05:22:11.730520Z
2024-12-25,JP,97.494821,0.250518,authorized_macro_cycle_proxy,false,true,2026-06-25T05:22:11.730520Z
2024-12-25,EURO_AREA,97.494821,0.250518,authorized_macro_cycle_proxy,false,true,2026-06-25T05:22:11.730520Z
2024-12-26,CN,97.507857,0.249214,authorized_macro_cycle_proxy,false,true,2026-06-25T05:22:11.730520Z
2024-12-26,US,97.507857,0.249214,authorized_macro_cycle_proxy,false,true,2026-06-25T05:22:11.730520Z
2024-12-26,OECD_TOTAL,97.507857,0.249214,authorized_macro_cycle_proxy,false,true,2026-06-25T05:22:11.730520Z
2024-12-26,G20,97.507857,0.249214,authorized_macro_cycle_proxy,false,true,2026-06-25T05:22:11.730520Z
2024-12-26,JP,97.507857,0.249214,authorized_macro_cycle_proxy,false,true,2026-06-25T05:22:11.730520Z
2024-12-26,EURO_AREA,97.507857,0.249214,authorized_macro_cycle_proxy,false,true,2026-06-25T05:22:11.730520Z
2024-12-27,CN,97.333732,0.266627,authorized_macro_cycle_proxy,false,true,2026-06-25T05:22:11.730520Z
2024-12-27,US,97.333732,0.266627,authorized_macro_cycle_proxy,false,true,2026-06-25T05:22:11.730520Z
2024-12-27,OECD_TOTAL,97.333732,0.266627,authorized_macro_cycle_proxy,false,true,2026-06-25T05:22:11.730520Z
2024-12-27,G20,97.333732,0.266627,authorized_macro_cycle_proxy,false,true,2026-06-25T05:22:11.730520Z
2024-12-27,JP,97.333732,0.266627,authorized_macro_cycle_proxy,false,true,2026-06-25T05:22:11.730520Z
2024-12-27,EURO_AREA,97.333732,0.266627,authorized_macro_cycle_proxy,false,true,2026-06-25T05:22:11.730520Z
2024-12-30,CN,97.15875,0.284125,authorized_macro_cycle_proxy,false,true,2026-06-25T05:22:11.730520Z
2024-12-30,US,97.15875,0.284125,authorized_macro_cycle_proxy,false,true,2026-06-25T05:22:11.730520Z
2024-12-30,OECD_TOTAL,97.15875,0.284125,authorized_macro_cycle_proxy,false,true,2026-06-25T05:22:11.730520Z
2024-12-30,G20,97.15875,0.284125,authorized_macro_cycle_proxy,false,true,2026-06-25T05:22:11.730520Z
2024-12-30,JP,97.15875,0.284125,authorized_macro_cycle_proxy,false,true,2026-06-25T05:22:11.730520Z
2024-12-30,EURO_AREA,97.15875,0.284125,authorized_macro_cycle_proxy,false,true,2026-06-25T05:22:11.730520Z
2024-12-31,CN,97.121232,0.287877,authorized_macro_cycle_proxy,false,true,2026-06-25T05:22:11.730520Z
2024-12-31,US,97.121232,0.287877,authorized_macro_cycle_proxy,false,true,2026-06-25T05:22:11.730520Z
2024-12-31,OECD_TOTAL,97.121232,0.287877,authorized_macro_cycle_proxy,false,true,2026-06-25T05:22:11.730520Z
2024-12-31,G20,97.121232,0.287877,authorized_macro_cycle_proxy,false,true,2026-06-25T05:22:11.730520Z
2024-12-31,JP,97.121232,0.287877,authorized_macro_cycle_proxy,false,true,2026-06-25T05:22:11.730520Z
2024-12-31,EURO_AREA,97.121232,0.287877,authorized_macro_cycle_proxy,false,true,2026-06-25T05:22:11.730520Z
2025-01-02,CN,96.873591,0.312641,authorized_macro_cycle_proxy,false,true,2026-06-25T05:22:11.730520Z
2025-01-02,US,96.873591,0.312641,authorized_macro_cycle_proxy,false,true,2026-06-25T05:22:11.730520Z
2025-01-02,OECD_TOTAL,96.873591,0.312641,authorized_macro_cycle_proxy,false,true,2026-06-25T05:22:11.730520Z
2025-01-02,G20,96.873591,0.312641,authorized_macro_cycle_proxy,false,true,2026-06-25T05:22:11.730520Z
2025-01-02,JP,96.873591,0.312641,authorized_macro_cycle_proxy,false,true,2026-06-25T05:22:11.730520Z
2025-01-02,EURO_AREA,96.873591,0.312641,authorized_macro_cycle_proxy,false,true,2026-06-25T05:22:11.730520Z
2025-01-03,CN,97.068493,0.293151,authorized_macro_cycle_proxy,false,true,2026-06-25T05:22:11.730520Z
2025-01-03,US,97.068493,0.293151,authorized_macro_cycle_proxy,false,true,2026-06-25T05:22:11.730520Z
2025-01-03,OECD_TOTAL,97.068493,0.293151,authorized_macro_cycle_proxy,false,true,2026-06-25T05:22:11.730520Z
2025-01-03,G20,97.068493,0.293151,authorized_macro_cycle_proxy,false,true,2026-06-25T05:22:11.730520Z
2025-01-03,JP,97.068493,0.293151,authorized_macro_cycle_proxy,false,true,2026-06-25T05:22:11.730520Z
2025-01-03,EURO_AREA,97.068493,0.293151,authorized_macro_cycle_proxy,false,true,2026-06-25T05:22:11.730520Z
2025-01-06,CN,97.055198,0.29448,authorized_macro_cycle_proxy,false,true,2026-06-25T05:22:11.730520Z
2025-01-06,US,97.055198,0.29448,authorized_macro_cycle_proxy,false,true,2026-06-25T05:22:11.730520Z
2025-01-06,OECD_TOTAL,97.055198,0.29448,authorized_macro_cycle_proxy,false,true,2026-06-25T05:22:11.730520Z
2025-01-06,G20,97.055198,0.29448,authorized_macro_cycle_proxy,false,true,2026-06-25T05:22:11.730520Z
2025-01-06,JP,97.055198,0.29448,authorized_macro_cycle_proxy,false,true,2026-06-25T05:22:11.730520Z
2025-01-06,EURO_AREA,97.055198,0.29448,authorized_macro_cycle_proxy,false,true,2026-06-25T05:22:11.730520Z
2025-01-07,CN,96.729963,0.327004,authorized_macro_cycle_proxy,false,true,2026-06-25T05:22:11.730520Z
2025-01-07,US,96.729963,0.327004,authorized_macro_cycle_proxy,false,true,2026-06-25T05:22:11.730520Z
2025-01-07,OECD_TOTAL,96.729963,0.327004,authorized_macro_cycle_proxy,false,true,2026-06-25T05:22:11.730520Z
2025-01-07,G20,96.729963,0.327004,authorized_macro_cycle_proxy,false,true,2026-06-25T05:22:11.730520Z
2025-01-07,JP,96.729963,0.327004,authorized_macro_cycle_proxy,false,true,2026-06-25T05:22:11.730520Z
2025-01-07,EURO_AREA,96.729963,0.327004,authorized_macro_cycle_proxy,false,true,2026-06-25T05:22:11.730520Z
2025-01-08,CN,96.755871,0.324413,authorized_macro_cycle_proxy,false,true,2026-06-25T05:22:11.730520Z
2025-01-08,US,96.755871,0.324413,authorized_macro_cycle_proxy,false,true,2026-06-25T05:22:11.730520Z
2025-01-08,OECD_TOTAL,96.755871,0.324413,authorized_macro_cycle_proxy,false,true,2026-06-25T05:22:11.730520Z
2025-01-08,G20,96.755871,0.324413,authorized_macro_cycle_proxy,false,true,2026-06-25T05:22:11.730520Z
2025-01-08,JP,96.755871,0.324413,authorized_macro_cycle_proxy,false,true,2026-06-25T05:22:11.730520Z
2025-01-08,EURO_AREA,96.755871,0.324413,authorized_macro_cycle_proxy,false,true,2026-06-25T05:22:11.730520Z
2025-01-09,CN,96.643044,0.335696,authorized_macro_cycle_proxy,false,true,2026-06-25T05:22:11.730520Z
2025-01-09,US,96.643044,0.335696,authorized_macro_cycle_proxy,false,true,2026-06-25T05:22:11.730520Z
2025-01-09,OECD_TOTAL,96.643044,0.335696,authorized_macro_cycle_proxy,false,true,2026-06-25T05:22:11.730520Z
2025-01-09,G20,96.643044,0.335696,authorized_macro_cycle_proxy,false,true,2026-06-25T05:22:11.730520Z
2025-01-09,JP,96.643044,0.335696,authorized_macro_cycle_proxy,false,true,2026-06-25T05:22:11.730520Z
2025-01-09,EURO_AREA,96.643044,0.335696,authorized_macro_cycle_proxy,false,true,2026-06-25T05:22:11.730520Z
2025-01-10,CN,96.292002,0.3708,authorized_macro_cycle_proxy,false,true,2026-06-25T05:22:11.730520Z
2025-01-10,US,96.292002,0.3708,authorized_macro_cycle_proxy,false,true,2026-06-25T05:22:11.730520Z
2025-01-10,OECD_TOTAL,96.292002,0.3708,authorized_macro_cycle_proxy,false,true,2026-06-25T05:22:11.730520Z
2025-01-10,G20,96.292002,0.3708,authorized_macro_cycle_proxy,false,true,2026-06-25T05:22:11.730520Z
2025-01-10,JP,96.292002,0.3708,authorized_macro_cycle_proxy,false,true,2026-06-25T05:22:11.730520Z
2025-01-10,EURO_AREA,96.292002,0.3708,authorized_macro_cycle_proxy,false,true,2026-06-25T05:22:11.730520Z
2025-01-13,CN,96.227186,0.377281,authorized_macro_cycle_proxy,false,true,2026-06-25T05:22:11.730520Z
2025-01-13,US,96.227186,0.377281,authorized_macro_cycle_proxy,false,true,2026-06-25T05:22:11.730520Z
2025-01-13,OECD_TOTAL,96.227186,0.377281,authorized_macro_cycle_proxy,false,true,2026-06-25T05:22:11.730520Z
2025-01-13,G20,96.227186,0.377281,authorized_macro_cycle_proxy,false,true,2026-06-25T05:22:11.730520Z
2025-01-13,JP,96.227186,0.377281,authorized_macro_cycle_proxy,false,true,2026-06-25T05:22:11.730520Z
2025-01-13,EURO_AREA,96.227186,0.377281,authorized_macro_cycle_proxy,false,true,2026-06-25T05:22:11.730520Z
2025-01-14,CN,96.545477,0.345452,authorized_macro_cycle_proxy,false,true,2026-06-25T05:22:11.730520Z
2025-01-14,US,96.545477,0.345452,authorized_macro_cycle_proxy,false,true,2026-06-25T05:22:11.730520Z
2025-01-14,OECD_TOTAL,96.545477,0.345452,authorized_macro_cycle_proxy,false,true,2026-06-25T05:22:11.730520Z
2025-01-14,G20,96.545477,0.345452,authorized_macro_cycle_proxy,false,true,2026-06-25T05:22:11.730520Z
2025-01-14,JP,96.545477,0.345452,authorized_macro_cycle_proxy,false,true,2026-06-25T05:22:11.730520Z
2025-01-14,EURO_AREA,96.545477,0.345452,authorized_macro_cycle_proxy,false,true,2026-06-25T05:22:11.730520Z
2025-01-15,CN,96.915424,0.308458,authorized_macro_cycle_proxy,false,true,2026-06-25T05:22:11.730520Z
2025-01-15,US,96.915424,0.308458,authorized_macro_cycle_proxy,false,true,2026-06-25T05:22:11.730520Z
2025-01-15,OECD_TOTAL,96.915424,0.308458,authorized_macro_cycle_proxy,false,true,2026-06-25T05:22:11.730520Z
2025-01-15,G20,96.915424,0.308458,authorized_macro_cycle_proxy,false,true,2026-06-25T05:22:11.730520Z
2025-01-15,JP,96.915424,0.308458,authorized_macro_cycle_proxy,false,true,2026-06-25T05:22:11.730520Z
2025-01-15,EURO_AREA,96.915424,0.308458,authorized_macro_cycle_proxy,false,true,2026-06-25T05:22:11.730520Z
2025-01-16,CN,96.895512,0.310449,authorized_macro_cycle_proxy,false,true,2026-06-25T05:22:11.730520Z
2025-01-16,US,96.895512,0.310449,authorized_macro_cycle_proxy,false,true,2026-06-25T05:22:11.730520Z
2025-01-16,OECD_TOTAL,96.895512,0.310449,authorized_macro_cycle_proxy,false,true,2026-06-25T05:22:11.730520Z
2025-01-16,G20,96.895512,0.310449,authorized_macro_cycle_proxy,false,true,2026-06-25T05:22:11.730520Z
2025-01-16,JP,96.895512,0.310449,authorized_macro_cycle_proxy,false,true,2026-06-25T05:22:11.730520Z
2025-01-16,EURO_AREA,96.895512,0.310449,authorized_macro_cycle_proxy,false,true,2026-06-25T05:22:11.730520Z
2025-01-17,CN,96.989915,0.301008,authorized_macro_cycle_proxy,false,true,2026-06-25T05:22:11.730520Z
2025-01-17,US,96.989915,0.301008,authorized_macro_cycle_proxy,false,true,2026-06-25T05:22:11.730520Z
2025-01-17,OECD_TOTAL,96.989915,0.301008,authorized_macro_cycle_proxy,false,true,2026-06-25T05:22:11.730520Z
2025-01-17,G20,96.989915,0.301008,authorized_macro_cycle_proxy,false,true,2026-06-25T05:22:11.730520Z
2025-01-17,JP,96.989915,0.301008,authorized_macro_cycle_proxy,false,true,2026-06-25T05:22:11.730520Z
2025-01-17,EURO_AREA,96.989915,0.301008,authorized_macro_cycle_proxy,false,true,2026-06-25T05:22:11.730520Z
2025-01-20,CN,97.036904,0.29631,authorized_macro_cycle_proxy,false,true,2026-06-25T05:22:11.730520Z
2025-01-20,US,97.036904,0.29631,authorized_macro_cycle_proxy,false,true,2026-06-25T05:22:11.730520Z
2025-01-20,OECD_TOTAL,97.036904,0.29631,authorized_macro_cycle_proxy,false,true,2026-06-25T05:22:11.730520Z
2025-01-20,G20,97.036904,0.29631,authorized_macro_cycle_proxy,false,true,2026-06-25T05:22:11.730520Z
2025-01-20,JP,97.036904,0.29631,authorized_macro_cycle_proxy,false,true,2026-06-25T05:22:11.730520Z
2025-01-20,EURO_AREA,97.036904,0.29631,authorized_macro_cycle_proxy,false,true,2026-06-25T05:22:11.730520Z
2025-01-21,CN,97.238485,0.276152,authorized_macro_cycle_proxy,false,true,2026-06-25T05:22:11.730520Z
2025-01-21,US,97.238485,0.276152,authorized_macro_cycle_proxy,false,true,2026-06-25T05:22:11.730520Z
2025-01-21,OECD_TOTAL,97.238485,0.276152,authorized_macro_cycle_proxy,false,true,2026-06-25T05:22:11.730520Z
2025-01-21,G20,97.238485,0.276152,authorized_macro_cycle_proxy,false,true,2026-06-25T05:22:11.730520Z
2025-01-21,JP,97.238485,0.276152,authorized_macro_cycle_proxy,false,true,2026-06-25T05:22:11.730520Z
2025-01-21,EURO_AREA,97.238485,0.276152,authorized_macro_cycle_proxy,false,true,2026-06-25T05:22:11.730520Z
2025-01-22,CN,97.235429,0.276457,authorized_macro_cycle_proxy,false,true,2026-06-25T05:22:11.730520Z
2025-01-22,US,97.235429,0.276457,authorized_macro_cycle_proxy,false,true,2026-06-25T05:22:11.730520Z
2025-01-22,OECD_TOTAL,97.235429,0.276457,authorized_macro_cycle_proxy,false,true,2026-06-25T05:22:11.730520Z
2025-01-22,G20,97.235429,0.276457,authorized_macro_cycle_proxy,false,true,2026-06-25T05:22:11.730520Z
2025-01-22,JP,97.235429,0.276457,authorized_macro_cycle_proxy,false,true,2026-06-25T05:22:11.730520Z
2025-01-22,EURO_AREA,97.235429,0.276457,authorized_macro_cycle_proxy,false,true,2026-06-25T05:22:11.730520Z
2025-01-23,CN,97.197641,0.280236,authorized_macro_cycle_proxy,false,true,2026-06-25T05:22:11.730520Z
2025-01-23,US,97.197641,0.280236,authorized_macro_cycle_proxy,false,true,2026-06-25T05:22:11.730520Z
2025-01-23,OECD_TOTAL,97.197641,0.280236,authorized_macro_cycle_proxy,false,true,2026-06-25T05:22:11.730520Z
2025-01-23,G20,97.197641,0.280236,authorized_macro_cycle_proxy,false,true,2026-06-25T05:22:11.730520Z
2025-01-23,JP,97.197641,0.280236,authorized_macro_cycle_proxy,false,true,2026-06-25T05:22:11.730520Z
2025-01-23,EURO_AREA,97.197641,0.280236,authorized_macro_cycle_proxy,false,true,2026-06-25T05:22:11.730520Z
2025-01-24,CN,97.217621,0.278238,authorized_macro_cycle_proxy,false,true,2026-06-25T05:22:11.730520Z
2025-01-24,US,97.217621,0.278238,authorized_macro_cycle_proxy,false,true,2026-06-25T05:22:11.730520Z
2025-01-24,OECD_TOTAL,97.217621,0.278238,authorized_macro_cycle_proxy,false,true,2026-06-25T05:22:11.730520Z
2025-01-24,G20,97.217621,0.278238,authorized_macro_cycle_proxy,false,true,2026-06-25T05:22:11.730520Z
2025-01-24,JP,97.217621,0.278238,authorized_macro_cycle_proxy,false,true,2026-06-25T05:22:11.730520Z
2025-01-24,EURO_AREA,97.217621,0.278238,authorized_macro_cycle_proxy,false,true,2026-06-25T05:22:11.730520Z
2025-01-27,CN,96.926609,0.307339,authorized_macro_cycle_proxy,false,true,2026-06-25T05:22:11.730520Z
2025-01-27,US,96.926609,0.307339,authorized_macro_cycle_proxy,false,true,2026-06-25T05:22:11.730520Z
2025-01-27,OECD_TOTAL,96.926609,0.307339,authorized_macro_cycle_proxy,false,true,2026-06-25T05:22:11.730520Z
2025-01-27,G20,96.926609,0.307339,authorized_macro_cycle_proxy,false,true,2026-06-25T05:22:11.730520Z
2025-01-27,JP,96.926609,0.307339,authorized_macro_cycle_proxy,false,true,2026-06-25T05:22:11.730520Z
2025-01-27,EURO_AREA,96.926609,0.307339,authorized_macro_cycle_proxy,false,true,2026-06-25T05:22:11.730520Z
2025-02-05,CN,97.382277,0.261772,authorized_macro_cycle_proxy,false,true,2026-06-25T05:22:11.730520Z
2025-02-05,US,97.382277,0.261772,authorized_macro_cycle_proxy,false,true,2026-06-25T05:22:11.730520Z
2025-02-05,OECD_TOTAL,97.382277,0.261772,authorized_macro_cycle_proxy,false,true,2026-06-25T05:22:11.730520Z
2025-02-05,G20,97.382277,0.261772,authorized_macro_cycle_proxy,false,true,2026-06-25T05:22:11.730520Z
2025-02-05,JP,97.382277,0.261772,authorized_macro_cycle_proxy,false,true,2026-06-25T05:22:11.730520Z
2025-02-05,EURO_AREA,97.382277,0.261772,authorized_macro_cycle_proxy,false,true,2026-06-25T05:22:11.730520Z
2025-02-06,CN,97.343728,0.265627,authorized_macro_cycle_proxy,false,true,2026-06-25T05:22:11.730520Z
2025-02-06,US,97.343728,0.265627,authorized_macro_cycle_proxy,false,true,2026-06-25T05:22:11.730520Z
2025-02-06,OECD_TOTAL,97.343728,0.265627,authorized_macro_cycle_proxy,false,true,2026-06-25T05:22:11.730520Z
2025-02-06,G20,97.343728,0.265627,authorized_macro_cycle_proxy,false,true,2026-06-25T05:22:11.730520Z
2025-02-06,JP,97.343728,0.265627,authorized_macro_cycle_proxy,false,true,2026-06-25T05:22:11.730520Z
2025-02-06,EURO_AREA,97.343728,0.265627,authorized_macro_cycle_proxy,false,true,2026-06-25T05:22:11.730520Z
2025-02-07,CN,97.272164,0.272784,authorized_macro_cycle_proxy,false,true,2026-06-25T05:22:11.730520Z
2025-02-07,US,97.272164,0.272784,authorized_macro_cycle_proxy,false,true,2026-06-25T05:22:11.730520Z
2025-02-07,OECD_TOTAL,97.272164,0.272784,authorized_macro_cycle_proxy,false,true,2026-06-25T05:22:11.730520Z
2025-02-07,G20,97.272164,0.272784,authorized_macro_cycle_proxy,false,true,2026-06-25T05:22:11.730520Z
2025-02-07,JP,97.272164,0.272784,authorized_macro_cycle_proxy,false,true,2026-06-25T05:22:11.730520Z
2025-02-07,EURO_AREA,97.272164,0.272784,authorized_macro_cycle_proxy,false,true,2026-06-25T05:22:11.730520Z
2025-02-10,CN,97.3926,0.26074,authorized_macro_cycle_proxy,false,true,2026-06-25T05:22:11.730520Z
2025-02-10,US,97.3926,0.26074,authorized_macro_cycle_proxy,false,true,2026-06-25T05:22:11.730520Z
2025-02-10,OECD_TOTAL,97.3926,0.26074,authorized_macro_cycle_proxy,false,true,2026-06-25T05:22:11.730520Z
2025-02-10,G20,97.3926,0.26074,authorized_macro_cycle_proxy,false,true,2026-06-25T05:22:11.730520Z
2025-02-10,JP,97.3926,0.26074,authorized_macro_cycle_proxy,false,true,2026-06-25T05:22:11.730520Z
2025-02-10,EURO_AREA,97.3926,0.26074,authorized_macro_cycle_proxy,false,true,2026-06-25T05:22:11.730520Z
2025-02-11,CN,97.297646,0.270235,authorized_macro_cycle_proxy,false,true,2026-06-25T05:22:11.730520Z
2025-02-11,US,97.297646,0.270235,authorized_macro_cycle_proxy,false,true,2026-06-25T05:22:11.730520Z
2025-02-11,OECD_TOTAL,97.297646,0.270235,authorized_macro_cycle_proxy,false,true,2026-06-25T05:22:11.730520Z
2025-02-11,G20,97.297646,0.270235,authorized_macro_cycle_proxy,false,true,2026-06-25T05:22:11.730520Z
2025-02-11,JP,97.297646,0.270235,authorized_macro_cycle_proxy,false,true,2026-06-25T05:22:11.730520Z
2025-02-11,EURO_AREA,97.297646,0.270235,authorized_macro_cycle_proxy,false,true,2026-06-25T05:22:11.730520Z
2025-02-12,CN,97.304257,0.269574,authorized_macro_cycle_proxy,false,true,2026-06-25T05:22:11.730520Z
2025-02-12,US,97.304257,0.269574,authorized_macro_cycle_proxy,false,true,2026-06-25T05:22:11.730520Z
2025-02-12,OECD_TOTAL,97.304257,0.269574,authorized_macro_cycle_proxy,false,true,2026-06-25T05:22:11.730520Z
2025-02-12,G20,97.304257,0.269574,authorized_macro_cycle_proxy,false,true,2026-06-25T05:22:11.730520Z
2025-02-12,JP,97.304257,0.269574,authorized_macro_cycle_proxy,false,true,2026-06-25T05:22:11.730520Z
2025-02-12,EURO_AREA,97.304257,0.269574,authorized_macro_cycle_proxy,false,true,2026-06-25T05:22:11.730520Z
2025-02-13,CN,97.470571,0.252943,authorized_macro_cycle_proxy,false,true,2026-06-25T05:22:11.730520Z
2025-02-13,US,97.470571,0.252943,authorized_macro_cycle_proxy,false,true,2026-06-25T05:22:11.730520Z
2025-02-13,OECD_TOTAL,97.470571,0.252943,authorized_macro_cycle_proxy,false,true,2026-06-25T05:22:11.730520Z
2025-02-13,G20,97.470571,0.252943,authorized_macro_cycle_proxy,false,true,2026-06-25T05:22:11.730520Z
2025-02-13,JP,97.470571,0.252943,authorized_macro_cycle_proxy,false,true,2026-06-25T05:22:11.730520Z
2025-02-13,EURO_AREA,97.470571,0.252943,authorized_macro_cycle_proxy,false,true,2026-06-25T05:22:11.730520Z
2025-02-14,CN,97.547857,0.245214,authorized_macro_cycle_proxy,false,true,2026-06-25T05:22:11.730520Z
2025-02-14,US,97.547857,0.245214,authorized_macro_cycle_proxy,false,true,2026-06-25T05:22:11.730520Z
2025-02-14,OECD_TOTAL,97.547857,0.245214,authorized_macro_cycle_proxy,false,true,2026-06-25T05:22:11.730520Z
2025-02-14,G20,97.547857,0.245214,authorized_macro_cycle_proxy,false,true,2026-06-25T05:22:11.730520Z
2025-02-14,JP,97.547857,0.245214,authorized_macro_cycle_proxy,false,true,2026-06-25T05:22:11.730520Z
2025-02-14,EURO_AREA,97.547857,0.245214,authorized_macro_cycle_proxy,false,true,2026-06-25T05:22:11.730520Z
2025-02-17,CN,97.540807,0.245919,authorized_macro_cycle_proxy,false,true,2026-06-25T05:22:11.730520Z
2025-02-17,US,97.540807,0.245919,authorized_macro_cycle_proxy,false,true,2026-06-25T05:22:11.730520Z
2025-02-17,OECD_TOTAL,97.540807,0.245919,authorized_macro_cycle_proxy,false,true,2026-06-25T05:22:11.730520Z
2025-02-17,G20,97.540807,0.245919,authorized_macro_cycle_proxy,false,true,2026-06-25T05:22:11.730520Z
2025-02-17,JP,97.540807,0.245919,authorized_macro_cycle_proxy,false,true,2026-06-25T05:22:11.730520Z
2025-02-17,EURO_AREA,97.540807,0.245919,authorized_macro_cycle_proxy,false,true,2026-06-25T05:22:11.730520Z
2025-02-18,CN,97.483822,0.251618,authorized_macro_cycle_proxy,false,true,2026-06-25T05:22:11.730520Z
2025-02-18,US,97.483822,0.251618,authorized_macro_cycle_proxy,false,true,2026-06-25T05:22:11.730520Z
2025-02-18,OECD_TOTAL,97.483822,0.251618,authorized_macro_cycle_proxy,false,true,2026-06-25T05:22:11.730520Z
2025-02-18,G20,97.483822,0.251618,authorized_macro_cycle_proxy,false,true,2026-06-25T05:22:11.730520Z
2025-02-18,JP,97.483822,0.251618,authorized_macro_cycle_proxy,false,true,2026-06-25T05:22:11.730520Z
2025-02-18,EURO_AREA,97.483822,0.251618,authorized_macro_cycle_proxy,false,true,2026-06-25T05:22:11.730520Z
2025-02-19,CN,97.45895,0.254105,authorized_macro_cycle_proxy,false,true,2026-06-25T05:22:11.730520Z
2025-02-19,US,97.45895,0.254105,authorized_macro_cycle_proxy,false,true,2026-06-25T05:22:11.730520Z
2025-02-19,OECD_TOTAL,97.45895,0.254105,authorized_macro_cycle_proxy,false,true,2026-06-25T05:22:11.730520Z
2025-02-19,G20,97.45895,0.254105,authorized_macro_cycle_proxy,false,true,2026-06-25T05:22:11.730520Z
2025-02-19,JP,97.45895,0.254105,authorized_macro_cycle_proxy,false,true,2026-06-25T05:22:11.730520Z
2025-02-19,EURO_AREA,97.45895,0.254105,authorized_macro_cycle_proxy,false,true,2026-06-25T05:22:11.730520Z
2025-02-20,CN,97.409118,0.259088,authorized_macro_cycle_proxy,false,true,2026-06-25T05:22:11.730520Z
2025-02-20,US,97.409118,0.259088,authorized_macro_cycle_proxy,false,true,2026-06-25T05:22:11.730520Z
2025-02-20,OECD_TOTAL,97.409118,0.259088,authorized_macro_cycle_proxy,false,true,2026-06-25T05:22:11.730520Z
2025-02-20,G20,97.409118,0.259088,authorized_macro_cycle_proxy,false,true,2026-06-25T05:22:11.730520Z
2025-02-20,JP,97.409118,0.259088,authorized_macro_cycle_proxy,false,true,2026-06-25T05:22:11.730520Z
2025-02-20,EURO_AREA,97.409118,0.259088,authorized_macro_cycle_proxy,false,true,2026-06-25T05:22:11.730520Z
2025-02-21,CN,97.173368,0.282663,authorized_macro_cycle_proxy,false,true,2026-06-25T05:22:11.730520Z
2025-02-21,US,97.173368,0.282663,authorized_macro_cycle_proxy,false,true,2026-06-25T05:22:11.730520Z
2025-02-21,OECD_TOTAL,97.173368,0.282663,authorized_macro_cycle_proxy,false,true,2026-06-25T05:22:11.730520Z
2025-02-21,G20,97.173368,0.282663,authorized_macro_cycle_proxy,false,true,2026-06-25T05:22:11.730520Z
2025-02-21,JP,97.173368,0.282663,authorized_macro_cycle_proxy,false,true,2026-06-25T05:22:11.730520Z
2025-02-21,EURO_AREA,97.173368,0.282663,authorized_macro_cycle_proxy,false,true,2026-06-25T05:22:11.730520Z
2025-02-24,CN,97.079514,0.292049,authorized_macro_cycle_proxy,false,true,2026-06-25T05:22:11.730520Z
2025-02-24,US,97.079514,0.292049,authorized_macro_cycle_proxy,false,true,2026-06-25T05:22:11.730520Z
2025-02-24,OECD_TOTAL,97.079514,0.292049,authorized_macro_cycle_proxy,false,true,2026-06-25T05:22:11.730520Z
2025-02-24,G20,97.079514,0.292049,authorized_macro_cycle_proxy,false,true,2026-06-25T05:22:11.730520Z
2025-02-24,JP,97.079514,0.292049,authorized_macro_cycle_proxy,false,true,2026-06-25T05:22:11.730520Z
2025-02-24,EURO_AREA,97.079514,0.292049,authorized_macro_cycle_proxy,false,true,2026-06-25T05:22:11.730520Z
2025-02-25,CN,97.104943,0.289506,authorized_macro_cycle_proxy,false,true,2026-06-25T05:22:11.730520Z
2025-02-25,US,97.104943,0.289506,authorized_macro_cycle_proxy,false,true,2026-06-25T05:22:11.730520Z
2025-02-25,OECD_TOTAL,97.104943,0.289506,authorized_macro_cycle_proxy,false,true,2026-06-25T05:22:11.730520Z
2025-02-25,G20,97.104943,0.289506,authorized_macro_cycle_proxy,false,true,2026-06-25T05:22:11.730520Z
2025-02-25,JP,97.104943,0.289506,authorized_macro_cycle_proxy,false,true,2026-06-25T05:22:11.730520Z
2025-02-25,EURO_AREA,97.104943,0.289506,authorized_macro_cycle_proxy,false,true,2026-06-25T05:22:11.730520Z
2025-02-26,CN,97.182286,0.281771,authorized_macro_cycle_proxy,false,true,2026-06-25T05:22:11.730520Z
2025-02-26,US,97.182286,0.281771,authorized_macro_cycle_proxy,false,true,2026-06-25T05:22:11.730520Z
2025-02-26,OECD_TOTAL,97.182286,0.281771,authorized_macro_cycle_proxy,false,true,2026-06-25T05:22:11.730520Z
2025-02-26,G20,97.182286,0.281771,authorized_macro_cycle_proxy,false,true,2026-06-25T05:22:11.730520Z
2025-02-26,JP,97.182286,0.281771,authorized_macro_cycle_proxy,false,true,2026-06-25T05:22:11.730520Z
2025-02-26,EURO_AREA,97.182286,0.281771,authorized_macro_cycle_proxy,false,true,2026-06-25T05:22:11.730520Z
2025-02-27,CN,96.830015,0.316999,authorized_macro_cycle_proxy,false,true,2026-06-25T05:22:11.730520Z
2025-02-27,US,96.830015,0.316999,authorized_macro_cycle_proxy,false,true,2026-06-25T05:22:11.730520Z
2025-02-27,OECD_TOTAL,96.830015,0.316999,authorized_macro_cycle_proxy,false,true,2026-06-25T05:22:11.730520Z
2025-02-27,G20,96.830015,0.316999,authorized_macro_cycle_proxy,false,true,2026-06-25T05:22:11.730520Z
2025-02-27,JP,96.830015,0.316999,authorized_macro_cycle_proxy,false,true,2026-06-25T05:22:11.730520Z
2025-02-27,EURO_AREA,96.830015,0.316999,authorized_macro_cycle_proxy,false,true,2026-06-25T05:22:11.730520Z
2025-02-28,CN,97.045532,0.295447,authorized_macro_cycle_proxy,false,true,2026-06-25T05:22:11.730520Z
2025-02-28,US,97.045532,0.295447,authorized_macro_cycle_proxy,false,true,2026-06-25T05:22:11.730520Z
2025-02-28,OECD_TOTAL,97.045532,0.295447,authorized_macro_cycle_proxy,false,true,2026-06-25T05:22:11.730520Z
2025-02-28,G20,97.045532,0.295447,authorized_macro_cycle_proxy,false,true,2026-06-25T05:22:11.730520Z
2025-02-28,JP,97.045532,0.295447,authorized_macro_cycle_proxy,false,true,2026-06-25T05:22:11.730520Z
2025-02-28,EURO_AREA,97.045532,0.295447,authorized_macro_cycle_proxy,false,true,2026-06-25T05:22:11.730520Z
2025-03-03,CN,96.662943,0.333706,authorized_macro_cycle_proxy,false,true,2026-06-25T05:22:11.730520Z
2025-03-03,US,96.662943,0.333706,authorized_macro_cycle_proxy,false,true,2026-06-25T05:22:11.730520Z
2025-03-03,OECD_TOTAL,96.662943,0.333706,authorized_macro_cycle_proxy,false,true,2026-06-25T05:22:11.730520Z
2025-03-03,G20,96.662943,0.333706,authorized_macro_cycle_proxy,false,true,2026-06-25T05:22:11.730520Z
2025-03-03,JP,96.662943,0.333706,authorized_macro_cycle_proxy,false,true,2026-06-25T05:22:11.730520Z
2025-03-03,EURO_AREA,96.662943,0.333706,authorized_macro_cycle_proxy,false,true,2026-06-25T05:22:11.730520Z
2025-03-04,CN,96.546225,0.345377,authorized_macro_cycle_proxy,false,true,2026-06-25T05:22:11.730520Z
2025-03-04,US,96.546225,0.345377,authorized_macro_cycle_proxy,false,true,2026-06-25T05:22:11.730520Z
2025-03-04,OECD_TOTAL,96.546225,0.345377,authorized_macro_cycle_proxy,false,true,2026-06-25T05:22:11.730520Z
2025-03-04,G20,96.546225,0.345377,authorized_macro_cycle_proxy,false,true,2026-06-25T05:22:11.730520Z
2025-03-04,JP,96.546225,0.345377,authorized_macro_cycle_proxy,false,true,2026-06-25T05:22:11.730520Z
2025-03-04,EURO_AREA,96.546225,0.345377,authorized_macro_cycle_proxy,false,true,2026-06-25T05:22:11.730520Z
2025-03-05,CN,96.805711,0.319429,authorized_macro_cycle_proxy,false,true,2026-06-25T05:22:11.730520Z
2025-03-05,US,96.805711,0.319429,authorized_macro_cycle_proxy,false,true,2026-06-25T05:22:11.730520Z
2025-03-05,OECD_TOTAL,96.805711,0.319429,authorized_macro_cycle_proxy,false,true,2026-06-25T05:22:11.730520Z
2025-03-05,G20,96.805711,0.319429,authorized_macro_cycle_proxy,false,true,2026-06-25T05:22:11.730520Z
2025-03-05,JP,96.805711,0.319429,authorized_macro_cycle_proxy,false,true,2026-06-25T05:22:11.730520Z
2025-03-05,EURO_AREA,96.805711,0.319429,authorized_macro_cycle_proxy,false,true,2026-06-25T05:22:11.730520Z
2025-03-06,CN,96.400665,0.359934,authorized_macro_cycle_proxy,false,true,2026-06-25T05:22:11.730520Z
2025-03-06,US,96.400665,0.359934,authorized_macro_cycle_proxy,false,true,2026-06-25T05:22:11.730520Z
2025-03-06,OECD_TOTAL,96.400665,0.359934,authorized_macro_cycle_proxy,false,true,2026-06-25T05:22:11.730520Z
2025-03-06,G20,96.400665,0.359934,authorized_macro_cycle_proxy,false,true,2026-06-25T05:22:11.730520Z
2025-03-06,JP,96.400665,0.359934,authorized_macro_cycle_proxy,false,true,2026-06-25T05:22:11.730520Z
2025-03-06,EURO_AREA,96.400665,0.359934,authorized_macro_cycle_proxy,false,true,2026-06-25T05:22:11.730520Z
2025-03-07,CN,96.580593,0.341941,authorized_macro_cycle_proxy,false,true,2026-06-25T05:22:11.730520Z
2025-03-07,US,96.580593,0.341941,authorized_macro_cycle_proxy,false,true,2026-06-25T05:22:11.730520Z
2025-03-07,OECD_TOTAL,96.580593,0.341941,authorized_macro_cycle_proxy,false,true,2026-06-25T05:22:11.730520Z
2025-03-07,G20,96.580593,0.341941,authorized_macro_cycle_proxy,false,true,2026-06-25T05:22:11.730520Z
2025-03-07,JP,96.580593,0.341941,authorized_macro_cycle_proxy,false,true,2026-06-25T05:22:11.730520Z
2025-03-07,EURO_AREA,96.580593,0.341941,authorized_macro_cycle_proxy,false,true,2026-06-25T05:22:11.730520Z
2025-03-10,CN,96.046386,0.395361,authorized_macro_cycle_proxy,false,true,2026-06-25T05:22:11.730520Z
2025-03-10,US,96.046386,0.395361,authorized_macro_cycle_proxy,false,true,2026-06-25T05:22:11.730520Z
2025-03-10,OECD_TOTAL,96.046386,0.395361,authorized_macro_cycle_proxy,false,true,2026-06-25T05:22:11.730520Z
2025-03-10,G20,96.046386,0.395361,authorized_macro_cycle_proxy,false,true,2026-06-25T05:22:11.730520Z
2025-03-10,JP,96.046386,0.395361,authorized_macro_cycle_proxy,false,true,2026-06-25T05:22:11.730520Z
2025-03-10,EURO_AREA,96.046386,0.395361,authorized_macro_cycle_proxy,false,true,2026-06-25T05:22:11.730520Z
2025-03-11,CN,96.104396,0.38956,authorized_macro_cycle_proxy,false,true,2026-06-25T05:22:11.730520Z
2025-03-11,US,96.104396,0.38956,authorized_macro_cycle_proxy,false,true,2026-06-25T05:22:11.730520Z
2025-03-11,OECD_TOTAL,96.104396,0.38956,authorized_macro_cycle_proxy,false,true,2026-06-25T05:22:11.730520Z
2025-03-11,G20,96.104396,0.38956,authorized_macro_cycle_proxy,false,true,2026-06-25T05:22:11.730520Z
2025-03-11,JP,96.104396,0.38956,authorized_macro_cycle_proxy,false,true,2026-06-25T05:22:11.730520Z
2025-03-11,EURO_AREA,96.104396,0.38956,authorized_macro_cycle_proxy,false,true,2026-06-25T05:22:11.730520Z
2025-03-12,CN,96.435354,0.356465,authorized_macro_cycle_proxy,false,true,2026-06-25T05:22:11.730520Z
2025-03-12,US,96.435354,0.356465,authorized_macro_cycle_proxy,false,true,2026-06-25T05:22:11.730520Z
2025-03-12,OECD_TOTAL,96.435354,0.356465,authorized_macro_cycle_proxy,false,true,2026-06-25T05:22:11.730520Z
2025-03-12,G20,96.435354,0.356465,authorized_macro_cycle_proxy,false,true,2026-06-25T05:22:11.730520Z
2025-03-12,JP,96.435354,0.356465,authorized_macro_cycle_proxy,false,true,2026-06-25T05:22:11.730520Z
2025-03-12,EURO_AREA,96.435354,0.356465,authorized_macro_cycle_proxy,false,true,2026-06-25T05:22:11.730520Z
2025-03-13,CN,96.439362,0.356064,authorized_macro_cycle_proxy,false,true,2026-06-25T05:22:11.730520Z
2025-03-13,US,96.439362,0.356064,authorized_macro_cycle_proxy,false,true,2026-06-25T05:22:11.730520Z
2025-03-13,OECD_TOTAL,96.439362,0.356064,authorized_macro_cycle_proxy,false,true,2026-06-25T05:22:11.730520Z
2025-03-13,G20,96.439362,0.356064,authorized_macro_cycle_proxy,false,true,2026-06-25T05:22:11.730520Z
2025-03-13,JP,96.439362,0.356064,authorized_macro_cycle_proxy,false,true,2026-06-25T05:22:11.730520Z
2025-03-13,EURO_AREA,96.439362,0.356064,authorized_macro_cycle_proxy,false,true,2026-06-25T05:22:11.730520Z
2025-03-14,CN,96.822968,0.317703,authorized_macro_cycle_proxy,false,true,2026-06-25T05:22:11.730520Z
2025-03-14,US,96.822968,0.317703,authorized_macro_cycle_proxy,false,true,2026-06-25T05:22:11.730520Z
2025-03-14,OECD_TOTAL,96.822968,0.317703,authorized_macro_cycle_proxy,false,true,2026-06-25T05:22:11.730520Z
2025-03-14,G20,96.822968,0.317703,authorized_macro_cycle_proxy,false,true,2026-06-25T05:22:11.730520Z
2025-03-14,JP,96.822968,0.317703,authorized_macro_cycle_proxy,false,true,2026-06-25T05:22:11.730520Z
2025-03-14,EURO_AREA,96.822968,0.317703,authorized_macro_cycle_proxy,false,true,2026-06-25T05:22:11.730520Z
2025-03-17,CN,96.991796,0.30082,authorized_macro_cycle_proxy,false,true,2026-06-25T05:22:11.730520Z
2025-03-17,US,96.991796,0.30082,authorized_macro_cycle_proxy,false,true,2026-06-25T05:22:11.730520Z
2025-03-17,OECD_TOTAL,96.991796,0.30082,authorized_macro_cycle_proxy,false,true,2026-06-25T05:22:11.730520Z
2025-03-17,G20,96.991796,0.30082,authorized_macro_cycle_proxy,false,true,2026-06-25T05:22:11.730520Z
2025-03-17,JP,96.991796,0.30082,authorized_macro_cycle_proxy,false,true,2026-06-25T05:22:11.730520Z
2025-03-17,EURO_AREA,96.991796,0.30082,authorized_macro_cycle_proxy,false,true,2026-06-25T05:22:11.730520Z
2025-03-18,CN,96.857768,0.314223,authorized_macro_cycle_proxy,false,true,2026-06-25T05:22:11.730520Z
2025-03-18,US,96.857768,0.314223,authorized_macro_cycle_proxy,false,true,2026-06-25T05:22:11.730520Z
2025-03-18,OECD_TOTAL,96.857768,0.314223,authorized_macro_cycle_proxy,false,true,2026-06-25T05:22:11.730520Z
2025-03-18,G20,96.857768,0.314223,authorized_macro_cycle_proxy,false,true,2026-06-25T05:22:11.730520Z
2025-03-18,JP,96.857768,0.314223,authorized_macro_cycle_proxy,false,true,2026-06-25T05:22:11.730520Z
2025-03-18,EURO_AREA,96.857768,0.314223,authorized_macro_cycle_proxy,false,true,2026-06-25T05:22:11.730520Z
2025-03-19,CN,97.123446,0.287655,authorized_macro_cycle_proxy,false,true,2026-06-25T05:22:11.730520Z
2025-03-19,US,97.123446,0.287655,authorized_macro_cycle_proxy,false,true,2026-06-25T05:22:11.730520Z
2025-03-19,OECD_TOTAL,97.123446,0.287655,authorized_macro_cycle_proxy,false,true,2026-06-25T05:22:11.730520Z
2025-03-19,G20,97.123446,0.287655,authorized_macro_cycle_proxy,false,true,2026-06-25T05:22:11.730520Z
2025-03-19,JP,97.123446,0.287655,authorized_macro_cycle_proxy,false,true,2026-06-25T05:22:11.730520Z
2025-03-19,EURO_AREA,97.123446,0.287655,authorized_macro_cycle_proxy,false,true,2026-06-25T05:22:11.730520Z
2025-03-20,CN,97.122,0.2878,authorized_macro_cycle_proxy,false,true,2026-06-25T05:22:11.730520Z
2025-03-20,US,97.122,0.2878,authorized_macro_cycle_proxy,false,true,2026-06-25T05:22:11.730520Z
2025-03-20,OECD_TOTAL,97.122,0.2878,authorized_macro_cycle_proxy,false,true,2026-06-25T05:22:11.730520Z
2025-03-20,G20,97.122,0.2878,authorized_macro_cycle_proxy,false,true,2026-06-25T05:22:11.730520Z
2025-03-20,JP,97.122,0.2878,authorized_macro_cycle_proxy,false,true,2026-06-25T05:22:11.730520Z
2025-03-20,EURO_AREA,97.122,0.2878,authorized_macro_cycle_proxy,false,true,2026-06-25T05:22:11.730520Z
2025-03-21,CN,97.146482,0.285352,authorized_macro_cycle_proxy,false,true,2026-06-25T05:22:11.730520Z
2025-03-21,US,97.146482,0.285352,authorized_macro_cycle_proxy,false,true,2026-06-25T05:22:11.730520Z
2025-03-21,OECD_TOTAL,97.146482,0.285352,authorized_macro_cycle_proxy,false,true,2026-06-25T05:22:11.730520Z
2025-03-21,G20,97.146482,0.285352,authorized_macro_cycle_proxy,false,true,2026-06-25T05:22:11.730520Z
2025-03-21,JP,97.146482,0.285352,authorized_macro_cycle_proxy,false,true,2026-06-25T05:22:11.730520Z
2025-03-21,EURO_AREA,97.146482,0.285352,authorized_macro_cycle_proxy,false,true,2026-06-25T05:22:11.730520Z
2025-03-24,CN,97.307157,0.269284,authorized_macro_cycle_proxy,false,true,2026-06-25T05:22:11.730520Z
2025-03-24,US,97.307157,0.269284,authorized_macro_cycle_proxy,false,true,2026-06-25T05:22:11.730520Z
2025-03-24,OECD_TOTAL,97.307157,0.269284,authorized_macro_cycle_proxy,false,true,2026-06-25T05:22:11.730520Z
2025-03-24,G20,97.307157,0.269284,authorized_macro_cycle_proxy,false,true,2026-06-25T05:22:11.730520Z
2025-03-24,JP,97.307157,0.269284,authorized_macro_cycle_proxy,false,true,2026-06-25T05:22:11.730520Z
2025-03-24,EURO_AREA,97.307157,0.269284,authorized_macro_cycle_proxy,false,true,2026-06-25T05:22:11.730520Z
2025-03-25,CN,97.368975,0.263103,authorized_macro_cycle_proxy,false,true,2026-06-25T05:22:11.730520Z
2025-03-25,US,97.368975,0.263103,authorized_macro_cycle_proxy,false,true,2026-06-25T05:22:11.730520Z
2025-03-25,OECD_TOTAL,97.368975,0.263103,authorized_macro_cycle_proxy,false,true,2026-06-25T05:22:11.730520Z
2025-03-25,G20,97.368975,0.263103,authorized_macro_cycle_proxy,false,true,2026-06-25T05:22:11.730520Z
2025-03-25,JP,97.368975,0.263103,authorized_macro_cycle_proxy,false,true,2026-06-25T05:22:11.730520Z
2025-03-25,EURO_AREA,97.368975,0.263103,authorized_macro_cycle_proxy,false,true,2026-06-25T05:22:11.730520Z
2025-03-26,CN,97.20468,0.279532,authorized_macro_cycle_proxy,false,true,2026-06-25T05:22:11.730520Z
2025-03-26,US,97.20468,0.279532,authorized_macro_cycle_proxy,false,true,2026-06-25T05:22:11.730520Z
2025-03-26,OECD_TOTAL,97.20468,0.279532,authorized_macro_cycle_proxy,false,true,2026-06-25T05:22:11.730520Z
2025-03-26,G20,97.20468,0.279532,authorized_macro_cycle_proxy,false,true,2026-06-25T05:22:11.730520Z
2025-03-26,JP,97.20468,0.279532,authorized_macro_cycle_proxy,false,true,2026-06-25T05:22:11.730520Z
2025-03-26,EURO_AREA,97.20468,0.279532,authorized_macro_cycle_proxy,false,true,2026-06-25T05:22:11.730520Z
2025-03-27,CN,97.108919,0.289108,authorized_macro_cycle_proxy,false,true,2026-06-25T05:22:11.730520Z
2025-03-27,US,97.108919,0.289108,authorized_macro_cycle_proxy,false,true,2026-06-25T05:22:11.730520Z
2025-03-27,OECD_TOTAL,97.108919,0.289108,authorized_macro_cycle_proxy,false,true,2026-06-25T05:22:11.730520Z
2025-03-27,G20,97.108919,0.289108,authorized_macro_cycle_proxy,false,true,2026-06-25T05:22:11.730520Z
2025-03-27,JP,97.108919,0.289108,authorized_macro_cycle_proxy,false,true,2026-06-25T05:22:11.730520Z
2025-03-27,EURO_AREA,97.108919,0.289108,authorized_macro_cycle_proxy,false,true,2026-06-25T05:22:11.730520Z
2025-03-28,CN,96.726756,0.327324,authorized_macro_cycle_proxy,false,true,2026-06-25T05:22:11.730520Z
2025-03-28,US,96.726756,0.327324,authorized_macro_cycle_proxy,false,true,2026-06-25T05:22:11.730520Z
2025-03-28,OECD_TOTAL,96.726756,0.327324,authorized_macro_cycle_proxy,false,true,2026-06-25T05:22:11.730520Z
2025-03-28,G20,96.726756,0.327324,authorized_macro_cycle_proxy,false,true,2026-06-25T05:22:11.730520Z
2025-03-28,JP,96.726756,0.327324,authorized_macro_cycle_proxy,false,true,2026-06-25T05:22:11.730520Z
2025-03-28,EURO_AREA,96.726756,0.327324,authorized_macro_cycle_proxy,false,true,2026-06-25T05:22:11.730520Z
2025-03-31,CN,96.662755,0.333724,authorized_macro_cycle_proxy,false,true,2026-06-25T05:22:11.730520Z
2025-03-31,US,96.662755,0.333724,authorized_macro_cycle_proxy,false,true,2026-06-25T05:22:11.730520Z
2025-03-31,OECD_TOTAL,96.662755,0.333724,authorized_macro_cycle_proxy,false,true,2026-06-25T05:22:11.730520Z
2025-03-31,G20,96.662755,0.333724,authorized_macro_cycle_proxy,false,true,2026-06-25T05:22:11.730520Z
2025-03-31,JP,96.662755,0.333724,authorized_macro_cycle_proxy,false,true,2026-06-25T05:22:11.730520Z
2025-03-31,EURO_AREA,96.662755,0.333724,authorized_macro_cycle_proxy,false,true,2026-06-25T05:22:11.730520Z
2025-04-01,CN,96.771161,0.322884,authorized_macro_cycle_proxy,false,true,2026-06-25T05:22:11.730520Z
2025-04-01,US,96.771161,0.322884,authorized_macro_cycle_proxy,false,true,2026-06-25T05:22:11.730520Z
2025-04-01,OECD_TOTAL,96.771161,0.322884,authorized_macro_cycle_proxy,false,true,2026-06-25T05:22:11.730520Z
2025-04-01,G20,96.771161,0.322884,authorized_macro_cycle_proxy,false,true,2026-06-25T05:22:11.730520Z
2025-04-01,JP,96.771161,0.322884,authorized_macro_cycle_proxy,false,true,2026-06-25T05:22:11.730520Z
2025-04-01,EURO_AREA,96.771161,0.322884,authorized_macro_cycle_proxy,false,true,2026-06-25T05:22:11.730520Z
2025-04-02,CN,96.779335,0.322066,authorized_macro_cycle_proxy,false,true,2026-06-25T05:22:11.730520Z
2025-04-02,US,96.779335,0.322066,authorized_macro_cycle_proxy,false,true,2026-06-25T05:22:11.730520Z
2025-04-02,OECD_TOTAL,96.779335,0.322066,authorized_macro_cycle_proxy,false,true,2026-06-25T05:22:11.730520Z
2025-04-02,G20,96.779335,0.322066,authorized_macro_cycle_proxy,false,true,2026-06-25T05:22:11.730520Z
2025-04-02,JP,96.779335,0.322066,authorized_macro_cycle_proxy,false,true,2026-06-25T05:22:11.730520Z
2025-04-02,EURO_AREA,96.779335,0.322066,authorized_macro_cycle_proxy,false,true,2026-06-25T05:22:11.730520Z
2025-04-03,CN,95.714039,0.428596,authorized_macro_cycle_proxy,false,true,2026-06-25T05:22:11.730520Z
2025-04-03,US,95.714039,0.428596,authorized_macro_cycle_proxy,false,true,2026-06-25T05:22:11.730520Z
2025-04-03,OECD_TOTAL,95.714039,0.428596,authorized_macro_cycle_proxy,false,true,2026-06-25T05:22:11.730520Z
2025-04-03,G20,95.714039,0.428596,authorized_macro_cycle_proxy,false,true,2026-06-25T05:22:11.730520Z
2025-04-03,JP,95.714039,0.428596,authorized_macro_cycle_proxy,false,true,2026-06-25T05:22:11.730520Z
2025-04-03,EURO_AREA,95.714039,0.428596,authorized_macro_cycle_proxy,false,true,2026-06-25T05:22:11.730520Z
2025-04-07,CN,93.98016,0.601984,authorized_macro_cycle_proxy,false,true,2026-06-25T05:22:11.730520Z
2025-04-07,US,93.98016,0.601984,authorized_macro_cycle_proxy,false,true,2026-06-25T05:22:11.730520Z
2025-04-07,OECD_TOTAL,93.98016,0.601984,authorized_macro_cycle_proxy,false,true,2026-06-25T05:22:11.730520Z
2025-04-07,G20,93.98016,0.601984,authorized_macro_cycle_proxy,false,true,2026-06-25T05:22:11.730520Z
2025-04-07,JP,93.98016,0.601984,authorized_macro_cycle_proxy,false,true,2026-06-25T05:22:11.730520Z
2025-04-07,EURO_AREA,93.98016,0.601984,authorized_macro_cycle_proxy,false,true,2026-06-25T05:22:11.730520Z
2025-04-08,CN,93.98591,0.601409,authorized_macro_cycle_proxy,false,true,2026-06-25T05:22:11.730520Z
2025-04-08,US,93.98591,0.601409,authorized_macro_cycle_proxy,false,true,2026-06-25T05:22:11.730520Z
2025-04-08,OECD_TOTAL,93.98591,0.601409,authorized_macro_cycle_proxy,false,true,2026-06-25T05:22:11.730520Z
2025-04-08,G20,93.98591,0.601409,authorized_macro_cycle_proxy,false,true,2026-06-25T05:22:11.730520Z
2025-04-08,JP,93.98591,0.601409,authorized_macro_cycle_proxy,false,true,2026-06-25T05:22:11.730520Z
2025-04-08,EURO_AREA,93.98591,0.601409,authorized_macro_cycle_proxy,false,true,2026-06-25T05:22:11.730520Z
2025-04-09,CN,94.803148,0.519685,authorized_macro_cycle_proxy,false,true,2026-06-25T05:22:11.730520Z
2025-04-09,US,94.803148,0.519685,authorized_macro_cycle_proxy,false,true,2026-06-25T05:22:11.730520Z
2025-04-09,OECD_TOTAL,94.803148,0.519685,authorized_macro_cycle_proxy,false,true,2026-06-25T05:22:11.730520Z
2025-04-09,G20,94.803148,0.519685,authorized_macro_cycle_proxy,false,true,2026-06-25T05:22:11.730520Z
2025-04-09,JP,94.803148,0.519685,authorized_macro_cycle_proxy,false,true,2026-06-25T05:22:11.730520Z
2025-04-09,EURO_AREA,94.803148,0.519685,authorized_macro_cycle_proxy,false,true,2026-06-25T05:22:11.730520Z
2025-04-10,CN,94.048463,0.595154,authorized_macro_cycle_proxy,false,true,2026-06-25T05:22:11.730520Z
2025-04-10,US,94.048463,0.595154,authorized_macro_cycle_proxy,false,true,2026-06-25T05:22:11.730520Z
2025-04-10,OECD_TOTAL,94.048463,0.595154,authorized_macro_cycle_proxy,false,true,2026-06-25T05:22:11.730520Z
2025-04-10,G20,94.048463,0.595154,authorized_macro_cycle_proxy,false,true,2026-06-25T05:22:11.730520Z
2025-04-10,JP,94.048463,0.595154,authorized_macro_cycle_proxy,false,true,2026-06-25T05:22:11.730520Z
2025-04-10,EURO_AREA,94.048463,0.595154,authorized_macro_cycle_proxy,false,true,2026-06-25T05:22:11.730520Z
2025-04-11,CN,94.342975,0.565703,authorized_macro_cycle_proxy,false,true,2026-06-25T05:22:11.730520Z
2025-04-11,US,94.342975,0.565703,authorized_macro_cycle_proxy,false,true,2026-06-25T05:22:11.730520Z
2025-04-11,OECD_TOTAL,94.342975,0.565703,authorized_macro_cycle_proxy,false,true,2026-06-25T05:22:11.730520Z
2025-04-11,G20,94.342975,0.565703,authorized_macro_cycle_proxy,false,true,2026-06-25T05:22:11.730520Z
2025-04-11,JP,94.342975,0.565703,authorized_macro_cycle_proxy,false,true,2026-06-25T05:22:11.730520Z
2025-04-11,EURO_AREA,94.342975,0.565703,authorized_macro_cycle_proxy,false,true,2026-06-25T05:22:11.730520Z
2025-04-14,CN,95.370367,0.462963,authorized_macro_cycle_proxy,false,true,2026-06-25T05:22:11.730520Z
2025-04-14,US,95.370367,0.462963,authorized_macro_cycle_proxy,false,true,2026-06-25T05:22:11.730520Z
2025-04-14,OECD_TOTAL,95.370367,0.462963,authorized_macro_cycle_proxy,false,true,2026-06-25T05:22:11.730520Z
2025-04-14,G20,95.370367,0.462963,authorized_macro_cycle_proxy,false,true,2026-06-25T05:22:11.730520Z
2025-04-14,JP,95.370367,0.462963,authorized_macro_cycle_proxy,false,true,2026-06-25T05:22:11.730520Z
2025-04-14,EURO_AREA,95.370367,0.462963,authorized_macro_cycle_proxy,false,true,2026-06-25T05:22:11.730520Z
2025-04-15,CN,95.40278,0.459722,authorized_macro_cycle_proxy,false,true,2026-06-25T05:22:11.730520Z
2025-04-15,US,95.40278,0.459722,authorized_macro_cycle_proxy,false,true,2026-06-25T05:22:11.730520Z
2025-04-15,OECD_TOTAL,95.40278,0.459722,authorized_macro_cycle_proxy,false,true,2026-06-25T05:22:11.730520Z
2025-04-15,G20,95.40278,0.459722,authorized_macro_cycle_proxy,false,true,2026-06-25T05:22:11.730520Z
2025-04-15,JP,95.40278,0.459722,authorized_macro_cycle_proxy,false,true,2026-06-25T05:22:11.730520Z
2025-04-15,EURO_AREA,95.40278,0.459722,authorized_macro_cycle_proxy,false,true,2026-06-25T05:22:11.730520Z
2025-04-16,CN,95.070928,0.492907,authorized_macro_cycle_proxy,false,true,2026-06-25T05:22:11.730520Z
2025-04-16,US,95.070928,0.492907,authorized_macro_cycle_proxy,false,true,2026-06-25T05:22:11.730520Z
2025-04-16,OECD_TOTAL,95.070928,0.492907,authorized_macro_cycle_proxy,false,true,2026-06-25T05:22:11.730520Z
2025-04-16,G20,95.070928,0.492907,authorized_macro_cycle_proxy,false,true,2026-06-25T05:22:11.730520Z
2025-04-16,JP,95.070928,0.492907,authorized_macro_cycle_proxy,false,true,2026-06-25T05:22:11.730520Z
2025-04-16,EURO_AREA,95.070928,0.492907,authorized_macro_cycle_proxy,false,true,2026-06-25T05:22:11.730520Z
2025-04-17,CN,95.402912,0.459709,authorized_macro_cycle_proxy,false,true,2026-06-25T05:22:11.730520Z
2025-04-17,US,95.402912,0.459709,authorized_macro_cycle_proxy,false,true,2026-06-25T05:22:11.730520Z
2025-04-17,OECD_TOTAL,95.402912,0.459709,authorized_macro_cycle_proxy,false,true,2026-06-25T05:22:11.730520Z
2025-04-17,G20,95.402912,0.459709,authorized_macro_cycle_proxy,false,true,2026-06-25T05:22:11.730520Z
2025-04-17,JP,95.402912,0.459709,authorized_macro_cycle_proxy,false,true,2026-06-25T05:22:11.730520Z
2025-04-17,EURO_AREA,95.402912,0.459709,authorized_macro_cycle_proxy,false,true,2026-06-25T05:22:11.730520Z
2025-04-18,CN,95.400661,0.459934,authorized_macro_cycle_proxy,false,true,2026-06-25T05:22:11.730520Z
2025-04-18,US,95.400661,0.459934,authorized_macro_cycle_proxy,false,true,2026-06-25T05:22:11.730520Z
2025-04-18,OECD_TOTAL,95.400661,0.459934,authorized_macro_cycle_proxy,false,true,2026-06-25T05:22:11.730520Z
2025-04-18,G20,95.400661,0.459934,authorized_macro_cycle_proxy,false,true,2026-06-25T05:22:11.730520Z
2025-04-18,JP,95.400661,0.459934,authorized_macro_cycle_proxy,false,true,2026-06-25T05:22:11.730520Z
2025-04-18,EURO_AREA,95.400661,0.459934,authorized_macro_cycle_proxy,false,true,2026-06-25T05:22:11.730520Z
2025-04-21,CN,94.882731,0.511727,authorized_macro_cycle_proxy,false,true,2026-06-25T05:22:11.730520Z
2025-04-21,US,94.882731,0.511727,authorized_macro_cycle_proxy,false,true,2026-06-25T05:22:11.730520Z
2025-04-21,OECD_TOTAL,94.882731,0.511727,authorized_macro_cycle_proxy,false,true,2026-06-25T05:22:11.730520Z
2025-04-21,G20,94.882731,0.511727,authorized_macro_cycle_proxy,false,true,2026-06-25T05:22:11.730520Z
2025-04-21,JP,94.882731,0.511727,authorized_macro_cycle_proxy,false,true,2026-06-25T05:22:11.730520Z
2025-04-21,EURO_AREA,94.882731,0.511727,authorized_macro_cycle_proxy,false,true,2026-06-25T05:22:11.730520Z
2025-04-22,CN,95.368294,0.463171,authorized_macro_cycle_proxy,false,true,2026-06-25T05:22:11.730520Z
2025-04-22,US,95.368294,0.463171,authorized_macro_cycle_proxy,false,true,2026-06-25T05:22:11.730520Z
2025-04-22,OECD_TOTAL,95.368294,0.463171,authorized_macro_cycle_proxy,false,true,2026-06-25T05:22:11.730520Z
2025-04-22,G20,95.368294,0.463171,authorized_macro_cycle_proxy,false,true,2026-06-25T05:22:11.730520Z
2025-04-22,JP,95.368294,0.463171,authorized_macro_cycle_proxy,false,true,2026-06-25T05:22:11.730520Z
2025-04-22,EURO_AREA,95.368294,0.463171,authorized_macro_cycle_proxy,false,true,2026-06-25T05:22:11.730520Z
2025-04-23,CN,95.723135,0.427687,authorized_macro_cycle_proxy,false,true,2026-06-25T05:22:11.730520Z
2025-04-23,US,95.723135,0.427687,authorized_macro_cycle_proxy,false,true,2026-06-25T05:22:11.730520Z
2025-04-23,OECD_TOTAL,95.723135,0.427687,authorized_macro_cycle_proxy,false,true,2026-06-25T05:22:11.730520Z
2025-04-23,G20,95.723135,0.427687,authorized_macro_cycle_proxy,false,true,2026-06-25T05:22:11.730520Z
2025-04-23,JP,95.723135,0.427687,authorized_macro_cycle_proxy,false,true,2026-06-25T05:22:11.730520Z
2025-04-23,EURO_AREA,95.723135,0.427687,authorized_macro_cycle_proxy,false,true,2026-06-25T05:22:11.730520Z
2025-04-24,CN,96.030117,0.396988,authorized_macro_cycle_proxy,false,true,2026-06-25T05:22:11.730520Z
2025-04-24,US,96.030117,0.396988,authorized_macro_cycle_proxy,false,true,2026-06-25T05:22:11.730520Z
2025-04-24,OECD_TOTAL,96.030117,0.396988,authorized_macro_cycle_proxy,false,true,2026-06-25T05:22:11.730520Z
2025-04-24,G20,96.030117,0.396988,authorized_macro_cycle_proxy,false,true,2026-06-25T05:22:11.730520Z
2025-04-24,JP,96.030117,0.396988,authorized_macro_cycle_proxy,false,true,2026-06-25T05:22:11.730520Z
2025-04-24,EURO_AREA,96.030117,0.396988,authorized_macro_cycle_proxy,false,true,2026-06-25T05:22:11.730520Z
2025-04-25,CN,96.290206,0.370979,authorized_macro_cycle_proxy,false,true,2026-06-25T05:22:11.730520Z
2025-04-25,US,96.290206,0.370979,authorized_macro_cycle_proxy,false,true,2026-06-25T05:22:11.730520Z
2025-04-25,OECD_TOTAL,96.290206,0.370979,authorized_macro_cycle_proxy,false,true,2026-06-25T05:22:11.730520Z
2025-04-25,G20,96.290206,0.370979,authorized_macro_cycle_proxy,false,true,2026-06-25T05:22:11.730520Z
2025-04-25,JP,96.290206,0.370979,authorized_macro_cycle_proxy,false,true,2026-06-25T05:22:11.730520Z
2025-04-25,EURO_AREA,96.290206,0.370979,authorized_macro_cycle_proxy,false,true,2026-06-25T05:22:11.730520Z
2025-04-28,CN,96.262017,0.373798,authorized_macro_cycle_proxy,false,true,2026-06-25T05:22:11.730520Z
2025-04-28,US,96.262017,0.373798,authorized_macro_cycle_proxy,false,true,2026-06-25T05:22:11.730520Z
2025-04-28,OECD_TOTAL,96.262017,0.373798,authorized_macro_cycle_proxy,false,true,2026-06-25T05:22:11.730520Z
2025-04-28,G20,96.262017,0.373798,authorized_macro_cycle_proxy,false,true,2026-06-25T05:22:11.730520Z
2025-04-28,JP,96.262017,0.373798,authorized_macro_cycle_proxy,false,true,2026-06-25T05:22:11.730520Z
2025-04-28,EURO_AREA,96.262017,0.373798,authorized_macro_cycle_proxy,false,true,2026-06-25T05:22:11.730520Z
2025-04-29,CN,96.498434,0.350157,authorized_macro_cycle_proxy,false,true,2026-06-25T05:22:11.730520Z
2025-04-29,US,96.498434,0.350157,authorized_macro_cycle_proxy,false,true,2026-06-25T05:22:11.730520Z
2025-04-29,OECD_TOTAL,96.498434,0.350157,authorized_macro_cycle_proxy,false,true,2026-06-25T05:22:11.730520Z
2025-04-29,G20,96.498434,0.350157,authorized_macro_cycle_proxy,false,true,2026-06-25T05:22:11.730520Z
2025-04-29,JP,96.498434,0.350157,authorized_macro_cycle_proxy,false,true,2026-06-25T05:22:11.730520Z
2025-04-29,EURO_AREA,96.498434,0.350157,authorized_macro_cycle_proxy,false,true,2026-06-25T05:22:11.730520Z
2025-04-30,CN,96.45511,0.354489,authorized_macro_cycle_proxy,false,true,2026-06-25T05:22:11.730520Z
2025-04-30,US,96.45511,0.354489,authorized_macro_cycle_proxy,false,true,2026-06-25T05:22:11.730520Z
2025-04-30,OECD_TOTAL,96.45511,0.354489,authorized_macro_cycle_proxy,false,true,2026-06-25T05:22:11.730520Z
2025-04-30,G20,96.45511,0.354489,authorized_macro_cycle_proxy,false,true,2026-06-25T05:22:11.730520Z
2025-04-30,JP,96.45511,0.354489,authorized_macro_cycle_proxy,false,true,2026-06-25T05:22:11.730520Z
2025-04-30,EURO_AREA,96.45511,0.354489,authorized_macro_cycle_proxy,false,true,2026-06-25T05:22:11.730520Z
2025-05-06,CN,96.49262,0.350738,authorized_macro_cycle_proxy,false,true,2026-06-25T05:22:11.730520Z
2025-05-06,US,96.49262,0.350738,authorized_macro_cycle_proxy,false,true,2026-06-25T05:22:11.730520Z
2025-05-06,OECD_TOTAL,96.49262,0.350738,authorized_macro_cycle_proxy,false,true,2026-06-25T05:22:11.730520Z
2025-05-06,G20,96.49262,0.350738,authorized_macro_cycle_proxy,false,true,2026-06-25T05:22:11.730520Z
2025-05-06,JP,96.49262,0.350738,authorized_macro_cycle_proxy,false,true,2026-06-25T05:22:11.730520Z
2025-05-06,EURO_AREA,96.49262,0.350738,authorized_macro_cycle_proxy,false,true,2026-06-25T05:22:11.730520Z
2025-05-07,CN,96.697878,0.330212,authorized_macro_cycle_proxy,false,true,2026-06-25T05:22:11.730520Z
2025-05-07,US,96.697878,0.330212,authorized_macro_cycle_proxy,false,true,2026-06-25T05:22:11.730520Z
2025-05-07,OECD_TOTAL,96.697878,0.330212,authorized_macro_cycle_proxy,false,true,2026-06-25T05:22:11.730520Z
2025-05-07,G20,96.697878,0.330212,authorized_macro_cycle_proxy,false,true,2026-06-25T05:22:11.730520Z
2025-05-07,JP,96.697878,0.330212,authorized_macro_cycle_proxy,false,true,2026-06-25T05:22:11.730520Z
2025-05-07,EURO_AREA,96.697878,0.330212,authorized_macro_cycle_proxy,false,true,2026-06-25T05:22:11.730520Z
2025-05-08,CN,96.849778,0.315022,authorized_macro_cycle_proxy,false,true,2026-06-25T05:22:11.730520Z
2025-05-08,US,96.849778,0.315022,authorized_macro_cycle_proxy,false,true,2026-06-25T05:22:11.730520Z
2025-05-08,OECD_TOTAL,96.849778,0.315022,authorized_macro_cycle_proxy,false,true,2026-06-25T05:22:11.730520Z
2025-05-08,G20,96.849778,0.315022,authorized_macro_cycle_proxy,false,true,2026-06-25T05:22:11.730520Z
2025-05-08,JP,96.849778,0.315022,authorized_macro_cycle_proxy,false,true,2026-06-25T05:22:11.730520Z
2025-05-08,EURO_AREA,96.849778,0.315022,authorized_macro_cycle_proxy,false,true,2026-06-25T05:22:11.730520Z
2025-05-09,CN,96.918143,0.308186,authorized_macro_cycle_proxy,false,true,2026-06-25T05:22:11.730520Z
2025-05-09,US,96.918143,0.308186,authorized_macro_cycle_proxy,false,true,2026-06-25T05:22:11.730520Z
2025-05-09,OECD_TOTAL,96.918143,0.308186,authorized_macro_cycle_proxy,false,true,2026-06-25T05:22:11.730520Z
2025-05-09,G20,96.918143,0.308186,authorized_macro_cycle_proxy,false,true,2026-06-25T05:22:11.730520Z
2025-05-09,JP,96.918143,0.308186,authorized_macro_cycle_proxy,false,true,2026-06-25T05:22:11.730520Z
2025-05-09,EURO_AREA,96.918143,0.308186,authorized_macro_cycle_proxy,false,true,2026-06-25T05:22:11.730520Z
2025-05-12,CN,97.377865,0.262214,authorized_macro_cycle_proxy,false,true,2026-06-25T05:22:11.730520Z
2025-05-12,US,97.377865,0.262214,authorized_macro_cycle_proxy,false,true,2026-06-25T05:22:11.730520Z
2025-05-12,OECD_TOTAL,97.377865,0.262214,authorized_macro_cycle_proxy,false,true,2026-06-25T05:22:11.730520Z
2025-05-12,G20,97.377865,0.262214,authorized_macro_cycle_proxy,false,true,2026-06-25T05:22:11.730520Z
2025-05-12,JP,97.377865,0.262214,authorized_macro_cycle_proxy,false,true,2026-06-25T05:22:11.730520Z
2025-05-12,EURO_AREA,97.377865,0.262214,authorized_macro_cycle_proxy,false,true,2026-06-25T05:22:11.730520Z
2025-05-13,CN,97.338932,0.266107,authorized_macro_cycle_proxy,false,true,2026-06-25T05:22:11.730520Z
2025-05-13,US,97.338932,0.266107,authorized_macro_cycle_proxy,false,true,2026-06-25T05:22:11.730520Z
2025-05-13,OECD_TOTAL,97.338932,0.266107,authorized_macro_cycle_proxy,false,true,2026-06-25T05:22:11.730520Z
2025-05-13,G20,97.338932,0.266107,authorized_macro_cycle_proxy,false,true,2026-06-25T05:22:11.730520Z
2025-05-13,JP,97.338932,0.266107,authorized_macro_cycle_proxy,false,true,2026-06-25T05:22:11.730520Z
2025-05-13,EURO_AREA,97.338932,0.266107,authorized_macro_cycle_proxy,false,true,2026-06-25T05:22:11.730520Z
2025-05-14,CN,97.279575,0.272042,authorized_macro_cycle_proxy,false,true,2026-06-25T05:22:11.730520Z
2025-05-14,US,97.279575,0.272042,authorized_macro_cycle_proxy,false,true,2026-06-25T05:22:11.730520Z
2025-05-14,OECD_TOTAL,97.279575,0.272042,authorized_macro_cycle_proxy,false,true,2026-06-25T05:22:11.730520Z
2025-05-14,G20,97.279575,0.272042,authorized_macro_cycle_proxy,false,true,2026-06-25T05:22:11.730520Z
2025-05-14,JP,97.279575,0.272042,authorized_macro_cycle_proxy,false,true,2026-06-25T05:22:11.730520Z
2025-05-14,EURO_AREA,97.279575,0.272042,authorized_macro_cycle_proxy,false,true,2026-06-25T05:22:11.730520Z
2025-05-15,CN,97.458461,0.254154,authorized_macro_cycle_proxy,false,true,2026-06-25T05:22:11.730520Z
2025-05-15,US,97.458461,0.254154,authorized_macro_cycle_proxy,false,true,2026-06-25T05:22:11.730520Z
2025-05-15,OECD_TOTAL,97.458461,0.254154,authorized_macro_cycle_proxy,false,true,2026-06-25T05:22:11.730520Z
2025-05-15,G20,97.458461,0.254154,authorized_macro_cycle_proxy,false,true,2026-06-25T05:22:11.730520Z
2025-05-15,JP,97.458461,0.254154,authorized_macro_cycle_proxy,false,true,2026-06-25T05:22:11.730520Z
2025-05-15,EURO_AREA,97.458461,0.254154,authorized_macro_cycle_proxy,false,true,2026-06-25T05:22:11.730520Z
2025-05-16,CN,97.529418,0.247058,authorized_macro_cycle_proxy,false,true,2026-06-25T05:22:11.730520Z
2025-05-16,US,97.529418,0.247058,authorized_macro_cycle_proxy,false,true,2026-06-25T05:22:11.730520Z
2025-05-16,OECD_TOTAL,97.529418,0.247058,authorized_macro_cycle_proxy,false,true,2026-06-25T05:22:11.730520Z
2025-05-16,G20,97.529418,0.247058,authorized_macro_cycle_proxy,false,true,2026-06-25T05:22:11.730520Z
2025-05-16,JP,97.529418,0.247058,authorized_macro_cycle_proxy,false,true,2026-06-25T05:22:11.730520Z
2025-05-16,EURO_AREA,97.529418,0.247058,authorized_macro_cycle_proxy,false,true,2026-06-25T05:22:11.730520Z
2025-05-19,CN,97.379007,0.262099,authorized_macro_cycle_proxy,false,true,2026-06-25T05:22:11.730520Z
2025-05-19,US,97.379007,0.262099,authorized_macro_cycle_proxy,false,true,2026-06-25T05:22:11.730520Z
2025-05-19,OECD_TOTAL,97.379007,0.262099,authorized_macro_cycle_proxy,false,true,2026-06-25T05:22:11.730520Z
2025-05-19,G20,97.379007,0.262099,authorized_macro_cycle_proxy,false,true,2026-06-25T05:22:11.730520Z
2025-05-19,JP,97.379007,0.262099,authorized_macro_cycle_proxy,false,true,2026-06-25T05:22:11.730520Z
2025-05-19,EURO_AREA,97.379007,0.262099,authorized_macro_cycle_proxy,false,true,2026-06-25T05:22:11.730520Z
2025-05-20,CN,97.372793,0.262721,authorized_macro_cycle_proxy,false,true,2026-06-25T05:22:11.730520Z
2025-05-20,US,97.372793,0.262721,authorized_macro_cycle_proxy,false,true,2026-06-25T05:22:11.730520Z
2025-05-20,OECD_TOTAL,97.372793,0.262721,authorized_macro_cycle_proxy,false,true,2026-06-25T05:22:11.730520Z
2025-05-20,G20,97.372793,0.262721,authorized_macro_cycle_proxy,false,true,2026-06-25T05:22:11.730520Z
2025-05-20,JP,97.372793,0.262721,authorized_macro_cycle_proxy,false,true,2026-06-25T05:22:11.730520Z
2025-05-20,EURO_AREA,97.372793,0.262721,authorized_macro_cycle_proxy,false,true,2026-06-25T05:22:11.730520Z
2025-05-21,CN,96.969182,0.303082,authorized_macro_cycle_proxy,false,true,2026-06-25T05:22:11.730520Z
2025-05-21,US,96.969182,0.303082,authorized_macro_cycle_proxy,false,true,2026-06-25T05:22:11.730520Z
2025-05-21,OECD_TOTAL,96.969182,0.303082,authorized_macro_cycle_proxy,false,true,2026-06-25T05:22:11.730520Z
2025-05-21,G20,96.969182,0.303082,authorized_macro_cycle_proxy,false,true,2026-06-25T05:22:11.730520Z
2025-05-21,JP,96.969182,0.303082,authorized_macro_cycle_proxy,false,true,2026-06-25T05:22:11.730520Z
2025-05-21,EURO_AREA,96.969182,0.303082,authorized_macro_cycle_proxy,false,true,2026-06-25T05:22:11.730520Z
2025-05-22,CN,97.078961,0.292104,authorized_macro_cycle_proxy,false,true,2026-06-25T05:22:11.730520Z
2025-05-22,US,97.078961,0.292104,authorized_macro_cycle_proxy,false,true,2026-06-25T05:22:11.730520Z
2025-05-22,OECD_TOTAL,97.078961,0.292104,authorized_macro_cycle_proxy,false,true,2026-06-25T05:22:11.730520Z
2025-05-22,G20,97.078961,0.292104,authorized_macro_cycle_proxy,false,true,2026-06-25T05:22:11.730520Z
2025-05-22,JP,97.078961,0.292104,authorized_macro_cycle_proxy,false,true,2026-06-25T05:22:11.730520Z
2025-05-22,EURO_AREA,97.078961,0.292104,authorized_macro_cycle_proxy,false,true,2026-06-25T05:22:11.730520Z
2025-05-23,CN,96.812489,0.318751,authorized_macro_cycle_proxy,false,true,2026-06-25T05:22:11.730520Z
2025-05-23,US,96.812489,0.318751,authorized_macro_cycle_proxy,false,true,2026-06-25T05:22:11.730520Z
2025-05-23,OECD_TOTAL,96.812489,0.318751,authorized_macro_cycle_proxy,false,true,2026-06-25T05:22:11.730520Z
2025-05-23,G20,96.812489,0.318751,authorized_macro_cycle_proxy,false,true,2026-06-25T05:22:11.730520Z
2025-05-23,JP,96.812489,0.318751,authorized_macro_cycle_proxy,false,true,2026-06-25T05:22:11.730520Z
2025-05-23,EURO_AREA,96.812489,0.318751,authorized_macro_cycle_proxy,false,true,2026-06-25T05:22:11.730520Z
2025-05-26,CN,97.053289,0.294671,authorized_macro_cycle_proxy,false,true,2026-06-25T05:22:11.730520Z
2025-05-26,US,97.053289,0.294671,authorized_macro_cycle_proxy,false,true,2026-06-25T05:22:11.730520Z
2025-05-26,OECD_TOTAL,97.053289,0.294671,authorized_macro_cycle_proxy,false,true,2026-06-25T05:22:11.730520Z
2025-05-26,G20,97.053289,0.294671,authorized_macro_cycle_proxy,false,true,2026-06-25T05:22:11.730520Z
2025-05-26,JP,97.053289,0.294671,authorized_macro_cycle_proxy,false,true,2026-06-25T05:22:11.730520Z
2025-05-26,EURO_AREA,97.053289,0.294671,authorized_macro_cycle_proxy,false,true,2026-06-25T05:22:11.730520Z
2025-05-27,CN,97.329903,0.26701,authorized_macro_cycle_proxy,false,true,2026-06-25T05:22:11.730520Z
2025-05-27,US,97.329903,0.26701,authorized_macro_cycle_proxy,false,true,2026-06-25T05:22:11.730520Z
2025-05-27,OECD_TOTAL,97.329903,0.26701,authorized_macro_cycle_proxy,false,true,2026-06-25T05:22:11.730520Z
2025-05-27,G20,97.329903,0.26701,authorized_macro_cycle_proxy,false,true,2026-06-25T05:22:11.730520Z
2025-05-27,JP,97.329903,0.26701,authorized_macro_cycle_proxy,false,true,2026-06-25T05:22:11.730520Z
2025-05-27,EURO_AREA,97.329903,0.26701,authorized_macro_cycle_proxy,false,true,2026-06-25T05:22:11.730520Z
2025-05-28,CN,97.239046,0.276095,authorized_macro_cycle_proxy,false,true,2026-06-25T05:22:11.730520Z
2025-05-28,US,97.239046,0.276095,authorized_macro_cycle_proxy,false,true,2026-06-25T05:22:11.730520Z
2025-05-28,OECD_TOTAL,97.239046,0.276095,authorized_macro_cycle_proxy,false,true,2026-06-25T05:22:11.730520Z
2025-05-28,G20,97.239046,0.276095,authorized_macro_cycle_proxy,false,true,2026-06-25T05:22:11.730520Z
2025-05-28,JP,97.239046,0.276095,authorized_macro_cycle_proxy,false,true,2026-06-25T05:22:11.730520Z
2025-05-28,EURO_AREA,97.239046,0.276095,authorized_macro_cycle_proxy,false,true,2026-06-25T05:22:11.730520Z
2025-05-29,CN,97.303032,0.269697,authorized_macro_cycle_proxy,false,true,2026-06-25T05:22:11.730520Z
2025-05-29,US,97.303032,0.269697,authorized_macro_cycle_proxy,false,true,2026-06-25T05:22:11.730520Z
2025-05-29,OECD_TOTAL,97.303032,0.269697,authorized_macro_cycle_proxy,false,true,2026-06-25T05:22:11.730520Z
2025-05-29,G20,97.303032,0.269697,authorized_macro_cycle_proxy,false,true,2026-06-25T05:22:11.730520Z
2025-05-29,JP,97.303032,0.269697,authorized_macro_cycle_proxy,false,true,2026-06-25T05:22:11.730520Z
2025-05-29,EURO_AREA,97.303032,0.269697,authorized_macro_cycle_proxy,false,true,2026-06-25T05:22:11.730520Z
2025-05-30,CN,97.395646,0.260435,authorized_macro_cycle_proxy,false,true,2026-06-25T05:22:11.730520Z
2025-05-30,US,97.395646,0.260435,authorized_macro_cycle_proxy,false,true,2026-06-25T05:22:11.730520Z
2025-05-30,OECD_TOTAL,97.395646,0.260435,authorized_macro_cycle_proxy,false,true,2026-06-25T05:22:11.730520Z
2025-05-30,G20,97.395646,0.260435,authorized_macro_cycle_proxy,false,true,2026-06-25T05:22:11.730520Z
2025-05-30,JP,97.395646,0.260435,authorized_macro_cycle_proxy,false,true,2026-06-25T05:22:11.730520Z
2025-05-30,EURO_AREA,97.395646,0.260435,authorized_macro_cycle_proxy,false,true,2026-06-25T05:22:11.730520Z
2025-06-03,CN,97.440703,0.25593,authorized_macro_cycle_proxy,false,true,2026-06-25T05:22:11.730520Z
2025-06-03,US,97.440703,0.25593,authorized_macro_cycle_proxy,false,true,2026-06-25T05:22:11.730520Z
2025-06-03,OECD_TOTAL,97.440703,0.25593,authorized_macro_cycle_proxy,false,true,2026-06-25T05:22:11.730520Z
2025-06-03,G20,97.440703,0.25593,authorized_macro_cycle_proxy,false,true,2026-06-25T05:22:11.730520Z
2025-06-03,JP,97.440703,0.25593,authorized_macro_cycle_proxy,false,true,2026-06-25T05:22:11.730520Z
2025-06-03,EURO_AREA,97.440703,0.25593,authorized_macro_cycle_proxy,false,true,2026-06-25T05:22:11.730520Z
2025-06-04,CN,97.511404,0.24886,authorized_macro_cycle_proxy,false,true,2026-06-25T05:22:11.730520Z
2025-06-04,US,97.511404,0.24886,authorized_macro_cycle_proxy,false,true,2026-06-25T05:22:11.730520Z
2025-06-04,OECD_TOTAL,97.511404,0.24886,authorized_macro_cycle_proxy,false,true,2026-06-25T05:22:11.730520Z
2025-06-04,G20,97.511404,0.24886,authorized_macro_cycle_proxy,false,true,2026-06-25T05:22:11.730520Z
2025-06-04,JP,97.511404,0.24886,authorized_macro_cycle_proxy,false,true,2026-06-25T05:22:11.730520Z
2025-06-04,EURO_AREA,97.511404,0.24886,authorized_macro_cycle_proxy,false,true,2026-06-25T05:22:11.730520Z
2025-06-05,CN,97.399835,0.260016,authorized_macro_cycle_proxy,false,true,2026-06-25T05:22:11.730520Z
2025-06-05,US,97.399835,0.260016,authorized_macro_cycle_proxy,false,true,2026-06-25T05:22:11.730520Z
2025-06-05,OECD_TOTAL,97.399835,0.260016,authorized_macro_cycle_proxy,false,true,2026-06-25T05:22:11.730520Z
2025-06-05,G20,97.399835,0.260016,authorized_macro_cycle_proxy,false,true,2026-06-25T05:22:11.730520Z
2025-06-05,JP,97.399835,0.260016,authorized_macro_cycle_proxy,false,true,2026-06-25T05:22:11.730520Z
2025-06-05,EURO_AREA,97.399835,0.260016,authorized_macro_cycle_proxy,false,true,2026-06-25T05:22:11.730520Z
2025-06-06,CN,97.555307,0.244469,authorized_macro_cycle_proxy,false,true,2026-06-25T05:22:11.730520Z
2025-06-06,US,97.555307,0.244469,authorized_macro_cycle_proxy,false,true,2026-06-25T05:22:11.730520Z
2025-06-06,OECD_TOTAL,97.555307,0.244469,authorized_macro_cycle_proxy,false,true,2026-06-25T05:22:11.730520Z
2025-06-06,G20,97.555307,0.244469,authorized_macro_cycle_proxy,false,true,2026-06-25T05:22:11.730520Z
2025-06-06,JP,97.555307,0.244469,authorized_macro_cycle_proxy,false,true,2026-06-25T05:22:11.730520Z
2025-06-06,EURO_AREA,97.555307,0.244469,authorized_macro_cycle_proxy,false,true,2026-06-25T05:22:11.730520Z
2025-06-09,CN,97.492993,0.250701,authorized_macro_cycle_proxy,false,true,2026-06-25T05:22:11.730520Z
2025-06-09,US,97.492993,0.250701,authorized_macro_cycle_proxy,false,true,2026-06-25T05:22:11.730520Z
2025-06-09,OECD_TOTAL,97.492993,0.250701,authorized_macro_cycle_proxy,false,true,2026-06-25T05:22:11.730520Z
2025-06-09,G20,97.492993,0.250701,authorized_macro_cycle_proxy,false,true,2026-06-25T05:22:11.730520Z
2025-06-09,JP,97.492993,0.250701,authorized_macro_cycle_proxy,false,true,2026-06-25T05:22:11.730520Z
2025-06-09,EURO_AREA,97.492993,0.250701,authorized_macro_cycle_proxy,false,true,2026-06-25T05:22:11.730520Z
2025-06-10,CN,97.533036,0.246696,authorized_macro_cycle_proxy,false,true,2026-06-25T05:22:11.730520Z
2025-06-10,US,97.533036,0.246696,authorized_macro_cycle_proxy,false,true,2026-06-25T05:22:11.730520Z
2025-06-10,OECD_TOTAL,97.533036,0.246696,authorized_macro_cycle_proxy,false,true,2026-06-25T05:22:11.730520Z
2025-06-10,G20,97.533036,0.246696,authorized_macro_cycle_proxy,false,true,2026-06-25T05:22:11.730520Z
2025-06-10,JP,97.533036,0.246696,authorized_macro_cycle_proxy,false,true,2026-06-25T05:22:11.730520Z
2025-06-10,EURO_AREA,97.533036,0.246696,authorized_macro_cycle_proxy,false,true,2026-06-25T05:22:11.730520Z
2025-06-11,CN,97.436957,0.256304,authorized_macro_cycle_proxy,false,true,2026-06-25T05:22:11.730520Z
2025-06-11,US,97.436957,0.256304,authorized_macro_cycle_proxy,false,true,2026-06-25T05:22:11.730520Z
2025-06-11,OECD_TOTAL,97.436957,0.256304,authorized_macro_cycle_proxy,false,true,2026-06-25T05:22:11.730520Z
2025-06-11,G20,97.436957,0.256304,authorized_macro_cycle_proxy,false,true,2026-06-25T05:22:11.730520Z
2025-06-11,JP,97.436957,0.256304,authorized_macro_cycle_proxy,false,true,2026-06-25T05:22:11.730520Z
2025-06-11,EURO_AREA,97.436957,0.256304,authorized_macro_cycle_proxy,false,true,2026-06-25T05:22:11.730520Z
2025-06-12,CN,97.355725,0.264427,authorized_macro_cycle_proxy,false,true,2026-06-25T05:22:11.730520Z
2025-06-12,US,97.355725,0.264427,authorized_macro_cycle_proxy,false,true,2026-06-25T05:22:11.730520Z
2025-06-12,OECD_TOTAL,97.355725,0.264427,authorized_macro_cycle_proxy,false,true,2026-06-25T05:22:11.730520Z
2025-06-12,G20,97.355725,0.264427,authorized_macro_cycle_proxy,false,true,2026-06-25T05:22:11.730520Z
2025-06-12,JP,97.355725,0.264427,authorized_macro_cycle_proxy,false,true,2026-06-25T05:22:11.730520Z
2025-06-12,EURO_AREA,97.355725,0.264427,authorized_macro_cycle_proxy,false,true,2026-06-25T05:22:11.730520Z
2025-06-13,CN,96.738868,0.326113,authorized_macro_cycle_proxy,false,true,2026-06-25T05:22:11.730520Z
2025-06-13,US,96.738868,0.326113,authorized_macro_cycle_proxy,false,true,2026-06-25T05:22:11.730520Z
2025-06-13,OECD_TOTAL,96.738868,0.326113,authorized_macro_cycle_proxy,false,true,2026-06-25T05:22:11.730520Z
2025-06-13,G20,96.738868,0.326113,authorized_macro_cycle_proxy,false,true,2026-06-25T05:22:11.730520Z
2025-06-13,JP,96.738868,0.326113,authorized_macro_cycle_proxy,false,true,2026-06-25T05:22:11.730520Z
2025-06-13,EURO_AREA,96.738868,0.326113,authorized_macro_cycle_proxy,false,true,2026-06-25T05:22:11.730520Z
2025-06-16,CN,97.059169,0.294083,authorized_macro_cycle_proxy,false,true,2026-06-25T05:22:11.730520Z
2025-06-16,US,97.059169,0.294083,authorized_macro_cycle_proxy,false,true,2026-06-25T05:22:11.730520Z
2025-06-16,OECD_TOTAL,97.059169,0.294083,authorized_macro_cycle_proxy,false,true,2026-06-25T05:22:11.730520Z
2025-06-16,G20,97.059169,0.294083,authorized_macro_cycle_proxy,false,true,2026-06-25T05:22:11.730520Z
2025-06-16,JP,97.059169,0.294083,authorized_macro_cycle_proxy,false,true,2026-06-25T05:22:11.730520Z
2025-06-16,EURO_AREA,97.059169,0.294083,authorized_macro_cycle_proxy,false,true,2026-06-25T05:22:11.730520Z
2025-06-17,CN,96.684225,0.331577,authorized_macro_cycle_proxy,false,true,2026-06-25T05:22:11.730520Z
2025-06-17,US,96.684225,0.331577,authorized_macro_cycle_proxy,false,true,2026-06-25T05:22:11.730520Z
2025-06-17,OECD_TOTAL,96.684225,0.331577,authorized_macro_cycle_proxy,false,true,2026-06-25T05:22:11.730520Z
2025-06-17,G20,96.684225,0.331577,authorized_macro_cycle_proxy,false,true,2026-06-25T05:22:11.730520Z
2025-06-17,JP,96.684225,0.331577,authorized_macro_cycle_proxy,false,true,2026-06-25T05:22:11.730520Z
2025-06-17,EURO_AREA,96.684225,0.331577,authorized_macro_cycle_proxy,false,true,2026-06-25T05:22:11.730520Z
2025-06-18,CN,96.893942,0.310606,authorized_macro_cycle_proxy,false,true,2026-06-25T05:22:11.730520Z
2025-06-18,US,96.893942,0.310606,authorized_macro_cycle_proxy,false,true,2026-06-25T05:22:11.730520Z
2025-06-18,OECD_TOTAL,96.893942,0.310606,authorized_macro_cycle_proxy,false,true,2026-06-25T05:22:11.730520Z
2025-06-18,G20,96.893942,0.310606,authorized_macro_cycle_proxy,false,true,2026-06-25T05:22:11.730520Z
2025-06-18,JP,96.893942,0.310606,authorized_macro_cycle_proxy,false,true,2026-06-25T05:22:11.730520Z
2025-06-18,EURO_AREA,96.893942,0.310606,authorized_macro_cycle_proxy,false,true,2026-06-25T05:22:11.730520Z
2025-06-19,CN,96.549688,0.345031,authorized_macro_cycle_proxy,false,true,2026-06-25T05:22:11.730520Z
2025-06-19,US,96.549688,0.345031,authorized_macro_cycle_proxy,false,true,2026-06-25T05:22:11.730520Z
2025-06-19,OECD_TOTAL,96.549688,0.345031,authorized_macro_cycle_proxy,false,true,2026-06-25T05:22:11.730520Z
2025-06-19,G20,96.549688,0.345031,authorized_macro_cycle_proxy,false,true,2026-06-25T05:22:11.730520Z
2025-06-19,JP,96.549688,0.345031,authorized_macro_cycle_proxy,false,true,2026-06-25T05:22:11.730520Z
2025-06-19,EURO_AREA,96.549688,0.345031,authorized_macro_cycle_proxy,false,true,2026-06-25T05:22:11.730520Z
2025-06-20,CN,96.765639,0.323436,authorized_macro_cycle_proxy,false,true,2026-06-25T05:22:11.730520Z
2025-06-20,US,96.765639,0.323436,authorized_macro_cycle_proxy,false,true,2026-06-25T05:22:11.730520Z
2025-06-20,OECD_TOTAL,96.765639,0.323436,authorized_macro_cycle_proxy,false,true,2026-06-25T05:22:11.730520Z
2025-06-20,G20,96.765639,0.323436,authorized_macro_cycle_proxy,false,true,2026-06-25T05:22:11.730520Z
2025-06-20,JP,96.765639,0.323436,authorized_macro_cycle_proxy,false,true,2026-06-25T05:22:11.730520Z
2025-06-20,EURO_AREA,96.765639,0.323436,authorized_macro_cycle_proxy,false,true,2026-06-25T05:22:11.730520Z
2025-06-23,CN,97.068341,0.293166,authorized_macro_cycle_proxy,false,true,2026-06-25T05:22:11.730520Z
2025-06-23,US,97.068341,0.293166,authorized_macro_cycle_proxy,false,true,2026-06-25T05:22:11.730520Z
2025-06-23,OECD_TOTAL,97.068341,0.293166,authorized_macro_cycle_proxy,false,true,2026-06-25T05:22:11.730520Z
2025-06-23,G20,97.068341,0.293166,authorized_macro_cycle_proxy,false,true,2026-06-25T05:22:11.730520Z
2025-06-23,JP,97.068341,0.293166,authorized_macro_cycle_proxy,false,true,2026-06-25T05:22:11.730520Z
2025-06-23,EURO_AREA,97.068341,0.293166,authorized_macro_cycle_proxy,false,true,2026-06-25T05:22:11.730520Z
2025-06-24,CN,97.573532,0.242647,authorized_macro_cycle_proxy,false,true,2026-06-25T05:22:11.730520Z
2025-06-24,US,97.573532,0.242647,authorized_macro_cycle_proxy,false,true,2026-06-25T05:22:11.730520Z
2025-06-24,OECD_TOTAL,97.573532,0.242647,authorized_macro_cycle_proxy,false,true,2026-06-25T05:22:11.730520Z
2025-06-24,G20,97.573532,0.242647,authorized_macro_cycle_proxy,false,true,2026-06-25T05:22:11.730520Z
2025-06-24,JP,97.573532,0.242647,authorized_macro_cycle_proxy,false,true,2026-06-25T05:22:11.730520Z
2025-06-24,EURO_AREA,97.573532,0.242647,authorized_macro_cycle_proxy,false,true,2026-06-25T05:22:11.730520Z
2025-06-25,CN,97.656171,0.234383,authorized_macro_cycle_proxy,false,true,2026-06-25T05:22:11.730520Z
2025-06-25,US,97.656171,0.234383,authorized_macro_cycle_proxy,false,true,2026-06-25T05:22:11.730520Z
2025-06-25,OECD_TOTAL,97.656171,0.234383,authorized_macro_cycle_proxy,false,true,2026-06-25T05:22:11.730520Z
2025-06-25,G20,97.656171,0.234383,authorized_macro_cycle_proxy,false,true,2026-06-25T05:22:11.730520Z
2025-06-25,JP,97.656171,0.234383,authorized_macro_cycle_proxy,false,true,2026-06-25T05:22:11.730520Z
2025-06-25,EURO_AREA,97.656171,0.234383,authorized_macro_cycle_proxy,false,true,2026-06-25T05:22:11.730520Z
2025-06-26,CN,97.704239,0.229576,authorized_macro_cycle_proxy,false,true,2026-06-25T05:22:11.730520Z
2025-06-26,US,97.704239,0.229576,authorized_macro_cycle_proxy,false,true,2026-06-25T05:22:11.730520Z
2025-06-26,OECD_TOTAL,97.704239,0.229576,authorized_macro_cycle_proxy,false,true,2026-06-25T05:22:11.730520Z
2025-06-26,G20,97.704239,0.229576,authorized_macro_cycle_proxy,false,true,2026-06-25T05:22:11.730520Z
2025-06-26,JP,97.704239,0.229576,authorized_macro_cycle_proxy,false,true,2026-06-25T05:22:11.730520Z
2025-06-26,EURO_AREA,97.704239,0.229576,authorized_macro_cycle_proxy,false,true,2026-06-25T05:22:11.730520Z
2025-06-27,CN,97.721039,0.227896,authorized_macro_cycle_proxy,false,true,2026-06-25T05:22:11.730520Z
2025-06-27,US,97.721039,0.227896,authorized_macro_cycle_proxy,false,true,2026-06-25T05:22:11.730520Z
2025-06-27,OECD_TOTAL,97.721039,0.227896,authorized_macro_cycle_proxy,false,true,2026-06-25T05:22:11.730520Z
2025-06-27,G20,97.721039,0.227896,authorized_macro_cycle_proxy,false,true,2026-06-25T05:22:11.730520Z
2025-06-27,JP,97.721039,0.227896,authorized_macro_cycle_proxy,false,true,2026-06-25T05:22:11.730520Z
2025-06-27,EURO_AREA,97.721039,0.227896,authorized_macro_cycle_proxy,false,true,2026-06-25T05:22:11.730520Z
2025-06-30,CN,97.7038,0.22962,authorized_macro_cycle_proxy,false,true,2026-06-25T05:22:11.730520Z
2025-06-30,US,97.7038,0.22962,authorized_macro_cycle_proxy,false,true,2026-06-25T05:22:11.730520Z
2025-06-30,OECD_TOTAL,97.7038,0.22962,authorized_macro_cycle_proxy,false,true,2026-06-25T05:22:11.730520Z
2025-06-30,G20,97.7038,0.22962,authorized_macro_cycle_proxy,false,true,2026-06-25T05:22:11.730520Z
2025-06-30,JP,97.7038,0.22962,authorized_macro_cycle_proxy,false,true,2026-06-25T05:22:11.730520Z
2025-06-30,EURO_AREA,97.7038,0.22962,authorized_macro_cycle_proxy,false,true,2026-06-25T05:22:11.730520Z
2025-07-01,CN,97.670889,0.232911,authorized_macro_cycle_proxy,false,true,2026-06-25T05:22:11.730520Z
2025-07-01,US,97.670889,0.232911,authorized_macro_cycle_proxy,false,true,2026-06-25T05:22:11.730520Z
2025-07-01,OECD_TOTAL,97.670889,0.232911,authorized_macro_cycle_proxy,false,true,2026-06-25T05:22:11.730520Z
2025-07-01,G20,97.670889,0.232911,authorized_macro_cycle_proxy,false,true,2026-06-25T05:22:11.730520Z
2025-07-01,JP,97.670889,0.232911,authorized_macro_cycle_proxy,false,true,2026-06-25T05:22:11.730520Z
2025-07-01,EURO_AREA,97.670889,0.232911,authorized_macro_cycle_proxy,false,true,2026-06-25T05:22:11.730520Z
2025-07-02,CN,97.633132,0.236687,authorized_macro_cycle_proxy,false,true,2026-06-25T05:22:11.730520Z
2025-07-02,US,97.633132,0.236687,authorized_macro_cycle_proxy,false,true,2026-06-25T05:22:11.730520Z
2025-07-02,OECD_TOTAL,97.633132,0.236687,authorized_macro_cycle_proxy,false,true,2026-06-25T05:22:11.730520Z
2025-07-02,G20,97.633132,0.236687,authorized_macro_cycle_proxy,false,true,2026-06-25T05:22:11.730520Z
2025-07-02,JP,97.633132,0.236687,authorized_macro_cycle_proxy,false,true,2026-06-25T05:22:11.730520Z
2025-07-02,EURO_AREA,97.633132,0.236687,authorized_macro_cycle_proxy,false,true,2026-06-25T05:22:11.730520Z
2025-07-03,CN,97.651675,0.234832,authorized_macro_cycle_proxy,false,true,2026-06-25T05:22:11.730520Z
2025-07-03,US,97.651675,0.234832,authorized_macro_cycle_proxy,false,true,2026-06-25T05:22:11.730520Z
2025-07-03,OECD_TOTAL,97.651675,0.234832,authorized_macro_cycle_proxy,false,true,2026-06-25T05:22:11.730520Z
2025-07-03,G20,97.651675,0.234832,authorized_macro_cycle_proxy,false,true,2026-06-25T05:22:11.730520Z
2025-07-03,JP,97.651675,0.234832,authorized_macro_cycle_proxy,false,true,2026-06-25T05:22:11.730520Z
2025-07-03,EURO_AREA,97.651675,0.234832,authorized_macro_cycle_proxy,false,true,2026-06-25T05:22:11.730520Z
2025-07-04,CN,97.508389,0.249161,authorized_macro_cycle_proxy,false,true,2026-06-25T05:22:11.730520Z
2025-07-04,US,97.508389,0.249161,authorized_macro_cycle_proxy,false,true,2026-06-25T05:22:11.730520Z
2025-07-04,OECD_TOTAL,97.508389,0.249161,authorized_macro_cycle_proxy,false,true,2026-06-25T05:22:11.730520Z
2025-07-04,G20,97.508389,0.249161,authorized_macro_cycle_proxy,false,true,2026-06-25T05:22:11.730520Z
2025-07-04,JP,97.508389,0.249161,authorized_macro_cycle_proxy,false,true,2026-06-25T05:22:11.730520Z
2025-07-04,EURO_AREA,97.508389,0.249161,authorized_macro_cycle_proxy,false,true,2026-06-25T05:22:11.730520Z
2025-07-07,CN,97.398972,0.260103,authorized_macro_cycle_proxy,false,true,2026-06-25T05:22:11.730520Z
2025-07-07,US,97.398972,0.260103,authorized_macro_cycle_proxy,false,true,2026-06-25T05:22:11.730520Z
2025-07-07,OECD_TOTAL,97.398972,0.260103,authorized_macro_cycle_proxy,false,true,2026-06-25T05:22:11.730520Z
2025-07-07,G20,97.398972,0.260103,authorized_macro_cycle_proxy,false,true,2026-06-25T05:22:11.730520Z
2025-07-07,JP,97.398972,0.260103,authorized_macro_cycle_proxy,false,true,2026-06-25T05:22:11.730520Z
2025-07-07,EURO_AREA,97.398972,0.260103,authorized_macro_cycle_proxy,false,true,2026-06-25T05:22:11.730520Z
2025-07-08,CN,97.51835,0.248165,authorized_macro_cycle_proxy,false,true,2026-06-25T05:22:11.730520Z
2025-07-08,US,97.51835,0.248165,authorized_macro_cycle_proxy,false,true,2026-06-25T05:22:11.730520Z
2025-07-08,OECD_TOTAL,97.51835,0.248165,authorized_macro_cycle_proxy,false,true,2026-06-25T05:22:11.730520Z
2025-07-08,G20,97.51835,0.248165,authorized_macro_cycle_proxy,false,true,2026-06-25T05:22:11.730520Z
2025-07-08,JP,97.51835,0.248165,authorized_macro_cycle_proxy,false,true,2026-06-25T05:22:11.730520Z
2025-07-08,EURO_AREA,97.51835,0.248165,authorized_macro_cycle_proxy,false,true,2026-06-25T05:22:11.730520Z
2025-07-09,CN,97.667829,0.233217,authorized_macro_cycle_proxy,false,true,2026-06-25T05:22:11.730520Z
2025-07-09,US,97.667829,0.233217,authorized_macro_cycle_proxy,false,true,2026-06-25T05:22:11.730520Z
2025-07-09,OECD_TOTAL,97.667829,0.233217,authorized_macro_cycle_proxy,false,true,2026-06-25T05:22:11.730520Z
2025-07-09,G20,97.667829,0.233217,authorized_macro_cycle_proxy,false,true,2026-06-25T05:22:11.730520Z
2025-07-09,JP,97.667829,0.233217,authorized_macro_cycle_proxy,false,true,2026-06-25T05:22:11.730520Z
2025-07-09,EURO_AREA,97.667829,0.233217,authorized_macro_cycle_proxy,false,true,2026-06-25T05:22:11.730520Z
2025-07-10,CN,97.733514,0.226649,authorized_macro_cycle_proxy,false,true,2026-06-25T05:22:11.730520Z
2025-07-10,US,97.733514,0.226649,authorized_macro_cycle_proxy,false,true,2026-06-25T05:22:11.730520Z
2025-07-10,OECD_TOTAL,97.733514,0.226649,authorized_macro_cycle_proxy,false,true,2026-06-25T05:22:11.730520Z
2025-07-10,G20,97.733514,0.226649,authorized_macro_cycle_proxy,false,true,2026-06-25T05:22:11.730520Z
2025-07-10,JP,97.733514,0.226649,authorized_macro_cycle_proxy,false,true,2026-06-25T05:22:11.730520Z
2025-07-10,EURO_AREA,97.733514,0.226649,authorized_macro_cycle_proxy,false,true,2026-06-25T05:22:11.730520Z
2025-07-11,CN,97.567929,0.243207,authorized_macro_cycle_proxy,false,true,2026-06-25T05:22:11.730520Z
2025-07-11,US,97.567929,0.243207,authorized_macro_cycle_proxy,false,true,2026-06-25T05:22:11.730520Z
2025-07-11,OECD_TOTAL,97.567929,0.243207,authorized_macro_cycle_proxy,false,true,2026-06-25T05:22:11.730520Z
2025-07-11,G20,97.567929,0.243207,authorized_macro_cycle_proxy,false,true,2026-06-25T05:22:11.730520Z
2025-07-11,JP,97.567929,0.243207,authorized_macro_cycle_proxy,false,true,2026-06-25T05:22:11.730520Z
2025-07-11,EURO_AREA,97.567929,0.243207,authorized_macro_cycle_proxy,false,true,2026-06-25T05:22:11.730520Z
2025-07-14,CN,97.495179,0.250482,authorized_macro_cycle_proxy,false,true,2026-06-25T05:22:11.730520Z
2025-07-14,US,97.495179,0.250482,authorized_macro_cycle_proxy,false,true,2026-06-25T05:22:11.730520Z
2025-07-14,OECD_TOTAL,97.495179,0.250482,authorized_macro_cycle_proxy,false,true,2026-06-25T05:22:11.730520Z
2025-07-14,G20,97.495179,0.250482,authorized_macro_cycle_proxy,false,true,2026-06-25T05:22:11.730520Z
2025-07-14,JP,97.495179,0.250482,authorized_macro_cycle_proxy,false,true,2026-06-25T05:22:11.730520Z
2025-07-14,EURO_AREA,97.495179,0.250482,authorized_macro_cycle_proxy,false,true,2026-06-25T05:22:11.730520Z
2025-07-15,CN,97.441461,0.255854,authorized_macro_cycle_proxy,false,true,2026-06-25T05:22:11.730520Z
2025-07-15,US,97.441461,0.255854,authorized_macro_cycle_proxy,false,true,2026-06-25T05:22:11.730520Z
2025-07-15,OECD_TOTAL,97.441461,0.255854,authorized_macro_cycle_proxy,false,true,2026-06-25T05:22:11.730520Z
2025-07-15,G20,97.441461,0.255854,authorized_macro_cycle_proxy,false,true,2026-06-25T05:22:11.730520Z
2025-07-15,JP,97.441461,0.255854,authorized_macro_cycle_proxy,false,true,2026-06-25T05:22:11.730520Z
2025-07-15,EURO_AREA,97.441461,0.255854,authorized_macro_cycle_proxy,false,true,2026-06-25T05:22:11.730520Z
2025-07-16,CN,97.485261,0.251474,authorized_macro_cycle_proxy,false,true,2026-06-25T05:22:11.730520Z
2025-07-16,US,97.485261,0.251474,authorized_macro_cycle_proxy,false,true,2026-06-25T05:22:11.730520Z
2025-07-16,OECD_TOTAL,97.485261,0.251474,authorized_macro_cycle_proxy,false,true,2026-06-25T05:22:11.730520Z
2025-07-16,G20,97.485261,0.251474,authorized_macro_cycle_proxy,false,true,2026-06-25T05:22:11.730520Z
2025-07-16,JP,97.485261,0.251474,authorized_macro_cycle_proxy,false,true,2026-06-25T05:22:11.730520Z
2025-07-16,EURO_AREA,97.485261,0.251474,authorized_macro_cycle_proxy,false,true,2026-06-25T05:22:11.730520Z
2025-07-17,CN,97.540129,0.245987,authorized_macro_cycle_proxy,false,true,2026-06-25T05:22:11.730520Z
2025-07-17,US,97.540129,0.245987,authorized_macro_cycle_proxy,false,true,2026-06-25T05:22:11.730520Z
2025-07-17,OECD_TOTAL,97.540129,0.245987,authorized_macro_cycle_proxy,false,true,2026-06-25T05:22:11.730520Z
2025-07-17,G20,97.540129,0.245987,authorized_macro_cycle_proxy,false,true,2026-06-25T05:22:11.730520Z
2025-07-17,JP,97.540129,0.245987,authorized_macro_cycle_proxy,false,true,2026-06-25T05:22:11.730520Z
2025-07-17,EURO_AREA,97.540129,0.245987,authorized_macro_cycle_proxy,false,true,2026-06-25T05:22:11.730520Z
2025-07-18,CN,97.575314,0.242469,authorized_macro_cycle_proxy,false,true,2026-06-25T05:22:11.730520Z
2025-07-18,US,97.575314,0.242469,authorized_macro_cycle_proxy,false,true,2026-06-25T05:22:11.730520Z
2025-07-18,OECD_TOTAL,97.575314,0.242469,authorized_macro_cycle_proxy,false,true,2026-06-25T05:22:11.730520Z
2025-07-18,G20,97.575314,0.242469,authorized_macro_cycle_proxy,false,true,2026-06-25T05:22:11.730520Z
2025-07-18,JP,97.575314,0.242469,authorized_macro_cycle_proxy,false,true,2026-06-25T05:22:11.730520Z
2025-07-18,EURO_AREA,97.575314,0.242469,authorized_macro_cycle_proxy,false,true,2026-06-25T05:22:11.730520Z
2025-07-21,CN,97.584339,0.241566,authorized_macro_cycle_proxy,false,true,2026-06-25T05:22:11.730520Z
2025-07-21,US,97.584339,0.241566,authorized_macro_cycle_proxy,false,true,2026-06-25T05:22:11.730520Z
2025-07-21,OECD_TOTAL,97.584339,0.241566,authorized_macro_cycle_proxy,false,true,2026-06-25T05:22:11.730520Z
2025-07-21,G20,97.584339,0.241566,authorized_macro_cycle_proxy,false,true,2026-06-25T05:22:11.730520Z
2025-07-21,JP,97.584339,0.241566,authorized_macro_cycle_proxy,false,true,2026-06-25T05:22:11.730520Z
2025-07-21,EURO_AREA,97.584339,0.241566,authorized_macro_cycle_proxy,false,true,2026-06-25T05:22:11.730520Z
2025-07-22,CN,97.646053,0.235395,authorized_macro_cycle_proxy,false,true,2026-06-25T05:22:11.730520Z
2025-07-22,US,97.646053,0.235395,authorized_macro_cycle_proxy,false,true,2026-06-25T05:22:11.730520Z
2025-07-22,OECD_TOTAL,97.646053,0.235395,authorized_macro_cycle_proxy,false,true,2026-06-25T05:22:11.730520Z
2025-07-22,G20,97.646053,0.235395,authorized_macro_cycle_proxy,false,true,2026-06-25T05:22:11.730520Z
2025-07-22,JP,97.646053,0.235395,authorized_macro_cycle_proxy,false,true,2026-06-25T05:22:11.730520Z
2025-07-22,EURO_AREA,97.646053,0.235395,authorized_macro_cycle_proxy,false,true,2026-06-25T05:22:11.730520Z
2025-07-23,CN,97.817325,0.218268,authorized_macro_cycle_proxy,false,true,2026-06-25T05:22:11.730520Z
2025-07-23,US,97.817325,0.218268,authorized_macro_cycle_proxy,false,true,2026-06-25T05:22:11.730520Z
2025-07-23,OECD_TOTAL,97.817325,0.218268,authorized_macro_cycle_proxy,false,true,2026-06-25T05:22:11.730520Z
2025-07-23,G20,97.817325,0.218268,authorized_macro_cycle_proxy,false,true,2026-06-25T05:22:11.730520Z
2025-07-23,JP,97.817325,0.218268,authorized_macro_cycle_proxy,false,true,2026-06-25T05:22:11.730520Z
2025-07-23,EURO_AREA,97.817325,0.218268,authorized_macro_cycle_proxy,false,true,2026-06-25T05:22:11.730520Z
2025-07-24,CN,97.795311,0.220469,authorized_macro_cycle_proxy,false,true,2026-06-25T05:22:11.730520Z
2025-07-24,US,97.795311,0.220469,authorized_macro_cycle_proxy,false,true,2026-06-25T05:22:11.730520Z
2025-07-24,OECD_TOTAL,97.795311,0.220469,authorized_macro_cycle_proxy,false,true,2026-06-25T05:22:11.730520Z
2025-07-24,G20,97.795311,0.220469,authorized_macro_cycle_proxy,false,true,2026-06-25T05:22:11.730520Z
2025-07-24,JP,97.795311,0.220469,authorized_macro_cycle_proxy,false,true,2026-06-25T05:22:11.730520Z
2025-07-24,EURO_AREA,97.795311,0.220469,authorized_macro_cycle_proxy,false,true,2026-06-25T05:22:11.730520Z
2025-07-25,CN,97.879553,0.212045,authorized_macro_cycle_proxy,false,true,2026-06-25T05:22:11.730520Z
2025-07-25,US,97.879553,0.212045,authorized_macro_cycle_proxy,false,true,2026-06-25T05:22:11.730520Z
2025-07-25,OECD_TOTAL,97.879553,0.212045,authorized_macro_cycle_proxy,false,true,2026-06-25T05:22:11.730520Z
2025-07-25,G20,97.879553,0.212045,authorized_macro_cycle_proxy,false,true,2026-06-25T05:22:11.730520Z
2025-07-25,JP,97.879553,0.212045,authorized_macro_cycle_proxy,false,true,2026-06-25T05:22:11.730520Z
2025-07-25,EURO_AREA,97.879553,0.212045,authorized_macro_cycle_proxy,false,true,2026-06-25T05:22:11.730520Z
2025-07-28,CN,97.794764,0.220524,authorized_macro_cycle_proxy,false,true,2026-06-25T05:22:11.730520Z
2025-07-28,US,97.794764,0.220524,authorized_macro_cycle_proxy,false,true,2026-06-25T05:22:11.730520Z
2025-07-28,OECD_TOTAL,97.794764,0.220524,authorized_macro_cycle_proxy,false,true,2026-06-25T05:22:11.730520Z
2025-07-28,G20,97.794764,0.220524,authorized_macro_cycle_proxy,false,true,2026-06-25T05:22:11.730520Z
2025-07-28,JP,97.794764,0.220524,authorized_macro_cycle_proxy,false,true,2026-06-25T05:22:11.730520Z
2025-07-28,EURO_AREA,97.794764,0.220524,authorized_macro_cycle_proxy,false,true,2026-06-25T05:22:11.730520Z
2025-07-29,CN,97.654943,0.234506,authorized_macro_cycle_proxy,false,true,2026-06-25T05:22:11.730520Z
2025-07-29,US,97.654943,0.234506,authorized_macro_cycle_proxy,false,true,2026-06-25T05:22:11.730520Z
2025-07-29,OECD_TOTAL,97.654943,0.234506,authorized_macro_cycle_proxy,false,true,2026-06-25T05:22:11.730520Z
2025-07-29,G20,97.654943,0.234506,authorized_macro_cycle_proxy,false,true,2026-06-25T05:22:11.730520Z
2025-07-29,JP,97.654943,0.234506,authorized_macro_cycle_proxy,false,true,2026-06-25T05:22:11.730520Z
2025-07-29,EURO_AREA,97.654943,0.234506,authorized_macro_cycle_proxy,false,true,2026-06-25T05:22:11.730520Z
2025-07-30,CN,97.685014,0.231499,authorized_macro_cycle_proxy,false,true,2026-06-25T05:22:11.730520Z
2025-07-30,US,97.685014,0.231499,authorized_macro_cycle_proxy,false,true,2026-06-25T05:22:11.730520Z
2025-07-30,OECD_TOTAL,97.685014,0.231499,authorized_macro_cycle_proxy,false,true,2026-06-25T05:22:11.730520Z
2025-07-30,G20,97.685014,0.231499,authorized_macro_cycle_proxy,false,true,2026-06-25T05:22:11.730520Z
2025-07-30,JP,97.685014,0.231499,authorized_macro_cycle_proxy,false,true,2026-06-25T05:22:11.730520Z
2025-07-30,EURO_AREA,97.685014,0.231499,authorized_macro_cycle_proxy,false,true,2026-06-25T05:22:11.730520Z
2025-07-31,CN,97.505521,0.249448,authorized_macro_cycle_proxy,false,true,2026-06-25T05:22:11.730520Z
2025-07-31,US,97.505521,0.249448,authorized_macro_cycle_proxy,false,true,2026-06-25T05:22:11.730520Z
2025-07-31,OECD_TOTAL,97.505521,0.249448,authorized_macro_cycle_proxy,false,true,2026-06-25T05:22:11.730520Z
2025-07-31,G20,97.505521,0.249448,authorized_macro_cycle_proxy,false,true,2026-06-25T05:22:11.730520Z
2025-07-31,JP,97.505521,0.249448,authorized_macro_cycle_proxy,false,true,2026-06-25T05:22:11.730520Z
2025-07-31,EURO_AREA,97.505521,0.249448,authorized_macro_cycle_proxy,false,true,2026-06-25T05:22:11.730520Z
2025-08-01,CN,97.104479,0.289552,authorized_macro_cycle_proxy,false,true,2026-06-25T05:22:11.730520Z
2025-08-01,US,97.104479,0.289552,authorized_macro_cycle_proxy,false,true,2026-06-25T05:22:11.730520Z
2025-08-01,OECD_TOTAL,97.104479,0.289552,authorized_macro_cycle_proxy,false,true,2026-06-25T05:22:11.730520Z
2025-08-01,G20,97.104479,0.289552,authorized_macro_cycle_proxy,false,true,2026-06-25T05:22:11.730520Z
2025-08-01,JP,97.104479,0.289552,authorized_macro_cycle_proxy,false,true,2026-06-25T05:22:11.730520Z
2025-08-01,EURO_AREA,97.104479,0.289552,authorized_macro_cycle_proxy,false,true,2026-06-25T05:22:11.730520Z
2025-08-04,CN,97.564914,0.243509,authorized_macro_cycle_proxy,false,true,2026-06-25T05:22:11.730520Z
2025-08-04,US,97.564914,0.243509,authorized_macro_cycle_proxy,false,true,2026-06-25T05:22:11.730520Z
2025-08-04,OECD_TOTAL,97.564914,0.243509,authorized_macro_cycle_proxy,false,true,2026-06-25T05:22:11.730520Z
2025-08-04,G20,97.564914,0.243509,authorized_macro_cycle_proxy,false,true,2026-06-25T05:22:11.730520Z
2025-08-04,JP,97.564914,0.243509,authorized_macro_cycle_proxy,false,true,2026-06-25T05:22:11.730520Z
2025-08-04,EURO_AREA,97.564914,0.243509,authorized_macro_cycle_proxy,false,true,2026-06-25T05:22:11.730520Z
2025-08-05,CN,97.538178,0.246182,authorized_macro_cycle_proxy,false,true,2026-06-25T05:22:11.730520Z
2025-08-05,US,97.538178,0.246182,authorized_macro_cycle_proxy,false,true,2026-06-25T05:22:11.730520Z
2025-08-05,OECD_TOTAL,97.538178,0.246182,authorized_macro_cycle_proxy,false,true,2026-06-25T05:22:11.730520Z
2025-08-05,G20,97.538178,0.246182,authorized_macro_cycle_proxy,false,true,2026-06-25T05:22:11.730520Z
2025-08-05,JP,97.538178,0.246182,authorized_macro_cycle_proxy,false,true,2026-06-25T05:22:11.730520Z
2025-08-05,EURO_AREA,97.538178,0.246182,authorized_macro_cycle_proxy,false,true,2026-06-25T05:22:11.730520Z
2025-08-06,CN,97.695486,0.230451,authorized_macro_cycle_proxy,false,true,2026-06-25T05:22:11.730520Z
2025-08-06,US,97.695486,0.230451,authorized_macro_cycle_proxy,false,true,2026-06-25T05:22:11.730520Z
2025-08-06,OECD_TOTAL,97.695486,0.230451,authorized_macro_cycle_proxy,false,true,2026-06-25T05:22:11.730520Z
2025-08-06,G20,97.695486,0.230451,authorized_macro_cycle_proxy,false,true,2026-06-25T05:22:11.730520Z
2025-08-06,JP,97.695486,0.230451,authorized_macro_cycle_proxy,false,true,2026-06-25T05:22:11.730520Z
2025-08-06,EURO_AREA,97.695486,0.230451,authorized_macro_cycle_proxy,false,true,2026-06-25T05:22:11.730520Z
2025-08-07,CN,97.723807,0.227619,authorized_macro_cycle_proxy,false,true,2026-06-25T05:22:11.730520Z
2025-08-07,US,97.723807,0.227619,authorized_macro_cycle_proxy,false,true,2026-06-25T05:22:11.730520Z
2025-08-07,OECD_TOTAL,97.723807,0.227619,authorized_macro_cycle_proxy,false,true,2026-06-25T05:22:11.730520Z
2025-08-07,G20,97.723807,0.227619,authorized_macro_cycle_proxy,false,true,2026-06-25T05:22:11.730520Z
2025-08-07,JP,97.723807,0.227619,authorized_macro_cycle_proxy,false,true,2026-06-25T05:22:11.730520Z
2025-08-07,EURO_AREA,97.723807,0.227619,authorized_macro_cycle_proxy,false,true,2026-06-25T05:22:11.730520Z
2025-08-08,CN,97.902107,0.209789,authorized_macro_cycle_proxy,false,true,2026-06-25T05:22:11.730520Z
2025-08-08,US,97.902107,0.209789,authorized_macro_cycle_proxy,false,true,2026-06-25T05:22:11.730520Z
2025-08-08,OECD_TOTAL,97.902107,0.209789,authorized_macro_cycle_proxy,false,true,2026-06-25T05:22:11.730520Z
2025-08-08,G20,97.902107,0.209789,authorized_macro_cycle_proxy,false,true,2026-06-25T05:22:11.730520Z
2025-08-08,JP,97.902107,0.209789,authorized_macro_cycle_proxy,false,true,2026-06-25T05:22:11.730520Z
2025-08-08,EURO_AREA,97.902107,0.209789,authorized_macro_cycle_proxy,false,true,2026-06-25T05:22:11.730520Z
2025-08-11,CN,97.744018,0.225598,authorized_macro_cycle_proxy,false,true,2026-06-25T05:22:11.730520Z
2025-08-11,US,97.744018,0.225598,authorized_macro_cycle_proxy,false,true,2026-06-25T05:22:11.730520Z
2025-08-11,OECD_TOTAL,97.744018,0.225598,authorized_macro_cycle_proxy,false,true,2026-06-25T05:22:11.730520Z
2025-08-11,G20,97.744018,0.225598,authorized_macro_cycle_proxy,false,true,2026-06-25T05:22:11.730520Z
2025-08-11,JP,97.744018,0.225598,authorized_macro_cycle_proxy,false,true,2026-06-25T05:22:11.730520Z
2025-08-11,EURO_AREA,97.744018,0.225598,authorized_macro_cycle_proxy,false,true,2026-06-25T05:22:11.730520Z
2025-08-12,CN,97.937446,0.206255,authorized_macro_cycle_proxy,false,true,2026-06-25T05:22:11.730520Z
2025-08-12,US,97.937446,0.206255,authorized_macro_cycle_proxy,false,true,2026-06-25T05:22:11.730520Z
2025-08-12,OECD_TOTAL,97.937446,0.206255,authorized_macro_cycle_proxy,false,true,2026-06-25T05:22:11.730520Z
2025-08-12,G20,97.937446,0.206255,authorized_macro_cycle_proxy,false,true,2026-06-25T05:22:11.730520Z
2025-08-12,JP,97.937446,0.206255,authorized_macro_cycle_proxy,false,true,2026-06-25T05:22:11.730520Z
2025-08-12,EURO_AREA,97.937446,0.206255,authorized_macro_cycle_proxy,false,true,2026-06-25T05:22:11.730520Z
2025-08-13,CN,97.981339,0.201866,authorized_macro_cycle_proxy,false,true,2026-06-25T05:22:11.730520Z
2025-08-13,US,97.981339,0.201866,authorized_macro_cycle_proxy,false,true,2026-06-25T05:22:11.730520Z
2025-08-13,OECD_TOTAL,97.981339,0.201866,authorized_macro_cycle_proxy,false,true,2026-06-25T05:22:11.730520Z
2025-08-13,G20,97.981339,0.201866,authorized_macro_cycle_proxy,false,true,2026-06-25T05:22:11.730520Z
2025-08-13,JP,97.981339,0.201866,authorized_macro_cycle_proxy,false,true,2026-06-25T05:22:11.730520Z
2025-08-13,EURO_AREA,97.981339,0.201866,authorized_macro_cycle_proxy,false,true,2026-06-25T05:22:11.730520Z
2025-08-14,CN,97.919268,0.208073,authorized_macro_cycle_proxy,false,true,2026-06-25T05:22:11.730520Z
2025-08-14,US,97.919268,0.208073,authorized_macro_cycle_proxy,false,true,2026-06-25T05:22:11.730520Z
2025-08-14,OECD_TOTAL,97.919268,0.208073,authorized_macro_cycle_proxy,false,true,2026-06-25T05:22:11.730520Z
2025-08-14,G20,97.919268,0.208073,authorized_macro_cycle_proxy,false,true,2026-06-25T05:22:11.730520Z
2025-08-14,JP,97.919268,0.208073,authorized_macro_cycle_proxy,false,true,2026-06-25T05:22:11.730520Z
2025-08-14,EURO_AREA,97.919268,0.208073,authorized_macro_cycle_proxy,false,true,2026-06-25T05:22:11.730520Z
2025-08-15,CN,97.914025,0.208598,authorized_macro_cycle_proxy,false,true,2026-06-25T05:22:11.730520Z
2025-08-15,US,97.914025,0.208598,authorized_macro_cycle_proxy,false,true,2026-06-25T05:22:11.730520Z
2025-08-15,OECD_TOTAL,97.914025,0.208598,authorized_macro_cycle_proxy,false,true,2026-06-25T05:22:11.730520Z
2025-08-15,G20,97.914025,0.208598,authorized_macro_cycle_proxy,false,true,2026-06-25T05:22:11.730520Z
2025-08-15,JP,97.914025,0.208598,authorized_macro_cycle_proxy,false,true,2026-06-25T05:22:11.730520Z
2025-08-15,EURO_AREA,97.914025,0.208598,authorized_macro_cycle_proxy,false,true,2026-06-25T05:22:11.730520Z
2025-08-18,CN,97.900464,0.209954,authorized_macro_cycle_proxy,false,true,2026-06-25T05:22:11.730520Z
2025-08-18,US,97.900464,0.209954,authorized_macro_cycle_proxy,false,true,2026-06-25T05:22:11.730520Z
2025-08-18,OECD_TOTAL,97.900464,0.209954,authorized_macro_cycle_proxy,false,true,2026-06-25T05:22:11.730520Z
2025-08-18,G20,97.900464,0.209954,authorized_macro_cycle_proxy,false,true,2026-06-25T05:22:11.730520Z
2025-08-18,JP,97.900464,0.209954,authorized_macro_cycle_proxy,false,true,2026-06-25T05:22:11.730520Z
2025-08-18,EURO_AREA,97.900464,0.209954,authorized_macro_cycle_proxy,false,true,2026-06-25T05:22:11.730520Z
2025-08-19,CN,97.866468,0.213353,authorized_macro_cycle_proxy,false,true,2026-06-25T05:22:11.730520Z
2025-08-19,US,97.866468,0.213353,authorized_macro_cycle_proxy,false,true,2026-06-25T05:22:11.730520Z
2025-08-19,OECD_TOTAL,97.866468,0.213353,authorized_macro_cycle_proxy,false,true,2026-06-25T05:22:11.730520Z
2025-08-19,G20,97.866468,0.213353,authorized_macro_cycle_proxy,false,true,2026-06-25T05:22:11.730520Z
2025-08-19,JP,97.866468,0.213353,authorized_macro_cycle_proxy,false,true,2026-06-25T05:22:11.730520Z
2025-08-19,EURO_AREA,97.866468,0.213353,authorized_macro_cycle_proxy,false,true,2026-06-25T05:22:11.730520Z
2025-08-20,CN,97.841989,0.215801,authorized_macro_cycle_proxy,false,true,2026-06-25T05:22:11.730520Z
2025-08-20,US,97.841989,0.215801,authorized_macro_cycle_proxy,false,true,2026-06-25T05:22:11.730520Z
2025-08-20,OECD_TOTAL,97.841989,0.215801,authorized_macro_cycle_proxy,false,true,2026-06-25T05:22:11.730520Z
2025-08-20,G20,97.841989,0.215801,authorized_macro_cycle_proxy,false,true,2026-06-25T05:22:11.730520Z
2025-08-20,JP,97.841989,0.215801,authorized_macro_cycle_proxy,false,true,2026-06-25T05:22:11.730520Z
2025-08-20,EURO_AREA,97.841989,0.215801,authorized_macro_cycle_proxy,false,true,2026-06-25T05:22:11.730520Z
2025-08-21,CN,97.685696,0.23143,authorized_macro_cycle_proxy,false,true,2026-06-25T05:22:11.730520Z
2025-08-21,US,97.685696,0.23143,authorized_macro_cycle_proxy,false,true,2026-06-25T05:22:11.730520Z
2025-08-21,OECD_TOTAL,97.685696,0.23143,authorized_macro_cycle_proxy,false,true,2026-06-25T05:22:11.730520Z
2025-08-21,G20,97.685696,0.23143,authorized_macro_cycle_proxy,false,true,2026-06-25T05:22:11.730520Z
2025-08-21,JP,97.685696,0.23143,authorized_macro_cycle_proxy,false,true,2026-06-25T05:22:11.730520Z
2025-08-21,EURO_AREA,97.685696,0.23143,authorized_macro_cycle_proxy,false,true,2026-06-25T05:22:11.730520Z
2025-08-22,CN,97.941696,0.20583,authorized_macro_cycle_proxy,false,true,2026-06-25T05:22:11.730520Z
2025-08-22,US,97.941696,0.20583,authorized_macro_cycle_proxy,false,true,2026-06-25T05:22:11.730520Z
2025-08-22,OECD_TOTAL,97.941696,0.20583,authorized_macro_cycle_proxy,false,true,2026-06-25T05:22:11.730520Z
2025-08-22,G20,97.941696,0.20583,authorized_macro_cycle_proxy,false,true,2026-06-25T05:22:11.730520Z
2025-08-22,JP,97.941696,0.20583,authorized_macro_cycle_proxy,false,true,2026-06-25T05:22:11.730520Z
2025-08-22,EURO_AREA,97.941696,0.20583,authorized_macro_cycle_proxy,false,true,2026-06-25T05:22:11.730520Z
2025-08-25,CN,97.945893,0.205411,authorized_macro_cycle_proxy,false,true,2026-06-25T05:22:11.730520Z
2025-08-25,US,97.945893,0.205411,authorized_macro_cycle_proxy,false,true,2026-06-25T05:22:11.730520Z
2025-08-25,OECD_TOTAL,97.945893,0.205411,authorized_macro_cycle_proxy,false,true,2026-06-25T05:22:11.730520Z
2025-08-25,G20,97.945893,0.205411,authorized_macro_cycle_proxy,false,true,2026-06-25T05:22:11.730520Z
2025-08-25,JP,97.945893,0.205411,authorized_macro_cycle_proxy,false,true,2026-06-25T05:22:11.730520Z
2025-08-25,EURO_AREA,97.945893,0.205411,authorized_macro_cycle_proxy,false,true,2026-06-25T05:22:11.730520Z
2025-08-26,CN,97.986357,0.201364,authorized_macro_cycle_proxy,false,true,2026-06-25T05:22:11.730520Z
2025-08-26,US,97.986357,0.201364,authorized_macro_cycle_proxy,false,true,2026-06-25T05:22:11.730520Z
2025-08-26,OECD_TOTAL,97.986357,0.201364,authorized_macro_cycle_proxy,false,true,2026-06-25T05:22:11.730520Z
2025-08-26,G20,97.986357,0.201364,authorized_macro_cycle_proxy,false,true,2026-06-25T05:22:11.730520Z
2025-08-26,JP,97.986357,0.201364,authorized_macro_cycle_proxy,false,true,2026-06-25T05:22:11.730520Z
2025-08-26,EURO_AREA,97.986357,0.201364,authorized_macro_cycle_proxy,false,true,2026-06-25T05:22:11.730520Z
2025-08-27,CN,97.975822,0.202418,authorized_macro_cycle_proxy,false,true,2026-06-25T05:22:11.730520Z
2025-08-27,US,97.975822,0.202418,authorized_macro_cycle_proxy,false,true,2026-06-25T05:22:11.730520Z
2025-08-27,OECD_TOTAL,97.975822,0.202418,authorized_macro_cycle_proxy,false,true,2026-06-25T05:22:11.730520Z
2025-08-27,G20,97.975822,0.202418,authorized_macro_cycle_proxy,false,true,2026-06-25T05:22:11.730520Z
2025-08-27,JP,97.975822,0.202418,authorized_macro_cycle_proxy,false,true,2026-06-25T05:22:11.730520Z
2025-08-27,EURO_AREA,97.975822,0.202418,authorized_macro_cycle_proxy,false,true,2026-06-25T05:22:11.730520Z
2025-08-28,CN,97.981679,0.201832,authorized_macro_cycle_proxy,false,true,2026-06-25T05:22:11.730520Z
2025-08-28,US,97.981679,0.201832,authorized_macro_cycle_proxy,false,true,2026-06-25T05:22:11.730520Z
2025-08-28,OECD_TOTAL,97.981679,0.201832,authorized_macro_cycle_proxy,false,true,2026-06-25T05:22:11.730520Z
2025-08-28,G20,97.981679,0.201832,authorized_macro_cycle_proxy,false,true,2026-06-25T05:22:11.730520Z
2025-08-28,JP,97.981679,0.201832,authorized_macro_cycle_proxy,false,true,2026-06-25T05:22:11.730520Z
2025-08-28,EURO_AREA,97.981679,0.201832,authorized_macro_cycle_proxy,false,true,2026-06-25T05:22:11.730520Z
2025-08-29,CN,97.933921,0.206608,authorized_macro_cycle_proxy,false,true,2026-06-25T05:22:11.730520Z
2025-08-29,US,97.933921,0.206608,authorized_macro_cycle_proxy,false,true,2026-06-25T05:22:11.730520Z
2025-08-29,OECD_TOTAL,97.933921,0.206608,authorized_macro_cycle_proxy,false,true,2026-06-25T05:22:11.730520Z
2025-08-29,G20,97.933921,0.206608,authorized_macro_cycle_proxy,false,true,2026-06-25T05:22:11.730520Z
2025-08-29,JP,97.933921,0.206608,authorized_macro_cycle_proxy,false,true,2026-06-25T05:22:11.730520Z
2025-08-29,EURO_AREA,97.933921,0.206608,authorized_macro_cycle_proxy,false,true,2026-06-25T05:22:11.730520Z
2025-09-01,CN,97.855771,0.214423,authorized_macro_cycle_proxy,false,true,2026-06-25T05:22:11.730520Z
2025-09-01,US,97.855771,0.214423,authorized_macro_cycle_proxy,false,true,2026-06-25T05:22:11.730520Z
2025-09-01,OECD_TOTAL,97.855771,0.214423,authorized_macro_cycle_proxy,false,true,2026-06-25T05:22:11.730520Z
2025-09-01,G20,97.855771,0.214423,authorized_macro_cycle_proxy,false,true,2026-06-25T05:22:11.730520Z
2025-09-01,JP,97.855771,0.214423,authorized_macro_cycle_proxy,false,true,2026-06-25T05:22:11.730520Z
2025-09-01,EURO_AREA,97.855771,0.214423,authorized_macro_cycle_proxy,false,true,2026-06-25T05:22:11.730520Z
2025-09-02,CN,97.639164,0.236084,authorized_macro_cycle_proxy,false,true,2026-06-25T05:22:11.730520Z
2025-09-02,US,97.639164,0.236084,authorized_macro_cycle_proxy,false,true,2026-06-25T05:22:11.730520Z
2025-09-02,OECD_TOTAL,97.639164,0.236084,authorized_macro_cycle_proxy,false,true,2026-06-25T05:22:11.730520Z
2025-09-02,G20,97.639164,0.236084,authorized_macro_cycle_proxy,false,true,2026-06-25T05:22:11.730520Z
2025-09-02,JP,97.639164,0.236084,authorized_macro_cycle_proxy,false,true,2026-06-25T05:22:11.730520Z
2025-09-02,EURO_AREA,97.639164,0.236084,authorized_macro_cycle_proxy,false,true,2026-06-25T05:22:11.730520Z
2025-09-03,CN,97.818679,0.218132,authorized_macro_cycle_proxy,false,true,2026-06-25T05:22:11.730520Z
2025-09-03,US,97.818679,0.218132,authorized_macro_cycle_proxy,false,true,2026-06-25T05:22:11.730520Z
2025-09-03,OECD_TOTAL,97.818679,0.218132,authorized_macro_cycle_proxy,false,true,2026-06-25T05:22:11.730520Z
2025-09-03,G20,97.818679,0.218132,authorized_macro_cycle_proxy,false,true,2026-06-25T05:22:11.730520Z
2025-09-03,JP,97.818679,0.218132,authorized_macro_cycle_proxy,false,true,2026-06-25T05:22:11.730520Z
2025-09-03,EURO_AREA,97.818679,0.218132,authorized_macro_cycle_proxy,false,true,2026-06-25T05:22:11.730520Z
2025-09-04,CN,97.993679,0.200632,authorized_macro_cycle_proxy,false,true,2026-06-25T05:22:11.730520Z
2025-09-04,US,97.993679,0.200632,authorized_macro_cycle_proxy,false,true,2026-06-25T05:22:11.730520Z
2025-09-04,OECD_TOTAL,97.993679,0.200632,authorized_macro_cycle_proxy,false,true,2026-06-25T05:22:11.730520Z
2025-09-04,G20,97.993679,0.200632,authorized_macro_cycle_proxy,false,true,2026-06-25T05:22:11.730520Z
2025-09-04,JP,97.993679,0.200632,authorized_macro_cycle_proxy,false,true,2026-06-25T05:22:11.730520Z
2025-09-04,EURO_AREA,97.993679,0.200632,authorized_macro_cycle_proxy,false,true,2026-06-25T05:22:11.730520Z
2025-09-05,CN,98.089979,0.191002,authorized_macro_cycle_proxy,false,true,2026-06-25T05:22:11.730520Z
2025-09-05,US,98.089979,0.191002,authorized_macro_cycle_proxy,false,true,2026-06-25T05:22:11.730520Z
2025-09-05,OECD_TOTAL,98.089979,0.191002,authorized_macro_cycle_proxy,false,true,2026-06-25T05:22:11.730520Z
2025-09-05,G20,98.089979,0.191002,authorized_macro_cycle_proxy,false,true,2026-06-25T05:22:11.730520Z
2025-09-05,JP,98.089979,0.191002,authorized_macro_cycle_proxy,false,true,2026-06-25T05:22:11.730520Z
2025-09-05,EURO_AREA,98.089979,0.191002,authorized_macro_cycle_proxy,false,true,2026-06-25T05:22:11.730520Z
2025-09-08,CN,98.126546,0.187345,authorized_macro_cycle_proxy,false,true,2026-06-25T05:22:11.730520Z
2025-09-08,US,98.126546,0.187345,authorized_macro_cycle_proxy,false,true,2026-06-25T05:22:11.730520Z
2025-09-08,OECD_TOTAL,98.126546,0.187345,authorized_macro_cycle_proxy,false,true,2026-06-25T05:22:11.730520Z
2025-09-08,G20,98.126546,0.187345,authorized_macro_cycle_proxy,false,true,2026-06-25T05:22:11.730520Z
2025-09-08,JP,98.126546,0.187345,authorized_macro_cycle_proxy,false,true,2026-06-25T05:22:11.730520Z
2025-09-08,EURO_AREA,98.126546,0.187345,authorized_macro_cycle_proxy,false,true,2026-06-25T05:22:11.730520Z
2025-09-09,CN,98.124918,0.187508,authorized_macro_cycle_proxy,false,true,2026-06-25T05:22:11.730520Z
2025-09-09,US,98.124918,0.187508,authorized_macro_cycle_proxy,false,true,2026-06-25T05:22:11.730520Z
2025-09-09,OECD_TOTAL,98.124918,0.187508,authorized_macro_cycle_proxy,false,true,2026-06-25T05:22:11.730520Z
2025-09-09,G20,98.124918,0.187508,authorized_macro_cycle_proxy,false,true,2026-06-25T05:22:11.730520Z
2025-09-09,JP,98.124918,0.187508,authorized_macro_cycle_proxy,false,true,2026-06-25T05:22:11.730520Z
2025-09-09,EURO_AREA,98.124918,0.187508,authorized_macro_cycle_proxy,false,true,2026-06-25T05:22:11.730520Z
2025-09-10,CN,98.080482,0.191952,authorized_macro_cycle_proxy,false,true,2026-06-25T05:22:11.730520Z
2025-09-10,US,98.080482,0.191952,authorized_macro_cycle_proxy,false,true,2026-06-25T05:22:11.730520Z
2025-09-10,OECD_TOTAL,98.080482,0.191952,authorized_macro_cycle_proxy,false,true,2026-06-25T05:22:11.730520Z
2025-09-10,G20,98.080482,0.191952,authorized_macro_cycle_proxy,false,true,2026-06-25T05:22:11.730520Z
2025-09-10,JP,98.080482,0.191952,authorized_macro_cycle_proxy,false,true,2026-06-25T05:22:11.730520Z
2025-09-10,EURO_AREA,98.080482,0.191952,authorized_macro_cycle_proxy,false,true,2026-06-25T05:22:11.730520Z
2025-09-11,CN,98.170714,0.182929,authorized_macro_cycle_proxy,false,true,2026-06-25T05:22:11.730520Z
2025-09-11,US,98.170714,0.182929,authorized_macro_cycle_proxy,false,true,2026-06-25T05:22:11.730520Z
2025-09-11,OECD_TOTAL,98.170714,0.182929,authorized_macro_cycle_proxy,false,true,2026-06-25T05:22:11.730520Z
2025-09-11,G20,98.170714,0.182929,authorized_macro_cycle_proxy,false,true,2026-06-25T05:22:11.730520Z
2025-09-11,JP,98.170714,0.182929,authorized_macro_cycle_proxy,false,true,2026-06-25T05:22:11.730520Z
2025-09-11,EURO_AREA,98.170714,0.182929,authorized_macro_cycle_proxy,false,true,2026-06-25T05:22:11.730520Z
2025-09-12,CN,98.138857,0.186114,authorized_macro_cycle_proxy,false,true,2026-06-25T05:22:11.730520Z
2025-09-12,US,98.138857,0.186114,authorized_macro_cycle_proxy,false,true,2026-06-25T05:22:11.730520Z
2025-09-12,OECD_TOTAL,98.138857,0.186114,authorized_macro_cycle_proxy,false,true,2026-06-25T05:22:11.730520Z
2025-09-12,G20,98.138857,0.186114,authorized_macro_cycle_proxy,false,true,2026-06-25T05:22:11.730520Z
2025-09-12,JP,98.138857,0.186114,authorized_macro_cycle_proxy,false,true,2026-06-25T05:22:11.730520Z
2025-09-12,EURO_AREA,98.138857,0.186114,authorized_macro_cycle_proxy,false,true,2026-06-25T05:22:11.730520Z
2025-09-15,CN,98.04256,0.195744,authorized_macro_cycle_proxy,false,true,2026-06-25T05:22:11.730520Z
2025-09-15,US,98.04256,0.195744,authorized_macro_cycle_proxy,false,true,2026-06-25T05:22:11.730520Z
2025-09-15,OECD_TOTAL,98.04256,0.195744,authorized_macro_cycle_proxy,false,true,2026-06-25T05:22:11.730520Z
2025-09-15,G20,98.04256,0.195744,authorized_macro_cycle_proxy,false,true,2026-06-25T05:22:11.730520Z
2025-09-15,JP,98.04256,0.195744,authorized_macro_cycle_proxy,false,true,2026-06-25T05:22:11.730520Z
2025-09-15,EURO_AREA,98.04256,0.195744,authorized_macro_cycle_proxy,false,true,2026-06-25T05:22:11.730520Z
2025-09-16,CN,97.931993,0.206801,authorized_macro_cycle_proxy,false,true,2026-06-25T05:22:11.730520Z
2025-09-16,US,97.931993,0.206801,authorized_macro_cycle_proxy,false,true,2026-06-25T05:22:11.730520Z
2025-09-16,OECD_TOTAL,97.931993,0.206801,authorized_macro_cycle_proxy,false,true,2026-06-25T05:22:11.730520Z
2025-09-16,G20,97.931993,0.206801,authorized_macro_cycle_proxy,false,true,2026-06-25T05:22:11.730520Z
2025-09-16,JP,97.931993,0.206801,authorized_macro_cycle_proxy,false,true,2026-06-25T05:22:11.730520Z
2025-09-16,EURO_AREA,97.931993,0.206801,authorized_macro_cycle_proxy,false,true,2026-06-25T05:22:11.730520Z
2025-09-17,CN,98.020289,0.197971,authorized_macro_cycle_proxy,false,true,2026-06-25T05:22:11.730520Z
2025-09-17,US,98.020289,0.197971,authorized_macro_cycle_proxy,false,true,2026-06-25T05:22:11.730520Z
2025-09-17,OECD_TOTAL,98.020289,0.197971,authorized_macro_cycle_proxy,false,true,2026-06-25T05:22:11.730520Z
2025-09-17,G20,98.020289,0.197971,authorized_macro_cycle_proxy,false,true,2026-06-25T05:22:11.730520Z
2025-09-17,JP,98.020289,0.197971,authorized_macro_cycle_proxy,false,true,2026-06-25T05:22:11.730520Z
2025-09-17,EURO_AREA,98.020289,0.197971,authorized_macro_cycle_proxy,false,true,2026-06-25T05:22:11.730520Z
2025-09-18,CN,98.007375,0.199262,authorized_macro_cycle_proxy,false,true,2026-06-25T05:22:11.730520Z
2025-09-18,US,98.007375,0.199262,authorized_macro_cycle_proxy,false,true,2026-06-25T05:22:11.730520Z
2025-09-18,OECD_TOTAL,98.007375,0.199262,authorized_macro_cycle_proxy,false,true,2026-06-25T05:22:11.730520Z
2025-09-18,G20,98.007375,0.199262,authorized_macro_cycle_proxy,false,true,2026-06-25T05:22:11.730520Z
2025-09-18,JP,98.007375,0.199262,authorized_macro_cycle_proxy,false,true,2026-06-25T05:22:11.730520Z
2025-09-18,EURO_AREA,98.007375,0.199262,authorized_macro_cycle_proxy,false,true,2026-06-25T05:22:11.730520Z
2025-09-19,CN,98.043947,0.195605,authorized_macro_cycle_proxy,false,true,2026-06-25T05:22:11.730520Z
2025-09-19,US,98.043947,0.195605,authorized_macro_cycle_proxy,false,true,2026-06-25T05:22:11.730520Z
2025-09-19,OECD_TOTAL,98.043947,0.195605,authorized_macro_cycle_proxy,false,true,2026-06-25T05:22:11.730520Z
2025-09-19,G20,98.043947,0.195605,authorized_macro_cycle_proxy,false,true,2026-06-25T05:22:11.730520Z
2025-09-19,JP,98.043947,0.195605,authorized_macro_cycle_proxy,false,true,2026-06-25T05:22:11.730520Z
2025-09-19,EURO_AREA,98.043947,0.195605,authorized_macro_cycle_proxy,false,true,2026-06-25T05:22:11.730520Z
2025-09-22,CN,97.950429,0.204957,authorized_macro_cycle_proxy,false,true,2026-06-25T05:22:11.730520Z
2025-09-22,US,97.950429,0.204957,authorized_macro_cycle_proxy,false,true,2026-06-25T05:22:11.730520Z
2025-09-22,OECD_TOTAL,97.950429,0.204957,authorized_macro_cycle_proxy,false,true,2026-06-25T05:22:11.730520Z
2025-09-22,G20,97.950429,0.204957,authorized_macro_cycle_proxy,false,true,2026-06-25T05:22:11.730520Z
2025-09-22,JP,97.950429,0.204957,authorized_macro_cycle_proxy,false,true,2026-06-25T05:22:11.730520Z
2025-09-22,EURO_AREA,97.950429,0.204957,authorized_macro_cycle_proxy,false,true,2026-06-25T05:22:11.730520Z
2025-09-23,CN,97.872829,0.212717,authorized_macro_cycle_proxy,false,true,2026-06-25T05:22:11.730520Z
2025-09-23,US,97.872829,0.212717,authorized_macro_cycle_proxy,false,true,2026-06-25T05:22:11.730520Z
2025-09-23,OECD_TOTAL,97.872829,0.212717,authorized_macro_cycle_proxy,false,true,2026-06-25T05:22:11.730520Z
2025-09-23,G20,97.872829,0.212717,authorized_macro_cycle_proxy,false,true,2026-06-25T05:22:11.730520Z
2025-09-23,JP,97.872829,0.212717,authorized_macro_cycle_proxy,false,true,2026-06-25T05:22:11.730520Z
2025-09-23,EURO_AREA,97.872829,0.212717,authorized_macro_cycle_proxy,false,true,2026-06-25T05:22:11.730520Z
2025-09-24,CN,97.864997,0.2135,authorized_macro_cycle_proxy,false,true,2026-06-25T05:22:11.730520Z
2025-09-24,US,97.864997,0.2135,authorized_macro_cycle_proxy,false,true,2026-06-25T05:22:11.730520Z
2025-09-24,OECD_TOTAL,97.864997,0.2135,authorized_macro_cycle_proxy,false,true,2026-06-25T05:22:11.730520Z
2025-09-24,G20,97.864997,0.2135,authorized_macro_cycle_proxy,false,true,2026-06-25T05:22:11.730520Z
2025-09-24,JP,97.864997,0.2135,authorized_macro_cycle_proxy,false,true,2026-06-25T05:22:11.730520Z
2025-09-24,EURO_AREA,97.864997,0.2135,authorized_macro_cycle_proxy,false,true,2026-06-25T05:22:11.730520Z
2025-09-25,CN,97.771436,0.222856,authorized_macro_cycle_proxy,false,true,2026-06-25T05:22:11.730520Z
2025-09-25,US,97.771436,0.222856,authorized_macro_cycle_proxy,false,true,2026-06-25T05:22:11.730520Z
2025-09-25,OECD_TOTAL,97.771436,0.222856,authorized_macro_cycle_proxy,false,true,2026-06-25T05:22:11.730520Z
2025-09-25,G20,97.771436,0.222856,authorized_macro_cycle_proxy,false,true,2026-06-25T05:22:11.730520Z
2025-09-25,JP,97.771436,0.222856,authorized_macro_cycle_proxy,false,true,2026-06-25T05:22:11.730520Z
2025-09-25,EURO_AREA,97.771436,0.222856,authorized_macro_cycle_proxy,false,true,2026-06-25T05:22:11.730520Z
2025-09-26,CN,97.951079,0.204892,authorized_macro_cycle_proxy,false,true,2026-06-25T05:22:11.730520Z
2025-09-26,US,97.951079,0.204892,authorized_macro_cycle_proxy,false,true,2026-06-25T05:22:11.730520Z
2025-09-26,OECD_TOTAL,97.951079,0.204892,authorized_macro_cycle_proxy,false,true,2026-06-25T05:22:11.730520Z
2025-09-26,G20,97.951079,0.204892,authorized_macro_cycle_proxy,false,true,2026-06-25T05:22:11.730520Z
2025-09-26,JP,97.951079,0.204892,authorized_macro_cycle_proxy,false,true,2026-06-25T05:22:11.730520Z
2025-09-26,EURO_AREA,97.951079,0.204892,authorized_macro_cycle_proxy,false,true,2026-06-25T05:22:11.730520Z
2025-09-29,CN,97.924521,0.207548,authorized_macro_cycle_proxy,false,true,2026-06-25T05:22:11.730520Z
2025-09-29,US,97.924521,0.207548,authorized_macro_cycle_proxy,false,true,2026-06-25T05:22:11.730520Z
2025-09-29,OECD_TOTAL,97.924521,0.207548,authorized_macro_cycle_proxy,false,true,2026-06-25T05:22:11.730520Z
2025-09-29,G20,97.924521,0.207548,authorized_macro_cycle_proxy,false,true,2026-06-25T05:22:11.730520Z
2025-09-29,JP,97.924521,0.207548,authorized_macro_cycle_proxy,false,true,2026-06-25T05:22:11.730520Z
2025-09-29,EURO_AREA,97.924521,0.207548,authorized_macro_cycle_proxy,false,true,2026-06-25T05:22:11.730520Z
2025-09-30,CN,97.922264,0.207774,authorized_macro_cycle_proxy,false,true,2026-06-25T05:22:11.730520Z
2025-09-30,US,97.922264,0.207774,authorized_macro_cycle_proxy,false,true,2026-06-25T05:22:11.730520Z
2025-09-30,OECD_TOTAL,97.922264,0.207774,authorized_macro_cycle_proxy,false,true,2026-06-25T05:22:11.730520Z
2025-09-30,G20,97.922264,0.207774,authorized_macro_cycle_proxy,false,true,2026-06-25T05:22:11.730520Z
2025-09-30,JP,97.922264,0.207774,authorized_macro_cycle_proxy,false,true,2026-06-25T05:22:11.730520Z
2025-09-30,EURO_AREA,97.922264,0.207774,authorized_macro_cycle_proxy,false,true,2026-06-25T05:22:11.730520Z
2025-10-09,CN,97.909068,0.209093,authorized_macro_cycle_proxy,false,true,2026-06-25T05:22:11.730520Z
2025-10-09,US,97.909068,0.209093,authorized_macro_cycle_proxy,false,true,2026-06-25T05:22:11.730520Z
2025-10-09,OECD_TOTAL,97.909068,0.209093,authorized_macro_cycle_proxy,false,true,2026-06-25T05:22:11.730520Z
2025-10-09,G20,97.909068,0.209093,authorized_macro_cycle_proxy,false,true,2026-06-25T05:22:11.730520Z
2025-10-09,JP,97.909068,0.209093,authorized_macro_cycle_proxy,false,true,2026-06-25T05:22:11.730520Z
2025-10-09,EURO_AREA,97.909068,0.209093,authorized_macro_cycle_proxy,false,true,2026-06-25T05:22:11.730520Z
2025-10-10,CN,97.257725,0.274228,authorized_macro_cycle_proxy,false,true,2026-06-25T05:22:11.730520Z
2025-10-10,US,97.257725,0.274228,authorized_macro_cycle_proxy,false,true,2026-06-25T05:22:11.730520Z
2025-10-10,OECD_TOTAL,97.257725,0.274228,authorized_macro_cycle_proxy,false,true,2026-06-25T05:22:11.730520Z
2025-10-10,G20,97.257725,0.274228,authorized_macro_cycle_proxy,false,true,2026-06-25T05:22:11.730520Z
2025-10-10,JP,97.257725,0.274228,authorized_macro_cycle_proxy,false,true,2026-06-25T05:22:11.730520Z
2025-10-10,EURO_AREA,97.257725,0.274228,authorized_macro_cycle_proxy,false,true,2026-06-25T05:22:11.730520Z
2025-10-13,CN,97.6603,0.23397,authorized_macro_cycle_proxy,false,true,2026-06-25T05:22:11.730520Z
2025-10-13,US,97.6603,0.23397,authorized_macro_cycle_proxy,false,true,2026-06-25T05:22:11.730520Z
2025-10-13,OECD_TOTAL,97.6603,0.23397,authorized_macro_cycle_proxy,false,true,2026-06-25T05:22:11.730520Z
2025-10-13,G20,97.6603,0.23397,authorized_macro_cycle_proxy,false,true,2026-06-25T05:22:11.730520Z
2025-10-13,JP,97.6603,0.23397,authorized_macro_cycle_proxy,false,true,2026-06-25T05:22:11.730520Z
2025-10-13,EURO_AREA,97.6603,0.23397,authorized_macro_cycle_proxy,false,true,2026-06-25T05:22:11.730520Z
2025-10-14,CN,97.3776,0.26224,authorized_macro_cycle_proxy,false,true,2026-06-25T05:22:11.730520Z
2025-10-14,US,97.3776,0.26224,authorized_macro_cycle_proxy,false,true,2026-06-25T05:22:11.730520Z
2025-10-14,OECD_TOTAL,97.3776,0.26224,authorized_macro_cycle_proxy,false,true,2026-06-25T05:22:11.730520Z
2025-10-14,G20,97.3776,0.26224,authorized_macro_cycle_proxy,false,true,2026-06-25T05:22:11.730520Z
2025-10-14,JP,97.3776,0.26224,authorized_macro_cycle_proxy,false,true,2026-06-25T05:22:11.730520Z
2025-10-14,EURO_AREA,97.3776,0.26224,authorized_macro_cycle_proxy,false,true,2026-06-25T05:22:11.730520Z
2025-10-15,CN,97.40465,0.259535,authorized_macro_cycle_proxy,false,true,2026-06-25T05:22:11.730520Z
2025-10-15,US,97.40465,0.259535,authorized_macro_cycle_proxy,false,true,2026-06-25T05:22:11.730520Z
2025-10-15,OECD_TOTAL,97.40465,0.259535,authorized_macro_cycle_proxy,false,true,2026-06-25T05:22:11.730520Z
2025-10-15,G20,97.40465,0.259535,authorized_macro_cycle_proxy,false,true,2026-06-25T05:22:11.730520Z
2025-10-15,JP,97.40465,0.259535,authorized_macro_cycle_proxy,false,true,2026-06-25T05:22:11.730520Z
2025-10-15,EURO_AREA,97.40465,0.259535,authorized_macro_cycle_proxy,false,true,2026-06-25T05:22:11.730520Z
2025-10-16,CN,96.78985,0.321015,authorized_macro_cycle_proxy,false,true,2026-06-25T05:22:11.730520Z
2025-10-16,US,96.78985,0.321015,authorized_macro_cycle_proxy,false,true,2026-06-25T05:22:11.730520Z
2025-10-16,OECD_TOTAL,96.78985,0.321015,authorized_macro_cycle_proxy,false,true,2026-06-25T05:22:11.730520Z
2025-10-16,G20,96.78985,0.321015,authorized_macro_cycle_proxy,false,true,2026-06-25T05:22:11.730520Z
2025-10-16,JP,96.78985,0.321015,authorized_macro_cycle_proxy,false,true,2026-06-25T05:22:11.730520Z
2025-10-16,EURO_AREA,96.78985,0.321015,authorized_macro_cycle_proxy,false,true,2026-06-25T05:22:11.730520Z
2025-10-17,CN,97.40855,0.259145,authorized_macro_cycle_proxy,false,true,2026-06-25T05:22:11.730520Z
2025-10-17,US,97.40855,0.259145,authorized_macro_cycle_proxy,false,true,2026-06-25T05:22:11.730520Z
2025-10-17,OECD_TOTAL,97.40855,0.259145,authorized_macro_cycle_proxy,false,true,2026-06-25T05:22:11.730520Z
2025-10-17,G20,97.40855,0.259145,authorized_macro_cycle_proxy,false,true,2026-06-25T05:22:11.730520Z
2025-10-17,JP,97.40855,0.259145,authorized_macro_cycle_proxy,false,true,2026-06-25T05:22:11.730520Z
2025-10-17,EURO_AREA,97.40855,0.259145,authorized_macro_cycle_proxy,false,true,2026-06-25T05:22:11.730520Z
2025-10-20,CN,97.770709,0.222929,authorized_macro_cycle_proxy,false,true,2026-06-25T05:22:11.730520Z
2025-10-20,US,97.770709,0.222929,authorized_macro_cycle_proxy,false,true,2026-06-25T05:22:11.730520Z
2025-10-20,OECD_TOTAL,97.770709,0.222929,authorized_macro_cycle_proxy,false,true,2026-06-25T05:22:11.730520Z
2025-10-20,G20,97.770709,0.222929,authorized_macro_cycle_proxy,false,true,2026-06-25T05:22:11.730520Z
2025-10-20,JP,97.770709,0.222929,authorized_macro_cycle_proxy,false,true,2026-06-25T05:22:11.730520Z
2025-10-20,EURO_AREA,97.770709,0.222929,authorized_macro_cycle_proxy,false,true,2026-06-25T05:22:11.730520Z
2025-10-21,CN,97.83945,0.216055,authorized_macro_cycle_proxy,false,true,2026-06-25T05:22:11.730520Z
2025-10-21,US,97.83945,0.216055,authorized_macro_cycle_proxy,false,true,2026-06-25T05:22:11.730520Z
2025-10-21,OECD_TOTAL,97.83945,0.216055,authorized_macro_cycle_proxy,false,true,2026-06-25T05:22:11.730520Z
2025-10-21,G20,97.83945,0.216055,authorized_macro_cycle_proxy,false,true,2026-06-25T05:22:11.730520Z
2025-10-21,JP,97.83945,0.216055,authorized_macro_cycle_proxy,false,true,2026-06-25T05:22:11.730520Z
2025-10-21,EURO_AREA,97.83945,0.216055,authorized_macro_cycle_proxy,false,true,2026-06-25T05:22:11.730520Z
2025-10-22,CN,97.737375,0.226263,authorized_macro_cycle_proxy,false,true,2026-06-25T05:22:11.730520Z
2025-10-22,US,97.737375,0.226263,authorized_macro_cycle_proxy,false,true,2026-06-25T05:22:11.730520Z
2025-10-22,OECD_TOTAL,97.737375,0.226263,authorized_macro_cycle_proxy,false,true,2026-06-25T05:22:11.730520Z
2025-10-22,G20,97.737375,0.226263,authorized_macro_cycle_proxy,false,true,2026-06-25T05:22:11.730520Z
2025-10-22,JP,97.737375,0.226263,authorized_macro_cycle_proxy,false,true,2026-06-25T05:22:11.730520Z
2025-10-22,EURO_AREA,97.737375,0.226263,authorized_macro_cycle_proxy,false,true,2026-06-25T05:22:11.730520Z
2025-10-23,CN,97.862018,0.213798,authorized_macro_cycle_proxy,false,true,2026-06-25T05:22:11.730520Z
2025-10-23,US,97.862018,0.213798,authorized_macro_cycle_proxy,false,true,2026-06-25T05:22:11.730520Z
2025-10-23,OECD_TOTAL,97.862018,0.213798,authorized_macro_cycle_proxy,false,true,2026-06-25T05:22:11.730520Z
2025-10-23,G20,97.862018,0.213798,authorized_macro_cycle_proxy,false,true,2026-06-25T05:22:11.730520Z
2025-10-23,JP,97.862018,0.213798,authorized_macro_cycle_proxy,false,true,2026-06-25T05:22:11.730520Z
2025-10-23,EURO_AREA,97.862018,0.213798,authorized_macro_cycle_proxy,false,true,2026-06-25T05:22:11.730520Z
2025-10-24,CN,97.995432,0.200457,authorized_macro_cycle_proxy,false,true,2026-06-25T05:22:11.730520Z
2025-10-24,US,97.995432,0.200457,authorized_macro_cycle_proxy,false,true,2026-06-25T05:22:11.730520Z
2025-10-24,OECD_TOTAL,97.995432,0.200457,authorized_macro_cycle_proxy,false,true,2026-06-25T05:22:11.730520Z
2025-10-24,G20,97.995432,0.200457,authorized_macro_cycle_proxy,false,true,2026-06-25T05:22:11.730520Z
2025-10-24,JP,97.995432,0.200457,authorized_macro_cycle_proxy,false,true,2026-06-25T05:22:11.730520Z
2025-10-24,EURO_AREA,97.995432,0.200457,authorized_macro_cycle_proxy,false,true,2026-06-25T05:22:11.730520Z
2025-10-27,CN,98.086454,0.191355,authorized_macro_cycle_proxy,false,true,2026-06-25T05:22:11.730520Z
2025-10-27,US,98.086454,0.191355,authorized_macro_cycle_proxy,false,true,2026-06-25T05:22:11.730520Z
2025-10-27,OECD_TOTAL,98.086454,0.191355,authorized_macro_cycle_proxy,false,true,2026-06-25T05:22:11.730520Z
2025-10-27,G20,98.086454,0.191355,authorized_macro_cycle_proxy,false,true,2026-06-25T05:22:11.730520Z
2025-10-27,JP,98.086454,0.191355,authorized_macro_cycle_proxy,false,true,2026-06-25T05:22:11.730520Z
2025-10-27,EURO_AREA,98.086454,0.191355,authorized_macro_cycle_proxy,false,true,2026-06-25T05:22:11.730520Z
2025-10-28,CN,98.043736,0.195626,authorized_macro_cycle_proxy,false,true,2026-06-25T05:22:11.730520Z
2025-10-28,US,98.043736,0.195626,authorized_macro_cycle_proxy,false,true,2026-06-25T05:22:11.730520Z
2025-10-28,OECD_TOTAL,98.043736,0.195626,authorized_macro_cycle_proxy,false,true,2026-06-25T05:22:11.730520Z
2025-10-28,G20,98.043736,0.195626,authorized_macro_cycle_proxy,false,true,2026-06-25T05:22:11.730520Z
2025-10-28,JP,98.043736,0.195626,authorized_macro_cycle_proxy,false,true,2026-06-25T05:22:11.730520Z
2025-10-28,EURO_AREA,98.043736,0.195626,authorized_macro_cycle_proxy,false,true,2026-06-25T05:22:11.730520Z
2025-10-29,CN,97.943414,0.205659,authorized_macro_cycle_proxy,false,true,2026-06-25T05:22:11.730520Z
2025-10-29,US,97.943414,0.205659,authorized_macro_cycle_proxy,false,true,2026-06-25T05:22:11.730520Z
2025-10-29,OECD_TOTAL,97.943414,0.205659,authorized_macro_cycle_proxy,false,true,2026-06-25T05:22:11.730520Z
2025-10-29,G20,97.943414,0.205659,authorized_macro_cycle_proxy,false,true,2026-06-25T05:22:11.730520Z
2025-10-29,JP,97.943414,0.205659,authorized_macro_cycle_proxy,false,true,2026-06-25T05:22:11.730520Z
2025-10-29,EURO_AREA,97.943414,0.205659,authorized_macro_cycle_proxy,false,true,2026-06-25T05:22:11.730520Z
2025-10-30,CN,97.925136,0.207486,authorized_macro_cycle_proxy,false,true,2026-06-25T05:22:11.730520Z
2025-10-30,US,97.925136,0.207486,authorized_macro_cycle_proxy,false,true,2026-06-25T05:22:11.730520Z
2025-10-30,OECD_TOTAL,97.925136,0.207486,authorized_macro_cycle_proxy,false,true,2026-06-25T05:22:11.730520Z
2025-10-30,G20,97.925136,0.207486,authorized_macro_cycle_proxy,false,true,2026-06-25T05:22:11.730520Z
2025-10-30,JP,97.925136,0.207486,authorized_macro_cycle_proxy,false,true,2026-06-25T05:22:11.730520Z
2025-10-30,EURO_AREA,97.925136,0.207486,authorized_macro_cycle_proxy,false,true,2026-06-25T05:22:11.730520Z
2025-10-31,CN,97.82465,0.217535,authorized_macro_cycle_proxy,false,true,2026-06-25T05:22:11.730520Z
2025-10-31,US,97.82465,0.217535,authorized_macro_cycle_proxy,false,true,2026-06-25T05:22:11.730520Z
2025-10-31,OECD_TOTAL,97.82465,0.217535,authorized_macro_cycle_proxy,false,true,2026-06-25T05:22:11.730520Z
2025-10-31,G20,97.82465,0.217535,authorized_macro_cycle_proxy,false,true,2026-06-25T05:22:11.730520Z
2025-10-31,JP,97.82465,0.217535,authorized_macro_cycle_proxy,false,true,2026-06-25T05:22:11.730520Z
2025-10-31,EURO_AREA,97.82465,0.217535,authorized_macro_cycle_proxy,false,true,2026-06-25T05:22:11.730520Z
2025-11-03,CN,97.849575,0.215042,authorized_macro_cycle_proxy,false,true,2026-06-25T05:22:11.730520Z
2025-11-03,US,97.849575,0.215042,authorized_macro_cycle_proxy,false,true,2026-06-25T05:22:11.730520Z
2025-11-03,OECD_TOTAL,97.849575,0.215042,authorized_macro_cycle_proxy,false,true,2026-06-25T05:22:11.730520Z
2025-11-03,G20,97.849575,0.215042,authorized_macro_cycle_proxy,false,true,2026-06-25T05:22:11.730520Z
2025-11-03,JP,97.849575,0.215042,authorized_macro_cycle_proxy,false,true,2026-06-25T05:22:11.730520Z
2025-11-03,EURO_AREA,97.849575,0.215042,authorized_macro_cycle_proxy,false,true,2026-06-25T05:22:11.730520Z
2025-11-04,CN,97.54375,0.245625,authorized_macro_cycle_proxy,false,true,2026-06-25T05:22:11.730520Z
2025-11-04,US,97.54375,0.245625,authorized_macro_cycle_proxy,false,true,2026-06-25T05:22:11.730520Z
2025-11-04,OECD_TOTAL,97.54375,0.245625,authorized_macro_cycle_proxy,false,true,2026-06-25T05:22:11.730520Z
2025-11-04,G20,97.54375,0.245625,authorized_macro_cycle_proxy,false,true,2026-06-25T05:22:11.730520Z
2025-11-04,JP,97.54375,0.245625,authorized_macro_cycle_proxy,false,true,2026-06-25T05:22:11.730520Z
2025-11-04,EURO_AREA,97.54375,0.245625,authorized_macro_cycle_proxy,false,true,2026-06-25T05:22:11.730520Z
2025-11-05,CN,97.713225,0.228677,authorized_macro_cycle_proxy,false,true,2026-06-25T05:22:11.730520Z
2025-11-05,US,97.713225,0.228677,authorized_macro_cycle_proxy,false,true,2026-06-25T05:22:11.730520Z
2025-11-05,OECD_TOTAL,97.713225,0.228677,authorized_macro_cycle_proxy,false,true,2026-06-25T05:22:11.730520Z
2025-11-05,G20,97.713225,0.228677,authorized_macro_cycle_proxy,false,true,2026-06-25T05:22:11.730520Z
2025-11-05,JP,97.713225,0.228677,authorized_macro_cycle_proxy,false,true,2026-06-25T05:22:11.730520Z
2025-11-05,EURO_AREA,97.713225,0.228677,authorized_macro_cycle_proxy,false,true,2026-06-25T05:22:11.730520Z
2025-11-06,CN,97.541,0.2459,authorized_macro_cycle_proxy,false,true,2026-06-25T05:22:11.730520Z
2025-11-06,US,97.541,0.2459,authorized_macro_cycle_proxy,false,true,2026-06-25T05:22:11.730520Z
2025-11-06,OECD_TOTAL,97.541,0.2459,authorized_macro_cycle_proxy,false,true,2026-06-25T05:22:11.730520Z
2025-11-06,G20,97.541,0.2459,authorized_macro_cycle_proxy,false,true,2026-06-25T05:22:11.730520Z
2025-11-06,JP,97.541,0.2459,authorized_macro_cycle_proxy,false,true,2026-06-25T05:22:11.730520Z
2025-11-06,EURO_AREA,97.541,0.2459,authorized_macro_cycle_proxy,false,true,2026-06-25T05:22:11.730520Z
2025-11-07,CN,97.579725,0.242027,authorized_macro_cycle_proxy,false,true,2026-06-25T05:22:11.730520Z
2025-11-07,US,97.579725,0.242027,authorized_macro_cycle_proxy,false,true,2026-06-25T05:22:11.730520Z
2025-11-07,OECD_TOTAL,97.579725,0.242027,authorized_macro_cycle_proxy,false,true,2026-06-25T05:22:11.730520Z
2025-11-07,G20,97.579725,0.242027,authorized_macro_cycle_proxy,false,true,2026-06-25T05:22:11.730520Z
2025-11-07,JP,97.579725,0.242027,authorized_macro_cycle_proxy,false,true,2026-06-25T05:22:11.730520Z
2025-11-07,EURO_AREA,97.579725,0.242027,authorized_macro_cycle_proxy,false,true,2026-06-25T05:22:11.730520Z
2025-11-10,CN,97.804964,0.219504,authorized_macro_cycle_proxy,false,true,2026-06-25T05:22:11.730520Z
2025-11-10,US,97.804964,0.219504,authorized_macro_cycle_proxy,false,true,2026-06-25T05:22:11.730520Z
2025-11-10,OECD_TOTAL,97.804964,0.219504,authorized_macro_cycle_proxy,false,true,2026-06-25T05:22:11.730520Z
2025-11-10,G20,97.804964,0.219504,authorized_macro_cycle_proxy,false,true,2026-06-25T05:22:11.730520Z
2025-11-10,JP,97.804964,0.219504,authorized_macro_cycle_proxy,false,true,2026-06-25T05:22:11.730520Z
2025-11-10,EURO_AREA,97.804964,0.219504,authorized_macro_cycle_proxy,false,true,2026-06-25T05:22:11.730520Z
2025-11-11,CN,97.824389,0.217561,authorized_macro_cycle_proxy,false,true,2026-06-25T05:22:11.730520Z
2025-11-11,US,97.824389,0.217561,authorized_macro_cycle_proxy,false,true,2026-06-25T05:22:11.730520Z
2025-11-11,OECD_TOTAL,97.824389,0.217561,authorized_macro_cycle_proxy,false,true,2026-06-25T05:22:11.730520Z
2025-11-11,G20,97.824389,0.217561,authorized_macro_cycle_proxy,false,true,2026-06-25T05:22:11.730520Z
2025-11-11,JP,97.824389,0.217561,authorized_macro_cycle_proxy,false,true,2026-06-25T05:22:11.730520Z
2025-11-11,EURO_AREA,97.824389,0.217561,authorized_macro_cycle_proxy,false,true,2026-06-25T05:22:11.730520Z
2025-11-12,CN,97.841975,0.215802,authorized_macro_cycle_proxy,false,true,2026-06-25T05:22:11.730520Z
2025-11-12,US,97.841975,0.215802,authorized_macro_cycle_proxy,false,true,2026-06-25T05:22:11.730520Z
2025-11-12,OECD_TOTAL,97.841975,0.215802,authorized_macro_cycle_proxy,false,true,2026-06-25T05:22:11.730520Z
2025-11-12,G20,97.841975,0.215802,authorized_macro_cycle_proxy,false,true,2026-06-25T05:22:11.730520Z
2025-11-12,JP,97.841975,0.215802,authorized_macro_cycle_proxy,false,true,2026-06-25T05:22:11.730520Z
2025-11-12,EURO_AREA,97.841975,0.215802,authorized_macro_cycle_proxy,false,true,2026-06-25T05:22:11.730520Z
2025-11-13,CN,97.469875,0.253012,authorized_macro_cycle_proxy,false,true,2026-06-25T05:22:11.730520Z
2025-11-13,US,97.469875,0.253012,authorized_macro_cycle_proxy,false,true,2026-06-25T05:22:11.730520Z
2025-11-13,OECD_TOTAL,97.469875,0.253012,authorized_macro_cycle_proxy,false,true,2026-06-25T05:22:11.730520Z
2025-11-13,G20,97.469875,0.253012,authorized_macro_cycle_proxy,false,true,2026-06-25T05:22:11.730520Z
2025-11-13,JP,97.469875,0.253012,authorized_macro_cycle_proxy,false,true,2026-06-25T05:22:11.730520Z
2025-11-13,EURO_AREA,97.469875,0.253012,authorized_macro_cycle_proxy,false,true,2026-06-25T05:22:11.730520Z
2025-11-14,CN,97.482872,0.251713,authorized_macro_cycle_proxy,false,true,2026-06-25T05:22:11.730520Z
2025-11-14,US,97.482872,0.251713,authorized_macro_cycle_proxy,false,true,2026-06-25T05:22:11.730520Z
2025-11-14,OECD_TOTAL,97.482872,0.251713,authorized_macro_cycle_proxy,false,true,2026-06-25T05:22:11.730520Z
2025-11-14,G20,97.482872,0.251713,authorized_macro_cycle_proxy,false,true,2026-06-25T05:22:11.730520Z
2025-11-14,JP,97.482872,0.251713,authorized_macro_cycle_proxy,false,true,2026-06-25T05:22:11.730520Z
2025-11-14,EURO_AREA,97.482872,0.251713,authorized_macro_cycle_proxy,false,true,2026-06-25T05:22:11.730520Z
2025-11-17,CN,97.1513,0.28487,authorized_macro_cycle_proxy,false,true,2026-06-25T05:22:11.730520Z
2025-11-17,US,97.1513,0.28487,authorized_macro_cycle_proxy,false,true,2026-06-25T05:22:11.730520Z
2025-11-17,OECD_TOTAL,97.1513,0.28487,authorized_macro_cycle_proxy,false,true,2026-06-25T05:22:11.730520Z
2025-11-17,G20,97.1513,0.28487,authorized_macro_cycle_proxy,false,true,2026-06-25T05:22:11.730520Z
2025-11-17,JP,97.1513,0.28487,authorized_macro_cycle_proxy,false,true,2026-06-25T05:22:11.730520Z
2025-11-17,EURO_AREA,97.1513,0.28487,authorized_macro_cycle_proxy,false,true,2026-06-25T05:22:11.730520Z
2025-11-18,CN,96.806668,0.319333,authorized_macro_cycle_proxy,false,true,2026-06-25T05:22:11.730520Z
2025-11-18,US,96.806668,0.319333,authorized_macro_cycle_proxy,false,true,2026-06-25T05:22:11.730520Z
2025-11-18,OECD_TOTAL,96.806668,0.319333,authorized_macro_cycle_proxy,false,true,2026-06-25T05:22:11.730520Z
2025-11-18,G20,96.806668,0.319333,authorized_macro_cycle_proxy,false,true,2026-06-25T05:22:11.730520Z
2025-11-18,JP,96.806668,0.319333,authorized_macro_cycle_proxy,false,true,2026-06-25T05:22:11.730520Z
2025-11-18,EURO_AREA,96.806668,0.319333,authorized_macro_cycle_proxy,false,true,2026-06-25T05:22:11.730520Z
2025-11-19,CN,96.942603,0.30574,authorized_macro_cycle_proxy,false,true,2026-06-25T05:22:11.730520Z
2025-11-19,US,96.942603,0.30574,authorized_macro_cycle_proxy,false,true,2026-06-25T05:22:11.730520Z
2025-11-19,OECD_TOTAL,96.942603,0.30574,authorized_macro_cycle_proxy,false,true,2026-06-25T05:22:11.730520Z
2025-11-19,G20,96.942603,0.30574,authorized_macro_cycle_proxy,false,true,2026-06-25T05:22:11.730520Z
2025-11-19,JP,96.942603,0.30574,authorized_macro_cycle_proxy,false,true,2026-06-25T05:22:11.730520Z
2025-11-19,EURO_AREA,96.942603,0.30574,authorized_macro_cycle_proxy,false,true,2026-06-25T05:22:11.730520Z
2025-11-20,CN,96.561762,0.343824,authorized_macro_cycle_proxy,false,true,2026-06-25T05:22:11.730520Z
2025-11-20,US,96.561762,0.343824,authorized_macro_cycle_proxy,false,true,2026-06-25T05:22:11.730520Z
2025-11-20,OECD_TOTAL,96.561762,0.343824,authorized_macro_cycle_proxy,false,true,2026-06-25T05:22:11.730520Z
2025-11-20,G20,96.561762,0.343824,authorized_macro_cycle_proxy,false,true,2026-06-25T05:22:11.730520Z
2025-11-20,JP,96.561762,0.343824,authorized_macro_cycle_proxy,false,true,2026-06-25T05:22:11.730520Z
2025-11-20,EURO_AREA,96.561762,0.343824,authorized_macro_cycle_proxy,false,true,2026-06-25T05:22:11.730520Z
2025-11-21,CN,96.879711,0.312029,authorized_macro_cycle_proxy,false,true,2026-06-25T05:22:11.730520Z
2025-11-21,US,96.879711,0.312029,authorized_macro_cycle_proxy,false,true,2026-06-25T05:22:11.730520Z
2025-11-21,OECD_TOTAL,96.879711,0.312029,authorized_macro_cycle_proxy,false,true,2026-06-25T05:22:11.730520Z
2025-11-21,G20,96.879711,0.312029,authorized_macro_cycle_proxy,false,true,2026-06-25T05:22:11.730520Z
2025-11-21,JP,96.879711,0.312029,authorized_macro_cycle_proxy,false,true,2026-06-25T05:22:11.730520Z
2025-11-21,EURO_AREA,96.879711,0.312029,authorized_macro_cycle_proxy,false,true,2026-06-25T05:22:11.730520Z
2025-11-24,CN,97.24465,0.275535,authorized_macro_cycle_proxy,false,true,2026-06-25T05:22:11.730520Z
2025-11-24,US,97.24465,0.275535,authorized_macro_cycle_proxy,false,true,2026-06-25T05:22:11.730520Z
2025-11-24,OECD_TOTAL,97.24465,0.275535,authorized_macro_cycle_proxy,false,true,2026-06-25T05:22:11.730520Z
2025-11-24,G20,97.24465,0.275535,authorized_macro_cycle_proxy,false,true,2026-06-25T05:22:11.730520Z
2025-11-24,JP,97.24465,0.275535,authorized_macro_cycle_proxy,false,true,2026-06-25T05:22:11.730520Z
2025-11-24,EURO_AREA,97.24465,0.275535,authorized_macro_cycle_proxy,false,true,2026-06-25T05:22:11.730520Z
2025-11-25,CN,97.532574,0.246743,authorized_macro_cycle_proxy,false,true,2026-06-25T05:22:11.730520Z
2025-11-25,US,97.532574,0.246743,authorized_macro_cycle_proxy,false,true,2026-06-25T05:22:11.730520Z
2025-11-25,OECD_TOTAL,97.532574,0.246743,authorized_macro_cycle_proxy,false,true,2026-06-25T05:22:11.730520Z
2025-11-25,G20,97.532574,0.246743,authorized_macro_cycle_proxy,false,true,2026-06-25T05:22:11.730520Z
2025-11-25,JP,97.532574,0.246743,authorized_macro_cycle_proxy,false,true,2026-06-25T05:22:11.730520Z
2025-11-25,EURO_AREA,97.532574,0.246743,authorized_macro_cycle_proxy,false,true,2026-06-25T05:22:11.730520Z
2025-11-26,CN,97.796568,0.220343,authorized_macro_cycle_proxy,false,true,2026-06-25T05:22:11.730520Z
2025-11-26,US,97.796568,0.220343,authorized_macro_cycle_proxy,false,true,2026-06-25T05:22:11.730520Z
2025-11-26,OECD_TOTAL,97.796568,0.220343,authorized_macro_cycle_proxy,false,true,2026-06-25T05:22:11.730520Z
2025-11-26,G20,97.796568,0.220343,authorized_macro_cycle_proxy,false,true,2026-06-25T05:22:11.730520Z
2025-11-26,JP,97.796568,0.220343,authorized_macro_cycle_proxy,false,true,2026-06-25T05:22:11.730520Z
2025-11-26,EURO_AREA,97.796568,0.220343,authorized_macro_cycle_proxy,false,true,2026-06-25T05:22:11.730520Z
2025-11-27,CN,97.751544,0.224846,authorized_macro_cycle_proxy,false,true,2026-06-25T05:22:11.730520Z
2025-11-27,US,97.751544,0.224846,authorized_macro_cycle_proxy,false,true,2026-06-25T05:22:11.730520Z
2025-11-27,OECD_TOTAL,97.751544,0.224846,authorized_macro_cycle_proxy,false,true,2026-06-25T05:22:11.730520Z
2025-11-27,G20,97.751544,0.224846,authorized_macro_cycle_proxy,false,true,2026-06-25T05:22:11.730520Z
2025-11-27,JP,97.751544,0.224846,authorized_macro_cycle_proxy,false,true,2026-06-25T05:22:11.730520Z
2025-11-27,EURO_AREA,97.751544,0.224846,authorized_macro_cycle_proxy,false,true,2026-06-25T05:22:11.730520Z
2025-11-28,CN,97.907667,0.209233,authorized_macro_cycle_proxy,false,true,2026-06-25T05:22:11.730520Z
2025-11-28,US,97.907667,0.209233,authorized_macro_cycle_proxy,false,true,2026-06-25T05:22:11.730520Z
2025-11-28,OECD_TOTAL,97.907667,0.209233,authorized_macro_cycle_proxy,false,true,2026-06-25T05:22:11.730520Z
2025-11-28,G20,97.907667,0.209233,authorized_macro_cycle_proxy,false,true,2026-06-25T05:22:11.730520Z
2025-11-28,JP,97.907667,0.209233,authorized_macro_cycle_proxy,false,true,2026-06-25T05:22:11.730520Z
2025-11-28,EURO_AREA,97.907667,0.209233,authorized_macro_cycle_proxy,false,true,2026-06-25T05:22:11.730520Z
2025-12-01,CN,97.857291,0.214271,authorized_macro_cycle_proxy,false,true,2026-06-25T05:22:11.730520Z
2025-12-01,US,97.857291,0.214271,authorized_macro_cycle_proxy,false,true,2026-06-25T05:22:11.730520Z
2025-12-01,OECD_TOTAL,97.857291,0.214271,authorized_macro_cycle_proxy,false,true,2026-06-25T05:22:11.730520Z
2025-12-01,G20,97.857291,0.214271,authorized_macro_cycle_proxy,false,true,2026-06-25T05:22:11.730520Z
2025-12-01,JP,97.857291,0.214271,authorized_macro_cycle_proxy,false,true,2026-06-25T05:22:11.730520Z
2025-12-01,EURO_AREA,97.857291,0.214271,authorized_macro_cycle_proxy,false,true,2026-06-25T05:22:11.730520Z
2025-12-02,CN,97.923971,0.207603,authorized_macro_cycle_proxy,false,true,2026-06-25T05:22:11.730520Z
2025-12-02,US,97.923971,0.207603,authorized_macro_cycle_proxy,false,true,2026-06-25T05:22:11.730520Z
2025-12-02,OECD_TOTAL,97.923971,0.207603,authorized_macro_cycle_proxy,false,true,2026-06-25T05:22:11.730520Z
2025-12-02,G20,97.923971,0.207603,authorized_macro_cycle_proxy,false,true,2026-06-25T05:22:11.730520Z
2025-12-02,JP,97.923971,0.207603,authorized_macro_cycle_proxy,false,true,2026-06-25T05:22:11.730520Z
2025-12-02,EURO_AREA,97.923971,0.207603,authorized_macro_cycle_proxy,false,true,2026-06-25T05:22:11.730520Z
2025-12-03,CN,98.022402,0.19776,authorized_macro_cycle_proxy,false,true,2026-06-25T05:22:11.730520Z
2025-12-03,US,98.022402,0.19776,authorized_macro_cycle_proxy,false,true,2026-06-25T05:22:11.730520Z
2025-12-03,OECD_TOTAL,98.022402,0.19776,authorized_macro_cycle_proxy,false,true,2026-06-25T05:22:11.730520Z
2025-12-03,G20,98.022402,0.19776,authorized_macro_cycle_proxy,false,true,2026-06-25T05:22:11.730520Z
2025-12-03,JP,98.022402,0.19776,authorized_macro_cycle_proxy,false,true,2026-06-25T05:22:11.730520Z
2025-12-03,EURO_AREA,98.022402,0.19776,authorized_macro_cycle_proxy,false,true,2026-06-25T05:22:11.730520Z
2025-12-04,CN,98.053829,0.194617,authorized_macro_cycle_proxy,false,true,2026-06-25T05:22:11.730520Z
2025-12-04,US,98.053829,0.194617,authorized_macro_cycle_proxy,false,true,2026-06-25T05:22:11.730520Z
2025-12-04,OECD_TOTAL,98.053829,0.194617,authorized_macro_cycle_proxy,false,true,2026-06-25T05:22:11.730520Z
2025-12-04,G20,98.053829,0.194617,authorized_macro_cycle_proxy,false,true,2026-06-25T05:22:11.730520Z
2025-12-04,JP,98.053829,0.194617,authorized_macro_cycle_proxy,false,true,2026-06-25T05:22:11.730520Z
2025-12-04,EURO_AREA,98.053829,0.194617,authorized_macro_cycle_proxy,false,true,2026-06-25T05:22:11.730520Z
2025-12-05,CN,98.052761,0.194724,authorized_macro_cycle_proxy,false,true,2026-06-25T05:22:11.730520Z
2025-12-05,US,98.052761,0.194724,authorized_macro_cycle_proxy,false,true,2026-06-25T05:22:11.730520Z
2025-12-05,OECD_TOTAL,98.052761,0.194724,authorized_macro_cycle_proxy,false,true,2026-06-25T05:22:11.730520Z
2025-12-05,G20,98.052761,0.194724,authorized_macro_cycle_proxy,false,true,2026-06-25T05:22:11.730520Z
2025-12-05,JP,98.052761,0.194724,authorized_macro_cycle_proxy,false,true,2026-06-25T05:22:11.730520Z
2025-12-05,EURO_AREA,98.052761,0.194724,authorized_macro_cycle_proxy,false,true,2026-06-25T05:22:11.730520Z
2025-12-08,CN,97.91474,0.208526,authorized_macro_cycle_proxy,false,true,2026-06-25T05:22:11.730520Z
2025-12-08,US,97.91474,0.208526,authorized_macro_cycle_proxy,false,true,2026-06-25T05:22:11.730520Z
2025-12-08,OECD_TOTAL,97.91474,0.208526,authorized_macro_cycle_proxy,false,true,2026-06-25T05:22:11.730520Z
2025-12-08,G20,97.91474,0.208526,authorized_macro_cycle_proxy,false,true,2026-06-25T05:22:11.730520Z
2025-12-08,JP,97.91474,0.208526,authorized_macro_cycle_proxy,false,true,2026-06-25T05:22:11.730520Z
2025-12-08,EURO_AREA,97.91474,0.208526,authorized_macro_cycle_proxy,false,true,2026-06-25T05:22:11.730520Z
2025-12-09,CN,97.830243,0.216976,authorized_macro_cycle_proxy,false,true,2026-06-25T05:22:11.730520Z
2025-12-09,US,97.830243,0.216976,authorized_macro_cycle_proxy,false,true,2026-06-25T05:22:11.730520Z
2025-12-09,OECD_TOTAL,97.830243,0.216976,authorized_macro_cycle_proxy,false,true,2026-06-25T05:22:11.730520Z
2025-12-09,G20,97.830243,0.216976,authorized_macro_cycle_proxy,false,true,2026-06-25T05:22:11.730520Z
2025-12-09,JP,97.830243,0.216976,authorized_macro_cycle_proxy,false,true,2026-06-25T05:22:11.730520Z
2025-12-09,EURO_AREA,97.830243,0.216976,authorized_macro_cycle_proxy,false,true,2026-06-25T05:22:11.730520Z
2025-12-10,CN,98.047709,0.195229,authorized_macro_cycle_proxy,false,true,2026-06-25T05:22:11.730520Z
2025-12-10,US,98.047709,0.195229,authorized_macro_cycle_proxy,false,true,2026-06-25T05:22:11.730520Z
2025-12-10,OECD_TOTAL,98.047709,0.195229,authorized_macro_cycle_proxy,false,true,2026-06-25T05:22:11.730520Z
2025-12-10,G20,98.047709,0.195229,authorized_macro_cycle_proxy,false,true,2026-06-25T05:22:11.730520Z
2025-12-10,JP,98.047709,0.195229,authorized_macro_cycle_proxy,false,true,2026-06-25T05:22:11.730520Z
2025-12-10,EURO_AREA,98.047709,0.195229,authorized_macro_cycle_proxy,false,true,2026-06-25T05:22:11.730520Z
2025-12-11,CN,98.133723,0.186628,authorized_macro_cycle_proxy,false,true,2026-06-25T05:22:11.730520Z
2025-12-11,US,98.133723,0.186628,authorized_macro_cycle_proxy,false,true,2026-06-25T05:22:11.730520Z
2025-12-11,OECD_TOTAL,98.133723,0.186628,authorized_macro_cycle_proxy,false,true,2026-06-25T05:22:11.730520Z
2025-12-11,G20,98.133723,0.186628,authorized_macro_cycle_proxy,false,true,2026-06-25T05:22:11.730520Z
2025-12-11,JP,98.133723,0.186628,authorized_macro_cycle_proxy,false,true,2026-06-25T05:22:11.730520Z
2025-12-11,EURO_AREA,98.133723,0.186628,authorized_macro_cycle_proxy,false,true,2026-06-25T05:22:11.730520Z
2025-12-12,CN,97.986111,0.201389,authorized_macro_cycle_proxy,false,true,2026-06-25T05:22:11.730520Z
2025-12-12,US,97.986111,0.201389,authorized_macro_cycle_proxy,false,true,2026-06-25T05:22:11.730520Z
2025-12-12,OECD_TOTAL,97.986111,0.201389,authorized_macro_cycle_proxy,false,true,2026-06-25T05:22:11.730520Z
2025-12-12,G20,97.986111,0.201389,authorized_macro_cycle_proxy,false,true,2026-06-25T05:22:11.730520Z
2025-12-12,JP,97.986111,0.201389,authorized_macro_cycle_proxy,false,true,2026-06-25T05:22:11.730520Z
2025-12-12,EURO_AREA,97.986111,0.201389,authorized_macro_cycle_proxy,false,true,2026-06-25T05:22:11.730520Z
2025-12-15,CN,97.932526,0.206747,authorized_macro_cycle_proxy,false,true,2026-06-25T05:22:11.730520Z
2025-12-15,US,97.932526,0.206747,authorized_macro_cycle_proxy,false,true,2026-06-25T05:22:11.730520Z
2025-12-15,OECD_TOTAL,97.932526,0.206747,authorized_macro_cycle_proxy,false,true,2026-06-25T05:22:11.730520Z
2025-12-15,G20,97.932526,0.206747,authorized_macro_cycle_proxy,false,true,2026-06-25T05:22:11.730520Z
2025-12-15,JP,97.932526,0.206747,authorized_macro_cycle_proxy,false,true,2026-06-25T05:22:11.730520Z
2025-12-15,EURO_AREA,97.932526,0.206747,authorized_macro_cycle_proxy,false,true,2026-06-25T05:22:11.730520Z
2025-12-16,CN,97.936203,0.20638,authorized_macro_cycle_proxy,false,true,2026-06-25T05:22:11.730520Z
2025-12-16,US,97.936203,0.20638,authorized_macro_cycle_proxy,false,true,2026-06-25T05:22:11.730520Z
2025-12-16,OECD_TOTAL,97.936203,0.20638,authorized_macro_cycle_proxy,false,true,2026-06-25T05:22:11.730520Z
2025-12-16,G20,97.936203,0.20638,authorized_macro_cycle_proxy,false,true,2026-06-25T05:22:11.730520Z
2025-12-16,JP,97.936203,0.20638,authorized_macro_cycle_proxy,false,true,2026-06-25T05:22:11.730520Z
2025-12-16,EURO_AREA,97.936203,0.20638,authorized_macro_cycle_proxy,false,true,2026-06-25T05:22:11.730520Z
2025-12-17,CN,97.880575,0.211942,authorized_macro_cycle_proxy,false,true,2026-06-25T05:22:11.730520Z
2025-12-17,US,97.880575,0.211942,authorized_macro_cycle_proxy,false,true,2026-06-25T05:22:11.730520Z
2025-12-17,OECD_TOTAL,97.880575,0.211942,authorized_macro_cycle_proxy,false,true,2026-06-25T05:22:11.730520Z
2025-12-17,G20,97.880575,0.211942,authorized_macro_cycle_proxy,false,true,2026-06-25T05:22:11.730520Z
2025-12-17,JP,97.880575,0.211942,authorized_macro_cycle_proxy,false,true,2026-06-25T05:22:11.730520Z
2025-12-17,EURO_AREA,97.880575,0.211942,authorized_macro_cycle_proxy,false,true,2026-06-25T05:22:11.730520Z
2025-12-18,CN,97.966633,0.203337,authorized_macro_cycle_proxy,false,true,2026-06-25T05:22:11.730520Z
2025-12-18,US,97.966633,0.203337,authorized_macro_cycle_proxy,false,true,2026-06-25T05:22:11.730520Z
2025-12-18,OECD_TOTAL,97.966633,0.203337,authorized_macro_cycle_proxy,false,true,2026-06-25T05:22:11.730520Z
2025-12-18,G20,97.966633,0.203337,authorized_macro_cycle_proxy,false,true,2026-06-25T05:22:11.730520Z
2025-12-18,JP,97.966633,0.203337,authorized_macro_cycle_proxy,false,true,2026-06-25T05:22:11.730520Z
2025-12-18,EURO_AREA,97.966633,0.203337,authorized_macro_cycle_proxy,false,true,2026-06-25T05:22:11.730520Z
2025-12-19,CN,98.248875,0.175113,authorized_macro_cycle_proxy,false,true,2026-06-25T05:22:11.730520Z
2025-12-19,US,98.248875,0.175113,authorized_macro_cycle_proxy,false,true,2026-06-25T05:22:11.730520Z
2025-12-19,OECD_TOTAL,98.248875,0.175113,authorized_macro_cycle_proxy,false,true,2026-06-25T05:22:11.730520Z
2025-12-19,G20,98.248875,0.175113,authorized_macro_cycle_proxy,false,true,2026-06-25T05:22:11.730520Z
2025-12-19,JP,98.248875,0.175113,authorized_macro_cycle_proxy,false,true,2026-06-25T05:22:11.730520Z
2025-12-19,EURO_AREA,98.248875,0.175113,authorized_macro_cycle_proxy,false,true,2026-06-25T05:22:11.730520Z
2025-12-22,CN,98.239375,0.176063,authorized_macro_cycle_proxy,false,true,2026-06-25T05:22:11.730520Z
2025-12-22,US,98.239375,0.176063,authorized_macro_cycle_proxy,false,true,2026-06-25T05:22:11.730520Z
2025-12-22,OECD_TOTAL,98.239375,0.176063,authorized_macro_cycle_proxy,false,true,2026-06-25T05:22:11.730520Z
2025-12-22,G20,98.239375,0.176063,authorized_macro_cycle_proxy,false,true,2026-06-25T05:22:11.730520Z
2025-12-22,JP,98.239375,0.176063,authorized_macro_cycle_proxy,false,true,2026-06-25T05:22:11.730520Z
2025-12-22,EURO_AREA,98.239375,0.176063,authorized_macro_cycle_proxy,false,true,2026-06-25T05:22:11.730520Z
2025-12-23,CN,98.239375,0.176063,authorized_macro_cycle_proxy,false,true,2026-06-25T05:22:11.730520Z
2025-12-23,US,98.239375,0.176063,authorized_macro_cycle_proxy,false,true,2026-06-25T05:22:11.730520Z
2025-12-23,OECD_TOTAL,98.239375,0.176063,authorized_macro_cycle_proxy,false,true,2026-06-25T05:22:11.730520Z
2025-12-23,G20,98.239375,0.176063,authorized_macro_cycle_proxy,false,true,2026-06-25T05:22:11.730520Z
2025-12-23,JP,98.239375,0.176063,authorized_macro_cycle_proxy,false,true,2026-06-25T05:22:11.730520Z
2025-12-23,EURO_AREA,98.239375,0.176063,authorized_macro_cycle_proxy,false,true,2026-06-25T05:22:11.730520Z
2025-12-24,CN,98.272,0.1728,authorized_macro_cycle_proxy,false,true,2026-06-25T05:22:11.730520Z
2025-12-24,US,98.272,0.1728,authorized_macro_cycle_proxy,false,true,2026-06-25T05:22:11.730520Z
2025-12-24,OECD_TOTAL,98.272,0.1728,authorized_macro_cycle_proxy,false,true,2026-06-25T05:22:11.730520Z
2025-12-24,G20,98.272,0.1728,authorized_macro_cycle_proxy,false,true,2026-06-25T05:22:11.730520Z
2025-12-24,JP,98.272,0.1728,authorized_macro_cycle_proxy,false,true,2026-06-25T05:22:11.730520Z
2025-12-24,EURO_AREA,98.272,0.1728,authorized_macro_cycle_proxy,false,true,2026-06-25T05:22:11.730520Z
2025-12-25,CN,98.272,0.1728,authorized_macro_cycle_proxy,false,true,2026-06-25T05:22:11.730520Z
2025-12-25,US,98.272,0.1728,authorized_macro_cycle_proxy,false,true,2026-06-25T05:22:11.730520Z
2025-12-25,OECD_TOTAL,98.272,0.1728,authorized_macro_cycle_proxy,false,true,2026-06-25T05:22:11.730520Z
2025-12-25,G20,98.272,0.1728,authorized_macro_cycle_proxy,false,true,2026-06-25T05:22:11.730520Z
2025-12-25,JP,98.272,0.1728,authorized_macro_cycle_proxy,false,true,2026-06-25T05:22:11.730520Z
2025-12-25,EURO_AREA,98.272,0.1728,authorized_macro_cycle_proxy,false,true,2026-06-25T05:22:11.730520Z
2025-12-26,CN,98.272,0.1728,authorized_macro_cycle_proxy,false,true,2026-06-25T05:22:11.730520Z
2025-12-26,US,98.272,0.1728,authorized_macro_cycle_proxy,false,true,2026-06-25T05:22:11.730520Z
2025-12-26,OECD_TOTAL,98.272,0.1728,authorized_macro_cycle_proxy,false,true,2026-06-25T05:22:11.730520Z
2025-12-26,G20,98.272,0.1728,authorized_macro_cycle_proxy,false,true,2026-06-25T05:22:11.730520Z
2025-12-26,JP,98.272,0.1728,authorized_macro_cycle_proxy,false,true,2026-06-25T05:22:11.730520Z
2025-12-26,EURO_AREA,98.272,0.1728,authorized_macro_cycle_proxy,false,true,2026-06-25T05:22:11.730520Z
2025-12-29,CN,98.282,0.1718,authorized_macro_cycle_proxy,false,true,2026-06-25T05:22:11.730520Z
2025-12-29,US,98.282,0.1718,authorized_macro_cycle_proxy,false,true,2026-06-25T05:22:11.730520Z
2025-12-29,OECD_TOTAL,98.282,0.1718,authorized_macro_cycle_proxy,false,true,2026-06-25T05:22:11.730520Z
2025-12-29,G20,98.282,0.1718,authorized_macro_cycle_proxy,false,true,2026-06-25T05:22:11.730520Z
2025-12-29,JP,98.282,0.1718,authorized_macro_cycle_proxy,false,true,2026-06-25T05:22:11.730520Z
2025-12-29,EURO_AREA,98.282,0.1718,authorized_macro_cycle_proxy,false,true,2026-06-25T05:22:11.730520Z
2025-12-30,CN,98.303,0.1697,authorized_macro_cycle_proxy,false,true,2026-06-25T05:22:11.730520Z
2025-12-30,US,98.303,0.1697,authorized_macro_cycle_proxy,false,true,2026-06-25T05:22:11.730520Z
2025-12-30,OECD_TOTAL,98.303,0.1697,authorized_macro_cycle_proxy,false,true,2026-06-25T05:22:11.730520Z
2025-12-30,G20,98.303,0.1697,authorized_macro_cycle_proxy,false,true,2026-06-25T05:22:11.730520Z
2025-12-30,JP,98.303,0.1697,authorized_macro_cycle_proxy,false,true,2026-06-25T05:22:11.730520Z
2025-12-30,EURO_AREA,98.303,0.1697,authorized_macro_cycle_proxy,false,true,2026-06-25T05:22:11.730520Z
2025-12-31,CN,98.298375,0.170162,authorized_macro_cycle_proxy,false,true,2026-06-25T05:22:11.730520Z
2025-12-31,US,98.298375,0.170162,authorized_macro_cycle_proxy,false,true,2026-06-25T05:22:11.730520Z
2025-12-31,OECD_TOTAL,98.298375,0.170162,authorized_macro_cycle_proxy,false,true,2026-06-25T05:22:11.730520Z
2025-12-31,G20,98.298375,0.170162,authorized_macro_cycle_proxy,false,true,2026-06-25T05:22:11.730520Z
2025-12-31,JP,98.298375,0.170162,authorized_macro_cycle_proxy,false,true,2026-06-25T05:22:11.730520Z
2025-12-31,EURO_AREA,98.298375,0.170162,authorized_macro_cycle_proxy,false,true,2026-06-25T05:22:11.730520Z
2026-01-05,CN,98.301125,0.169888,authorized_macro_cycle_proxy,false,true,2026-06-25T05:22:11.730520Z
2026-01-05,US,98.301125,0.169888,authorized_macro_cycle_proxy,false,true,2026-06-25T05:22:11.730520Z
2026-01-05,OECD_TOTAL,98.301125,0.169888,authorized_macro_cycle_proxy,false,true,2026-06-25T05:22:11.730520Z
2026-01-05,G20,98.301125,0.169888,authorized_macro_cycle_proxy,false,true,2026-06-25T05:22:11.730520Z
2026-01-05,JP,98.301125,0.169888,authorized_macro_cycle_proxy,false,true,2026-06-25T05:22:11.730520Z
2026-01-05,EURO_AREA,98.301125,0.169888,authorized_macro_cycle_proxy,false,true,2026-06-25T05:22:11.730520Z
2026-01-06,CN,98.3005,0.16995,authorized_macro_cycle_proxy,false,true,2026-06-25T05:22:11.730520Z
2026-01-06,US,98.3005,0.16995,authorized_macro_cycle_proxy,false,true,2026-06-25T05:22:11.730520Z
2026-01-06,OECD_TOTAL,98.3005,0.16995,authorized_macro_cycle_proxy,false,true,2026-06-25T05:22:11.730520Z
2026-01-06,G20,98.3005,0.16995,authorized_macro_cycle_proxy,false,true,2026-06-25T05:22:11.730520Z
2026-01-06,JP,98.3005,0.16995,authorized_macro_cycle_proxy,false,true,2026-06-25T05:22:11.730520Z
2026-01-06,EURO_AREA,98.3005,0.16995,authorized_macro_cycle_proxy,false,true,2026-06-25T05:22:11.730520Z
2026-01-07,CN,98.27355,0.172645,authorized_macro_cycle_proxy,false,true,2026-06-25T05:22:11.730520Z
2026-01-07,US,98.27355,0.172645,authorized_macro_cycle_proxy,false,true,2026-06-25T05:22:11.730520Z
2026-01-07,OECD_TOTAL,98.27355,0.172645,authorized_macro_cycle_proxy,false,true,2026-06-25T05:22:11.730520Z
2026-01-07,G20,98.27355,0.172645,authorized_macro_cycle_proxy,false,true,2026-06-25T05:22:11.730520Z
2026-01-07,JP,98.27355,0.172645,authorized_macro_cycle_proxy,false,true,2026-06-25T05:22:11.730520Z
2026-01-07,EURO_AREA,98.27355,0.172645,authorized_macro_cycle_proxy,false,true,2026-06-25T05:22:11.730520Z
2026-01-08,CN,98.224875,0.177513,authorized_macro_cycle_proxy,false,true,2026-06-25T05:22:11.730520Z
2026-01-08,US,98.224875,0.177513,authorized_macro_cycle_proxy,false,true,2026-06-25T05:22:11.730520Z
2026-01-08,OECD_TOTAL,98.224875,0.177513,authorized_macro_cycle_proxy,false,true,2026-06-25T05:22:11.730520Z
2026-01-08,G20,98.224875,0.177513,authorized_macro_cycle_proxy,false,true,2026-06-25T05:22:11.730520Z
2026-01-08,JP,98.224875,0.177513,authorized_macro_cycle_proxy,false,true,2026-06-25T05:22:11.730520Z
2026-01-08,EURO_AREA,98.224875,0.177513,authorized_macro_cycle_proxy,false,true,2026-06-25T05:22:11.730520Z
2026-01-09,CN,98.310125,0.168988,authorized_macro_cycle_proxy,false,true,2026-06-25T05:22:11.730520Z
2026-01-09,US,98.310125,0.168988,authorized_macro_cycle_proxy,false,true,2026-06-25T05:22:11.730520Z
2026-01-09,OECD_TOTAL,98.310125,0.168988,authorized_macro_cycle_proxy,false,true,2026-06-25T05:22:11.730520Z
2026-01-09,G20,98.310125,0.168988,authorized_macro_cycle_proxy,false,true,2026-06-25T05:22:11.730520Z
2026-01-09,JP,98.310125,0.168988,authorized_macro_cycle_proxy,false,true,2026-06-25T05:22:11.730520Z
2026-01-09,EURO_AREA,98.310125,0.168988,authorized_macro_cycle_proxy,false,true,2026-06-25T05:22:11.730520Z
2026-01-12,CN,98.2932,0.17068,authorized_macro_cycle_proxy,false,true,2026-06-25T05:22:11.730520Z
2026-01-12,US,98.2932,0.17068,authorized_macro_cycle_proxy,false,true,2026-06-25T05:22:11.730520Z
2026-01-12,OECD_TOTAL,98.2932,0.17068,authorized_macro_cycle_proxy,false,true,2026-06-25T05:22:11.730520Z
2026-01-12,G20,98.2932,0.17068,authorized_macro_cycle_proxy,false,true,2026-06-25T05:22:11.730520Z
2026-01-12,JP,98.2932,0.17068,authorized_macro_cycle_proxy,false,true,2026-06-25T05:22:11.730520Z
2026-01-12,EURO_AREA,98.2932,0.17068,authorized_macro_cycle_proxy,false,true,2026-06-25T05:22:11.730520Z
2026-01-13,CN,98.161282,0.183872,authorized_macro_cycle_proxy,false,true,2026-06-25T05:22:11.730520Z
2026-01-13,US,98.161282,0.183872,authorized_macro_cycle_proxy,false,true,2026-06-25T05:22:11.730520Z
2026-01-13,OECD_TOTAL,98.161282,0.183872,authorized_macro_cycle_proxy,false,true,2026-06-25T05:22:11.730520Z
2026-01-13,G20,98.161282,0.183872,authorized_macro_cycle_proxy,false,true,2026-06-25T05:22:11.730520Z
2026-01-13,JP,98.161282,0.183872,authorized_macro_cycle_proxy,false,true,2026-06-25T05:22:11.730520Z
2026-01-13,EURO_AREA,98.161282,0.183872,authorized_macro_cycle_proxy,false,true,2026-06-25T05:22:11.730520Z
2026-01-14,CN,98.044839,0.195516,authorized_macro_cycle_proxy,false,true,2026-06-25T05:22:11.730520Z
2026-01-14,US,98.044839,0.195516,authorized_macro_cycle_proxy,false,true,2026-06-25T05:22:11.730520Z
2026-01-14,OECD_TOTAL,98.044839,0.195516,authorized_macro_cycle_proxy,false,true,2026-06-25T05:22:11.730520Z
2026-01-14,G20,98.044839,0.195516,authorized_macro_cycle_proxy,false,true,2026-06-25T05:22:11.730520Z
2026-01-14,JP,98.044839,0.195516,authorized_macro_cycle_proxy,false,true,2026-06-25T05:22:11.730520Z
2026-01-14,EURO_AREA,98.044839,0.195516,authorized_macro_cycle_proxy,false,true,2026-06-25T05:22:11.730520Z
2026-01-15,CN,98.21115,0.178885,authorized_macro_cycle_proxy,false,true,2026-06-25T05:22:11.730520Z
2026-01-15,US,98.21115,0.178885,authorized_macro_cycle_proxy,false,true,2026-06-25T05:22:11.730520Z
2026-01-15,OECD_TOTAL,98.21115,0.178885,authorized_macro_cycle_proxy,false,true,2026-06-25T05:22:11.730520Z
2026-01-15,G20,98.21115,0.178885,authorized_macro_cycle_proxy,false,true,2026-06-25T05:22:11.730520Z
2026-01-15,JP,98.21115,0.178885,authorized_macro_cycle_proxy,false,true,2026-06-25T05:22:11.730520Z
2026-01-15,EURO_AREA,98.21115,0.178885,authorized_macro_cycle_proxy,false,true,2026-06-25T05:22:11.730520Z
2026-01-16,CN,98.1816,0.18184,authorized_macro_cycle_proxy,false,true,2026-06-25T05:22:11.730520Z
2026-01-16,US,98.1816,0.18184,authorized_macro_cycle_proxy,false,true,2026-06-25T05:22:11.730520Z
2026-01-16,OECD_TOTAL,98.1816,0.18184,authorized_macro_cycle_proxy,false,true,2026-06-25T05:22:11.730520Z
2026-01-16,G20,98.1816,0.18184,authorized_macro_cycle_proxy,false,true,2026-06-25T05:22:11.730520Z
2026-01-16,JP,98.1816,0.18184,authorized_macro_cycle_proxy,false,true,2026-06-25T05:22:11.730520Z
2026-01-16,EURO_AREA,98.1816,0.18184,authorized_macro_cycle_proxy,false,true,2026-06-25T05:22:11.730520Z
2026-01-19,CN,97.761775,0.223823,authorized_macro_cycle_proxy,false,true,2026-06-25T05:22:11.730520Z
2026-01-19,US,97.761775,0.223823,authorized_macro_cycle_proxy,false,true,2026-06-25T05:22:11.730520Z
2026-01-19,OECD_TOTAL,97.761775,0.223823,authorized_macro_cycle_proxy,false,true,2026-06-25T05:22:11.730520Z
2026-01-19,G20,97.761775,0.223823,authorized_macro_cycle_proxy,false,true,2026-06-25T05:22:11.730520Z
2026-01-19,JP,97.761775,0.223823,authorized_macro_cycle_proxy,false,true,2026-06-25T05:22:11.730520Z
2026-01-19,EURO_AREA,97.761775,0.223823,authorized_macro_cycle_proxy,false,true,2026-06-25T05:22:11.730520Z
2026-01-20,CN,97.547489,0.245251,authorized_macro_cycle_proxy,false,true,2026-06-25T05:22:11.730520Z
2026-01-20,US,97.547489,0.245251,authorized_macro_cycle_proxy,false,true,2026-06-25T05:22:11.730520Z
2026-01-20,OECD_TOTAL,97.547489,0.245251,authorized_macro_cycle_proxy,false,true,2026-06-25T05:22:11.730520Z
2026-01-20,G20,97.547489,0.245251,authorized_macro_cycle_proxy,false,true,2026-06-25T05:22:11.730520Z
2026-01-20,JP,97.547489,0.245251,authorized_macro_cycle_proxy,false,true,2026-06-25T05:22:11.730520Z
2026-01-20,EURO_AREA,97.547489,0.245251,authorized_macro_cycle_proxy,false,true,2026-06-25T05:22:11.730520Z
2026-01-21,CN,98.01934,0.198066,authorized_macro_cycle_proxy,false,true,2026-06-25T05:22:11.730520Z
2026-01-21,US,98.01934,0.198066,authorized_macro_cycle_proxy,false,true,2026-06-25T05:22:11.730520Z
2026-01-21,OECD_TOTAL,98.01934,0.198066,authorized_macro_cycle_proxy,false,true,2026-06-25T05:22:11.730520Z
2026-01-21,G20,98.01934,0.198066,authorized_macro_cycle_proxy,false,true,2026-06-25T05:22:11.730520Z
2026-01-21,JP,98.01934,0.198066,authorized_macro_cycle_proxy,false,true,2026-06-25T05:22:11.730520Z
2026-01-21,EURO_AREA,98.01934,0.198066,authorized_macro_cycle_proxy,false,true,2026-06-25T05:22:11.730520Z
2026-01-22,CN,98.206275,0.179372,authorized_macro_cycle_proxy,false,true,2026-06-25T05:22:11.730520Z
2026-01-22,US,98.206275,0.179372,authorized_macro_cycle_proxy,false,true,2026-06-25T05:22:11.730520Z
2026-01-22,OECD_TOTAL,98.206275,0.179372,authorized_macro_cycle_proxy,false,true,2026-06-25T05:22:11.730520Z
2026-01-22,G20,98.206275,0.179372,authorized_macro_cycle_proxy,false,true,2026-06-25T05:22:11.730520Z
2026-01-22,JP,98.206275,0.179372,authorized_macro_cycle_proxy,false,true,2026-06-25T05:22:11.730520Z
2026-01-22,EURO_AREA,98.206275,0.179372,authorized_macro_cycle_proxy,false,true,2026-06-25T05:22:11.730520Z
2026-01-23,CN,98.114222,0.188578,authorized_macro_cycle_proxy,false,true,2026-06-25T05:22:11.730520Z
2026-01-23,US,98.114222,0.188578,authorized_macro_cycle_proxy,false,true,2026-06-25T05:22:11.730520Z
2026-01-23,OECD_TOTAL,98.114222,0.188578,authorized_macro_cycle_proxy,false,true,2026-06-25T05:22:11.730520Z
2026-01-23,G20,98.114222,0.188578,authorized_macro_cycle_proxy,false,true,2026-06-25T05:22:11.730520Z
2026-01-23,JP,98.114222,0.188578,authorized_macro_cycle_proxy,false,true,2026-06-25T05:22:11.730520Z
2026-01-23,EURO_AREA,98.114222,0.188578,authorized_macro_cycle_proxy,false,true,2026-06-25T05:22:11.730520Z
2026-01-26,CN,98.12825,0.187175,authorized_macro_cycle_proxy,false,true,2026-06-25T05:22:11.730520Z
2026-01-26,US,98.12825,0.187175,authorized_macro_cycle_proxy,false,true,2026-06-25T05:22:11.730520Z
2026-01-26,OECD_TOTAL,98.12825,0.187175,authorized_macro_cycle_proxy,false,true,2026-06-25T05:22:11.730520Z
2026-01-26,G20,98.12825,0.187175,authorized_macro_cycle_proxy,false,true,2026-06-25T05:22:11.730520Z
2026-01-26,JP,98.12825,0.187175,authorized_macro_cycle_proxy,false,true,2026-06-25T05:22:11.730520Z
2026-01-26,EURO_AREA,98.12825,0.187175,authorized_macro_cycle_proxy,false,true,2026-06-25T05:22:11.730520Z
2026-01-27,CN,98.080536,0.191946,authorized_macro_cycle_proxy,false,true,2026-06-25T05:22:11.730520Z
2026-01-27,US,98.080536,0.191946,authorized_macro_cycle_proxy,false,true,2026-06-25T05:22:11.730520Z
2026-01-27,OECD_TOTAL,98.080536,0.191946,authorized_macro_cycle_proxy,false,true,2026-06-25T05:22:11.730520Z
2026-01-27,G20,98.080536,0.191946,authorized_macro_cycle_proxy,false,true,2026-06-25T05:22:11.730520Z
2026-01-27,JP,98.080536,0.191946,authorized_macro_cycle_proxy,false,true,2026-06-25T05:22:11.730520Z
2026-01-27,EURO_AREA,98.080536,0.191946,authorized_macro_cycle_proxy,false,true,2026-06-25T05:22:11.730520Z
2026-01-28,CN,98.048589,0.195141,authorized_macro_cycle_proxy,false,true,2026-06-25T05:22:11.730520Z
2026-01-28,US,98.048589,0.195141,authorized_macro_cycle_proxy,false,true,2026-06-25T05:22:11.730520Z
2026-01-28,OECD_TOTAL,98.048589,0.195141,authorized_macro_cycle_proxy,false,true,2026-06-25T05:22:11.730520Z
2026-01-28,G20,98.048589,0.195141,authorized_macro_cycle_proxy,false,true,2026-06-25T05:22:11.730520Z
2026-01-28,JP,98.048589,0.195141,authorized_macro_cycle_proxy,false,true,2026-06-25T05:22:11.730520Z
2026-01-28,EURO_AREA,98.048589,0.195141,authorized_macro_cycle_proxy,false,true,2026-06-25T05:22:11.730520Z
2026-01-29,CN,97.939032,0.206097,authorized_macro_cycle_proxy,false,true,2026-06-25T05:22:11.730520Z
2026-01-29,US,97.939032,0.206097,authorized_macro_cycle_proxy,false,true,2026-06-25T05:22:11.730520Z
2026-01-29,OECD_TOTAL,97.939032,0.206097,authorized_macro_cycle_proxy,false,true,2026-06-25T05:22:11.730520Z
2026-01-29,G20,97.939032,0.206097,authorized_macro_cycle_proxy,false,true,2026-06-25T05:22:11.730520Z
2026-01-29,JP,97.939032,0.206097,authorized_macro_cycle_proxy,false,true,2026-06-25T05:22:11.730520Z
2026-01-29,EURO_AREA,97.939032,0.206097,authorized_macro_cycle_proxy,false,true,2026-06-25T05:22:11.730520Z
2026-01-30,CN,97.866257,0.213374,authorized_macro_cycle_proxy,false,true,2026-06-25T05:22:11.730520Z
2026-01-30,US,97.866257,0.213374,authorized_macro_cycle_proxy,false,true,2026-06-25T05:22:11.730520Z
2026-01-30,OECD_TOTAL,97.866257,0.213374,authorized_macro_cycle_proxy,false,true,2026-06-25T05:22:11.730520Z
2026-01-30,G20,97.866257,0.213374,authorized_macro_cycle_proxy,false,true,2026-06-25T05:22:11.730520Z
2026-01-30,JP,97.866257,0.213374,authorized_macro_cycle_proxy,false,true,2026-06-25T05:22:11.730520Z
2026-01-30,EURO_AREA,97.866257,0.213374,authorized_macro_cycle_proxy,false,true,2026-06-25T05:22:11.730520Z
2026-02-02,CN,98.042005,0.195799,authorized_macro_cycle_proxy,false,true,2026-06-25T05:22:11.730520Z
2026-02-02,US,98.042005,0.195799,authorized_macro_cycle_proxy,false,true,2026-06-25T05:22:11.730520Z
2026-02-02,OECD_TOTAL,98.042005,0.195799,authorized_macro_cycle_proxy,false,true,2026-06-25T05:22:11.730520Z
2026-02-02,G20,98.042005,0.195799,authorized_macro_cycle_proxy,false,true,2026-06-25T05:22:11.730520Z
2026-02-02,JP,98.042005,0.195799,authorized_macro_cycle_proxy,false,true,2026-06-25T05:22:11.730520Z
2026-02-02,EURO_AREA,98.042005,0.195799,authorized_macro_cycle_proxy,false,true,2026-06-25T05:22:11.730520Z
2026-02-03,CN,97.761359,0.223864,authorized_macro_cycle_proxy,false,true,2026-06-25T05:22:11.730520Z
2026-02-03,US,97.761359,0.223864,authorized_macro_cycle_proxy,false,true,2026-06-25T05:22:11.730520Z
2026-02-03,OECD_TOTAL,97.761359,0.223864,authorized_macro_cycle_proxy,false,true,2026-06-25T05:22:11.730520Z
2026-02-03,G20,97.761359,0.223864,authorized_macro_cycle_proxy,false,true,2026-06-25T05:22:11.730520Z
2026-02-03,JP,97.761359,0.223864,authorized_macro_cycle_proxy,false,true,2026-06-25T05:22:11.730520Z
2026-02-03,EURO_AREA,97.761359,0.223864,authorized_macro_cycle_proxy,false,true,2026-06-25T05:22:11.730520Z
2026-02-04,CN,97.609206,0.239079,authorized_macro_cycle_proxy,false,true,2026-06-25T05:22:11.730520Z
2026-02-04,US,97.609206,0.239079,authorized_macro_cycle_proxy,false,true,2026-06-25T05:22:11.730520Z
2026-02-04,OECD_TOTAL,97.609206,0.239079,authorized_macro_cycle_proxy,false,true,2026-06-25T05:22:11.730520Z
2026-02-04,G20,97.609206,0.239079,authorized_macro_cycle_proxy,false,true,2026-06-25T05:22:11.730520Z
2026-02-04,JP,97.609206,0.239079,authorized_macro_cycle_proxy,false,true,2026-06-25T05:22:11.730520Z
2026-02-04,EURO_AREA,97.609206,0.239079,authorized_macro_cycle_proxy,false,true,2026-06-25T05:22:11.730520Z
2026-02-05,CN,97.229479,0.277052,authorized_macro_cycle_proxy,false,true,2026-06-25T05:22:11.730520Z
2026-02-05,US,97.229479,0.277052,authorized_macro_cycle_proxy,false,true,2026-06-25T05:22:11.730520Z
2026-02-05,OECD_TOTAL,97.229479,0.277052,authorized_macro_cycle_proxy,false,true,2026-06-25T05:22:11.730520Z
2026-02-05,G20,97.229479,0.277052,authorized_macro_cycle_proxy,false,true,2026-06-25T05:22:11.730520Z
2026-02-05,JP,97.229479,0.277052,authorized_macro_cycle_proxy,false,true,2026-06-25T05:22:11.730520Z
2026-02-05,EURO_AREA,97.229479,0.277052,authorized_macro_cycle_proxy,false,true,2026-06-25T05:22:11.730520Z
2026-02-06,CN,97.797947,0.220205,authorized_macro_cycle_proxy,false,true,2026-06-25T05:22:11.730520Z
2026-02-06,US,97.797947,0.220205,authorized_macro_cycle_proxy,false,true,2026-06-25T05:22:11.730520Z
2026-02-06,OECD_TOTAL,97.797947,0.220205,authorized_macro_cycle_proxy,false,true,2026-06-25T05:22:11.730520Z
2026-02-06,G20,97.797947,0.220205,authorized_macro_cycle_proxy,false,true,2026-06-25T05:22:11.730520Z
2026-02-06,JP,97.797947,0.220205,authorized_macro_cycle_proxy,false,true,2026-06-25T05:22:11.730520Z
2026-02-06,EURO_AREA,97.797947,0.220205,authorized_macro_cycle_proxy,false,true,2026-06-25T05:22:11.730520Z
2026-02-09,CN,97.89098,0.210902,authorized_macro_cycle_proxy,false,true,2026-06-25T05:22:11.730520Z
2026-02-09,US,97.89098,0.210902,authorized_macro_cycle_proxy,false,true,2026-06-25T05:22:11.730520Z
2026-02-09,OECD_TOTAL,97.89098,0.210902,authorized_macro_cycle_proxy,false,true,2026-06-25T05:22:11.730520Z
2026-02-09,G20,97.89098,0.210902,authorized_macro_cycle_proxy,false,true,2026-06-25T05:22:11.730520Z
2026-02-09,JP,97.89098,0.210902,authorized_macro_cycle_proxy,false,true,2026-06-25T05:22:11.730520Z
2026-02-09,EURO_AREA,97.89098,0.210902,authorized_macro_cycle_proxy,false,true,2026-06-25T05:22:11.730520Z
2026-02-10,CN,97.861895,0.213811,authorized_macro_cycle_proxy,false,true,2026-06-25T05:22:11.730520Z
2026-02-10,US,97.861895,0.213811,authorized_macro_cycle_proxy,false,true,2026-06-25T05:22:11.730520Z
2026-02-10,OECD_TOTAL,97.861895,0.213811,authorized_macro_cycle_proxy,false,true,2026-06-25T05:22:11.730520Z
2026-02-10,G20,97.861895,0.213811,authorized_macro_cycle_proxy,false,true,2026-06-25T05:22:11.730520Z
2026-02-10,JP,97.861895,0.213811,authorized_macro_cycle_proxy,false,true,2026-06-25T05:22:11.730520Z
2026-02-10,EURO_AREA,97.861895,0.213811,authorized_macro_cycle_proxy,false,true,2026-06-25T05:22:11.730520Z
2026-02-11,CN,97.885914,0.211409,authorized_macro_cycle_proxy,false,true,2026-06-25T05:22:11.730520Z
2026-02-11,US,97.885914,0.211409,authorized_macro_cycle_proxy,false,true,2026-06-25T05:22:11.730520Z
2026-02-11,OECD_TOTAL,97.885914,0.211409,authorized_macro_cycle_proxy,false,true,2026-06-25T05:22:11.730520Z
2026-02-11,G20,97.885914,0.211409,authorized_macro_cycle_proxy,false,true,2026-06-25T05:22:11.730520Z
2026-02-11,JP,97.885914,0.211409,authorized_macro_cycle_proxy,false,true,2026-06-25T05:22:11.730520Z
2026-02-11,EURO_AREA,97.885914,0.211409,authorized_macro_cycle_proxy,false,true,2026-06-25T05:22:11.730520Z
2026-02-12,CN,97.535508,0.246449,authorized_macro_cycle_proxy,false,true,2026-06-25T05:22:11.730520Z
2026-02-12,US,97.535508,0.246449,authorized_macro_cycle_proxy,false,true,2026-06-25T05:22:11.730520Z
2026-02-12,OECD_TOTAL,97.535508,0.246449,authorized_macro_cycle_proxy,false,true,2026-06-25T05:22:11.730520Z
2026-02-12,G20,97.535508,0.246449,authorized_macro_cycle_proxy,false,true,2026-06-25T05:22:11.730520Z
2026-02-12,JP,97.535508,0.246449,authorized_macro_cycle_proxy,false,true,2026-06-25T05:22:11.730520Z
2026-02-12,EURO_AREA,97.535508,0.246449,authorized_macro_cycle_proxy,false,true,2026-06-25T05:22:11.730520Z
2026-02-13,CN,97.539742,0.246026,authorized_macro_cycle_proxy,false,true,2026-06-25T05:22:11.730520Z
2026-02-13,US,97.539742,0.246026,authorized_macro_cycle_proxy,false,true,2026-06-25T05:22:11.730520Z
2026-02-13,OECD_TOTAL,97.539742,0.246026,authorized_macro_cycle_proxy,false,true,2026-06-25T05:22:11.730520Z
2026-02-13,G20,97.539742,0.246026,authorized_macro_cycle_proxy,false,true,2026-06-25T05:22:11.730520Z
2026-02-13,JP,97.539742,0.246026,authorized_macro_cycle_proxy,false,true,2026-06-25T05:22:11.730520Z
2026-02-13,EURO_AREA,97.539742,0.246026,authorized_macro_cycle_proxy,false,true,2026-06-25T05:22:11.730520Z
2026-02-24,CN,97.692719,0.230728,authorized_macro_cycle_proxy,false,true,2026-06-25T05:22:11.730520Z
2026-02-24,US,97.692719,0.230728,authorized_macro_cycle_proxy,false,true,2026-06-25T05:22:11.730520Z
2026-02-24,OECD_TOTAL,97.692719,0.230728,authorized_macro_cycle_proxy,false,true,2026-06-25T05:22:11.730520Z
2026-02-24,G20,97.692719,0.230728,authorized_macro_cycle_proxy,false,true,2026-06-25T05:22:11.730520Z
2026-02-24,JP,97.692719,0.230728,authorized_macro_cycle_proxy,false,true,2026-06-25T05:22:11.730520Z
2026-02-24,EURO_AREA,97.692719,0.230728,authorized_macro_cycle_proxy,false,true,2026-06-25T05:22:11.730520Z
2026-02-25,CN,97.970782,0.202922,authorized_macro_cycle_proxy,false,true,2026-06-25T05:22:11.730520Z
2026-02-25,US,97.970782,0.202922,authorized_macro_cycle_proxy,false,true,2026-06-25T05:22:11.730520Z
2026-02-25,OECD_TOTAL,97.970782,0.202922,authorized_macro_cycle_proxy,false,true,2026-06-25T05:22:11.730520Z
2026-02-25,G20,97.970782,0.202922,authorized_macro_cycle_proxy,false,true,2026-06-25T05:22:11.730520Z
2026-02-25,JP,97.970782,0.202922,authorized_macro_cycle_proxy,false,true,2026-06-25T05:22:11.730520Z
2026-02-25,EURO_AREA,97.970782,0.202922,authorized_macro_cycle_proxy,false,true,2026-06-25T05:22:11.730520Z
2026-02-26,CN,97.910157,0.208984,authorized_macro_cycle_proxy,false,true,2026-06-25T05:22:11.730520Z
2026-02-26,US,97.910157,0.208984,authorized_macro_cycle_proxy,false,true,2026-06-25T05:22:11.730520Z
2026-02-26,OECD_TOTAL,97.910157,0.208984,authorized_macro_cycle_proxy,false,true,2026-06-25T05:22:11.730520Z
2026-02-26,G20,97.910157,0.208984,authorized_macro_cycle_proxy,false,true,2026-06-25T05:22:11.730520Z
2026-02-26,JP,97.910157,0.208984,authorized_macro_cycle_proxy,false,true,2026-06-25T05:22:11.730520Z
2026-02-26,EURO_AREA,97.910157,0.208984,authorized_macro_cycle_proxy,false,true,2026-06-25T05:22:11.730520Z
2026-02-27,CN,97.750213,0.224979,authorized_macro_cycle_proxy,false,true,2026-06-25T05:22:11.730520Z
2026-02-27,US,97.750213,0.224979,authorized_macro_cycle_proxy,false,true,2026-06-25T05:22:11.730520Z
2026-02-27,OECD_TOTAL,97.750213,0.224979,authorized_macro_cycle_proxy,false,true,2026-06-25T05:22:11.730520Z
2026-02-27,G20,97.750213,0.224979,authorized_macro_cycle_proxy,false,true,2026-06-25T05:22:11.730520Z
2026-02-27,JP,97.750213,0.224979,authorized_macro_cycle_proxy,false,true,2026-06-25T05:22:11.730520Z
2026-02-27,EURO_AREA,97.750213,0.224979,authorized_macro_cycle_proxy,false,true,2026-06-25T05:22:11.730520Z
2026-03-02,CN,97.386382,0.261362,authorized_macro_cycle_proxy,false,true,2026-06-25T05:22:11.730520Z
2026-03-02,US,97.386382,0.261362,authorized_macro_cycle_proxy,false,true,2026-06-25T05:22:11.730520Z
2026-03-02,OECD_TOTAL,97.386382,0.261362,authorized_macro_cycle_proxy,false,true,2026-06-25T05:22:11.730520Z
2026-03-02,G20,97.386382,0.261362,authorized_macro_cycle_proxy,false,true,2026-06-25T05:22:11.730520Z
2026-03-02,JP,97.386382,0.261362,authorized_macro_cycle_proxy,false,true,2026-06-25T05:22:11.730520Z
2026-03-02,EURO_AREA,97.386382,0.261362,authorized_macro_cycle_proxy,false,true,2026-06-25T05:22:11.730520Z
2026-03-03,CN,96.938107,0.306189,authorized_macro_cycle_proxy,false,true,2026-06-25T05:22:11.730520Z
2026-03-03,US,96.938107,0.306189,authorized_macro_cycle_proxy,false,true,2026-06-25T05:22:11.730520Z
2026-03-03,OECD_TOTAL,96.938107,0.306189,authorized_macro_cycle_proxy,false,true,2026-06-25T05:22:11.730520Z
2026-03-03,G20,96.938107,0.306189,authorized_macro_cycle_proxy,false,true,2026-06-25T05:22:11.730520Z
2026-03-03,JP,96.938107,0.306189,authorized_macro_cycle_proxy,false,true,2026-06-25T05:22:11.730520Z
2026-03-03,EURO_AREA,96.938107,0.306189,authorized_macro_cycle_proxy,false,true,2026-06-25T05:22:11.730520Z
2026-03-04,CN,97.185489,0.281451,authorized_macro_cycle_proxy,false,true,2026-06-25T05:22:11.730520Z
2026-03-04,US,97.185489,0.281451,authorized_macro_cycle_proxy,false,true,2026-06-25T05:22:11.730520Z
2026-03-04,OECD_TOTAL,97.185489,0.281451,authorized_macro_cycle_proxy,false,true,2026-06-25T05:22:11.730520Z
2026-03-04,G20,97.185489,0.281451,authorized_macro_cycle_proxy,false,true,2026-06-25T05:22:11.730520Z
2026-03-04,JP,97.185489,0.281451,authorized_macro_cycle_proxy,false,true,2026-06-25T05:22:11.730520Z
2026-03-04,EURO_AREA,97.185489,0.281451,authorized_macro_cycle_proxy,false,true,2026-06-25T05:22:11.730520Z
2026-03-05,CN,96.700071,0.329993,authorized_macro_cycle_proxy,false,true,2026-06-25T05:22:11.730520Z
2026-03-05,US,96.700071,0.329993,authorized_macro_cycle_proxy,false,true,2026-06-25T05:22:11.730520Z
2026-03-05,OECD_TOTAL,96.700071,0.329993,authorized_macro_cycle_proxy,false,true,2026-06-25T05:22:11.730520Z
2026-03-05,G20,96.700071,0.329993,authorized_macro_cycle_proxy,false,true,2026-06-25T05:22:11.730520Z
2026-03-05,JP,96.700071,0.329993,authorized_macro_cycle_proxy,false,true,2026-06-25T05:22:11.730520Z
2026-03-05,EURO_AREA,96.700071,0.329993,authorized_macro_cycle_proxy,false,true,2026-06-25T05:22:11.730520Z
2026-03-06,CN,95.691616,0.430838,authorized_macro_cycle_proxy,false,true,2026-06-25T05:22:11.730520Z
2026-03-06,US,95.691616,0.430838,authorized_macro_cycle_proxy,false,true,2026-06-25T05:22:11.730520Z
2026-03-06,OECD_TOTAL,95.691616,0.430838,authorized_macro_cycle_proxy,false,true,2026-06-25T05:22:11.730520Z
2026-03-06,G20,95.691616,0.430838,authorized_macro_cycle_proxy,false,true,2026-06-25T05:22:11.730520Z
2026-03-06,JP,95.691616,0.430838,authorized_macro_cycle_proxy,false,true,2026-06-25T05:22:11.730520Z
2026-03-06,EURO_AREA,95.691616,0.430838,authorized_macro_cycle_proxy,false,true,2026-06-25T05:22:11.730520Z
2026-03-09,CN,96.090285,0.390972,authorized_macro_cycle_proxy,false,true,2026-06-25T05:22:11.730520Z
2026-03-09,US,96.090285,0.390972,authorized_macro_cycle_proxy,false,true,2026-06-25T05:22:11.730520Z
2026-03-09,OECD_TOTAL,96.090285,0.390972,authorized_macro_cycle_proxy,false,true,2026-06-25T05:22:11.730520Z
2026-03-09,G20,96.090285,0.390972,authorized_macro_cycle_proxy,false,true,2026-06-25T05:22:11.730520Z
2026-03-09,JP,96.090285,0.390972,authorized_macro_cycle_proxy,false,true,2026-06-25T05:22:11.730520Z
2026-03-09,EURO_AREA,96.090285,0.390972,authorized_macro_cycle_proxy,false,true,2026-06-25T05:22:11.730520Z
2026-03-10,CN,96.495355,0.350465,authorized_macro_cycle_proxy,false,true,2026-06-25T05:22:11.730520Z
2026-03-10,US,96.495355,0.350465,authorized_macro_cycle_proxy,false,true,2026-06-25T05:22:11.730520Z
2026-03-10,OECD_TOTAL,96.495355,0.350465,authorized_macro_cycle_proxy,false,true,2026-06-25T05:22:11.730520Z
2026-03-10,G20,96.495355,0.350465,authorized_macro_cycle_proxy,false,true,2026-06-25T05:22:11.730520Z
2026-03-10,JP,96.495355,0.350465,authorized_macro_cycle_proxy,false,true,2026-06-25T05:22:11.730520Z
2026-03-10,EURO_AREA,96.495355,0.350465,authorized_macro_cycle_proxy,false,true,2026-06-25T05:22:11.730520Z
2026-03-11,CN,96.549246,0.345075,authorized_macro_cycle_proxy,false,true,2026-06-25T05:22:11.730520Z
2026-03-11,US,96.549246,0.345075,authorized_macro_cycle_proxy,false,true,2026-06-25T05:22:11.730520Z
2026-03-11,OECD_TOTAL,96.549246,0.345075,authorized_macro_cycle_proxy,false,true,2026-06-25T05:22:11.730520Z
2026-03-11,G20,96.549246,0.345075,authorized_macro_cycle_proxy,false,true,2026-06-25T05:22:11.730520Z
2026-03-11,JP,96.549246,0.345075,authorized_macro_cycle_proxy,false,true,2026-06-25T05:22:11.730520Z
2026-03-11,EURO_AREA,96.549246,0.345075,authorized_macro_cycle_proxy,false,true,2026-06-25T05:22:11.730520Z
2026-03-12,CN,95.920382,0.407962,authorized_macro_cycle_proxy,false,true,2026-06-25T05:22:11.730520Z
2026-03-12,US,95.920382,0.407962,authorized_macro_cycle_proxy,false,true,2026-06-25T05:22:11.730520Z
2026-03-12,OECD_TOTAL,95.920382,0.407962,authorized_macro_cycle_proxy,false,true,2026-06-25T05:22:11.730520Z
2026-03-12,G20,95.920382,0.407962,authorized_macro_cycle_proxy,false,true,2026-06-25T05:22:11.730520Z
2026-03-12,JP,95.920382,0.407962,authorized_macro_cycle_proxy,false,true,2026-06-25T05:22:11.730520Z
2026-03-12,EURO_AREA,95.920382,0.407962,authorized_macro_cycle_proxy,false,true,2026-06-25T05:22:11.730520Z
2026-03-13,CN,95.831984,0.416802,authorized_macro_cycle_proxy,false,true,2026-06-25T05:22:11.730520Z
2026-03-13,US,95.831984,0.416802,authorized_macro_cycle_proxy,false,true,2026-06-25T05:22:11.730520Z
2026-03-13,OECD_TOTAL,95.831984,0.416802,authorized_macro_cycle_proxy,false,true,2026-06-25T05:22:11.730520Z
2026-03-13,G20,95.831984,0.416802,authorized_macro_cycle_proxy,false,true,2026-06-25T05:22:11.730520Z
2026-03-13,JP,95.831984,0.416802,authorized_macro_cycle_proxy,false,true,2026-06-25T05:22:11.730520Z
2026-03-13,EURO_AREA,95.831984,0.416802,authorized_macro_cycle_proxy,false,true,2026-06-25T05:22:11.730520Z
2026-03-16,CN,96.485618,0.351438,authorized_macro_cycle_proxy,false,true,2026-06-25T05:22:11.730520Z
2026-03-16,US,96.485618,0.351438,authorized_macro_cycle_proxy,false,true,2026-06-25T05:22:11.730520Z
2026-03-16,OECD_TOTAL,96.485618,0.351438,authorized_macro_cycle_proxy,false,true,2026-06-25T05:22:11.730520Z
2026-03-16,G20,96.485618,0.351438,authorized_macro_cycle_proxy,false,true,2026-06-25T05:22:11.730520Z
2026-03-16,JP,96.485618,0.351438,authorized_macro_cycle_proxy,false,true,2026-06-25T05:22:11.730520Z
2026-03-16,EURO_AREA,96.485618,0.351438,authorized_macro_cycle_proxy,false,true,2026-06-25T05:22:11.730520Z
2026-03-17,CN,96.515927,0.348407,authorized_macro_cycle_proxy,false,true,2026-06-25T05:22:11.730520Z
2026-03-17,US,96.515927,0.348407,authorized_macro_cycle_proxy,false,true,2026-06-25T05:22:11.730520Z
2026-03-17,OECD_TOTAL,96.515927,0.348407,authorized_macro_cycle_proxy,false,true,2026-06-25T05:22:11.730520Z
2026-03-17,G20,96.515927,0.348407,authorized_macro_cycle_proxy,false,true,2026-06-25T05:22:11.730520Z
2026-03-17,JP,96.515927,0.348407,authorized_macro_cycle_proxy,false,true,2026-06-25T05:22:11.730520Z
2026-03-17,EURO_AREA,96.515927,0.348407,authorized_macro_cycle_proxy,false,true,2026-06-25T05:22:11.730520Z
2026-03-18,CN,96.138828,0.386117,authorized_macro_cycle_proxy,false,true,2026-06-25T05:22:11.730520Z
2026-03-18,US,96.138828,0.386117,authorized_macro_cycle_proxy,false,true,2026-06-25T05:22:11.730520Z
2026-03-18,OECD_TOTAL,96.138828,0.386117,authorized_macro_cycle_proxy,false,true,2026-06-25T05:22:11.730520Z
2026-03-18,G20,96.138828,0.386117,authorized_macro_cycle_proxy,false,true,2026-06-25T05:22:11.730520Z
2026-03-18,JP,96.138828,0.386117,authorized_macro_cycle_proxy,false,true,2026-06-25T05:22:11.730520Z
2026-03-18,EURO_AREA,96.138828,0.386117,authorized_macro_cycle_proxy,false,true,2026-06-25T05:22:11.730520Z
2026-03-19,CN,96.216568,0.378343,authorized_macro_cycle_proxy,false,true,2026-06-25T05:22:11.730520Z
2026-03-19,US,96.216568,0.378343,authorized_macro_cycle_proxy,false,true,2026-06-25T05:22:11.730520Z
2026-03-19,OECD_TOTAL,96.216568,0.378343,authorized_macro_cycle_proxy,false,true,2026-06-25T05:22:11.730520Z
2026-03-19,G20,96.216568,0.378343,authorized_macro_cycle_proxy,false,true,2026-06-25T05:22:11.730520Z
2026-03-19,JP,96.216568,0.378343,authorized_macro_cycle_proxy,false,true,2026-06-25T05:22:11.730520Z
2026-03-19,EURO_AREA,96.216568,0.378343,authorized_macro_cycle_proxy,false,true,2026-06-25T05:22:11.730520Z
2026-03-20,CN,95.694267,0.430573,authorized_macro_cycle_proxy,false,true,2026-06-25T05:22:11.730520Z
2026-03-20,US,95.694267,0.430573,authorized_macro_cycle_proxy,false,true,2026-06-25T05:22:11.730520Z
2026-03-20,OECD_TOTAL,95.694267,0.430573,authorized_macro_cycle_proxy,false,true,2026-06-25T05:22:11.730520Z
2026-03-20,G20,95.694267,0.430573,authorized_macro_cycle_proxy,false,true,2026-06-25T05:22:11.730520Z
2026-03-20,JP,95.694267,0.430573,authorized_macro_cycle_proxy,false,true,2026-06-25T05:22:11.730520Z
2026-03-20,EURO_AREA,95.694267,0.430573,authorized_macro_cycle_proxy,false,true,2026-06-25T05:22:11.730520Z
2026-03-23,CN,95.89954,0.410046,authorized_macro_cycle_proxy,false,true,2026-06-25T05:22:11.730520Z
2026-03-23,US,95.89954,0.410046,authorized_macro_cycle_proxy,false,true,2026-06-25T05:22:11.730520Z
2026-03-23,OECD_TOTAL,95.89954,0.410046,authorized_macro_cycle_proxy,false,true,2026-06-25T05:22:11.730520Z
2026-03-23,G20,95.89954,0.410046,authorized_macro_cycle_proxy,false,true,2026-06-25T05:22:11.730520Z
2026-03-23,JP,95.89954,0.410046,authorized_macro_cycle_proxy,false,true,2026-06-25T05:22:11.730520Z
2026-03-23,EURO_AREA,95.89954,0.410046,authorized_macro_cycle_proxy,false,true,2026-06-25T05:22:11.730520Z
2026-03-24,CN,95.783487,0.421651,authorized_macro_cycle_proxy,false,true,2026-06-25T05:22:11.730520Z
2026-03-24,US,95.783487,0.421651,authorized_macro_cycle_proxy,false,true,2026-06-25T05:22:11.730520Z
2026-03-24,OECD_TOTAL,95.783487,0.421651,authorized_macro_cycle_proxy,false,true,2026-06-25T05:22:11.730520Z
2026-03-24,G20,95.783487,0.421651,authorized_macro_cycle_proxy,false,true,2026-06-25T05:22:11.730520Z
2026-03-24,JP,95.783487,0.421651,authorized_macro_cycle_proxy,false,true,2026-06-25T05:22:11.730520Z
2026-03-24,EURO_AREA,95.783487,0.421651,authorized_macro_cycle_proxy,false,true,2026-06-25T05:22:11.730520Z
2026-03-25,CN,96.087764,0.391224,authorized_macro_cycle_proxy,false,true,2026-06-25T05:22:11.730520Z
2026-03-25,US,96.087764,0.391224,authorized_macro_cycle_proxy,false,true,2026-06-25T05:22:11.730520Z
2026-03-25,OECD_TOTAL,96.087764,0.391224,authorized_macro_cycle_proxy,false,true,2026-06-25T05:22:11.730520Z
2026-03-25,G20,96.087764,0.391224,authorized_macro_cycle_proxy,false,true,2026-06-25T05:22:11.730520Z
2026-03-25,JP,96.087764,0.391224,authorized_macro_cycle_proxy,false,true,2026-06-25T05:22:11.730520Z
2026-03-25,EURO_AREA,96.087764,0.391224,authorized_macro_cycle_proxy,false,true,2026-06-25T05:22:11.730520Z
2026-03-26,CN,95.564801,0.44352,authorized_macro_cycle_proxy,false,true,2026-06-25T05:22:11.730520Z
2026-03-26,US,95.564801,0.44352,authorized_macro_cycle_proxy,false,true,2026-06-25T05:22:11.730520Z
2026-03-26,OECD_TOTAL,95.564801,0.44352,authorized_macro_cycle_proxy,false,true,2026-06-25T05:22:11.730520Z
2026-03-26,G20,95.564801,0.44352,authorized_macro_cycle_proxy,false,true,2026-06-25T05:22:11.730520Z
2026-03-26,JP,95.564801,0.44352,authorized_macro_cycle_proxy,false,true,2026-06-25T05:22:11.730520Z
2026-03-26,EURO_AREA,95.564801,0.44352,authorized_macro_cycle_proxy,false,true,2026-06-25T05:22:11.730520Z
2026-03-27,CN,94.956662,0.504334,authorized_macro_cycle_proxy,false,true,2026-06-25T05:22:11.730520Z
2026-03-27,US,94.956662,0.504334,authorized_macro_cycle_proxy,false,true,2026-06-25T05:22:11.730520Z
2026-03-27,OECD_TOTAL,94.956662,0.504334,authorized_macro_cycle_proxy,false,true,2026-06-25T05:22:11.730520Z
2026-03-27,G20,94.956662,0.504334,authorized_macro_cycle_proxy,false,true,2026-06-25T05:22:11.730520Z
2026-03-27,JP,94.956662,0.504334,authorized_macro_cycle_proxy,false,true,2026-06-25T05:22:11.730520Z
2026-03-27,EURO_AREA,94.956662,0.504334,authorized_macro_cycle_proxy,false,true,2026-06-25T05:22:11.730520Z
2026-03-30,CN,95.001323,0.499868,authorized_macro_cycle_proxy,false,true,2026-06-25T05:22:11.730520Z
2026-03-30,US,95.001323,0.499868,authorized_macro_cycle_proxy,false,true,2026-06-25T05:22:11.730520Z
2026-03-30,OECD_TOTAL,95.001323,0.499868,authorized_macro_cycle_proxy,false,true,2026-06-25T05:22:11.730520Z
2026-03-30,G20,95.001323,0.499868,authorized_macro_cycle_proxy,false,true,2026-06-25T05:22:11.730520Z
2026-03-30,JP,95.001323,0.499868,authorized_macro_cycle_proxy,false,true,2026-06-25T05:22:11.730520Z
2026-03-30,EURO_AREA,95.001323,0.499868,authorized_macro_cycle_proxy,false,true,2026-06-25T05:22:11.730520Z
2026-03-31,CN,95.764889,0.423511,authorized_macro_cycle_proxy,false,true,2026-06-25T05:22:11.730520Z
2026-03-31,US,95.764889,0.423511,authorized_macro_cycle_proxy,false,true,2026-06-25T05:22:11.730520Z
2026-03-31,OECD_TOTAL,95.764889,0.423511,authorized_macro_cycle_proxy,false,true,2026-06-25T05:22:11.730520Z
2026-03-31,G20,95.764889,0.423511,authorized_macro_cycle_proxy,false,true,2026-06-25T05:22:11.730520Z
2026-03-31,JP,95.764889,0.423511,authorized_macro_cycle_proxy,false,true,2026-06-25T05:22:11.730520Z
2026-03-31,EURO_AREA,95.764889,0.423511,authorized_macro_cycle_proxy,false,true,2026-06-25T05:22:11.730520Z
2026-04-01,CN,96.056578,0.394342,authorized_macro_cycle_proxy,false,true,2026-06-25T05:22:11.730520Z
2026-04-01,US,96.056578,0.394342,authorized_macro_cycle_proxy,false,true,2026-06-25T05:22:11.730520Z
2026-04-01,OECD_TOTAL,96.056578,0.394342,authorized_macro_cycle_proxy,false,true,2026-06-25T05:22:11.730520Z
2026-04-01,G20,96.056578,0.394342,authorized_macro_cycle_proxy,false,true,2026-06-25T05:22:11.730520Z
2026-04-01,JP,96.056578,0.394342,authorized_macro_cycle_proxy,false,true,2026-06-25T05:22:11.730520Z
2026-04-01,EURO_AREA,96.056578,0.394342,authorized_macro_cycle_proxy,false,true,2026-06-25T05:22:11.730520Z
2026-04-02,CN,95.894935,0.410506,authorized_macro_cycle_proxy,false,true,2026-06-25T05:22:11.730520Z
2026-04-02,US,95.894935,0.410506,authorized_macro_cycle_proxy,false,true,2026-06-25T05:22:11.730520Z
2026-04-02,OECD_TOTAL,95.894935,0.410506,authorized_macro_cycle_proxy,false,true,2026-06-25T05:22:11.730520Z
2026-04-02,G20,95.894935,0.410506,authorized_macro_cycle_proxy,false,true,2026-06-25T05:22:11.730520Z
2026-04-02,JP,95.894935,0.410506,authorized_macro_cycle_proxy,false,true,2026-06-25T05:22:11.730520Z
2026-04-02,EURO_AREA,95.894935,0.410506,authorized_macro_cycle_proxy,false,true,2026-06-25T05:22:11.730520Z
2026-04-03,CN,95.815571,0.418443,authorized_macro_cycle_proxy,false,true,2026-06-25T05:22:11.730520Z
2026-04-03,US,95.815571,0.418443,authorized_macro_cycle_proxy,false,true,2026-06-25T05:22:11.730520Z
2026-04-03,OECD_TOTAL,95.815571,0.418443,authorized_macro_cycle_proxy,false,true,2026-06-25T05:22:11.730520Z
2026-04-03,G20,95.815571,0.418443,authorized_macro_cycle_proxy,false,true,2026-06-25T05:22:11.730520Z
2026-04-03,JP,95.815571,0.418443,authorized_macro_cycle_proxy,false,true,2026-06-25T05:22:11.730520Z
2026-04-03,EURO_AREA,95.815571,0.418443,authorized_macro_cycle_proxy,false,true,2026-06-25T05:22:11.730520Z
2026-04-07,CN,95.52653,0.447347,authorized_macro_cycle_proxy,false,true,2026-06-25T05:22:11.730520Z
2026-04-07,US,95.52653,0.447347,authorized_macro_cycle_proxy,false,true,2026-06-25T05:22:11.730520Z
2026-04-07,OECD_TOTAL,95.52653,0.447347,authorized_macro_cycle_proxy,false,true,2026-06-25T05:22:11.730520Z
2026-04-07,G20,95.52653,0.447347,authorized_macro_cycle_proxy,false,true,2026-06-25T05:22:11.730520Z
2026-04-07,JP,95.52653,0.447347,authorized_macro_cycle_proxy,false,true,2026-06-25T05:22:11.730520Z
2026-04-07,EURO_AREA,95.52653,0.447347,authorized_macro_cycle_proxy,false,true,2026-06-25T05:22:11.730520Z
2026-04-08,CN,96.841266,0.315873,authorized_macro_cycle_proxy,false,true,2026-06-25T05:22:11.730520Z
2026-04-08,US,96.841266,0.315873,authorized_macro_cycle_proxy,false,true,2026-06-25T05:22:11.730520Z
2026-04-08,OECD_TOTAL,96.841266,0.315873,authorized_macro_cycle_proxy,false,true,2026-06-25T05:22:11.730520Z
2026-04-08,G20,96.841266,0.315873,authorized_macro_cycle_proxy,false,true,2026-06-25T05:22:11.730520Z
2026-04-08,JP,96.841266,0.315873,authorized_macro_cycle_proxy,false,true,2026-06-25T05:22:11.730520Z
2026-04-08,EURO_AREA,96.841266,0.315873,authorized_macro_cycle_proxy,false,true,2026-06-25T05:22:11.730520Z
2026-04-09,CN,96.894668,0.310533,authorized_macro_cycle_proxy,false,true,2026-06-25T05:22:11.730520Z
2026-04-09,US,96.894668,0.310533,authorized_macro_cycle_proxy,false,true,2026-06-25T05:22:11.730520Z
2026-04-09,OECD_TOTAL,96.894668,0.310533,authorized_macro_cycle_proxy,false,true,2026-06-25T05:22:11.730520Z
2026-04-09,G20,96.894668,0.310533,authorized_macro_cycle_proxy,false,true,2026-06-25T05:22:11.730520Z
2026-04-09,JP,96.894668,0.310533,authorized_macro_cycle_proxy,false,true,2026-06-25T05:22:11.730520Z
2026-04-09,EURO_AREA,96.894668,0.310533,authorized_macro_cycle_proxy,false,true,2026-06-25T05:22:11.730520Z
2026-04-10,CN,96.98643,0.301357,authorized_macro_cycle_proxy,false,true,2026-06-25T05:22:11.730520Z
2026-04-10,US,96.98643,0.301357,authorized_macro_cycle_proxy,false,true,2026-06-25T05:22:11.730520Z
2026-04-10,OECD_TOTAL,96.98643,0.301357,authorized_macro_cycle_proxy,false,true,2026-06-25T05:22:11.730520Z
2026-04-10,G20,96.98643,0.301357,authorized_macro_cycle_proxy,false,true,2026-06-25T05:22:11.730520Z
2026-04-10,JP,96.98643,0.301357,authorized_macro_cycle_proxy,false,true,2026-06-25T05:22:11.730520Z
2026-04-10,EURO_AREA,96.98643,0.301357,authorized_macro_cycle_proxy,false,true,2026-06-25T05:22:11.730520Z
2026-04-13,CN,96.984653,0.301535,authorized_macro_cycle_proxy,false,true,2026-06-25T05:22:11.730520Z
2026-04-13,US,96.984653,0.301535,authorized_macro_cycle_proxy,false,true,2026-06-25T05:22:11.730520Z
2026-04-13,OECD_TOTAL,96.984653,0.301535,authorized_macro_cycle_proxy,false,true,2026-06-25T05:22:11.730520Z
2026-04-13,G20,96.984653,0.301535,authorized_macro_cycle_proxy,false,true,2026-06-25T05:22:11.730520Z
2026-04-13,JP,96.984653,0.301535,authorized_macro_cycle_proxy,false,true,2026-06-25T05:22:11.730520Z
2026-04-13,EURO_AREA,96.984653,0.301535,authorized_macro_cycle_proxy,false,true,2026-06-25T05:22:11.730520Z
2026-04-14,CN,97.336689,0.266331,authorized_macro_cycle_proxy,false,true,2026-06-25T05:22:11.730520Z
2026-04-14,US,97.336689,0.266331,authorized_macro_cycle_proxy,false,true,2026-06-25T05:22:11.730520Z
2026-04-14,OECD_TOTAL,97.336689,0.266331,authorized_macro_cycle_proxy,false,true,2026-06-25T05:22:11.730520Z
2026-04-14,G20,97.336689,0.266331,authorized_macro_cycle_proxy,false,true,2026-06-25T05:22:11.730520Z
2026-04-14,JP,97.336689,0.266331,authorized_macro_cycle_proxy,false,true,2026-06-25T05:22:11.730520Z
2026-04-14,EURO_AREA,97.336689,0.266331,authorized_macro_cycle_proxy,false,true,2026-06-25T05:22:11.730520Z
2026-04-15,CN,97.3472,0.26528,authorized_macro_cycle_proxy,false,true,2026-06-25T05:22:11.730520Z
2026-04-15,US,97.3472,0.26528,authorized_macro_cycle_proxy,false,true,2026-06-25T05:22:11.730520Z
2026-04-15,OECD_TOTAL,97.3472,0.26528,authorized_macro_cycle_proxy,false,true,2026-06-25T05:22:11.730520Z
2026-04-15,G20,97.3472,0.26528,authorized_macro_cycle_proxy,false,true,2026-06-25T05:22:11.730520Z
2026-04-15,JP,97.3472,0.26528,authorized_macro_cycle_proxy,false,true,2026-06-25T05:22:11.730520Z
2026-04-15,EURO_AREA,97.3472,0.26528,authorized_macro_cycle_proxy,false,true,2026-06-25T05:22:11.730520Z
2026-04-16,CN,97.289168,0.271083,authorized_macro_cycle_proxy,false,true,2026-06-25T05:22:11.730520Z
2026-04-16,US,97.289168,0.271083,authorized_macro_cycle_proxy,false,true,2026-06-25T05:22:11.730520Z
2026-04-16,OECD_TOTAL,97.289168,0.271083,authorized_macro_cycle_proxy,false,true,2026-06-25T05:22:11.730520Z
2026-04-16,G20,97.289168,0.271083,authorized_macro_cycle_proxy,false,true,2026-06-25T05:22:11.730520Z
2026-04-16,JP,97.289168,0.271083,authorized_macro_cycle_proxy,false,true,2026-06-25T05:22:11.730520Z
2026-04-16,EURO_AREA,97.289168,0.271083,authorized_macro_cycle_proxy,false,true,2026-06-25T05:22:11.730520Z
2026-04-17,CN,97.617353,0.238265,authorized_macro_cycle_proxy,false,true,2026-06-25T05:22:11.730520Z
2026-04-17,US,97.617353,0.238265,authorized_macro_cycle_proxy,false,true,2026-06-25T05:22:11.730520Z
2026-04-17,OECD_TOTAL,97.617353,0.238265,authorized_macro_cycle_proxy,false,true,2026-06-25T05:22:11.730520Z
2026-04-17,G20,97.617353,0.238265,authorized_macro_cycle_proxy,false,true,2026-06-25T05:22:11.730520Z
2026-04-17,JP,97.617353,0.238265,authorized_macro_cycle_proxy,false,true,2026-06-25T05:22:11.730520Z
2026-04-17,EURO_AREA,97.617353,0.238265,authorized_macro_cycle_proxy,false,true,2026-06-25T05:22:11.730520Z
2026-04-20,CN,97.30195,0.269805,authorized_macro_cycle_proxy,false,true,2026-06-25T05:22:11.730520Z
2026-04-20,US,97.30195,0.269805,authorized_macro_cycle_proxy,false,true,2026-06-25T05:22:11.730520Z
2026-04-20,OECD_TOTAL,97.30195,0.269805,authorized_macro_cycle_proxy,false,true,2026-06-25T05:22:11.730520Z
2026-04-20,G20,97.30195,0.269805,authorized_macro_cycle_proxy,false,true,2026-06-25T05:22:11.730520Z
2026-04-20,JP,97.30195,0.269805,authorized_macro_cycle_proxy,false,true,2026-06-25T05:22:11.730520Z
2026-04-20,EURO_AREA,97.30195,0.269805,authorized_macro_cycle_proxy,false,true,2026-06-25T05:22:11.730520Z
2026-04-21,CN,97.1345,0.28655,authorized_macro_cycle_proxy,false,true,2026-06-25T05:22:11.730520Z
2026-04-21,US,97.1345,0.28655,authorized_macro_cycle_proxy,false,true,2026-06-25T05:22:11.730520Z
2026-04-21,OECD_TOTAL,97.1345,0.28655,authorized_macro_cycle_proxy,false,true,2026-06-25T05:22:11.730520Z
2026-04-21,G20,97.1345,0.28655,authorized_macro_cycle_proxy,false,true,2026-06-25T05:22:11.730520Z
2026-04-21,JP,97.1345,0.28655,authorized_macro_cycle_proxy,false,true,2026-06-25T05:22:11.730520Z
2026-04-21,EURO_AREA,97.1345,0.28655,authorized_macro_cycle_proxy,false,true,2026-06-25T05:22:11.730520Z
2026-04-22,CN,97.192664,0.280734,authorized_macro_cycle_proxy,false,true,2026-06-25T05:22:11.730520Z
2026-04-22,US,97.192664,0.280734,authorized_macro_cycle_proxy,false,true,2026-06-25T05:22:11.730520Z
2026-04-22,OECD_TOTAL,97.192664,0.280734,authorized_macro_cycle_proxy,false,true,2026-06-25T05:22:11.730520Z
2026-04-22,G20,97.192664,0.280734,authorized_macro_cycle_proxy,false,true,2026-06-25T05:22:11.730520Z
2026-04-22,JP,97.192664,0.280734,authorized_macro_cycle_proxy,false,true,2026-06-25T05:22:11.730520Z
2026-04-22,EURO_AREA,97.192664,0.280734,authorized_macro_cycle_proxy,false,true,2026-06-25T05:22:11.730520Z
2026-04-23,CN,97.059386,0.294061,authorized_macro_cycle_proxy,false,true,2026-06-25T05:22:11.730520Z
2026-04-23,US,97.059386,0.294061,authorized_macro_cycle_proxy,false,true,2026-06-25T05:22:11.730520Z
2026-04-23,OECD_TOTAL,97.059386,0.294061,authorized_macro_cycle_proxy,false,true,2026-06-25T05:22:11.730520Z
2026-04-23,G20,97.059386,0.294061,authorized_macro_cycle_proxy,false,true,2026-06-25T05:22:11.730520Z
2026-04-23,JP,97.059386,0.294061,authorized_macro_cycle_proxy,false,true,2026-06-25T05:22:11.730520Z
2026-04-23,EURO_AREA,97.059386,0.294061,authorized_macro_cycle_proxy,false,true,2026-06-25T05:22:11.730520Z
2026-04-24,CN,97.180957,0.281904,authorized_macro_cycle_proxy,false,true,2026-06-25T05:22:11.730520Z
2026-04-24,US,97.180957,0.281904,authorized_macro_cycle_proxy,false,true,2026-06-25T05:22:11.730520Z
2026-04-24,OECD_TOTAL,97.180957,0.281904,authorized_macro_cycle_proxy,false,true,2026-06-25T05:22:11.730520Z
2026-04-24,G20,97.180957,0.281904,authorized_macro_cycle_proxy,false,true,2026-06-25T05:22:11.730520Z
2026-04-24,JP,97.180957,0.281904,authorized_macro_cycle_proxy,false,true,2026-06-25T05:22:11.730520Z
2026-04-24,EURO_AREA,97.180957,0.281904,authorized_macro_cycle_proxy,false,true,2026-06-25T05:22:11.730520Z
2026-04-27,CN,97.226343,0.277366,authorized_macro_cycle_proxy,false,true,2026-06-25T05:22:11.730520Z
2026-04-27,US,97.226343,0.277366,authorized_macro_cycle_proxy,false,true,2026-06-25T05:22:11.730520Z
2026-04-27,OECD_TOTAL,97.226343,0.277366,authorized_macro_cycle_proxy,false,true,2026-06-25T05:22:11.730520Z
2026-04-27,G20,97.226343,0.277366,authorized_macro_cycle_proxy,false,true,2026-06-25T05:22:11.730520Z
2026-04-27,JP,97.226343,0.277366,authorized_macro_cycle_proxy,false,true,2026-06-25T05:22:11.730520Z
2026-04-27,EURO_AREA,97.226343,0.277366,authorized_macro_cycle_proxy,false,true,2026-06-25T05:22:11.730520Z
2026-04-28,CN,97.149407,0.285059,authorized_macro_cycle_proxy,false,true,2026-06-25T05:22:11.730520Z
2026-04-28,US,97.149407,0.285059,authorized_macro_cycle_proxy,false,true,2026-06-25T05:22:11.730520Z
2026-04-28,OECD_TOTAL,97.149407,0.285059,authorized_macro_cycle_proxy,false,true,2026-06-25T05:22:11.730520Z
2026-04-28,G20,97.149407,0.285059,authorized_macro_cycle_proxy,false,true,2026-06-25T05:22:11.730520Z
2026-04-28,JP,97.149407,0.285059,authorized_macro_cycle_proxy,false,true,2026-06-25T05:22:11.730520Z
2026-04-28,EURO_AREA,97.149407,0.285059,authorized_macro_cycle_proxy,false,true,2026-06-25T05:22:11.730520Z
2026-04-29,CN,96.831153,0.316885,authorized_macro_cycle_proxy,false,true,2026-06-25T05:22:11.730520Z
2026-04-29,US,96.831153,0.316885,authorized_macro_cycle_proxy,false,true,2026-06-25T05:22:11.730520Z
2026-04-29,OECD_TOTAL,96.831153,0.316885,authorized_macro_cycle_proxy,false,true,2026-06-25T05:22:11.730520Z
2026-04-29,G20,96.831153,0.316885,authorized_macro_cycle_proxy,false,true,2026-06-25T05:22:11.730520Z
2026-04-29,JP,96.831153,0.316885,authorized_macro_cycle_proxy,false,true,2026-06-25T05:22:11.730520Z
2026-04-29,EURO_AREA,96.831153,0.316885,authorized_macro_cycle_proxy,false,true,2026-06-25T05:22:11.730520Z
2026-04-30,CN,97.165489,0.283451,authorized_macro_cycle_proxy,false,true,2026-06-25T05:22:11.730520Z
2026-04-30,US,97.165489,0.283451,authorized_macro_cycle_proxy,false,true,2026-06-25T05:22:11.730520Z
2026-04-30,OECD_TOTAL,97.165489,0.283451,authorized_macro_cycle_proxy,false,true,2026-06-25T05:22:11.730520Z
2026-04-30,G20,97.165489,0.283451,authorized_macro_cycle_proxy,false,true,2026-06-25T05:22:11.730520Z
2026-04-30,JP,97.165489,0.283451,authorized_macro_cycle_proxy,false,true,2026-06-25T05:22:11.730520Z
2026-04-30,EURO_AREA,97.165489,0.283451,authorized_macro_cycle_proxy,false,true,2026-06-25T05:22:11.730520Z
2026-05-06,CN,97.346936,0.265306,authorized_macro_cycle_proxy,false,true,2026-06-25T05:22:11.730520Z
2026-05-06,US,97.346936,0.265306,authorized_macro_cycle_proxy,false,true,2026-06-25T05:22:11.730520Z
2026-05-06,OECD_TOTAL,97.346936,0.265306,authorized_macro_cycle_proxy,false,true,2026-06-25T05:22:11.730520Z
2026-05-06,G20,97.346936,0.265306,authorized_macro_cycle_proxy,false,true,2026-06-25T05:22:11.730520Z
2026-05-06,JP,97.346936,0.265306,authorized_macro_cycle_proxy,false,true,2026-06-25T05:22:11.730520Z
2026-05-06,EURO_AREA,97.346936,0.265306,authorized_macro_cycle_proxy,false,true,2026-06-25T05:22:11.730520Z
2026-05-07,CN,97.390121,0.260988,authorized_macro_cycle_proxy,false,true,2026-06-25T05:22:11.730520Z
2026-05-07,US,97.390121,0.260988,authorized_macro_cycle_proxy,false,true,2026-06-25T05:22:11.730520Z
2026-05-07,OECD_TOTAL,97.390121,0.260988,authorized_macro_cycle_proxy,false,true,2026-06-25T05:22:11.730520Z
2026-05-07,G20,97.390121,0.260988,authorized_macro_cycle_proxy,false,true,2026-06-25T05:22:11.730520Z
2026-05-07,JP,97.390121,0.260988,authorized_macro_cycle_proxy,false,true,2026-06-25T05:22:11.730520Z
2026-05-07,EURO_AREA,97.390121,0.260988,authorized_macro_cycle_proxy,false,true,2026-06-25T05:22:11.730520Z
2026-05-08,CN,97.37565,0.262435,authorized_macro_cycle_proxy,false,true,2026-06-25T05:22:11.730520Z
2026-05-08,US,97.37565,0.262435,authorized_macro_cycle_proxy,false,true,2026-06-25T05:22:11.730520Z
2026-05-08,OECD_TOTAL,97.37565,0.262435,authorized_macro_cycle_proxy,false,true,2026-06-25T05:22:11.730520Z
2026-05-08,G20,97.37565,0.262435,authorized_macro_cycle_proxy,false,true,2026-06-25T05:22:11.730520Z
2026-05-08,JP,97.37565,0.262435,authorized_macro_cycle_proxy,false,true,2026-06-25T05:22:11.730520Z
2026-05-08,EURO_AREA,97.37565,0.262435,authorized_macro_cycle_proxy,false,true,2026-06-25T05:22:11.730520Z
2026-05-11,CN,97.137515,0.286249,authorized_macro_cycle_proxy,false,true,2026-06-25T05:22:11.730520Z
2026-05-11,US,97.137515,0.286249,authorized_macro_cycle_proxy,false,true,2026-06-25T05:22:11.730520Z
2026-05-11,OECD_TOTAL,97.137515,0.286249,authorized_macro_cycle_proxy,false,true,2026-06-25T05:22:11.730520Z
2026-05-11,G20,97.137515,0.286249,authorized_macro_cycle_proxy,false,true,2026-06-25T05:22:11.730520Z
2026-05-11,JP,97.137515,0.286249,authorized_macro_cycle_proxy,false,true,2026-06-25T05:22:11.730520Z
2026-05-11,EURO_AREA,97.137515,0.286249,authorized_macro_cycle_proxy,false,true,2026-06-25T05:22:11.730520Z
2026-05-12,CN,97.081043,0.291896,authorized_macro_cycle_proxy,false,true,2026-06-25T05:22:11.730520Z
2026-05-12,US,97.081043,0.291896,authorized_macro_cycle_proxy,false,true,2026-06-25T05:22:11.730520Z
2026-05-12,OECD_TOTAL,97.081043,0.291896,authorized_macro_cycle_proxy,false,true,2026-06-25T05:22:11.730520Z
2026-05-12,G20,97.081043,0.291896,authorized_macro_cycle_proxy,false,true,2026-06-25T05:22:11.730520Z
2026-05-12,JP,97.081043,0.291896,authorized_macro_cycle_proxy,false,true,2026-06-25T05:22:11.730520Z
2026-05-12,EURO_AREA,97.081043,0.291896,authorized_macro_cycle_proxy,false,true,2026-06-25T05:22:11.730520Z
2026-05-13,CN,97.1152,0.28848,authorized_macro_cycle_proxy,false,true,2026-06-25T05:22:11.730520Z
2026-05-13,US,97.1152,0.28848,authorized_macro_cycle_proxy,false,true,2026-06-25T05:22:11.730520Z
2026-05-13,OECD_TOTAL,97.1152,0.28848,authorized_macro_cycle_proxy,false,true,2026-06-25T05:22:11.730520Z
2026-05-13,G20,97.1152,0.28848,authorized_macro_cycle_proxy,false,true,2026-06-25T05:22:11.730520Z
2026-05-13,JP,97.1152,0.28848,authorized_macro_cycle_proxy,false,true,2026-06-25T05:22:11.730520Z
2026-05-13,EURO_AREA,97.1152,0.28848,authorized_macro_cycle_proxy,false,true,2026-06-25T05:22:11.730520Z
2026-05-14,CN,97.214511,0.278549,authorized_macro_cycle_proxy,false,true,2026-06-25T05:22:11.730520Z
2026-05-14,US,97.214511,0.278549,authorized_macro_cycle_proxy,false,true,2026-06-25T05:22:11.730520Z
2026-05-14,OECD_TOTAL,97.214511,0.278549,authorized_macro_cycle_proxy,false,true,2026-06-25T05:22:11.730520Z
2026-05-14,G20,97.214511,0.278549,authorized_macro_cycle_proxy,false,true,2026-06-25T05:22:11.730520Z
2026-05-14,JP,97.214511,0.278549,authorized_macro_cycle_proxy,false,true,2026-06-25T05:22:11.730520Z
2026-05-14,EURO_AREA,97.214511,0.278549,authorized_macro_cycle_proxy,false,true,2026-06-25T05:22:11.730520Z
2026-05-15,CN,96.892639,0.310736,authorized_macro_cycle_proxy,false,true,2026-06-25T05:22:11.730520Z
2026-05-15,US,96.892639,0.310736,authorized_macro_cycle_proxy,false,true,2026-06-25T05:22:11.730520Z
2026-05-15,OECD_TOTAL,96.892639,0.310736,authorized_macro_cycle_proxy,false,true,2026-06-25T05:22:11.730520Z
2026-05-15,G20,96.892639,0.310736,authorized_macro_cycle_proxy,false,true,2026-06-25T05:22:11.730520Z
2026-05-15,JP,96.892639,0.310736,authorized_macro_cycle_proxy,false,true,2026-06-25T05:22:11.730520Z
2026-05-15,EURO_AREA,96.892639,0.310736,authorized_macro_cycle_proxy,false,true,2026-06-25T05:22:11.730520Z
2026-05-18,CN,96.875985,0.312401,authorized_macro_cycle_proxy,false,true,2026-06-25T05:22:11.730520Z
2026-05-18,US,96.875985,0.312401,authorized_macro_cycle_proxy,false,true,2026-06-25T05:22:11.730520Z
2026-05-18,OECD_TOTAL,96.875985,0.312401,authorized_macro_cycle_proxy,false,true,2026-06-25T05:22:11.730520Z
2026-05-18,G20,96.875985,0.312401,authorized_macro_cycle_proxy,false,true,2026-06-25T05:22:11.730520Z
2026-05-18,JP,96.875985,0.312401,authorized_macro_cycle_proxy,false,true,2026-06-25T05:22:11.730520Z
2026-05-18,EURO_AREA,96.875985,0.312401,authorized_macro_cycle_proxy,false,true,2026-06-25T05:22:11.730520Z
2026-05-19,CN,96.821332,0.317867,authorized_macro_cycle_proxy,false,true,2026-06-25T05:22:11.730520Z
2026-05-19,US,96.821332,0.317867,authorized_macro_cycle_proxy,false,true,2026-06-25T05:22:11.730520Z
2026-05-19,OECD_TOTAL,96.821332,0.317867,authorized_macro_cycle_proxy,false,true,2026-06-25T05:22:11.730520Z
2026-05-19,G20,96.821332,0.317867,authorized_macro_cycle_proxy,false,true,2026-06-25T05:22:11.730520Z
2026-05-19,JP,96.821332,0.317867,authorized_macro_cycle_proxy,false,true,2026-06-25T05:22:11.730520Z
2026-05-19,EURO_AREA,96.821332,0.317867,authorized_macro_cycle_proxy,false,true,2026-06-25T05:22:11.730520Z
2026-05-20,CN,97.176918,0.282308,authorized_macro_cycle_proxy,false,true,2026-06-25T05:22:11.730520Z
2026-05-20,US,97.176918,0.282308,authorized_macro_cycle_proxy,false,true,2026-06-25T05:22:11.730520Z
2026-05-20,OECD_TOTAL,97.176918,0.282308,authorized_macro_cycle_proxy,false,true,2026-06-25T05:22:11.730520Z
2026-05-20,G20,97.176918,0.282308,authorized_macro_cycle_proxy,false,true,2026-06-25T05:22:11.730520Z
2026-05-20,JP,97.176918,0.282308,authorized_macro_cycle_proxy,false,true,2026-06-25T05:22:11.730520Z
2026-05-20,EURO_AREA,97.176918,0.282308,authorized_macro_cycle_proxy,false,true,2026-06-25T05:22:11.730520Z
2026-05-21,CN,97.303547,0.269645,authorized_macro_cycle_proxy,false,true,2026-06-25T05:22:11.730520Z
2026-05-21,US,97.303547,0.269645,authorized_macro_cycle_proxy,false,true,2026-06-25T05:22:11.730520Z
2026-05-21,OECD_TOTAL,97.303547,0.269645,authorized_macro_cycle_proxy,false,true,2026-06-25T05:22:11.730520Z
2026-05-21,G20,97.303547,0.269645,authorized_macro_cycle_proxy,false,true,2026-06-25T05:22:11.730520Z
2026-05-21,JP,97.303547,0.269645,authorized_macro_cycle_proxy,false,true,2026-06-25T05:22:11.730520Z
2026-05-21,EURO_AREA,97.303547,0.269645,authorized_macro_cycle_proxy,false,true,2026-06-25T05:22:11.730520Z
2026-05-22,CN,97.32059,0.267941,authorized_macro_cycle_proxy,false,true,2026-06-25T05:22:11.730520Z
2026-05-22,US,97.32059,0.267941,authorized_macro_cycle_proxy,false,true,2026-06-25T05:22:11.730520Z
2026-05-22,OECD_TOTAL,97.32059,0.267941,authorized_macro_cycle_proxy,false,true,2026-06-25T05:22:11.730520Z
2026-05-22,G20,97.32059,0.267941,authorized_macro_cycle_proxy,false,true,2026-06-25T05:22:11.730520Z
2026-05-22,JP,97.32059,0.267941,authorized_macro_cycle_proxy,false,true,2026-06-25T05:22:11.730520Z
2026-05-22,EURO_AREA,97.32059,0.267941,authorized_macro_cycle_proxy,false,true,2026-06-25T05:22:11.730520Z
2026-05-25,CN,97.345989,0.265401,authorized_macro_cycle_proxy,false,true,2026-06-25T05:22:11.730520Z
2026-05-25,US,97.345989,0.265401,authorized_macro_cycle_proxy,false,true,2026-06-25T05:22:11.730520Z
2026-05-25,OECD_TOTAL,97.345989,0.265401,authorized_macro_cycle_proxy,false,true,2026-06-25T05:22:11.730520Z
2026-05-25,G20,97.345989,0.265401,authorized_macro_cycle_proxy,false,true,2026-06-25T05:22:11.730520Z
2026-05-25,JP,97.345989,0.265401,authorized_macro_cycle_proxy,false,true,2026-06-25T05:22:11.730520Z
2026-05-25,EURO_AREA,97.345989,0.265401,authorized_macro_cycle_proxy,false,true,2026-06-25T05:22:11.730520Z
2026-05-26,CN,97.388386,0.261161,authorized_macro_cycle_proxy,false,true,2026-06-25T05:22:11.730520Z
2026-05-26,US,97.388386,0.261161,authorized_macro_cycle_proxy,false,true,2026-06-25T05:22:11.730520Z
2026-05-26,OECD_TOTAL,97.388386,0.261161,authorized_macro_cycle_proxy,false,true,2026-06-25T05:22:11.730520Z
2026-05-26,G20,97.388386,0.261161,authorized_macro_cycle_proxy,false,true,2026-06-25T05:22:11.730520Z
2026-05-26,JP,97.388386,0.261161,authorized_macro_cycle_proxy,false,true,2026-06-25T05:22:11.730520Z
2026-05-26,EURO_AREA,97.388386,0.261161,authorized_macro_cycle_proxy,false,true,2026-06-25T05:22:11.730520Z
2026-05-27,CN,97.615829,0.238417,authorized_macro_cycle_proxy,false,true,2026-06-25T05:22:11.730520Z
2026-05-27,US,97.615829,0.238417,authorized_macro_cycle_proxy,false,true,2026-06-25T05:22:11.730520Z
2026-05-27,OECD_TOTAL,97.615829,0.238417,authorized_macro_cycle_proxy,false,true,2026-06-25T05:22:11.730520Z
2026-05-27,G20,97.615829,0.238417,authorized_macro_cycle_proxy,false,true,2026-06-25T05:22:11.730520Z
2026-05-27,JP,97.615829,0.238417,authorized_macro_cycle_proxy,false,true,2026-06-25T05:22:11.730520Z
2026-05-27,EURO_AREA,97.615829,0.238417,authorized_macro_cycle_proxy,false,true,2026-06-25T05:22:11.730520Z
2026-05-28,CN,97.700239,0.229976,authorized_macro_cycle_proxy,false,true,2026-06-25T05:22:11.730520Z
2026-05-28,US,97.700239,0.229976,authorized_macro_cycle_proxy,false,true,2026-06-25T05:22:11.730520Z
2026-05-28,OECD_TOTAL,97.700239,0.229976,authorized_macro_cycle_proxy,false,true,2026-06-25T05:22:11.730520Z
2026-05-28,G20,97.700239,0.229976,authorized_macro_cycle_proxy,false,true,2026-06-25T05:22:11.730520Z
2026-05-28,JP,97.700239,0.229976,authorized_macro_cycle_proxy,false,true,2026-06-25T05:22:11.730520Z
2026-05-28,EURO_AREA,97.700239,0.229976,authorized_macro_cycle_proxy,false,true,2026-06-25T05:22:11.730520Z
2026-05-29,CN,97.793039,0.220696,authorized_macro_cycle_proxy,false,true,2026-06-25T05:22:11.730520Z
2026-05-29,US,97.793039,0.220696,authorized_macro_cycle_proxy,false,true,2026-06-25T05:22:11.730520Z
2026-05-29,OECD_TOTAL,97.793039,0.220696,authorized_macro_cycle_proxy,false,true,2026-06-25T05:22:11.730520Z
2026-05-29,G20,97.793039,0.220696,authorized_macro_cycle_proxy,false,true,2026-06-25T05:22:11.730520Z
2026-05-29,JP,97.793039,0.220696,authorized_macro_cycle_proxy,false,true,2026-06-25T05:22:11.730520Z
2026-05-29,EURO_AREA,97.793039,0.220696,authorized_macro_cycle_proxy,false,true,2026-06-25T05:22:11.730520Z
2026-06-01,CN,97.595107,0.240489,authorized_macro_cycle_proxy,false,true,2026-06-25T05:22:11.730520Z
2026-06-01,US,97.595107,0.240489,authorized_macro_cycle_proxy,false,true,2026-06-25T05:22:11.730520Z
2026-06-01,OECD_TOTAL,97.595107,0.240489,authorized_macro_cycle_proxy,false,true,2026-06-25T05:22:11.730520Z
2026-06-01,G20,97.595107,0.240489,authorized_macro_cycle_proxy,false,true,2026-06-25T05:22:11.730520Z
2026-06-01,JP,97.595107,0.240489,authorized_macro_cycle_proxy,false,true,2026-06-25T05:22:11.730520Z
2026-06-01,EURO_AREA,97.595107,0.240489,authorized_macro_cycle_proxy,false,true,2026-06-25T05:22:11.730520Z
2026-06-02,CN,97.613522,0.238648,authorized_macro_cycle_proxy,false,true,2026-06-25T05:22:11.730520Z
2026-06-02,US,97.613522,0.238648,authorized_macro_cycle_proxy,false,true,2026-06-25T05:22:11.730520Z
2026-06-02,OECD_TOTAL,97.613522,0.238648,authorized_macro_cycle_proxy,false,true,2026-06-25T05:22:11.730520Z
2026-06-02,G20,97.613522,0.238648,authorized_macro_cycle_proxy,false,true,2026-06-25T05:22:11.730520Z
2026-06-02,JP,97.613522,0.238648,authorized_macro_cycle_proxy,false,true,2026-06-25T05:22:11.730520Z
2026-06-02,EURO_AREA,97.613522,0.238648,authorized_macro_cycle_proxy,false,true,2026-06-25T05:22:11.730520Z
2026-06-03,CN,97.497743,0.250226,authorized_macro_cycle_proxy,false,true,2026-06-25T05:22:11.730520Z
2026-06-03,US,97.497743,0.250226,authorized_macro_cycle_proxy,false,true,2026-06-25T05:22:11.730520Z
2026-06-03,OECD_TOTAL,97.497743,0.250226,authorized_macro_cycle_proxy,false,true,2026-06-25T05:22:11.730520Z
2026-06-03,G20,97.497743,0.250226,authorized_macro_cycle_proxy,false,true,2026-06-25T05:22:11.730520Z
2026-06-03,JP,97.497743,0.250226,authorized_macro_cycle_proxy,false,true,2026-06-25T05:22:11.730520Z
2026-06-03,EURO_AREA,97.497743,0.250226,authorized_macro_cycle_proxy,false,true,2026-06-25T05:22:11.730520Z
2026-06-04,CN,97.655625,0.234438,authorized_macro_cycle_proxy,false,true,2026-06-25T05:22:11.730520Z
2026-06-04,US,97.655625,0.234438,authorized_macro_cycle_proxy,false,true,2026-06-25T05:22:11.730520Z
2026-06-04,OECD_TOTAL,97.655625,0.234438,authorized_macro_cycle_proxy,false,true,2026-06-25T05:22:11.730520Z
2026-06-04,G20,97.655625,0.234438,authorized_macro_cycle_proxy,false,true,2026-06-25T05:22:11.730520Z
2026-06-04,JP,97.655625,0.234438,authorized_macro_cycle_proxy,false,true,2026-06-25T05:22:11.730520Z
2026-06-04,EURO_AREA,97.655625,0.234438,authorized_macro_cycle_proxy,false,true,2026-06-25T05:22:11.730520Z
2026-06-05,CN,96.747538,0.325246,authorized_macro_cycle_proxy,false,true,2026-06-25T05:22:11.730520Z
2026-06-05,US,96.747538,0.325246,authorized_macro_cycle_proxy,false,true,2026-06-25T05:22:11.730520Z
2026-06-05,OECD_TOTAL,96.747538,0.325246,authorized_macro_cycle_proxy,false,true,2026-06-25T05:22:11.730520Z
2026-06-05,G20,96.747538,0.325246,authorized_macro_cycle_proxy,false,true,2026-06-25T05:22:11.730520Z
2026-06-05,JP,96.747538,0.325246,authorized_macro_cycle_proxy,false,true,2026-06-25T05:22:11.730520Z
2026-06-05,EURO_AREA,96.747538,0.325246,authorized_macro_cycle_proxy,false,true,2026-06-25T05:22:11.730520Z
2026-06-08,CN,97.026422,0.297358,authorized_macro_cycle_proxy,false,true,2026-06-25T05:22:11.730520Z
2026-06-08,US,97.026422,0.297358,authorized_macro_cycle_proxy,false,true,2026-06-25T05:22:11.730520Z
2026-06-08,OECD_TOTAL,97.026422,0.297358,authorized_macro_cycle_proxy,false,true,2026-06-25T05:22:11.730520Z
2026-06-08,G20,97.026422,0.297358,authorized_macro_cycle_proxy,false,true,2026-06-25T05:22:11.730520Z
2026-06-08,JP,97.026422,0.297358,authorized_macro_cycle_proxy,false,true,2026-06-25T05:22:11.730520Z
2026-06-08,EURO_AREA,97.026422,0.297358,authorized_macro_cycle_proxy,false,true,2026-06-25T05:22:11.730520Z
2026-06-09,CN,96.972949,0.302705,authorized_macro_cycle_proxy,false,true,2026-06-25T05:22:11.730520Z
2026-06-09,US,96.972949,0.302705,authorized_macro_cycle_proxy,false,true,2026-06-25T05:22:11.730520Z
2026-06-09,OECD_TOTAL,96.972949,0.302705,authorized_macro_cycle_proxy,false,true,2026-06-25T05:22:11.730520Z
2026-06-09,G20,96.972949,0.302705,authorized_macro_cycle_proxy,false,true,2026-06-25T05:22:11.730520Z
2026-06-09,JP,96.972949,0.302705,authorized_macro_cycle_proxy,false,true,2026-06-25T05:22:11.730520Z
2026-06-09,EURO_AREA,96.972949,0.302705,authorized_macro_cycle_proxy,false,true,2026-06-25T05:22:11.730520Z
2026-06-10,CN,96.552676,0.344732,authorized_macro_cycle_proxy,false,true,2026-06-25T05:22:11.730520Z
2026-06-10,US,96.552676,0.344732,authorized_macro_cycle_proxy,false,true,2026-06-25T05:22:11.730520Z
2026-06-10,OECD_TOTAL,96.552676,0.344732,authorized_macro_cycle_proxy,false,true,2026-06-25T05:22:11.730520Z
2026-06-10,G20,96.552676,0.344732,authorized_macro_cycle_proxy,false,true,2026-06-25T05:22:11.730520Z
2026-06-10,JP,96.552676,0.344732,authorized_macro_cycle_proxy,false,true,2026-06-25T05:22:11.730520Z
2026-06-10,EURO_AREA,96.552676,0.344732,authorized_macro_cycle_proxy,false,true,2026-06-25T05:22:11.730520Z
2026-06-11,CN,96.96032,0.303968,authorized_macro_cycle_proxy,false,true,2026-06-25T05:22:11.730520Z
2026-06-11,US,96.96032,0.303968,authorized_macro_cycle_proxy,false,true,2026-06-25T05:22:11.730520Z
2026-06-11,OECD_TOTAL,96.96032,0.303968,authorized_macro_cycle_proxy,false,true,2026-06-25T05:22:11.730520Z
2026-06-11,G20,96.96032,0.303968,authorized_macro_cycle_proxy,false,true,2026-06-25T05:22:11.730520Z
2026-06-11,JP,96.96032,0.303968,authorized_macro_cycle_proxy,false,true,2026-06-25T05:22:11.730520Z
2026-06-11,EURO_AREA,96.96032,0.303968,authorized_macro_cycle_proxy,false,true,2026-06-25T05:22:11.730520Z
2026-06-12,CN,97.378083,0.262192,authorized_macro_cycle_proxy,false,true,2026-06-25T05:22:11.730520Z
2026-06-12,US,97.378083,0.262192,authorized_macro_cycle_proxy,false,true,2026-06-25T05:22:11.730520Z
2026-06-12,OECD_TOTAL,97.378083,0.262192,authorized_macro_cycle_proxy,false,true,2026-06-25T05:22:11.730520Z
2026-06-12,G20,97.378083,0.262192,authorized_macro_cycle_proxy,false,true,2026-06-25T05:22:11.730520Z
2026-06-12,JP,97.378083,0.262192,authorized_macro_cycle_proxy,false,true,2026-06-25T05:22:11.730520Z
2026-06-12,EURO_AREA,97.378083,0.262192,authorized_macro_cycle_proxy,false,true,2026-06-25T05:22:11.730520Z
2026-06-15,CN,97.831607,0.216839,authorized_macro_cycle_proxy,false,true,2026-06-25T05:22:11.730520Z
2026-06-15,US,97.831607,0.216839,authorized_macro_cycle_proxy,false,true,2026-06-25T05:22:11.730520Z
2026-06-15,OECD_TOTAL,97.831607,0.216839,authorized_macro_cycle_proxy,false,true,2026-06-25T05:22:11.730520Z
2026-06-15,G20,97.831607,0.216839,authorized_macro_cycle_proxy,false,true,2026-06-25T05:22:11.730520Z
2026-06-15,JP,97.831607,0.216839,authorized_macro_cycle_proxy,false,true,2026-06-25T05:22:11.730520Z
2026-06-15,EURO_AREA,97.831607,0.216839,authorized_macro_cycle_proxy,false,true,2026-06-25T05:22:11.730520Z
2026-06-16,CN,97.923172,0.207683,authorized_macro_cycle_proxy,false,true,2026-06-25T05:22:11.730520Z
2026-06-16,US,97.923172,0.207683,authorized_macro_cycle_proxy,false,true,2026-06-25T05:22:11.730520Z
2026-06-16,OECD_TOTAL,97.923172,0.207683,authorized_macro_cycle_proxy,false,true,2026-06-25T05:22:11.730520Z
2026-06-16,G20,97.923172,0.207683,authorized_macro_cycle_proxy,false,true,2026-06-25T05:22:11.730520Z
2026-06-16,JP,97.923172,0.207683,authorized_macro_cycle_proxy,false,true,2026-06-25T05:22:11.730520Z
2026-06-16,EURO_AREA,97.923172,0.207683,authorized_macro_cycle_proxy,false,true,2026-06-25T05:22:11.730520Z
2026-06-17,CN,97.605615,0.239439,authorized_macro_cycle_proxy,false,true,2026-06-25T05:22:11.730520Z
2026-06-17,US,97.605615,0.239439,authorized_macro_cycle_proxy,false,true,2026-06-25T05:22:11.730520Z
2026-06-17,OECD_TOTAL,97.605615,0.239439,authorized_macro_cycle_proxy,false,true,2026-06-25T05:22:11.730520Z
2026-06-17,G20,97.605615,0.239439,authorized_macro_cycle_proxy,false,true,2026-06-25T05:22:11.730520Z
2026-06-17,JP,97.605615,0.239439,authorized_macro_cycle_proxy,false,true,2026-06-25T05:22:11.730520Z
2026-06-17,EURO_AREA,97.605615,0.239439,authorized_macro_cycle_proxy,false,true,2026-06-25T05:22:11.730520Z
2026-06-18,CN,97.887036,0.211296,authorized_macro_cycle_proxy,false,true,2026-06-25T05:22:11.730520Z
2026-06-18,US,97.887036,0.211296,authorized_macro_cycle_proxy,false,true,2026-06-25T05:22:11.730520Z
2026-06-18,OECD_TOTAL,97.887036,0.211296,authorized_macro_cycle_proxy,false,true,2026-06-25T05:22:11.730520Z
2026-06-18,G20,97.887036,0.211296,authorized_macro_cycle_proxy,false,true,2026-06-25T05:22:11.730520Z
2026-06-18,JP,97.887036,0.211296,authorized_macro_cycle_proxy,false,true,2026-06-25T05:22:11.730520Z
2026-06-18,EURO_AREA,97.887036,0.211296,authorized_macro_cycle_proxy,false,true,2026-06-25T05:22:11.730520Z
2026-06-25,CN,97.713836,0.228616,authorized_macro_cycle_proxy,false,true,2026-06-25T05:22:11.730520Z
2026-06-25,US,97.713836,0.228616,authorized_macro_cycle_proxy,false,true,2026-06-25T05:22:11.730520Z
2026-06-25,OECD_TOTAL,97.713836,0.228616,authorized_macro_cycle_proxy,false,true,2026-06-25T05:22:11.730520Z
2026-06-25,G20,97.713836,0.228616,authorized_macro_cycle_proxy,false,true,2026-06-25T05:22:11.730520Z
2026-06-25,JP,97.713836,0.228616,authorized_macro_cycle_proxy,false,true,2026-06-25T05:22:11.730520Z
2026-06-25,EURO_AREA,97.713836,0.228616,authorized_macro_cycle_proxy,false,true,2026-06-25T05:22:11.730520Z
